2026-04-04 11:34:54 | INFO | ============================================================
2026-04-04 11:34:54 | INFO | SIMPLE FLIP BOT INITIALIZED - NBA GAME EDITION
2026-04-04 11:34:54 | INFO | Strategy: Buy <$0.60, Sell @$0.85, Buy back <$0.50
2026-04-04 11:34:54 | INFO | Paper mode: ON
2026-04-04 11:34:54 | INFO | Starting balance: $100.00
2026-04-04 11:34:54 | INFO | Max position size: $2.00 per side
2026-04-04 11:34:54 | INFO | Poll interval: 3 seconds
2026-04-04 11:34:54 | INFO | ============================================================
2026-04-04 11:34:54 | INFO | Starting flip bot trading loop (poll every 3s)...
2026-04-04 11:34:54 | INFO | Fetched 100 markets for KXNBAGAME
2026-04-04 11:34:54 | INFO | Fetched 100 markets for KXNBAGAME
2026-04-04 11:34:54 | INFO | ------------------------------------------------------------
2026-04-04 11:34:54 | INFO | NBA GAME MARKETS STATUS:
2026-04-04 11:34:54 | INFO |   HOU: $0.54 [BUY ZONE] | GSW: $0.40 [BUY ZONE]
2026-04-04 11:34:54 | INFO |   SAC: $0.13 [BUY ZONE] | LAC: $0.85 [WAIT]
2026-04-04 11:34:54 | INFO |   LAL: $0.71 [WAIT] | DAL: $0.25 [BUY ZONE]
2026-04-04 11:34:54 | INFO |   MIN: $0.50 [BUY ZONE] | CHA: $0.48 [BUY ZONE]
2026-04-04 11:34:54 | INFO |   ORL: $0.59 [BUY ZONE] | NOP: $0.39 [BUY ZONE]
2026-04-04 11:34:54 | INFO |   UTA: $0.05 [BUY ZONE] | OKC: $0.95 [WAIT]
2026-04-04 11:34:54 | INFO |   IND: $0.07 [BUY ZONE] | CLE: $0.91 [WAIT]
2026-04-04 11:34:54 | INFO |   MIL: $0.65 [WAIT] | MEM: $0.32 [BUY ZONE]
2026-04-04 11:34:54 | INFO | ------------------------------------------------------------
2026-04-04 11:34:54 | INFO | Generated 19 trade signals
2026-04-04 11:34:54 | INFO | BUY HOU @ $0.5400 x $2.00 = $1.08 | Placed limit sell @ $0.85
2026-04-04 11:34:54 | INFO | TRADE: BUY HOU MARKET @ $0.5400 x $2.00 | yes_bid $0.54 < $0.60 → BUY
2026-04-04 11:34:54 | INFO | BUY GSW @ $0.4000 x $2.00 = $0.80 | Placed limit sell @ $0.85
2026-04-04 11:34:54 | INFO | TRADE: BUY GSW MARKET @ $0.4000 x $2.00 | yes_bid $0.40 < $0.60 → BUY
2026-04-04 11:34:54 | INFO | BUY SAC @ $0.1300 x $2.00 = $0.26 | Placed limit sell @ $0.85
2026-04-04 11:34:54 | INFO | TRADE: BUY SAC MARKET @ $0.1300 x $2.00 | yes_bid $0.13 < $0.60 → BUY
2026-04-04 11:34:54 | INFO | BUY DAL @ $0.2500 x $2.00 = $0.50 | Placed limit sell @ $0.85
2026-04-04 11:34:54 | INFO | TRADE: BUY DAL MARKET @ $0.2500 x $2.00 | yes_bid $0.25 < $0.60 → BUY
2026-04-04 11:34:54 | INFO | BUY MIN @ $0.5000 x $2.00 = $1.00 | Placed limit sell @ $0.85
2026-04-04 11:34:54 | INFO | TRADE: BUY MIN MARKET @ $0.5000 x $2.00 | yes_bid $0.50 < $0.60 → BUY
2026-04-04 11:34:54 | INFO | BUY CHA @ $0.4800 x $2.00 = $0.96 | Placed limit sell @ $0.85
2026-04-04 11:34:54 | INFO | TRADE: BUY CHA MARKET @ $0.4800 x $2.00 | yes_bid $0.48 < $0.60 → BUY
2026-04-04 11:34:54 | INFO | BUY ORL @ $0.5900 x $2.00 = $1.18 | Placed limit sell @ $0.85
2026-04-04 11:34:54 | INFO | TRADE: BUY ORL MARKET @ $0.5900 x $2.00 | yes_bid $0.59 < $0.60 → BUY
2026-04-04 11:34:54 | INFO | BUY NOP @ $0.3900 x $2.00 = $0.78 | Placed limit sell @ $0.85
2026-04-04 11:34:54 | INFO | TRADE: BUY NOP MARKET @ $0.3900 x $2.00 | yes_bid $0.39 < $0.60 → BUY
2026-04-04 11:34:54 | INFO | BUY UTA @ $0.0500 x $2.00 = $0.10 | Placed limit sell @ $0.85
2026-04-04 11:34:54 | INFO | TRADE: BUY UTA MARKET @ $0.0500 x $2.00 | yes_bid $0.05 < $0.60 → BUY
2026-04-04 11:34:54 | INFO | BUY IND @ $0.0700 x $2.00 = $0.14 | Placed limit sell @ $0.85
2026-04-04 11:34:54 | INFO | TRADE: BUY IND MARKET @ $0.0700 x $2.00 | yes_bid $0.07 < $0.60 → BUY
2026-04-04 11:34:54 | INFO | BUY MEM @ $0.3200 x $2.00 = $0.64 | Placed limit sell @ $0.85
2026-04-04 11:34:54 | INFO | TRADE: BUY MEM MARKET @ $0.3200 x $2.00 | yes_bid $0.32 < $0.60 → BUY
2026-04-04 11:34:54 | INFO | BUY CHI @ $0.1700 x $2.00 = $0.34 | Placed limit sell @ $0.85
2026-04-04 11:34:54 | INFO | TRADE: BUY CHI MARKET @ $0.1700 x $2.00 | yes_bid $0.17 < $0.60 → BUY
2026-04-04 11:34:54 | INFO | BUY TOR @ $0.1900 x $2.00 = $0.38 | Placed limit sell @ $0.85
2026-04-04 11:34:54 | INFO | TRADE: BUY TOR MARKET @ $0.1900 x $2.00 | yes_bid $0.19 < $0.60 → BUY
2026-04-04 11:34:54 | INFO | BUY WAS @ $0.3500 x $2.00 = $0.70 | Placed limit sell @ $0.85
2026-04-04 11:34:54 | INFO | TRADE: BUY WAS MARKET @ $0.3500 x $2.00 | yes_bid $0.35 < $0.60 → BUY
2026-04-04 11:34:54 | INFO | BUY PHI @ $0.4400 x $2.00 = $0.88 | Placed limit sell @ $0.85
2026-04-04 11:34:54 | INFO | TRADE: BUY PHI MARKET @ $0.4400 x $2.00 | yes_bid $0.44 < $0.60 → BUY
2026-04-04 11:34:54 | INFO | BUY DET @ $0.5600 x $2.00 = $1.12 | Placed limit sell @ $0.85
2026-04-04 11:34:54 | INFO | TRADE: BUY DET MARKET @ $0.5600 x $2.00 | yes_bid $0.56 < $0.60 → BUY
2026-04-04 11:34:54 | INFO | BUY SAS @ $0.5600 x $2.00 = $1.12 | Placed limit sell @ $0.85
2026-04-04 11:34:54 | INFO | TRADE: BUY SAS MARKET @ $0.5600 x $2.00 | yes_bid $0.56 < $0.60 → BUY
2026-04-04 11:34:54 | INFO | BUY DEN @ $0.4400 x $2.00 = $0.88 | Placed limit sell @ $0.85
2026-04-04 11:34:54 | INFO | TRADE: BUY DEN MARKET @ $0.4400 x $2.00 | yes_bid $0.44 < $0.60 → BUY
2026-04-04 11:34:54 | INFO | BUY WAS @ $0.0500 x $2.00 = $0.10 | Placed limit sell @ $0.85
2026-04-04 11:34:54 | INFO | TRADE: BUY WAS MARKET @ $0.0500 x $2.00 | yes_bid $0.05 < $0.60 → BUY
2026-04-04 11:34:57 | INFO | Fetched 100 markets for KXNBAGAME
2026-04-04 11:34:57 | INFO | Fetched 100 markets for KXNBAGAME
2026-04-04 11:34:57 | INFO | Checking 19 pending positions for finalized markets...
2026-04-04 11:35:00 | INFO | Fetched 100 markets for KXNBAGAME
2026-04-04 11:35:00 | INFO | Fetched 100 markets for KXNBAGAME
2026-04-04 11:35:00 | INFO | Checking 19 pending positions for finalized markets...
2026-04-04 11:35:04 | INFO | Fetched 100 markets for KXNBAGAME
2026-04-04 11:35:04 | INFO | Fetched 100 markets for KXNBAGAME
2026-04-04 11:35:04 | INFO | Checking 19 pending positions for finalized markets...
2026-04-04 11:35:07 | INFO | Fetched 100 markets for KXNBAGAME
2026-04-04 11:35:07 | INFO | Fetched 100 markets for KXNBAGAME
2026-04-04 11:35:07 | INFO | Checking 19 pending positions for finalized markets...
2026-04-04 11:35:11 | INFO | Fetched 100 markets for KXNBAGAME
2026-04-04 11:35:11 | INFO | Fetched 100 markets for KXNBAGAME
2026-04-04 11:35:11 | INFO | Checking 19 pending positions for finalized markets...
2026-04-04 11:35:14 | INFO | Fetched 100 markets for KXNBAGAME
2026-04-04 11:35:14 | INFO | Fetched 100 markets for KXNBAGAME
2026-04-04 11:35:14 | INFO | Checking 19 pending positions for finalized markets...
2026-04-04 11:35:18 | INFO | Fetched 100 markets for KXNBAGAME
2026-04-04 11:35:18 | INFO | Fetched 100 markets for KXNBAGAME
2026-04-04 11:35:18 | INFO | Checking 19 pending positions for finalized markets...
2026-04-04 11:35:21 | INFO | Fetched 100 markets for KXNBAGAME
2026-04-04 11:35:21 | INFO | Fetched 100 markets for KXNBAGAME
2026-04-04 11:35:21 | INFO | Checking 19 pending positions for finalized markets...
2026-04-04 11:35:25 | INFO | Fetched 100 markets for KXNBAGAME
2026-04-04 11:35:25 | INFO | Fetched 100 markets for KXNBAGAME
2026-04-04 11:35:25 | INFO | Checking 19 pending positions for finalized markets...
2026-04-04 11:35:25 | INFO | ------------------------------------------------------------
2026-04-04 11:35:25 | INFO | NBA GAME MARKETS STATUS:
2026-04-04 11:35:25 | INFO |   HOU: $0.54 [SELL @ $0.85] | GSW: $0.40 [SELL @ $0.85]
2026-04-04 11:35:25 | INFO |   SAC: $0.13 [SELL @ $0.85] | LAC: $0.85 [WAIT]
2026-04-04 11:35:25 | INFO |   LAL: $0.71 [WAIT] | DAL: $0.25 [SELL @ $0.85]
2026-04-04 11:35:25 | INFO |   MIN: $0.50 [SELL @ $0.85] | CHA: $0.48 [SELL @ $0.85]
2026-04-04 11:35:25 | INFO |   ORL: $0.59 [SELL @ $0.85] | NOP: $0.39 [SELL @ $0.85]
2026-04-04 11:35:25 | INFO |   UTA: $0.05 [SELL @ $0.85] | OKC: $0.95 [WAIT]
2026-04-04 11:35:25 | INFO |   IND: $0.07 [SELL @ $0.85] | CLE: $0.91 [WAIT]
2026-04-04 11:35:25 | INFO |   MIL: $0.65 [WAIT] | MEM: $0.32 [SELL @ $0.85]
2026-04-04 11:35:25 | INFO | ------------------------------------------------------------
2026-04-04 11:35:28 | INFO | Fetched 100 markets for KXNBAGAME
2026-04-04 11:35:28 | INFO | Fetched 100 markets for KXNBAGAME
2026-04-04 11:35:28 | INFO | Checking 19 pending positions for finalized markets...
2026-04-04 11:35:32 | INFO | Fetched 100 markets for KXNBAGAME
2026-04-04 11:35:32 | INFO | Fetched 100 markets for KXNBAGAME
2026-04-04 11:35:32 | INFO | Checking 19 pending positions for finalized markets...
2026-04-04 11:35:35 | INFO | Fetched 100 markets for KXNBAGAME
2026-04-04 11:35:35 | INFO | Fetched 100 markets for KXNBAGAME
2026-04-04 11:35:35 | INFO | Checking 19 pending positions for finalized markets...
2026-04-04 11:35:39 | INFO | Fetched 100 markets for KXNBAGAME
2026-04-04 11:35:39 | INFO | Fetched 100 markets for KXNBAGAME
2026-04-04 11:35:39 | INFO | Checking 19 pending positions for finalized markets...
2026-04-04 11:35:42 | INFO | Fetched 100 markets for KXNBAGAME
2026-04-04 11:35:42 | INFO | Fetched 100 markets for KXNBAGAME
2026-04-04 11:35:42 | INFO | Checking 19 pending positions for finalized markets...
2026-04-04 11:35:46 | INFO | Fetched 100 markets for KXNBAGAME
2026-04-04 11:35:46 | INFO | Fetched 100 markets for KXNBAGAME
2026-04-04 11:35:46 | INFO | Checking 19 pending positions for finalized markets...
2026-04-04 11:35:49 | INFO | Fetched 100 markets for KXNBAGAME
2026-04-04 11:35:49 | INFO | Fetched 100 markets for KXNBAGAME
2026-04-04 11:35:49 | INFO | Checking 19 pending positions for finalized markets...
2026-04-04 11:35:53 | INFO | Fetched 100 markets for KXNBAGAME
2026-04-04 11:35:53 | INFO | Fetched 100 markets for KXNBAGAME
2026-04-04 11:35:53 | INFO | Checking 19 pending positions for finalized markets...
2026-04-04 11:35:56 | INFO | Fetched 100 markets for KXNBAGAME
2026-04-04 11:35:56 | INFO | Fetched 100 markets for KXNBAGAME
2026-04-04 11:35:56 | INFO | Checking 19 pending positions for finalized markets...
2026-04-04 11:35:57 | INFO | ------------------------------------------------------------
2026-04-04 11:35:57 | INFO | NBA GAME MARKETS STATUS:
2026-04-04 11:35:57 | INFO |   HOU: $0.54 [SELL @ $0.85] | GSW: $0.40 [SELL @ $0.85]
2026-04-04 11:35:57 | INFO |   SAC: $0.13 [SELL @ $0.85] | LAC: $0.85 [WAIT]
2026-04-04 11:35:57 | INFO |   LAL: $0.71 [WAIT] | DAL: $0.26 [SELL @ $0.85]
2026-04-04 11:35:57 | INFO |   MIN: $0.50 [SELL @ $0.85] | CHA: $0.48 [SELL @ $0.85]
2026-04-04 11:35:57 | INFO |   ORL: $0.59 [SELL @ $0.85] | NOP: $0.39 [SELL @ $0.85]
2026-04-04 11:35:57 | INFO |   UTA: $0.05 [SELL @ $0.85] | OKC: $0.95 [WAIT]
2026-04-04 11:35:57 | INFO |   IND: $0.07 [SELL @ $0.85] | CLE: $0.91 [WAIT]
2026-04-04 11:35:57 | INFO |   MIL: $0.65 [WAIT] | MEM: $0.32 [SELL @ $0.85]
2026-04-04 11:35:57 | INFO | ------------------------------------------------------------
2026-04-04 11:36:00 | INFO | Fetched 100 markets for KXNBAGAME
2026-04-04 11:36:00 | INFO | Fetched 100 markets for KXNBAGAME
2026-04-04 11:36:00 | INFO | Checking 19 pending positions for finalized markets...
2026-04-04 11:36:03 | INFO | Fetched 100 markets for KXNBAGAME
2026-04-04 11:36:03 | INFO | Fetched 100 markets for KXNBAGAME
2026-04-04 11:36:03 | INFO | Checking 19 pending positions for finalized markets...
2026-04-04 11:36:07 | INFO | Fetched 100 markets for KXNBAGAME
2026-04-04 11:36:07 | INFO | Fetched 100 markets for KXNBAGAME
2026-04-04 11:36:07 | INFO | Checking 19 pending positions for finalized markets...
2026-04-04 11:36:10 | INFO | Fetched 100 markets for KXNBAGAME
2026-04-04 11:36:10 | INFO | Fetched 100 markets for KXNBAGAME
2026-04-04 11:36:10 | INFO | Checking 19 pending positions for finalized markets...
2026-04-04 11:36:14 | INFO | Fetched 100 markets for KXNBAGAME
2026-04-04 11:36:14 | INFO | Fetched 100 markets for KXNBAGAME
2026-04-04 11:36:14 | INFO | Checking 19 pending positions for finalized markets...
2026-04-04 11:36:17 | INFO | Fetched 100 markets for KXNBAGAME
2026-04-04 11:36:17 | INFO | Fetched 100 markets for KXNBAGAME
2026-04-04 11:36:17 | INFO | Checking 19 pending positions for finalized markets...
2026-04-04 11:36:21 | INFO | Fetched 100 markets for KXNBAGAME
2026-04-04 11:36:21 | INFO | Fetched 100 markets for KXNBAGAME
2026-04-04 11:36:21 | INFO | Checking 19 pending positions for finalized markets...
2026-04-04 11:36:24 | INFO | Fetched 100 markets for KXNBAGAME
2026-04-04 11:36:24 | INFO | Fetched 100 markets for KXNBAGAME
2026-04-04 11:36:24 | INFO | Checking 19 pending positions for finalized markets...
2026-04-04 11:36:28 | INFO | Fetched 100 markets for KXNBAGAME
2026-04-04 11:36:28 | INFO | Fetched 100 markets for KXNBAGAME
2026-04-04 11:36:28 | INFO | Checking 19 pending positions for finalized markets...
2026-04-04 11:36:28 | INFO | ------------------------------------------------------------
2026-04-04 11:36:28 | INFO | NBA GAME MARKETS STATUS:
2026-04-04 11:36:28 | INFO |   HOU: $0.55 [SELL @ $0.85] | GSW: $0.40 [SELL @ $0.85]
2026-04-04 11:36:28 | INFO |   SAC: $0.13 [SELL @ $0.85] | LAC: $0.85 [WAIT]
2026-04-04 11:36:28 | INFO |   LAL: $0.71 [WAIT] | DAL: $0.26 [SELL @ $0.85]
2026-04-04 11:36:28 | INFO |   MIN: $0.50 [SELL @ $0.85] | CHA: $0.48 [SELL @ $0.85]
2026-04-04 11:36:28 | INFO |   ORL: $0.59 [SELL @ $0.85] | NOP: $0.39 [SELL @ $0.85]
2026-04-04 11:36:28 | INFO |   UTA: $0.05 [SELL @ $0.85] | OKC: $0.95 [WAIT]
2026-04-04 11:36:28 | INFO |   IND: $0.07 [SELL @ $0.85] | CLE: $0.91 [WAIT]
2026-04-04 11:36:28 | INFO |   MIL: $0.65 [WAIT] | MEM: $0.32 [SELL @ $0.85]
2026-04-04 11:36:28 | INFO | ------------------------------------------------------------
2026-04-04 11:36:31 | INFO | Fetched 100 markets for KXNBAGAME
2026-04-04 11:36:31 | INFO | Fetched 100 markets for KXNBAGAME
2026-04-04 11:36:31 | INFO | Checking 19 pending positions for finalized markets...
2026-04-04 11:36:35 | INFO | Fetched 100 markets for KXNBAGAME
2026-04-04 11:36:35 | INFO | Fetched 100 markets for KXNBAGAME
2026-04-04 11:36:35 | INFO | Checking 19 pending positions for finalized markets...
2026-04-04 11:36:38 | INFO | Fetched 100 markets for KXNBAGAME
2026-04-04 11:36:38 | INFO | Fetched 100 markets for KXNBAGAME
2026-04-04 11:36:38 | INFO | Checking 19 pending positions for finalized markets...
2026-04-04 11:36:42 | INFO | ============================================================
2026-04-04 11:36:42 | INFO | SIMPLE FLIP BOT INITIALIZED - NBA GAME EDITION
2026-04-04 11:36:42 | INFO | Strategy: Buy <$0.60, Sell @$0.85, Buy back <$0.50
2026-04-04 11:36:42 | INFO | Paper mode: ON
2026-04-04 11:36:42 | INFO | Starting balance: $100.00
2026-04-04 11:36:42 | INFO | Max position size: $2.00 per side
2026-04-04 11:36:42 | INFO | Poll interval: 30 seconds
2026-04-04 11:36:42 | INFO | ============================================================
2026-04-04 11:36:42 | INFO | Starting flip bot trading loop (poll every 30s)...
2026-04-04 11:36:42 | INFO | Fetched 100 markets for KXNBAGAME
2026-04-04 11:36:42 | INFO | Fetched 100 markets for KXNBAGAME
2026-04-04 11:36:42 | INFO | ------------------------------------------------------------
2026-04-04 11:36:42 | INFO | NBA GAME MARKETS STATUS:
2026-04-04 11:36:42 | INFO |   HOU: $0.55 [BUY ZONE] | GSW: $0.40 [BUY ZONE]
2026-04-04 11:36:42 | INFO |   SAC: $0.13 [BUY ZONE] | LAC: $0.85 [WAIT]
2026-04-04 11:36:42 | INFO |   LAL: $0.71 [WAIT] | DAL: $0.26 [BUY ZONE]
2026-04-04 11:36:42 | INFO |   MIN: $0.50 [BUY ZONE] | CHA: $0.48 [BUY ZONE]
2026-04-04 11:36:42 | INFO |   ORL: $0.59 [BUY ZONE] | NOP: $0.39 [BUY ZONE]
2026-04-04 11:36:42 | INFO |   UTA: $0.05 [BUY ZONE] | OKC: $0.95 [WAIT]
2026-04-04 11:36:42 | INFO |   IND: $0.07 [BUY ZONE] | CLE: $0.91 [WAIT]
2026-04-04 11:36:42 | INFO |   MIL: $0.65 [WAIT] | MEM: $0.32 [BUY ZONE]
2026-04-04 11:36:42 | INFO | ------------------------------------------------------------
2026-04-04 11:36:42 | INFO | Generated 19 trade signals
2026-04-04 11:36:42 | INFO | BUY HOU @ $0.5500 x $2.00 = $1.10 | Placed limit sell @ $0.85
2026-04-04 11:36:42 | INFO | TRADE: BUY HOU MARKET @ $0.5500 x $2.00 | yes_bid $0.55 < $0.60 → BUY
2026-04-04 11:36:42 | INFO | BUY GSW @ $0.4000 x $2.00 = $0.80 | Placed limit sell @ $0.85
2026-04-04 11:36:42 | INFO | TRADE: BUY GSW MARKET @ $0.4000 x $2.00 | yes_bid $0.40 < $0.60 → BUY
2026-04-04 11:36:42 | INFO | BUY SAC @ $0.1300 x $2.00 = $0.26 | Placed limit sell @ $0.85
2026-04-04 11:36:42 | INFO | TRADE: BUY SAC MARKET @ $0.1300 x $2.00 | yes_bid $0.13 < $0.60 → BUY
2026-04-04 11:36:42 | INFO | BUY DAL @ $0.2600 x $2.00 = $0.52 | Placed limit sell @ $0.85
2026-04-04 11:36:42 | INFO | TRADE: BUY DAL MARKET @ $0.2600 x $2.00 | yes_bid $0.26 < $0.60 → BUY
2026-04-04 11:36:42 | INFO | BUY MIN @ $0.5000 x $2.00 = $1.00 | Placed limit sell @ $0.85
2026-04-04 11:36:42 | INFO | TRADE: BUY MIN MARKET @ $0.5000 x $2.00 | yes_bid $0.50 < $0.60 → BUY
2026-04-04 11:36:42 | INFO | BUY CHA @ $0.4800 x $2.00 = $0.96 | Placed limit sell @ $0.85
2026-04-04 11:36:42 | INFO | TRADE: BUY CHA MARKET @ $0.4800 x $2.00 | yes_bid $0.48 < $0.60 → BUY
2026-04-04 11:36:42 | INFO | BUY ORL @ $0.5900 x $2.00 = $1.18 | Placed limit sell @ $0.85
2026-04-04 11:36:42 | INFO | TRADE: BUY ORL MARKET @ $0.5900 x $2.00 | yes_bid $0.59 < $0.60 → BUY
2026-04-04 11:36:42 | INFO | BUY NOP @ $0.3900 x $2.00 = $0.78 | Placed limit sell @ $0.85
2026-04-04 11:36:42 | INFO | TRADE: BUY NOP MARKET @ $0.3900 x $2.00 | yes_bid $0.39 < $0.60 → BUY
2026-04-04 11:36:42 | INFO | BUY UTA @ $0.0500 x $2.00 = $0.10 | Placed limit sell @ $0.85
2026-04-04 11:36:42 | INFO | TRADE: BUY UTA MARKET @ $0.0500 x $2.00 | yes_bid $0.05 < $0.60 → BUY
2026-04-04 11:36:42 | INFO | BUY IND @ $0.0700 x $2.00 = $0.14 | Placed limit sell @ $0.85
2026-04-04 11:36:42 | INFO | TRADE: BUY IND MARKET @ $0.0700 x $2.00 | yes_bid $0.07 < $0.60 → BUY
2026-04-04 11:36:42 | INFO | BUY MEM @ $0.3200 x $2.00 = $0.64 | Placed limit sell @ $0.85
2026-04-04 11:36:42 | INFO | TRADE: BUY MEM MARKET @ $0.3200 x $2.00 | yes_bid $0.32 < $0.60 → BUY
2026-04-04 11:36:42 | INFO | BUY CHI @ $0.1700 x $2.00 = $0.34 | Placed limit sell @ $0.85
2026-04-04 11:36:42 | INFO | TRADE: BUY CHI MARKET @ $0.1700 x $2.00 | yes_bid $0.17 < $0.60 → BUY
2026-04-04 11:36:42 | INFO | BUY TOR @ $0.1900 x $2.00 = $0.38 | Placed limit sell @ $0.85
2026-04-04 11:36:42 | INFO | TRADE: BUY TOR MARKET @ $0.1900 x $2.00 | yes_bid $0.19 < $0.60 → BUY
2026-04-04 11:36:42 | INFO | BUY WAS @ $0.3500 x $2.00 = $0.70 | Placed limit sell @ $0.85
2026-04-04 11:36:42 | INFO | TRADE: BUY WAS MARKET @ $0.3500 x $2.00 | yes_bid $0.35 < $0.60 → BUY
2026-04-04 11:36:42 | INFO | BUY PHI @ $0.4400 x $2.00 = $0.88 | Placed limit sell @ $0.85
2026-04-04 11:36:42 | INFO | TRADE: BUY PHI MARKET @ $0.4400 x $2.00 | yes_bid $0.44 < $0.60 → BUY
2026-04-04 11:36:42 | INFO | BUY DET @ $0.5600 x $2.00 = $1.12 | Placed limit sell @ $0.85
2026-04-04 11:36:42 | INFO | TRADE: BUY DET MARKET @ $0.5600 x $2.00 | yes_bid $0.56 < $0.60 → BUY
2026-04-04 11:36:42 | INFO | BUY SAS @ $0.5600 x $2.00 = $1.12 | Placed limit sell @ $0.85
2026-04-04 11:36:42 | INFO | TRADE: BUY SAS MARKET @ $0.5600 x $2.00 | yes_bid $0.56 < $0.60 → BUY
2026-04-04 11:36:42 | INFO | BUY DEN @ $0.4400 x $2.00 = $0.88 | Placed limit sell @ $0.85
2026-04-04 11:36:42 | INFO | TRADE: BUY DEN MARKET @ $0.4400 x $2.00 | yes_bid $0.44 < $0.60 → BUY
2026-04-04 11:36:42 | INFO | BUY WAS @ $0.0500 x $2.00 = $0.10 | Placed limit sell @ $0.85
2026-04-04 11:36:42 | INFO | TRADE: BUY WAS MARKET @ $0.0500 x $2.00 | yes_bid $0.05 < $0.60 → BUY
2026-04-04 11:36:42 | INFO | Fetched 100 markets for KXNBAGAME
2026-04-04 11:36:42 | INFO | Fetched 100 markets for KXNBAGAME
2026-04-04 11:36:42 | INFO | Checking 19 pending positions for finalized markets...
2026-04-04 11:36:45 | INFO | Fetched 100 markets for KXNBAGAME
2026-04-04 11:36:45 | INFO | Fetched 100 markets for KXNBAGAME
2026-04-04 11:36:45 | INFO | Checking 19 pending positions for finalized markets...
2026-04-04 11:36:49 | INFO | Fetched 100 markets for KXNBAGAME
2026-04-04 11:36:49 | INFO | Fetched 100 markets for KXNBAGAME
2026-04-04 11:36:49 | INFO | Checking 19 pending positions for finalized markets...
2026-04-04 11:36:52 | INFO | Fetched 100 markets for KXNBAGAME
2026-04-04 11:36:52 | INFO | Fetched 100 markets for KXNBAGAME
2026-04-04 11:36:52 | INFO | Checking 19 pending positions for finalized markets...
2026-04-04 11:36:56 | INFO | Fetched 100 markets for KXNBAGAME
2026-04-04 11:36:56 | INFO | Fetched 100 markets for KXNBAGAME
2026-04-04 11:36:56 | INFO | Checking 19 pending positions for finalized markets...
2026-04-04 11:36:59 | INFO | Fetched 100 markets for KXNBAGAME
2026-04-04 11:36:59 | INFO | Fetched 100 markets for KXNBAGAME
2026-04-04 11:36:59 | INFO | Checking 19 pending positions for finalized markets...
2026-04-04 11:37:00 | INFO | ------------------------------------------------------------
2026-04-04 11:37:00 | INFO | NBA GAME MARKETS STATUS:
2026-04-04 11:37:00 | INFO |   HOU: $0.55 [SELL @ $0.85] | GSW: $0.40 [SELL @ $0.85]
2026-04-04 11:37:00 | INFO |   SAC: $0.13 [SELL @ $0.85] | LAC: $0.85 [WAIT]
2026-04-04 11:37:00 | INFO |   LAL: $0.71 [WAIT] | DAL: $0.26 [SELL @ $0.85]
2026-04-04 11:37:00 | INFO |   MIN: $0.50 [SELL @ $0.85] | CHA: $0.48 [SELL @ $0.85]
2026-04-04 11:37:00 | INFO |   ORL: $0.59 [SELL @ $0.85] | NOP: $0.39 [SELL @ $0.85]
2026-04-04 11:37:00 | INFO |   UTA: $0.05 [SELL @ $0.85] | OKC: $0.95 [WAIT]
2026-04-04 11:37:00 | INFO |   IND: $0.07 [SELL @ $0.85] | CLE: $0.91 [WAIT]
2026-04-04 11:37:00 | INFO |   MIL: $0.65 [WAIT] | MEM: $0.32 [SELL @ $0.85]
2026-04-04 11:37:00 | INFO | ------------------------------------------------------------
2026-04-04 11:37:03 | INFO | Fetched 100 markets for KXNBAGAME
2026-04-04 11:37:03 | INFO | Fetched 100 markets for KXNBAGAME
2026-04-04 11:37:03 | INFO | Checking 19 pending positions for finalized markets...
2026-04-04 11:37:06 | INFO | Fetched 100 markets for KXNBAGAME
2026-04-04 11:37:06 | INFO | Fetched 100 markets for KXNBAGAME
2026-04-04 11:37:06 | INFO | Checking 19 pending positions for finalized markets...
2026-04-04 11:37:09 | INFO | Fetched 100 markets for KXNBAGAME
2026-04-04 11:37:09 | INFO | Fetched 100 markets for KXNBAGAME
2026-04-04 11:37:09 | INFO | Checking 19 pending positions for finalized markets...
2026-04-04 11:37:12 | INFO | Fetched 100 markets for KXNBAGAME
2026-04-04 11:37:12 | INFO | Fetched 100 markets for KXNBAGAME
2026-04-04 11:37:12 | INFO | Checking 19 pending positions for finalized markets...
2026-04-04 11:37:12 | INFO | ------------------------------------------------------------
2026-04-04 11:37:12 | INFO | NBA GAME MARKETS STATUS:
2026-04-04 11:37:12 | INFO |   HOU: $0.55 [SELL @ $0.85] | GSW: $0.40 [SELL @ $0.85]
2026-04-04 11:37:12 | INFO |   SAC: $0.13 [SELL @ $0.85] | LAC: $0.85 [WAIT]
2026-04-04 11:37:12 | INFO |   LAL: $0.71 [WAIT] | DAL: $0.26 [SELL @ $0.85]
2026-04-04 11:37:12 | INFO |   MIN: $0.50 [SELL @ $0.85] | CHA: $0.48 [SELL @ $0.85]
2026-04-04 11:37:12 | INFO |   ORL: $0.59 [SELL @ $0.85] | NOP: $0.39 [SELL @ $0.85]
2026-04-04 11:37:12 | INFO |   UTA: $0.05 [SELL @ $0.85] | OKC: $0.95 [WAIT]
2026-04-04 11:37:12 | INFO |   IND: $0.07 [SELL @ $0.85] | CLE: $0.91 [WAIT]
2026-04-04 11:37:12 | INFO |   MIL: $0.65 [WAIT] | MEM: $0.32 [SELL @ $0.85]
2026-04-04 11:37:12 | INFO | ------------------------------------------------------------
2026-04-04 11:37:13 | INFO | Fetched 100 markets for KXNBAGAME
2026-04-04 11:37:13 | INFO | Fetched 100 markets for KXNBAGAME
2026-04-04 11:37:13 | INFO | Checking 19 pending positions for finalized markets...
2026-04-04 11:37:16 | INFO | Fetched 100 markets for KXNBAGAME
2026-04-04 11:37:16 | INFO | Fetched 100 markets for KXNBAGAME
2026-04-04 11:37:16 | INFO | Checking 19 pending positions for finalized markets...
2026-04-04 11:37:20 | INFO | Fetched 100 markets for KXNBAGAME
2026-04-04 11:37:20 | INFO | Fetched 100 markets for KXNBAGAME
2026-04-04 11:37:20 | INFO | Checking 19 pending positions for finalized markets...
2026-04-04 11:37:23 | INFO | Fetched 100 markets for KXNBAGAME
2026-04-04 11:37:23 | INFO | Fetched 100 markets for KXNBAGAME
2026-04-04 11:37:23 | INFO | Checking 19 pending positions for finalized markets...
2026-04-04 11:37:25 | INFO | Received signal 15, shutting down...
2026-04-04 11:37:25 | INFO | Received signal 15, shutting down...
2026-04-04 11:37:27 | INFO | Shutting down flip bot...
2026-04-04 11:37:27 | INFO | Trade log saved to /home/ubuntu/.openclaw/workspace/workers/flip/data/flip_trades.json
2026-04-04 11:37:27 | INFO | ============================================================
2026-04-04 11:37:27 | INFO | SIMPLE FLIP BOT FINAL REPORT
2026-04-04 11:37:27 | INFO | Final balance: $87.04
2026-04-04 11:37:27 | INFO | Total trades: 19
2026-04-04 11:37:27 | INFO | Total PnL: $0.00
2026-04-04 11:37:27 | INFO | ============================================================
2026-04-04 11:37:28 | INFO | ============================================================
2026-04-04 11:37:28 | INFO | SIMPLE FLIP BOT INITIALIZED - NBA GAME EDITION
2026-04-04 11:37:28 | INFO | Strategy: Buy <$0.60, Sell @$0.85, Buy back <$0.50
2026-04-04 11:37:28 | INFO | Paper mode: ON
2026-04-04 11:37:28 | INFO | Starting balance: $100.00
2026-04-04 11:37:28 | INFO | Max position size: $2.00 per side
2026-04-04 11:37:28 | INFO | Poll interval: 30 seconds
2026-04-04 11:37:28 | INFO | ============================================================
2026-04-04 11:37:28 | INFO | Starting flip bot trading loop (poll every 30s)...
2026-04-04 11:37:28 | INFO | Fetched 100 markets for KXNBAGAME
2026-04-04 11:37:28 | INFO | Fetched 100 markets for KXNBAGAME
2026-04-04 11:37:28 | INFO | ------------------------------------------------------------
2026-04-04 11:37:28 | INFO | NBA GAME MARKETS STATUS:
2026-04-04 11:37:28 | INFO |   HOU: $0.54 [BUY ZONE] | GSW: $0.40 [BUY ZONE]
2026-04-04 11:37:28 | INFO |   SAC: $0.13 [BUY ZONE] | LAC: $0.85 [WAIT]
2026-04-04 11:37:28 | INFO |   LAL: $0.71 [WAIT] | DAL: $0.26 [BUY ZONE]
2026-04-04 11:37:28 | INFO |   MIN: $0.50 [BUY ZONE] | CHA: $0.48 [BUY ZONE]
2026-04-04 11:37:28 | INFO |   ORL: $0.59 [BUY ZONE] | NOP: $0.39 [BUY ZONE]
2026-04-04 11:37:28 | INFO |   UTA: $0.05 [BUY ZONE] | OKC: $0.95 [WAIT]
2026-04-04 11:37:28 | INFO |   IND: $0.07 [BUY ZONE] | CLE: $0.91 [WAIT]
2026-04-04 11:37:28 | INFO |   MIL: $0.65 [WAIT] | MEM: $0.32 [BUY ZONE]
2026-04-04 11:37:28 | INFO | ------------------------------------------------------------
2026-04-04 11:37:28 | INFO | Generated 19 trade signals
2026-04-04 11:37:28 | INFO | BUY HOU @ $0.5400 x $2.00 = $1.08 | Placed limit sell @ $0.85
2026-04-04 11:37:28 | INFO | TRADE: BUY HOU MARKET @ $0.5400 x $2.00 | yes_bid $0.54 < $0.60 → BUY
2026-04-04 11:37:28 | INFO | BUY GSW @ $0.4000 x $2.00 = $0.80 | Placed limit sell @ $0.85
2026-04-04 11:37:28 | INFO | TRADE: BUY GSW MARKET @ $0.4000 x $2.00 | yes_bid $0.40 < $0.60 → BUY
2026-04-04 11:37:28 | INFO | BUY SAC @ $0.1300 x $2.00 = $0.26 | Placed limit sell @ $0.85
2026-04-04 11:37:28 | INFO | TRADE: BUY SAC MARKET @ $0.1300 x $2.00 | yes_bid $0.13 < $0.60 → BUY
2026-04-04 11:37:28 | INFO | BUY DAL @ $0.2600 x $2.00 = $0.52 | Placed limit sell @ $0.85
2026-04-04 11:37:28 | INFO | TRADE: BUY DAL MARKET @ $0.2600 x $2.00 | yes_bid $0.26 < $0.60 → BUY
2026-04-04 11:37:28 | INFO | BUY MIN @ $0.5000 x $2.00 = $1.00 | Placed limit sell @ $0.85
2026-04-04 11:37:28 | INFO | TRADE: BUY MIN MARKET @ $0.5000 x $2.00 | yes_bid $0.50 < $0.60 → BUY
2026-04-04 11:37:28 | INFO | BUY CHA @ $0.4800 x $2.00 = $0.96 | Placed limit sell @ $0.85
2026-04-04 11:37:28 | INFO | TRADE: BUY CHA MARKET @ $0.4800 x $2.00 | yes_bid $0.48 < $0.60 → BUY
2026-04-04 11:37:28 | INFO | BUY ORL @ $0.5900 x $2.00 = $1.18 | Placed limit sell @ $0.85
2026-04-04 11:37:28 | INFO | TRADE: BUY ORL MARKET @ $0.5900 x $2.00 | yes_bid $0.59 < $0.60 → BUY
2026-04-04 11:37:28 | INFO | BUY NOP @ $0.3900 x $2.00 = $0.78 | Placed limit sell @ $0.85
2026-04-04 11:37:28 | INFO | TRADE: BUY NOP MARKET @ $0.3900 x $2.00 | yes_bid $0.39 < $0.60 → BUY
2026-04-04 11:37:28 | INFO | BUY UTA @ $0.0500 x $2.00 = $0.10 | Placed limit sell @ $0.85
2026-04-04 11:37:28 | INFO | TRADE: BUY UTA MARKET @ $0.0500 x $2.00 | yes_bid $0.05 < $0.60 → BUY
2026-04-04 11:37:28 | INFO | BUY IND @ $0.0700 x $2.00 = $0.14 | Placed limit sell @ $0.85
2026-04-04 11:37:28 | INFO | TRADE: BUY IND MARKET @ $0.0700 x $2.00 | yes_bid $0.07 < $0.60 → BUY
2026-04-04 11:37:28 | INFO | BUY MEM @ $0.3200 x $2.00 = $0.64 | Placed limit sell @ $0.85
2026-04-04 11:37:28 | INFO | TRADE: BUY MEM MARKET @ $0.3200 x $2.00 | yes_bid $0.32 < $0.60 → BUY
2026-04-04 11:37:28 | INFO | BUY CHI @ $0.1700 x $2.00 = $0.34 | Placed limit sell @ $0.85
2026-04-04 11:37:28 | INFO | TRADE: BUY CHI MARKET @ $0.1700 x $2.00 | yes_bid $0.17 < $0.60 → BUY
2026-04-04 11:37:28 | INFO | BUY TOR @ $0.1900 x $2.00 = $0.38 | Placed limit sell @ $0.85
2026-04-04 11:37:28 | INFO | TRADE: BUY TOR MARKET @ $0.1900 x $2.00 | yes_bid $0.19 < $0.60 → BUY
2026-04-04 11:37:28 | INFO | BUY WAS @ $0.3500 x $2.00 = $0.70 | Placed limit sell @ $0.85
2026-04-04 11:37:28 | INFO | TRADE: BUY WAS MARKET @ $0.3500 x $2.00 | yes_bid $0.35 < $0.60 → BUY
2026-04-04 11:37:28 | INFO | BUY PHI @ $0.4400 x $2.00 = $0.88 | Placed limit sell @ $0.85
2026-04-04 11:37:28 | INFO | TRADE: BUY PHI MARKET @ $0.4400 x $2.00 | yes_bid $0.44 < $0.60 → BUY
2026-04-04 11:37:28 | INFO | BUY DET @ $0.5600 x $2.00 = $1.12 | Placed limit sell @ $0.85
2026-04-04 11:37:28 | INFO | TRADE: BUY DET MARKET @ $0.5600 x $2.00 | yes_bid $0.56 < $0.60 → BUY
2026-04-04 11:37:28 | INFO | BUY SAS @ $0.5600 x $2.00 = $1.12 | Placed limit sell @ $0.85
2026-04-04 11:37:28 | INFO | TRADE: BUY SAS MARKET @ $0.5600 x $2.00 | yes_bid $0.56 < $0.60 → BUY
2026-04-04 11:37:28 | INFO | BUY DEN @ $0.4400 x $2.00 = $0.88 | Placed limit sell @ $0.85
2026-04-04 11:37:28 | INFO | TRADE: BUY DEN MARKET @ $0.4400 x $2.00 | yes_bid $0.44 < $0.60 → BUY
2026-04-04 11:37:28 | INFO | BUY WAS @ $0.0500 x $2.00 = $0.10 | Placed limit sell @ $0.85
2026-04-04 11:37:28 | INFO | TRADE: BUY WAS MARKET @ $0.0500 x $2.00 | yes_bid $0.05 < $0.60 → BUY
2026-04-04 11:37:42 | INFO | Shutting down flip bot...
2026-04-04 11:37:42 | INFO | Trade log saved to /home/ubuntu/.openclaw/workspace/workers/flip/data/flip_trades.json
2026-04-04 11:37:42 | INFO | ============================================================
2026-04-04 11:37:42 | INFO | SIMPLE FLIP BOT FINAL REPORT
2026-04-04 11:37:42 | INFO | Final balance: $87.00
2026-04-04 11:37:42 | INFO | Total trades: 19
2026-04-04 11:37:42 | INFO | Total PnL: $0.00
2026-04-04 11:37:42 | INFO | ============================================================
2026-04-04 11:37:59 | INFO | Fetched 100 markets for KXNBAGAME
2026-04-04 11:37:59 | INFO | Fetched 100 markets for KXNBAGAME
2026-04-04 11:37:59 | INFO | Checking 19 pending positions for finalized markets...
2026-04-04 11:37:59 | INFO | ------------------------------------------------------------
2026-04-04 11:37:59 | INFO | NBA GAME MARKETS STATUS:
2026-04-04 11:37:59 | INFO |   HOU: $0.54 [SELL @ $0.85] | GSW: $0.40 [SELL @ $0.85]
2026-04-04 11:37:59 | INFO |   SAC: $0.13 [SELL @ $0.85] | LAC: $0.85 [WAIT]
2026-04-04 11:37:59 | INFO |   LAL: $0.71 [WAIT] | DAL: $0.26 [SELL @ $0.85]
2026-04-04 11:37:59 | INFO |   MIN: $0.50 [SELL @ $0.85] | CHA: $0.48 [SELL @ $0.85]
2026-04-04 11:37:59 | INFO |   ORL: $0.60 [SELL @ $0.85] | NOP: $0.39 [SELL @ $0.85]
2026-04-04 11:37:59 | INFO |   UTA: $0.05 [SELL @ $0.85] | OKC: $0.95 [WAIT]
2026-04-04 11:37:59 | INFO |   IND: $0.07 [SELL @ $0.85] | CLE: $0.91 [WAIT]
2026-04-04 11:37:59 | INFO |   MIL: $0.65 [WAIT] | MEM: $0.32 [SELL @ $0.85]
2026-04-04 11:37:59 | INFO | ------------------------------------------------------------
2026-04-04 11:38:29 | INFO | Fetched 100 markets for KXNBAGAME
2026-04-04 11:38:29 | INFO | Fetched 100 markets for KXNBAGAME
2026-04-04 11:38:29 | INFO | Checking 19 pending positions for finalized markets...
2026-04-04 11:38:30 | INFO | ------------------------------------------------------------
2026-04-04 11:38:30 | INFO | NBA GAME MARKETS STATUS:
2026-04-04 11:38:30 | INFO |   HOU: $0.54 [SELL @ $0.85] | GSW: $0.40 [SELL @ $0.85]
2026-04-04 11:38:30 | INFO |   SAC: $0.13 [SELL @ $0.85] | LAC: $0.85 [WAIT]
2026-04-04 11:38:30 | INFO |   LAL: $0.71 [WAIT] | DAL: $0.26 [SELL @ $0.85]
2026-04-04 11:38:30 | INFO |   MIN: $0.50 [SELL @ $0.85] | CHA: $0.48 [SELL @ $0.85]
2026-04-04 11:38:30 | INFO |   ORL: $0.60 [SELL @ $0.85] | NOP: $0.39 [SELL @ $0.85]
2026-04-04 11:38:30 | INFO |   UTA: $0.05 [SELL @ $0.85] | OKC: $0.95 [WAIT]
2026-04-04 11:38:30 | INFO |   IND: $0.07 [SELL @ $0.85] | CLE: $0.91 [WAIT]
2026-04-04 11:38:30 | INFO |   MIL: $0.65 [WAIT] | MEM: $0.32 [SELL @ $0.85]
2026-04-04 11:38:30 | INFO | ------------------------------------------------------------
2026-04-04 11:39:00 | INFO | Fetched 100 markets for KXNBAGAME
2026-04-04 11:39:00 | INFO | Fetched 100 markets for KXNBAGAME
2026-04-04 11:39:00 | INFO | Checking 19 pending positions for finalized markets...
2026-04-04 11:39:00 | INFO | ------------------------------------------------------------
2026-04-04 11:39:00 | INFO | NBA GAME MARKETS STATUS:
2026-04-04 11:39:00 | INFO |   HOU: $0.54 [SELL @ $0.85] | GSW: $0.40 [SELL @ $0.85]
2026-04-04 11:39:00 | INFO |   SAC: $0.13 [SELL @ $0.85] | LAC: $0.85 [WAIT]
2026-04-04 11:39:00 | INFO |   LAL: $0.71 [WAIT] | DAL: $0.26 [SELL @ $0.85]
2026-04-04 11:39:00 | INFO |   MIN: $0.50 [SELL @ $0.85] | CHA: $0.48 [SELL @ $0.85]
2026-04-04 11:39:00 | INFO |   ORL: $0.60 [SELL @ $0.85] | NOP: $0.39 [SELL @ $0.85]
2026-04-04 11:39:00 | INFO |   UTA: $0.05 [SELL @ $0.85] | OKC: $0.95 [WAIT]
2026-04-04 11:39:00 | INFO |   IND: $0.07 [SELL @ $0.85] | CLE: $0.91 [WAIT]
2026-04-04 11:39:00 | INFO |   MIL: $0.65 [WAIT] | MEM: $0.32 [SELL @ $0.85]
2026-04-04 11:39:00 | INFO | ------------------------------------------------------------
2026-04-04 11:39:30 | INFO | Fetched 100 markets for KXNBAGAME
2026-04-04 11:39:30 | INFO | Fetched 100 markets for KXNBAGAME
2026-04-04 11:39:30 | INFO | Checking 19 pending positions for finalized markets...
2026-04-04 11:39:31 | INFO | ------------------------------------------------------------
2026-04-04 11:39:31 | INFO | NBA GAME MARKETS STATUS:
2026-04-04 11:39:31 | INFO |   HOU: $0.54 [SELL @ $0.85] | GSW: $0.40 [SELL @ $0.85]
2026-04-04 11:39:31 | INFO |   SAC: $0.13 [SELL @ $0.85] | LAC: $0.85 [WAIT]
2026-04-04 11:39:31 | INFO |   LAL: $0.71 [WAIT] | DAL: $0.26 [SELL @ $0.85]
2026-04-04 11:39:31 | INFO |   MIN: $0.50 [SELL @ $0.85] | CHA: $0.48 [SELL @ $0.85]
2026-04-04 11:39:31 | INFO |   ORL: $0.59 [SELL @ $0.85] | NOP: $0.39 [SELL @ $0.85]
2026-04-04 11:39:31 | INFO |   UTA: $0.05 [SELL @ $0.85] | OKC: $0.95 [WAIT]
2026-04-04 11:39:31 | INFO |   IND: $0.07 [SELL @ $0.85] | CLE: $0.91 [WAIT]
2026-04-04 11:39:31 | INFO |   MIL: $0.65 [WAIT] | MEM: $0.32 [SELL @ $0.85]
2026-04-04 11:39:31 | INFO | ------------------------------------------------------------
2026-04-04 11:40:01 | INFO | Fetched 100 markets for KXNBAGAME
2026-04-04 11:40:01 | INFO | Fetched 100 markets for KXNBAGAME
2026-04-04 11:40:01 | INFO | Checking 19 pending positions for finalized markets...
2026-04-04 11:40:01 | INFO | ------------------------------------------------------------
2026-04-04 11:40:01 | INFO | NBA GAME MARKETS STATUS:
2026-04-04 11:40:01 | INFO |   HOU: $0.54 [SELL @ $0.85] | GSW: $0.40 [SELL @ $0.85]
2026-04-04 11:40:01 | INFO |   SAC: $0.13 [SELL @ $0.85] | LAC: $0.85 [WAIT]
2026-04-04 11:40:01 | INFO |   LAL: $0.71 [WAIT] | DAL: $0.26 [SELL @ $0.85]
2026-04-04 11:40:01 | INFO |   MIN: $0.50 [SELL @ $0.85] | CHA: $0.48 [SELL @ $0.85]
2026-04-04 11:40:01 | INFO |   ORL: $0.59 [SELL @ $0.85] | NOP: $0.39 [SELL @ $0.85]
2026-04-04 11:40:01 | INFO |   UTA: $0.05 [SELL @ $0.85] | OKC: $0.95 [WAIT]
2026-04-04 11:40:01 | INFO |   IND: $0.07 [SELL @ $0.85] | CLE: $0.91 [WAIT]
2026-04-04 11:40:01 | INFO |   MIL: $0.65 [WAIT] | MEM: $0.32 [SELL @ $0.85]
2026-04-04 11:40:01 | INFO | ------------------------------------------------------------
2026-04-04 11:40:31 | INFO | Fetched 100 markets for KXNBAGAME
2026-04-04 11:40:31 | INFO | Fetched 100 markets for KXNBAGAME
2026-04-04 11:40:31 | INFO | Checking 19 pending positions for finalized markets...
2026-04-04 11:40:32 | INFO | ------------------------------------------------------------
2026-04-04 11:40:32 | INFO | NBA GAME MARKETS STATUS:
2026-04-04 11:40:32 | INFO |   HOU: $0.54 [SELL @ $0.85] | GSW: $0.40 [SELL @ $0.85]
2026-04-04 11:40:32 | INFO |   SAC: $0.13 [SELL @ $0.85] | LAC: $0.85 [WAIT]
2026-04-04 11:40:32 | INFO |   LAL: $0.71 [WAIT] | DAL: $0.26 [SELL @ $0.85]
2026-04-04 11:40:32 | INFO |   MIN: $0.50 [SELL @ $0.85] | CHA: $0.48 [SELL @ $0.85]
2026-04-04 11:40:32 | INFO |   ORL: $0.59 [SELL @ $0.85] | NOP: $0.39 [SELL @ $0.85]
2026-04-04 11:40:32 | INFO |   UTA: $0.05 [SELL @ $0.85] | OKC: $0.95 [WAIT]
2026-04-04 11:40:32 | INFO |   IND: $0.07 [SELL @ $0.85] | CLE: $0.91 [WAIT]
2026-04-04 11:40:32 | INFO |   MIL: $0.65 [WAIT] | MEM: $0.32 [SELL @ $0.85]
2026-04-04 11:40:32 | INFO | ------------------------------------------------------------
2026-04-04 11:41:02 | INFO | Fetched 100 markets for KXNBAGAME
2026-04-04 11:41:02 | INFO | Fetched 100 markets for KXNBAGAME
2026-04-04 11:41:02 | INFO | Checking 19 pending positions for finalized markets...
2026-04-04 11:41:02 | INFO | ------------------------------------------------------------
2026-04-04 11:41:02 | INFO | NBA GAME MARKETS STATUS:
2026-04-04 11:41:02 | INFO |   HOU: $0.54 [SELL @ $0.85] | GSW: $0.40 [SELL @ $0.85]
2026-04-04 11:41:02 | INFO |   SAC: $0.13 [SELL @ $0.85] | LAC: $0.85 [WAIT]
2026-04-04 11:41:02 | INFO |   LAL: $0.71 [WAIT] | DAL: $0.26 [SELL @ $0.85]
2026-04-04 11:41:02 | INFO |   MIN: $0.50 [SELL @ $0.85] | CHA: $0.48 [SELL @ $0.85]
2026-04-04 11:41:02 | INFO |   ORL: $0.59 [SELL @ $0.85] | NOP: $0.39 [SELL @ $0.85]
2026-04-04 11:41:02 | INFO |   UTA: $0.05 [SELL @ $0.85] | OKC: $0.95 [WAIT]
2026-04-04 11:41:02 | INFO |   IND: $0.07 [SELL @ $0.85] | CLE: $0.91 [WAIT]
2026-04-04 11:41:02 | INFO |   MIL: $0.65 [WAIT] | MEM: $0.32 [SELL @ $0.85]
2026-04-04 11:41:02 | INFO | ------------------------------------------------------------
2026-04-04 11:41:32 | INFO | Fetched 100 markets for KXNBAGAME
2026-04-04 11:41:32 | INFO | Fetched 100 markets for KXNBAGAME
2026-04-04 11:41:32 | INFO | Checking 19 pending positions for finalized markets...
2026-04-04 11:41:33 | INFO | ------------------------------------------------------------
2026-04-04 11:41:33 | INFO | NBA GAME MARKETS STATUS:
2026-04-04 11:41:33 | INFO |   HOU: $0.58 [SELL @ $0.85] | GSW: $0.39 [SELL @ $0.85]
2026-04-04 11:41:33 | INFO |   SAC: $0.13 [SELL @ $0.85] | LAC: $0.85 [WAIT]
2026-04-04 11:41:33 | INFO |   LAL: $0.71 [WAIT] | DAL: $0.26 [SELL @ $0.85]
2026-04-04 11:41:33 | INFO |   MIN: $0.50 [SELL @ $0.85] | CHA: $0.48 [SELL @ $0.85]
2026-04-04 11:41:33 | INFO |   ORL: $0.59 [SELL @ $0.85] | NOP: $0.39 [SELL @ $0.85]
2026-04-04 11:41:33 | INFO |   UTA: $0.05 [SELL @ $0.85] | OKC: $0.95 [WAIT]
2026-04-04 11:41:33 | INFO |   IND: $0.07 [SELL @ $0.85] | CLE: $0.91 [WAIT]
2026-04-04 11:41:33 | INFO |   MIL: $0.65 [WAIT] | MEM: $0.32 [SELL @ $0.85]
2026-04-04 11:41:33 | INFO | ------------------------------------------------------------
2026-04-04 11:42:03 | INFO | Fetched 100 markets for KXNBAGAME
2026-04-04 11:42:03 | INFO | Fetched 100 markets for KXNBAGAME
2026-04-04 11:42:03 | INFO | Checking 19 pending positions for finalized markets...
2026-04-04 11:42:03 | INFO | ------------------------------------------------------------
2026-04-04 11:42:03 | INFO | NBA GAME MARKETS STATUS:
2026-04-04 11:42:03 | INFO |   HOU: $0.58 [SELL @ $0.85] | GSW: $0.39 [SELL @ $0.85]
2026-04-04 11:42:03 | INFO |   SAC: $0.13 [SELL @ $0.85] | LAC: $0.85 [WAIT]
2026-04-04 11:42:03 | INFO |   LAL: $0.71 [WAIT] | DAL: $0.26 [SELL @ $0.85]
2026-04-04 11:42:03 | INFO |   MIN: $0.50 [SELL @ $0.85] | CHA: $0.48 [SELL @ $0.85]
2026-04-04 11:42:03 | INFO |   ORL: $0.59 [SELL @ $0.85] | NOP: $0.39 [SELL @ $0.85]
2026-04-04 11:42:03 | INFO |   UTA: $0.05 [SELL @ $0.85] | OKC: $0.95 [WAIT]
2026-04-04 11:42:03 | INFO |   IND: $0.07 [SELL @ $0.85] | CLE: $0.91 [WAIT]
2026-04-04 11:42:03 | INFO |   MIL: $0.65 [WAIT] | MEM: $0.32 [SELL @ $0.85]
2026-04-04 11:42:03 | INFO | ------------------------------------------------------------
2026-04-04 11:42:33 | INFO | Fetched 100 markets for KXNBAGAME
2026-04-04 11:42:33 | INFO | Fetched 100 markets for KXNBAGAME
2026-04-04 11:42:33 | INFO | Checking 19 pending positions for finalized markets...
2026-04-04 11:42:34 | INFO | ------------------------------------------------------------
2026-04-04 11:42:34 | INFO | NBA GAME MARKETS STATUS:
2026-04-04 11:42:34 | INFO |   HOU: $0.58 [SELL @ $0.85] | GSW: $0.39 [SELL @ $0.85]
2026-04-04 11:42:34 | INFO |   SAC: $0.13 [SELL @ $0.85] | LAC: $0.85 [WAIT]
2026-04-04 11:42:34 | INFO |   LAL: $0.71 [WAIT] | DAL: $0.26 [SELL @ $0.85]
2026-04-04 11:42:34 | INFO |   MIN: $0.50 [SELL @ $0.85] | CHA: $0.48 [SELL @ $0.85]
2026-04-04 11:42:34 | INFO |   ORL: $0.59 [SELL @ $0.85] | NOP: $0.39 [SELL @ $0.85]
2026-04-04 11:42:34 | INFO |   UTA: $0.05 [SELL @ $0.85] | OKC: $0.95 [WAIT]
2026-04-04 11:42:34 | INFO |   IND: $0.07 [SELL @ $0.85] | CLE: $0.91 [WAIT]
2026-04-04 11:42:34 | INFO |   MIL: $0.65 [WAIT] | MEM: $0.32 [SELL @ $0.85]
2026-04-04 11:42:34 | INFO | ------------------------------------------------------------
2026-04-04 11:42:34 | INFO | ==================================================
2026-04-04 11:42:34 | INFO | SIMPLE FLIP BOT STATS
2026-04-04 11:42:34 | INFO | Runtime: 5.1 minutes
2026-04-04 11:42:34 | INFO | Balance: $87.02
2026-04-04 11:42:34 | INFO | Total positions: 19
2026-04-04 11:42:34 | INFO | Position states: {'pending_sell': 19}
2026-04-04 11:42:34 | INFO | Total trades: 19 (19 buys, 0 sells)
2026-04-04 11:42:34 | INFO | Session PnL: $0.00
2026-04-04 11:42:34 | INFO | ==================================================
2026-04-04 11:43:04 | INFO | Fetched 100 markets for KXNBAGAME
2026-04-04 11:43:04 | INFO | Fetched 100 markets for KXNBAGAME
2026-04-04 11:43:04 | INFO | Checking 19 pending positions for finalized markets...
2026-04-04 11:43:04 | INFO | ------------------------------------------------------------
2026-04-04 11:43:04 | INFO | NBA GAME MARKETS STATUS:
2026-04-04 11:43:04 | INFO |   HOU: $0.58 [SELL @ $0.85] | GSW: $0.39 [SELL @ $0.85]
2026-04-04 11:43:04 | INFO |   SAC: $0.13 [SELL @ $0.85] | LAC: $0.85 [WAIT]
2026-04-04 11:43:04 | INFO |   LAL: $0.71 [WAIT] | DAL: $0.26 [SELL @ $0.85]
2026-04-04 11:43:04 | INFO |   MIN: $0.50 [SELL @ $0.85] | CHA: $0.48 [SELL @ $0.85]
2026-04-04 11:43:04 | INFO |   ORL: $0.59 [SELL @ $0.85] | NOP: $0.39 [SELL @ $0.85]
2026-04-04 11:43:04 | INFO |   UTA: $0.05 [SELL @ $0.85] | OKC: $0.95 [WAIT]
2026-04-04 11:43:04 | INFO |   IND: $0.07 [SELL @ $0.85] | CLE: $0.91 [WAIT]
2026-04-04 11:43:04 | INFO |   MIL: $0.65 [WAIT] | MEM: $0.32 [SELL @ $0.85]
2026-04-04 11:43:04 | INFO | ------------------------------------------------------------
2026-04-04 11:43:34 | INFO | Fetched 100 markets for KXNBAGAME
2026-04-04 11:43:34 | INFO | Fetched 100 markets for KXNBAGAME
2026-04-04 11:43:34 | INFO | Checking 19 pending positions for finalized markets...
2026-04-04 11:43:35 | INFO | ------------------------------------------------------------
2026-04-04 11:43:35 | INFO | NBA GAME MARKETS STATUS:
2026-04-04 11:43:35 | INFO |   HOU: $0.58 [SELL @ $0.85] | GSW: $0.39 [SELL @ $0.85]
2026-04-04 11:43:35 | INFO |   SAC: $0.13 [SELL @ $0.85] | LAC: $0.85 [WAIT]
2026-04-04 11:43:35 | INFO |   LAL: $0.71 [WAIT] | DAL: $0.26 [SELL @ $0.85]
2026-04-04 11:43:35 | INFO |   MIN: $0.50 [SELL @ $0.85] | CHA: $0.48 [SELL @ $0.85]
2026-04-04 11:43:35 | INFO |   ORL: $0.59 [SELL @ $0.85] | NOP: $0.39 [SELL @ $0.85]
2026-04-04 11:43:35 | INFO |   UTA: $0.05 [SELL @ $0.85] | OKC: $0.95 [WAIT]
2026-04-04 11:43:35 | INFO |   IND: $0.07 [SELL @ $0.85] | CLE: $0.91 [WAIT]
2026-04-04 11:43:35 | INFO |   MIL: $0.65 [WAIT] | MEM: $0.32 [SELL @ $0.85]
2026-04-04 11:43:35 | INFO | ------------------------------------------------------------
2026-04-04 11:43:39 | INFO | Received signal 15, shutting down...
2026-04-04 11:43:48 | INFO | ============================================================
2026-04-04 11:43:48 | INFO | SIMPLE FLIP BOT INITIALIZED - NBA GAME EDITION
2026-04-04 11:43:48 | INFO | Strategy: Buy <$0.60, Sell @$0.85, Buy back <$0.50
2026-04-04 11:43:48 | INFO | Paper mode: ON
2026-04-04 11:43:48 | INFO | Starting balance: $100.00
2026-04-04 11:43:48 | INFO | Max position size: $2.00 per side
2026-04-04 11:43:48 | INFO | Poll interval: 30 seconds
2026-04-04 11:43:48 | INFO | ============================================================
2026-04-04 11:43:48 | INFO | Starting flip bot trading loop (poll every 30s)...
2026-04-04 11:43:48 | INFO | Fetched 100 markets for KXNBAGAME
2026-04-04 11:43:48 | INFO | Fetched 100 markets for KXNBAGAME
2026-04-04 11:43:48 | INFO | ------------------------------------------------------------
2026-04-04 11:43:48 | INFO | NBA GAME MARKETS STATUS:
2026-04-04 11:43:48 | INFO |   HOU: $0.58 [BUY ZONE] | GSW: $0.39 [BUY ZONE]
2026-04-04 11:43:48 | INFO |   SAC: $0.13 [BUY ZONE] | LAC: $0.85 [WAIT]
2026-04-04 11:43:48 | INFO |   LAL: $0.71 [WAIT] | DAL: $0.26 [BUY ZONE]
2026-04-04 11:43:48 | INFO |   MIN: $0.50 [BUY ZONE] | CHA: $0.48 [BUY ZONE]
2026-04-04 11:43:48 | INFO |   ORL: $0.59 [BUY ZONE] | NOP: $0.39 [BUY ZONE]
2026-04-04 11:43:48 | INFO |   UTA: $0.05 [BUY ZONE] | OKC: $0.95 [WAIT]
2026-04-04 11:43:48 | INFO |   IND: $0.07 [BUY ZONE] | CLE: $0.91 [WAIT]
2026-04-04 11:43:48 | INFO |   MIL: $0.65 [WAIT] | MEM: $0.32 [BUY ZONE]
2026-04-04 11:43:48 | INFO | ------------------------------------------------------------
2026-04-04 11:43:48 | INFO | Generated 19 trade signals
2026-04-04 11:43:48 | INFO | BUY HOU @ $0.5800 x $2.00 = $1.16 | Placed limit sell @ $0.85
2026-04-04 11:43:48 | INFO | TRADE: BUY HOU MARKET @ $0.5800 x $2.00 | yes_bid $0.58 < $0.60 → BUY
2026-04-04 11:43:48 | INFO | BUY GSW @ $0.3900 x $2.00 = $0.78 | Placed limit sell @ $0.85
2026-04-04 11:43:48 | INFO | TRADE: BUY GSW MARKET @ $0.3900 x $2.00 | yes_bid $0.39 < $0.60 → BUY
2026-04-04 11:43:48 | INFO | BUY SAC @ $0.1300 x $2.00 = $0.26 | Placed limit sell @ $0.85
2026-04-04 11:43:48 | INFO | TRADE: BUY SAC MARKET @ $0.1300 x $2.00 | yes_bid $0.13 < $0.60 → BUY
2026-04-04 11:43:48 | INFO | BUY DAL @ $0.2600 x $2.00 = $0.52 | Placed limit sell @ $0.85
2026-04-04 11:43:48 | INFO | TRADE: BUY DAL MARKET @ $0.2600 x $2.00 | yes_bid $0.26 < $0.60 → BUY
2026-04-04 11:43:48 | INFO | BUY MIN @ $0.5000 x $2.00 = $1.00 | Placed limit sell @ $0.85
2026-04-04 11:43:48 | INFO | TRADE: BUY MIN MARKET @ $0.5000 x $2.00 | yes_bid $0.50 < $0.60 → BUY
2026-04-04 11:43:48 | INFO | BUY CHA @ $0.4800 x $2.00 = $0.96 | Placed limit sell @ $0.85
2026-04-04 11:43:48 | INFO | TRADE: BUY CHA MARKET @ $0.4800 x $2.00 | yes_bid $0.48 < $0.60 → BUY
2026-04-04 11:43:48 | INFO | BUY ORL @ $0.5900 x $2.00 = $1.18 | Placed limit sell @ $0.85
2026-04-04 11:43:48 | INFO | TRADE: BUY ORL MARKET @ $0.5900 x $2.00 | yes_bid $0.59 < $0.60 → BUY
2026-04-04 11:43:48 | INFO | BUY NOP @ $0.3900 x $2.00 = $0.78 | Placed limit sell @ $0.85
2026-04-04 11:43:48 | INFO | TRADE: BUY NOP MARKET @ $0.3900 x $2.00 | yes_bid $0.39 < $0.60 → BUY
2026-04-04 11:43:48 | INFO | BUY UTA @ $0.0500 x $2.00 = $0.10 | Placed limit sell @ $0.85
2026-04-04 11:43:48 | INFO | TRADE: BUY UTA MARKET @ $0.0500 x $2.00 | yes_bid $0.05 < $0.60 → BUY
2026-04-04 11:43:48 | INFO | BUY IND @ $0.0700 x $2.00 = $0.14 | Placed limit sell @ $0.85
2026-04-04 11:43:48 | INFO | TRADE: BUY IND MARKET @ $0.0700 x $2.00 | yes_bid $0.07 < $0.60 → BUY
2026-04-04 11:43:48 | INFO | BUY MEM @ $0.3200 x $2.00 = $0.64 | Placed limit sell @ $0.85
2026-04-04 11:43:48 | INFO | TRADE: BUY MEM MARKET @ $0.3200 x $2.00 | yes_bid $0.32 < $0.60 → BUY
2026-04-04 11:43:48 | INFO | BUY CHI @ $0.1700 x $2.00 = $0.34 | Placed limit sell @ $0.85
2026-04-04 11:43:48 | INFO | TRADE: BUY CHI MARKET @ $0.1700 x $2.00 | yes_bid $0.17 < $0.60 → BUY
2026-04-04 11:43:48 | INFO | BUY TOR @ $0.1900 x $2.00 = $0.38 | Placed limit sell @ $0.85
2026-04-04 11:43:48 | INFO | TRADE: BUY TOR MARKET @ $0.1900 x $2.00 | yes_bid $0.19 < $0.60 → BUY
2026-04-04 11:43:48 | INFO | BUY WAS @ $0.3500 x $2.00 = $0.70 | Placed limit sell @ $0.85
2026-04-04 11:43:48 | INFO | TRADE: BUY WAS MARKET @ $0.3500 x $2.00 | yes_bid $0.35 < $0.60 → BUY
2026-04-04 11:43:48 | INFO | BUY PHI @ $0.4400 x $2.00 = $0.88 | Placed limit sell @ $0.85
2026-04-04 11:43:48 | INFO | TRADE: BUY PHI MARKET @ $0.4400 x $2.00 | yes_bid $0.44 < $0.60 → BUY
2026-04-04 11:43:48 | INFO | BUY DET @ $0.5600 x $2.00 = $1.12 | Placed limit sell @ $0.85
2026-04-04 11:43:48 | INFO | TRADE: BUY DET MARKET @ $0.5600 x $2.00 | yes_bid $0.56 < $0.60 → BUY
2026-04-04 11:43:48 | INFO | BUY SAS @ $0.5600 x $2.00 = $1.12 | Placed limit sell @ $0.85
2026-04-04 11:43:48 | INFO | TRADE: BUY SAS MARKET @ $0.5600 x $2.00 | yes_bid $0.56 < $0.60 → BUY
2026-04-04 11:43:48 | INFO | BUY DEN @ $0.4400 x $2.00 = $0.88 | Placed limit sell @ $0.85
2026-04-04 11:43:48 | INFO | TRADE: BUY DEN MARKET @ $0.4400 x $2.00 | yes_bid $0.44 < $0.60 → BUY
2026-04-04 11:43:48 | INFO | BUY WAS @ $0.0500 x $2.00 = $0.10 | Placed limit sell @ $0.85
2026-04-04 11:43:48 | INFO | TRADE: BUY WAS MARKET @ $0.0500 x $2.00 | yes_bid $0.05 < $0.60 → BUY
2026-04-04 11:44:05 | INFO | Shutting down flip bot...
2026-04-04 11:44:05 | INFO | Trade log saved to /home/ubuntu/.openclaw/workspace/workers/flip/data/flip_trades.json
2026-04-04 11:44:05 | INFO | ============================================================
2026-04-04 11:44:05 | INFO | SIMPLE FLIP BOT FINAL REPORT
2026-04-04 11:44:05 | INFO | Final balance: $87.02
2026-04-04 11:44:05 | INFO | Total trades: 19
2026-04-04 11:44:05 | INFO | Total PnL: $0.00
2026-04-04 11:44:05 | INFO | ============================================================
2026-04-04 11:44:18 | INFO | Fetched 100 markets for KXNBAGAME
2026-04-04 11:44:18 | INFO | Fetched 100 markets for KXNBAGAME
2026-04-04 11:44:18 | INFO | Checking 19 pending positions for finalized markets...
2026-04-04 11:44:19 | INFO | ------------------------------------------------------------
2026-04-04 11:44:19 | INFO | NBA GAME MARKETS STATUS:
2026-04-04 11:44:19 | INFO |   HOU: $0.58 [SELL @ $0.85] | GSW: $0.39 [SELL @ $0.85]
2026-04-04 11:44:19 | INFO |   SAC: $0.13 [SELL @ $0.85] | LAC: $0.85 [WAIT]
2026-04-04 11:44:19 | INFO |   LAL: $0.71 [WAIT] | DAL: $0.26 [SELL @ $0.85]
2026-04-04 11:44:19 | INFO |   MIN: $0.50 [SELL @ $0.85] | CHA: $0.48 [SELL @ $0.85]
2026-04-04 11:44:19 | INFO |   ORL: $0.59 [SELL @ $0.85] | NOP: $0.39 [SELL @ $0.85]
2026-04-04 11:44:19 | INFO |   UTA: $0.05 [SELL @ $0.85] | OKC: $0.95 [WAIT]
2026-04-04 11:44:19 | INFO |   IND: $0.07 [SELL @ $0.85] | CLE: $0.91 [WAIT]
2026-04-04 11:44:19 | INFO |   MIL: $0.65 [WAIT] | MEM: $0.32 [SELL @ $0.85]
2026-04-04 11:44:19 | INFO | ------------------------------------------------------------
2026-04-04 11:44:49 | INFO | Fetched 100 markets for KXNBAGAME
2026-04-04 11:44:49 | INFO | Fetched 100 markets for KXNBAGAME
2026-04-04 11:44:49 | INFO | Checking 19 pending positions for finalized markets...
2026-04-04 11:44:49 | INFO | ------------------------------------------------------------
2026-04-04 11:44:49 | INFO | NBA GAME MARKETS STATUS:
2026-04-04 11:44:49 | INFO |   HOU: $0.58 [SELL @ $0.85] | GSW: $0.39 [SELL @ $0.85]
2026-04-04 11:44:49 | INFO |   SAC: $0.13 [SELL @ $0.85] | LAC: $0.85 [WAIT]
2026-04-04 11:44:49 | INFO |   LAL: $0.71 [WAIT] | DAL: $0.26 [SELL @ $0.85]
2026-04-04 11:44:49 | INFO |   MIN: $0.50 [SELL @ $0.85] | CHA: $0.48 [SELL @ $0.85]
2026-04-04 11:44:49 | INFO |   ORL: $0.59 [SELL @ $0.85] | NOP: $0.39 [SELL @ $0.85]
2026-04-04 11:44:49 | INFO |   UTA: $0.05 [SELL @ $0.85] | OKC: $0.95 [WAIT]
2026-04-04 11:44:49 | INFO |   IND: $0.07 [SELL @ $0.85] | CLE: $0.91 [WAIT]
2026-04-04 11:44:49 | INFO |   MIL: $0.65 [WAIT] | MEM: $0.32 [SELL @ $0.85]
2026-04-04 11:44:49 | INFO | ------------------------------------------------------------
2026-04-04 11:45:19 | INFO | Fetched 100 markets for KXNBAGAME
2026-04-04 11:45:19 | INFO | Fetched 100 markets for KXNBAGAME
2026-04-04 11:45:19 | INFO | Checking 19 pending positions for finalized markets...
2026-04-04 11:45:20 | INFO | ------------------------------------------------------------
2026-04-04 11:45:20 | INFO | NBA GAME MARKETS STATUS:
2026-04-04 11:45:20 | INFO |   HOU: $0.58 [SELL @ $0.85] | GSW: $0.39 [SELL @ $0.85]
2026-04-04 11:45:20 | INFO |   SAC: $0.13 [SELL @ $0.85] | LAC: $0.85 [WAIT]
2026-04-04 11:45:20 | INFO |   LAL: $0.71 [WAIT] | DAL: $0.26 [SELL @ $0.85]
2026-04-04 11:45:20 | INFO |   MIN: $0.50 [SELL @ $0.85] | CHA: $0.48 [SELL @ $0.85]
2026-04-04 11:45:20 | INFO |   ORL: $0.59 [SELL @ $0.85] | NOP: $0.39 [SELL @ $0.85]
2026-04-04 11:45:20 | INFO |   UTA: $0.05 [SELL @ $0.85] | OKC: $0.95 [WAIT]
2026-04-04 11:45:20 | INFO |   IND: $0.07 [SELL @ $0.85] | CLE: $0.91 [WAIT]
2026-04-04 11:45:20 | INFO |   MIL: $0.65 [WAIT] | MEM: $0.32 [SELL @ $0.85]
2026-04-04 11:45:20 | INFO | ------------------------------------------------------------
2026-04-04 11:45:50 | INFO | Fetched 100 markets for KXNBAGAME
2026-04-04 11:45:50 | INFO | Fetched 100 markets for KXNBAGAME
2026-04-04 11:45:50 | INFO | Checking 19 pending positions for finalized markets...
2026-04-04 11:45:50 | INFO | ------------------------------------------------------------
2026-04-04 11:45:50 | INFO | NBA GAME MARKETS STATUS:
2026-04-04 11:45:50 | INFO |   HOU: $0.58 [SELL @ $0.85] | GSW: $0.39 [SELL @ $0.85]
2026-04-04 11:45:50 | INFO |   SAC: $0.13 [SELL @ $0.85] | LAC: $0.85 [WAIT]
2026-04-04 11:45:50 | INFO |   LAL: $0.71 [WAIT] | DAL: $0.26 [SELL @ $0.85]
2026-04-04 11:45:50 | INFO |   MIN: $0.50 [SELL @ $0.85] | CHA: $0.48 [SELL @ $0.85]
2026-04-04 11:45:50 | INFO |   ORL: $0.59 [SELL @ $0.85] | NOP: $0.39 [SELL @ $0.85]
2026-04-04 11:45:50 | INFO |   UTA: $0.05 [SELL @ $0.85] | OKC: $0.95 [WAIT]
2026-04-04 11:45:50 | INFO |   IND: $0.07 [SELL @ $0.85] | CLE: $0.91 [WAIT]
2026-04-04 11:45:50 | INFO |   MIL: $0.65 [WAIT] | MEM: $0.32 [SELL @ $0.85]
2026-04-04 11:45:50 | INFO | ------------------------------------------------------------
2026-04-04 11:46:20 | INFO | Fetched 100 markets for KXNBAGAME
2026-04-04 11:46:20 | INFO | Fetched 100 markets for KXNBAGAME
2026-04-04 11:46:20 | INFO | Checking 19 pending positions for finalized markets...
2026-04-04 11:46:20 | INFO | ------------------------------------------------------------
2026-04-04 11:46:20 | INFO | NBA GAME MARKETS STATUS:
2026-04-04 11:46:20 | INFO |   HOU: $0.58 [SELL @ $0.85] | GSW: $0.39 [SELL @ $0.85]
2026-04-04 11:46:20 | INFO |   SAC: $0.13 [SELL @ $0.85] | LAC: $0.85 [WAIT]
2026-04-04 11:46:20 | INFO |   LAL: $0.71 [WAIT] | DAL: $0.26 [SELL @ $0.85]
2026-04-04 11:46:20 | INFO |   MIN: $0.50 [SELL @ $0.85] | CHA: $0.48 [SELL @ $0.85]
2026-04-04 11:46:20 | INFO |   ORL: $0.59 [SELL @ $0.85] | NOP: $0.39 [SELL @ $0.85]
2026-04-04 11:46:20 | INFO |   UTA: $0.05 [SELL @ $0.85] | OKC: $0.95 [WAIT]
2026-04-04 11:46:20 | INFO |   IND: $0.07 [SELL @ $0.85] | CLE: $0.91 [WAIT]
2026-04-04 11:46:20 | INFO |   MIL: $0.65 [WAIT] | MEM: $0.32 [SELL @ $0.85]
2026-04-04 11:46:20 | INFO | ------------------------------------------------------------
2026-04-04 11:46:50 | INFO | Fetched 100 markets for KXNBAGAME
2026-04-04 11:46:50 | INFO | Fetched 100 markets for KXNBAGAME
2026-04-04 11:46:50 | INFO | Checking 19 pending positions for finalized markets...
2026-04-04 11:46:51 | INFO | ------------------------------------------------------------
2026-04-04 11:46:51 | INFO | NBA GAME MARKETS STATUS:
2026-04-04 11:46:51 | INFO |   HOU: $0.58 [SELL @ $0.85] | GSW: $0.39 [SELL @ $0.85]
2026-04-04 11:46:51 | INFO |   SAC: $0.13 [SELL @ $0.85] | LAC: $0.85 [WAIT]
2026-04-04 11:46:51 | INFO |   LAL: $0.71 [WAIT] | DAL: $0.26 [SELL @ $0.85]
2026-04-04 11:46:51 | INFO |   MIN: $0.50 [SELL @ $0.85] | CHA: $0.48 [SELL @ $0.85]
2026-04-04 11:46:51 | INFO |   ORL: $0.59 [SELL @ $0.85] | NOP: $0.39 [SELL @ $0.85]
2026-04-04 11:46:51 | INFO |   UTA: $0.05 [SELL @ $0.85] | OKC: $0.95 [WAIT]
2026-04-04 11:46:51 | INFO |   IND: $0.07 [SELL @ $0.85] | CLE: $0.91 [WAIT]
2026-04-04 11:46:51 | INFO |   MIL: $0.65 [WAIT] | MEM: $0.32 [SELL @ $0.85]
2026-04-04 11:46:51 | INFO | ------------------------------------------------------------
2026-04-04 11:47:21 | INFO | Fetched 100 markets for KXNBAGAME
2026-04-04 11:47:21 | INFO | Fetched 100 markets for KXNBAGAME
2026-04-04 11:47:21 | INFO | Checking 19 pending positions for finalized markets...
2026-04-04 11:47:21 | INFO | ------------------------------------------------------------
2026-04-04 11:47:21 | INFO | NBA GAME MARKETS STATUS:
2026-04-04 11:47:21 | INFO |   HOU: $0.59 [SELL @ $0.85] | GSW: $0.38 [SELL @ $0.85]
2026-04-04 11:47:21 | INFO |   SAC: $0.13 [SELL @ $0.85] | LAC: $0.85 [WAIT]
2026-04-04 11:47:21 | INFO |   LAL: $0.71 [WAIT] | DAL: $0.26 [SELL @ $0.85]
2026-04-04 11:47:21 | INFO |   MIN: $0.50 [SELL @ $0.85] | CHA: $0.48 [SELL @ $0.85]
2026-04-04 11:47:21 | INFO |   ORL: $0.59 [SELL @ $0.85] | NOP: $0.39 [SELL @ $0.85]
2026-04-04 11:47:21 | INFO |   UTA: $0.05 [SELL @ $0.85] | OKC: $0.95 [WAIT]
2026-04-04 11:47:21 | INFO |   IND: $0.07 [SELL @ $0.85] | CLE: $0.91 [WAIT]
2026-04-04 11:47:21 | INFO |   MIL: $0.65 [WAIT] | MEM: $0.32 [SELL @ $0.85]
2026-04-04 11:47:21 | INFO | ------------------------------------------------------------
2026-04-04 11:47:44 | INFO | ============================================================
2026-04-04 11:47:44 | INFO | SIMPLE FLIP BOT INITIALIZED - NBA GAME EDITION
2026-04-04 11:47:44 | INFO | Strategy: Buy <$0.60, Sell @$0.85, Buy back <$0.50
2026-04-04 11:47:44 | INFO | Paper mode: ON
2026-04-04 11:47:44 | INFO | Starting balance: $100.00
2026-04-04 11:47:44 | INFO | Max position size: $2.00 per side
2026-04-04 11:47:44 | INFO | Poll interval: 30 seconds
2026-04-04 11:47:44 | INFO | ============================================================
2026-04-04 11:47:44 | INFO | Starting flip bot trading loop (poll every 30s)...
2026-04-04 11:47:44 | INFO | Fetched 100 markets for KXNBAGAME
2026-04-04 11:47:44 | INFO | Fetched 100 markets for KXNBAGAME
2026-04-04 11:47:44 | INFO | ------------------------------------------------------------
2026-04-04 11:47:44 | INFO | NBA GAME MARKETS STATUS:
2026-04-04 11:47:44 | INFO |   HOU: $0.59 [BUY ZONE] | GSW: $0.38 [BUY ZONE]
2026-04-04 11:47:44 | INFO |   SAC: $0.13 [BUY ZONE] | LAC: $0.85 [WAIT]
2026-04-04 11:47:44 | INFO |   LAL: $0.71 [WAIT] | DAL: $0.26 [BUY ZONE]
2026-04-04 11:47:44 | INFO |   MIN: $0.50 [BUY ZONE] | CHA: $0.48 [BUY ZONE]
2026-04-04 11:47:44 | INFO |   ORL: $0.59 [BUY ZONE] | NOP: $0.39 [BUY ZONE]
2026-04-04 11:47:44 | INFO |   UTA: $0.05 [BUY ZONE] | OKC: $0.95 [WAIT]
2026-04-04 11:47:44 | INFO |   IND: $0.07 [BUY ZONE] | CLE: $0.91 [WAIT]
2026-04-04 11:47:44 | INFO |   MIL: $0.65 [WAIT] | MEM: $0.32 [BUY ZONE]
2026-04-04 11:47:44 | INFO | ------------------------------------------------------------
2026-04-04 11:47:44 | INFO | Generated 19 trade signals
2026-04-04 11:47:44 | INFO | BUY HOU @ $0.5900 x $2.00 = $1.18 | Placed limit sell @ $0.85
2026-04-04 11:47:44 | INFO | TRADE: BUY HOU MARKET @ $0.5900 x $2.00 | yes_bid $0.59 < $0.60 → BUY
2026-04-04 11:47:44 | INFO | BUY GSW @ $0.3800 x $2.00 = $0.76 | Placed limit sell @ $0.85
2026-04-04 11:47:44 | INFO | TRADE: BUY GSW MARKET @ $0.3800 x $2.00 | yes_bid $0.38 < $0.60 → BUY
2026-04-04 11:47:44 | INFO | BUY SAC @ $0.1300 x $2.00 = $0.26 | Placed limit sell @ $0.85
2026-04-04 11:47:44 | INFO | TRADE: BUY SAC MARKET @ $0.1300 x $2.00 | yes_bid $0.13 < $0.60 → BUY
2026-04-04 11:47:44 | INFO | BUY DAL @ $0.2600 x $2.00 = $0.52 | Placed limit sell @ $0.85
2026-04-04 11:47:44 | INFO | TRADE: BUY DAL MARKET @ $0.2600 x $2.00 | yes_bid $0.26 < $0.60 → BUY
2026-04-04 11:47:44 | INFO | BUY MIN @ $0.5000 x $2.00 = $1.00 | Placed limit sell @ $0.85
2026-04-04 11:47:44 | INFO | TRADE: BUY MIN MARKET @ $0.5000 x $2.00 | yes_bid $0.50 < $0.60 → BUY
2026-04-04 11:47:44 | INFO | BUY CHA @ $0.4800 x $2.00 = $0.96 | Placed limit sell @ $0.85
2026-04-04 11:47:44 | INFO | TRADE: BUY CHA MARKET @ $0.4800 x $2.00 | yes_bid $0.48 < $0.60 → BUY
2026-04-04 11:47:44 | INFO | BUY ORL @ $0.5900 x $2.00 = $1.18 | Placed limit sell @ $0.85
2026-04-04 11:47:44 | INFO | TRADE: BUY ORL MARKET @ $0.5900 x $2.00 | yes_bid $0.59 < $0.60 → BUY
2026-04-04 11:47:44 | INFO | BUY NOP @ $0.3900 x $2.00 = $0.78 | Placed limit sell @ $0.85
2026-04-04 11:47:44 | INFO | TRADE: BUY NOP MARKET @ $0.3900 x $2.00 | yes_bid $0.39 < $0.60 → BUY
2026-04-04 11:47:44 | INFO | BUY UTA @ $0.0500 x $2.00 = $0.10 | Placed limit sell @ $0.85
2026-04-04 11:47:44 | INFO | TRADE: BUY UTA MARKET @ $0.0500 x $2.00 | yes_bid $0.05 < $0.60 → BUY
2026-04-04 11:47:44 | INFO | BUY IND @ $0.0700 x $2.00 = $0.14 | Placed limit sell @ $0.85
2026-04-04 11:47:44 | INFO | TRADE: BUY IND MARKET @ $0.0700 x $2.00 | yes_bid $0.07 < $0.60 → BUY
2026-04-04 11:47:44 | INFO | BUY MEM @ $0.3200 x $2.00 = $0.64 | Placed limit sell @ $0.85
2026-04-04 11:47:44 | INFO | TRADE: BUY MEM MARKET @ $0.3200 x $2.00 | yes_bid $0.32 < $0.60 → BUY
2026-04-04 11:47:44 | INFO | BUY CHI @ $0.1700 x $2.00 = $0.34 | Placed limit sell @ $0.85
2026-04-04 11:47:44 | INFO | TRADE: BUY CHI MARKET @ $0.1700 x $2.00 | yes_bid $0.17 < $0.60 → BUY
2026-04-04 11:47:44 | INFO | BUY TOR @ $0.1900 x $2.00 = $0.38 | Placed limit sell @ $0.85
2026-04-04 11:47:44 | INFO | TRADE: BUY TOR MARKET @ $0.1900 x $2.00 | yes_bid $0.19 < $0.60 → BUY
2026-04-04 11:47:44 | INFO | BUY WAS @ $0.3500 x $2.00 = $0.70 | Placed limit sell @ $0.85
2026-04-04 11:47:44 | INFO | TRADE: BUY WAS MARKET @ $0.3500 x $2.00 | yes_bid $0.35 < $0.60 → BUY
2026-04-04 11:47:44 | INFO | BUY PHI @ $0.4400 x $2.00 = $0.88 | Placed limit sell @ $0.85
2026-04-04 11:47:44 | INFO | TRADE: BUY PHI MARKET @ $0.4400 x $2.00 | yes_bid $0.44 < $0.60 → BUY
2026-04-04 11:47:44 | INFO | BUY DET @ $0.5600 x $2.00 = $1.12 | Placed limit sell @ $0.85
2026-04-04 11:47:44 | INFO | TRADE: BUY DET MARKET @ $0.5600 x $2.00 | yes_bid $0.56 < $0.60 → BUY
2026-04-04 11:47:44 | INFO | BUY SAS @ $0.5600 x $2.00 = $1.12 | Placed limit sell @ $0.85
2026-04-04 11:47:44 | INFO | TRADE: BUY SAS MARKET @ $0.5600 x $2.00 | yes_bid $0.56 < $0.60 → BUY
2026-04-04 11:47:44 | INFO | BUY DEN @ $0.4400 x $2.00 = $0.88 | Placed limit sell @ $0.85
2026-04-04 11:47:44 | INFO | TRADE: BUY DEN MARKET @ $0.4400 x $2.00 | yes_bid $0.44 < $0.60 → BUY
2026-04-04 11:47:44 | INFO | BUY WAS @ $0.0500 x $2.00 = $0.10 | Placed limit sell @ $0.85
2026-04-04 11:47:44 | INFO | TRADE: BUY WAS MARKET @ $0.0500 x $2.00 | yes_bid $0.05 < $0.60 → BUY
2026-04-04 11:47:51 | INFO | Fetched 100 markets for KXNBAGAME
2026-04-04 11:47:51 | INFO | Fetched 100 markets for KXNBAGAME
2026-04-04 11:47:51 | INFO | Checking 19 pending positions for finalized markets...
2026-04-04 11:47:52 | INFO | ------------------------------------------------------------
2026-04-04 11:47:52 | INFO | NBA GAME MARKETS STATUS:
2026-04-04 11:47:52 | INFO |   HOU: $0.59 [SELL @ $0.85] | GSW: $0.38 [SELL @ $0.85]
2026-04-04 11:47:52 | INFO |   SAC: $0.13 [SELL @ $0.85] | LAC: $0.85 [WAIT]
2026-04-04 11:47:52 | INFO |   LAL: $0.71 [WAIT] | DAL: $0.26 [SELL @ $0.85]
2026-04-04 11:47:52 | INFO |   MIN: $0.50 [SELL @ $0.85] | CHA: $0.48 [SELL @ $0.85]
2026-04-04 11:47:52 | INFO |   ORL: $0.59 [SELL @ $0.85] | NOP: $0.39 [SELL @ $0.85]
2026-04-04 11:47:52 | INFO |   UTA: $0.05 [SELL @ $0.85] | OKC: $0.95 [WAIT]
2026-04-04 11:47:52 | INFO |   IND: $0.07 [SELL @ $0.85] | CLE: $0.91 [WAIT]
2026-04-04 11:47:52 | INFO |   MIL: $0.65 [WAIT] | MEM: $0.32 [SELL @ $0.85]
2026-04-04 11:47:52 | INFO | ------------------------------------------------------------
2026-04-04 11:48:14 | INFO | Fetched 100 markets for KXNBAGAME
2026-04-04 11:48:14 | INFO | Fetched 100 markets for KXNBAGAME
2026-04-04 11:48:14 | INFO | Checking 19 pending positions for finalized markets...
2026-04-04 11:48:14 | INFO | ------------------------------------------------------------
2026-04-04 11:48:14 | INFO | NBA GAME MARKETS STATUS:
2026-04-04 11:48:14 | INFO |   HOU: $0.59 [SELL @ $0.85] | GSW: $0.38 [SELL @ $0.85]
2026-04-04 11:48:14 | INFO |   SAC: $0.13 [SELL @ $0.85] | LAC: $0.85 [WAIT]
2026-04-04 11:48:14 | INFO |   LAL: $0.71 [WAIT] | DAL: $0.26 [SELL @ $0.85]
2026-04-04 11:48:14 | INFO |   MIN: $0.50 [SELL @ $0.85] | CHA: $0.48 [SELL @ $0.85]
2026-04-04 11:48:14 | INFO |   ORL: $0.59 [SELL @ $0.85] | NOP: $0.39 [SELL @ $0.85]
2026-04-04 11:48:14 | INFO |   UTA: $0.05 [SELL @ $0.85] | OKC: $0.95 [WAIT]
2026-04-04 11:48:14 | INFO |   IND: $0.07 [SELL @ $0.85] | CLE: $0.91 [WAIT]
2026-04-04 11:48:14 | INFO |   MIL: $0.65 [WAIT] | MEM: $0.32 [SELL @ $0.85]
2026-04-04 11:48:14 | INFO | ------------------------------------------------------------
2026-04-04 11:48:22 | INFO | Fetched 100 markets for KXNBAGAME
2026-04-04 11:48:22 | INFO | Fetched 100 markets for KXNBAGAME
2026-04-04 11:48:22 | INFO | Checking 19 pending positions for finalized markets...
2026-04-04 11:48:23 | INFO | ------------------------------------------------------------
2026-04-04 11:48:23 | INFO | NBA GAME MARKETS STATUS:
2026-04-04 11:48:23 | INFO |   HOU: $0.59 [SELL @ $0.85] | GSW: $0.38 [SELL @ $0.85]
2026-04-04 11:48:23 | INFO |   SAC: $0.13 [SELL @ $0.85] | LAC: $0.85 [WAIT]
2026-04-04 11:48:23 | INFO |   LAL: $0.71 [WAIT] | DAL: $0.26 [SELL @ $0.85]
2026-04-04 11:48:23 | INFO |   MIN: $0.50 [SELL @ $0.85] | CHA: $0.48 [SELL @ $0.85]
2026-04-04 11:48:23 | INFO |   ORL: $0.59 [SELL @ $0.85] | NOP: $0.39 [SELL @ $0.85]
2026-04-04 11:48:23 | INFO |   UTA: $0.05 [SELL @ $0.85] | OKC: $0.95 [WAIT]
2026-04-04 11:48:23 | INFO |   IND: $0.07 [SELL @ $0.85] | CLE: $0.91 [WAIT]
2026-04-04 11:48:23 | INFO |   MIL: $0.65 [WAIT] | MEM: $0.32 [SELL @ $0.85]
2026-04-04 11:48:23 | INFO | ------------------------------------------------------------
2026-04-04 11:48:44 | INFO | Fetched 100 markets for KXNBAGAME
2026-04-04 11:48:44 | INFO | Fetched 100 markets for KXNBAGAME
2026-04-04 11:48:44 | INFO | Checking 19 pending positions for finalized markets...
2026-04-04 11:48:45 | INFO | ------------------------------------------------------------
2026-04-04 11:48:45 | INFO | NBA GAME MARKETS STATUS:
2026-04-04 11:48:45 | INFO |   HOU: $0.59 [SELL @ $0.85] | GSW: $0.38 [SELL @ $0.85]
2026-04-04 11:48:45 | INFO |   SAC: $0.13 [SELL @ $0.85] | LAC: $0.85 [WAIT]
2026-04-04 11:48:45 | INFO |   LAL: $0.71 [WAIT] | DAL: $0.26 [SELL @ $0.85]
2026-04-04 11:48:45 | INFO |   MIN: $0.50 [SELL @ $0.85] | CHA: $0.48 [SELL @ $0.85]
2026-04-04 11:48:45 | INFO |   ORL: $0.59 [SELL @ $0.85] | NOP: $0.39 [SELL @ $0.85]
2026-04-04 11:48:45 | INFO |   UTA: $0.05 [SELL @ $0.85] | OKC: $0.95 [WAIT]
2026-04-04 11:48:45 | INFO |   IND: $0.07 [SELL @ $0.85] | CLE: $0.91 [WAIT]
2026-04-04 11:48:45 | INFO |   MIL: $0.65 [WAIT] | MEM: $0.32 [SELL @ $0.85]
2026-04-04 11:48:45 | INFO | ------------------------------------------------------------
2026-04-04 11:48:53 | INFO | Fetched 100 markets for KXNBAGAME
2026-04-04 11:48:53 | INFO | Fetched 100 markets for KXNBAGAME
2026-04-04 11:48:53 | INFO | Checking 19 pending positions for finalized markets...
2026-04-04 11:48:53 | INFO | ------------------------------------------------------------
2026-04-04 11:48:53 | INFO | NBA GAME MARKETS STATUS:
2026-04-04 11:48:53 | INFO |   HOU: $0.59 [SELL @ $0.85] | GSW: $0.38 [SELL @ $0.85]
2026-04-04 11:48:53 | INFO |   SAC: $0.13 [SELL @ $0.85] | LAC: $0.85 [WAIT]
2026-04-04 11:48:53 | INFO |   LAL: $0.71 [WAIT] | DAL: $0.26 [SELL @ $0.85]
2026-04-04 11:48:53 | INFO |   MIN: $0.50 [SELL @ $0.85] | CHA: $0.48 [SELL @ $0.85]
2026-04-04 11:48:53 | INFO |   ORL: $0.59 [SELL @ $0.85] | NOP: $0.39 [SELL @ $0.85]
2026-04-04 11:48:53 | INFO |   UTA: $0.05 [SELL @ $0.85] | OKC: $0.95 [WAIT]
2026-04-04 11:48:53 | INFO |   IND: $0.07 [SELL @ $0.85] | CLE: $0.91 [WAIT]
2026-04-04 11:48:53 | INFO |   MIL: $0.65 [WAIT] | MEM: $0.32 [SELL @ $0.85]
2026-04-04 11:48:53 | INFO | ------------------------------------------------------------
2026-04-04 11:48:53 | INFO | ==================================================
2026-04-04 11:48:53 | INFO | SIMPLE FLIP BOT STATS
2026-04-04 11:48:53 | INFO | Runtime: 5.1 minutes
2026-04-04 11:48:53 | INFO | Balance: $86.96
2026-04-04 11:48:53 | INFO | Total positions: 19
2026-04-04 11:48:53 | INFO | Position states: {'pending_sell': 19}
2026-04-04 11:48:53 | INFO | Total trades: 19 (19 buys, 0 sells)
2026-04-04 11:48:53 | INFO | Session PnL: $0.00
2026-04-04 11:48:53 | INFO | ==================================================
2026-04-04 11:49:03 | INFO | ============================================================
2026-04-04 11:49:03 | INFO | SIMPLE FLIP BOT INITIALIZED - NBA GAME EDITION
2026-04-04 11:49:03 | INFO | Strategy: Buy <$0.60, Sell @$0.85, Buy back <$0.50
2026-04-04 11:49:03 | INFO | Paper mode: ON
2026-04-04 11:49:03 | INFO | Starting balance: $100.00
2026-04-04 11:49:03 | INFO | Max position size: $2.00 per side
2026-04-04 11:49:03 | INFO | Poll interval: 30 seconds
2026-04-04 11:49:03 | INFO | ============================================================
2026-04-04 11:49:03 | INFO | Starting flip bot trading loop (poll every 30s)...
2026-04-04 11:49:04 | INFO | Fetched 100 markets for KXNBAGAME
2026-04-04 11:49:04 | INFO | Fetched 100 markets for KXNBAGAME
2026-04-04 11:49:04 | INFO | ------------------------------------------------------------
2026-04-04 11:49:04 | INFO | NBA GAME MARKETS STATUS:
2026-04-04 11:49:04 | INFO |   HOU: $0.59 [BUY ZONE] | GSW: $0.38 [BUY ZONE]
2026-04-04 11:49:04 | INFO |   SAC: $0.13 [BUY ZONE] | LAC: $0.85 [WAIT]
2026-04-04 11:49:04 | INFO |   LAL: $0.71 [WAIT] | DAL: $0.26 [BUY ZONE]
2026-04-04 11:49:04 | INFO |   MIN: $0.50 [BUY ZONE] | CHA: $0.48 [BUY ZONE]
2026-04-04 11:49:04 | INFO |   ORL: $0.59 [BUY ZONE] | NOP: $0.39 [BUY ZONE]
2026-04-04 11:49:04 | INFO |   UTA: $0.05 [BUY ZONE] | OKC: $0.95 [WAIT]
2026-04-04 11:49:04 | INFO |   IND: $0.07 [BUY ZONE] | CLE: $0.91 [WAIT]
2026-04-04 11:49:04 | INFO |   MIL: $0.65 [WAIT] | MEM: $0.32 [BUY ZONE]
2026-04-04 11:49:04 | INFO | ------------------------------------------------------------
2026-04-04 11:49:04 | INFO | Generated 19 trade signals
2026-04-04 11:49:04 | INFO | BUY HOU @ $0.5900 x $2.00 = $1.18 | Placed limit sell @ $0.85
2026-04-04 11:49:04 | INFO | TRADE: BUY HOU MARKET @ $0.5900 x $2.00 | yes_bid $0.59 < $0.60 → BUY
2026-04-04 11:49:04 | INFO | BUY GSW @ $0.3800 x $2.00 = $0.76 | Placed limit sell @ $0.85
2026-04-04 11:49:04 | INFO | TRADE: BUY GSW MARKET @ $0.3800 x $2.00 | yes_bid $0.38 < $0.60 → BUY
2026-04-04 11:49:04 | INFO | BUY SAC @ $0.1300 x $2.00 = $0.26 | Placed limit sell @ $0.85
2026-04-04 11:49:04 | INFO | TRADE: BUY SAC MARKET @ $0.1300 x $2.00 | yes_bid $0.13 < $0.60 → BUY
2026-04-04 11:49:04 | INFO | BUY DAL @ $0.2600 x $2.00 = $0.52 | Placed limit sell @ $0.85
2026-04-04 11:49:04 | INFO | TRADE: BUY DAL MARKET @ $0.2600 x $2.00 | yes_bid $0.26 < $0.60 → BUY
2026-04-04 11:49:04 | INFO | BUY MIN @ $0.5000 x $2.00 = $1.00 | Placed limit sell @ $0.85
2026-04-04 11:49:04 | INFO | TRADE: BUY MIN MARKET @ $0.5000 x $2.00 | yes_bid $0.50 < $0.60 → BUY
2026-04-04 11:49:04 | INFO | BUY CHA @ $0.4800 x $2.00 = $0.96 | Placed limit sell @ $0.85
2026-04-04 11:49:04 | INFO | TRADE: BUY CHA MARKET @ $0.4800 x $2.00 | yes_bid $0.48 < $0.60 → BUY
2026-04-04 11:49:04 | INFO | BUY ORL @ $0.5900 x $2.00 = $1.18 | Placed limit sell @ $0.85
2026-04-04 11:49:04 | INFO | TRADE: BUY ORL MARKET @ $0.5900 x $2.00 | yes_bid $0.59 < $0.60 → BUY
2026-04-04 11:49:04 | INFO | BUY NOP @ $0.3900 x $2.00 = $0.78 | Placed limit sell @ $0.85
2026-04-04 11:49:04 | INFO | TRADE: BUY NOP MARKET @ $0.3900 x $2.00 | yes_bid $0.39 < $0.60 → BUY
2026-04-04 11:49:04 | INFO | BUY UTA @ $0.0500 x $2.00 = $0.10 | Placed limit sell @ $0.85
2026-04-04 11:49:04 | INFO | TRADE: BUY UTA MARKET @ $0.0500 x $2.00 | yes_bid $0.05 < $0.60 → BUY
2026-04-04 11:49:04 | INFO | BUY IND @ $0.0700 x $2.00 = $0.14 | Placed limit sell @ $0.85
2026-04-04 11:49:04 | INFO | TRADE: BUY IND MARKET @ $0.0700 x $2.00 | yes_bid $0.07 < $0.60 → BUY
2026-04-04 11:49:04 | INFO | BUY MEM @ $0.3200 x $2.00 = $0.64 | Placed limit sell @ $0.85
2026-04-04 11:49:04 | INFO | TRADE: BUY MEM MARKET @ $0.3200 x $2.00 | yes_bid $0.32 < $0.60 → BUY
2026-04-04 11:49:04 | INFO | BUY CHI @ $0.1700 x $2.00 = $0.34 | Placed limit sell @ $0.85
2026-04-04 11:49:04 | INFO | TRADE: BUY CHI MARKET @ $0.1700 x $2.00 | yes_bid $0.17 < $0.60 → BUY
2026-04-04 11:49:04 | INFO | BUY TOR @ $0.1900 x $2.00 = $0.38 | Placed limit sell @ $0.85
2026-04-04 11:49:04 | INFO | TRADE: BUY TOR MARKET @ $0.1900 x $2.00 | yes_bid $0.19 < $0.60 → BUY
2026-04-04 11:49:04 | INFO | BUY WAS @ $0.3500 x $2.00 = $0.70 | Placed limit sell @ $0.85
2026-04-04 11:49:04 | INFO | TRADE: BUY WAS MARKET @ $0.3500 x $2.00 | yes_bid $0.35 < $0.60 → BUY
2026-04-04 11:49:04 | INFO | BUY PHI @ $0.4400 x $2.00 = $0.88 | Placed limit sell @ $0.85
2026-04-04 11:49:04 | INFO | TRADE: BUY PHI MARKET @ $0.4400 x $2.00 | yes_bid $0.44 < $0.60 → BUY
2026-04-04 11:49:04 | INFO | BUY DET @ $0.5600 x $2.00 = $1.12 | Placed limit sell @ $0.85
2026-04-04 11:49:04 | INFO | TRADE: BUY DET MARKET @ $0.5600 x $2.00 | yes_bid $0.56 < $0.60 → BUY
2026-04-04 11:49:04 | INFO | BUY SAS @ $0.5600 x $2.00 = $1.12 | Placed limit sell @ $0.85
2026-04-04 11:49:04 | INFO | TRADE: BUY SAS MARKET @ $0.5600 x $2.00 | yes_bid $0.56 < $0.60 → BUY
2026-04-04 11:49:04 | INFO | BUY DEN @ $0.4400 x $2.00 = $0.88 | Placed limit sell @ $0.85
2026-04-04 11:49:04 | INFO | TRADE: BUY DEN MARKET @ $0.4400 x $2.00 | yes_bid $0.44 < $0.60 → BUY
2026-04-04 11:49:04 | INFO | BUY WAS @ $0.0500 x $2.00 = $0.10 | Placed limit sell @ $0.85
2026-04-04 11:49:04 | INFO | TRADE: BUY WAS MARKET @ $0.0500 x $2.00 | yes_bid $0.05 < $0.60 → BUY
2026-04-04 11:49:15 | INFO | Fetched 100 markets for KXNBAGAME
2026-04-04 11:49:15 | INFO | Fetched 100 markets for KXNBAGAME
2026-04-04 11:49:15 | INFO | Checking 19 pending positions for finalized markets...
2026-04-04 11:49:15 | INFO | ------------------------------------------------------------
2026-04-04 11:49:15 | INFO | NBA GAME MARKETS STATUS:
2026-04-04 11:49:15 | INFO |   HOU: $0.59 [SELL @ $0.85] | GSW: $0.38 [SELL @ $0.85]
2026-04-04 11:49:15 | INFO |   SAC: $0.13 [SELL @ $0.85] | LAC: $0.85 [WAIT]
2026-04-04 11:49:15 | INFO |   LAL: $0.71 [WAIT] | DAL: $0.26 [SELL @ $0.85]
2026-04-04 11:49:15 | INFO |   MIN: $0.50 [SELL @ $0.85] | CHA: $0.48 [SELL @ $0.85]
2026-04-04 11:49:15 | INFO |   ORL: $0.59 [SELL @ $0.85] | NOP: $0.39 [SELL @ $0.85]
2026-04-04 11:49:15 | INFO |   UTA: $0.05 [SELL @ $0.85] | OKC: $0.95 [WAIT]
2026-04-04 11:49:15 | INFO |   IND: $0.07 [SELL @ $0.85] | CLE: $0.92 [WAIT]
2026-04-04 11:49:15 | INFO |   MIL: $0.65 [WAIT] | MEM: $0.32 [SELL @ $0.85]
2026-04-04 11:49:15 | INFO | ------------------------------------------------------------
2026-04-04 11:49:23 | INFO | Fetched 100 markets for KXNBAGAME
2026-04-04 11:49:23 | INFO | Fetched 100 markets for KXNBAGAME
2026-04-04 11:49:23 | INFO | Checking 19 pending positions for finalized markets...
2026-04-04 11:49:24 | INFO | ------------------------------------------------------------
2026-04-04 11:49:24 | INFO | NBA GAME MARKETS STATUS:
2026-04-04 11:49:24 | INFO |   HOU: $0.59 [SELL @ $0.85] | GSW: $0.38 [SELL @ $0.85]
2026-04-04 11:49:24 | INFO |   SAC: $0.13 [SELL @ $0.85] | LAC: $0.85 [WAIT]
2026-04-04 11:49:24 | INFO |   LAL: $0.71 [WAIT] | DAL: $0.26 [SELL @ $0.85]
2026-04-04 11:49:24 | INFO |   MIN: $0.50 [SELL @ $0.85] | CHA: $0.48 [SELL @ $0.85]
2026-04-04 11:49:24 | INFO |   ORL: $0.59 [SELL @ $0.85] | NOP: $0.39 [SELL @ $0.85]
2026-04-04 11:49:24 | INFO |   UTA: $0.05 [SELL @ $0.85] | OKC: $0.95 [WAIT]
2026-04-04 11:49:24 | INFO |   IND: $0.07 [SELL @ $0.85] | CLE: $0.92 [WAIT]
2026-04-04 11:49:24 | INFO |   MIL: $0.65 [WAIT] | MEM: $0.32 [SELL @ $0.85]
2026-04-04 11:49:24 | INFO | ------------------------------------------------------------
2026-04-04 11:49:34 | INFO | Fetched 100 markets for KXNBAGAME
2026-04-04 11:49:34 | INFO | Fetched 100 markets for KXNBAGAME
2026-04-04 11:49:34 | INFO | Checking 19 pending positions for finalized markets...
2026-04-04 11:49:34 | INFO | ------------------------------------------------------------
2026-04-04 11:49:34 | INFO | NBA GAME MARKETS STATUS:
2026-04-04 11:49:34 | INFO |   HOU: $0.59 [SELL @ $0.85] | GSW: $0.38 [SELL @ $0.85]
2026-04-04 11:49:34 | INFO |   SAC: $0.13 [SELL @ $0.85] | LAC: $0.85 [WAIT]
2026-04-04 11:49:34 | INFO |   LAL: $0.71 [WAIT] | DAL: $0.26 [SELL @ $0.85]
2026-04-04 11:49:34 | INFO |   MIN: $0.50 [SELL @ $0.85] | CHA: $0.48 [SELL @ $0.85]
2026-04-04 11:49:34 | INFO |   ORL: $0.59 [SELL @ $0.85] | NOP: $0.39 [SELL @ $0.85]
2026-04-04 11:49:34 | INFO |   UTA: $0.05 [SELL @ $0.85] | OKC: $0.95 [WAIT]
2026-04-04 11:49:34 | INFO |   IND: $0.07 [SELL @ $0.85] | CLE: $0.92 [WAIT]
2026-04-04 11:49:34 | INFO |   MIL: $0.65 [WAIT] | MEM: $0.32 [SELL @ $0.85]
2026-04-04 11:49:34 | INFO | ------------------------------------------------------------
2026-04-04 11:49:45 | INFO | Fetched 100 markets for KXNBAGAME
2026-04-04 11:49:45 | INFO | Fetched 100 markets for KXNBAGAME
2026-04-04 11:49:45 | INFO | Checking 19 pending positions for finalized markets...
2026-04-04 11:49:46 | INFO | ------------------------------------------------------------
2026-04-04 11:49:46 | INFO | NBA GAME MARKETS STATUS:
2026-04-04 11:49:46 | INFO |   HOU: $0.59 [SELL @ $0.85] | GSW: $0.38 [SELL @ $0.85]
2026-04-04 11:49:46 | INFO |   SAC: $0.13 [SELL @ $0.85] | LAC: $0.85 [WAIT]
2026-04-04 11:49:46 | INFO |   LAL: $0.71 [WAIT] | DAL: $0.26 [SELL @ $0.85]
2026-04-04 11:49:46 | INFO |   MIN: $0.50 [SELL @ $0.85] | CHA: $0.48 [SELL @ $0.85]
2026-04-04 11:49:46 | INFO |   ORL: $0.59 [SELL @ $0.85] | NOP: $0.39 [SELL @ $0.85]
2026-04-04 11:49:46 | INFO |   UTA: $0.05 [SELL @ $0.85] | OKC: $0.95 [WAIT]
2026-04-04 11:49:46 | INFO |   IND: $0.07 [SELL @ $0.85] | CLE: $0.92 [WAIT]
2026-04-04 11:49:46 | INFO |   MIL: $0.65 [WAIT] | MEM: $0.32 [SELL @ $0.85]
2026-04-04 11:49:46 | INFO | ------------------------------------------------------------
2026-04-04 11:49:54 | INFO | Fetched 100 markets for KXNBAGAME
2026-04-04 11:49:54 | INFO | Fetched 100 markets for KXNBAGAME
2026-04-04 11:49:54 | INFO | Checking 19 pending positions for finalized markets...
2026-04-04 11:49:54 | INFO | ------------------------------------------------------------
2026-04-04 11:49:54 | INFO | NBA GAME MARKETS STATUS:
2026-04-04 11:49:54 | INFO |   HOU: $0.59 [SELL @ $0.85] | GSW: $0.38 [SELL @ $0.85]
2026-04-04 11:49:54 | INFO |   SAC: $0.13 [SELL @ $0.85] | LAC: $0.85 [WAIT]
2026-04-04 11:49:54 | INFO |   LAL: $0.71 [WAIT] | DAL: $0.26 [SELL @ $0.85]
2026-04-04 11:49:54 | INFO |   MIN: $0.50 [SELL @ $0.85] | CHA: $0.48 [SELL @ $0.85]
2026-04-04 11:49:54 | INFO |   ORL: $0.59 [SELL @ $0.85] | NOP: $0.39 [SELL @ $0.85]
2026-04-04 11:49:54 | INFO |   UTA: $0.05 [SELL @ $0.85] | OKC: $0.95 [WAIT]
2026-04-04 11:49:54 | INFO |   IND: $0.07 [SELL @ $0.85] | CLE: $0.92 [WAIT]
2026-04-04 11:49:54 | INFO |   MIL: $0.65 [WAIT] | MEM: $0.32 [SELL @ $0.85]
2026-04-04 11:49:54 | INFO | ------------------------------------------------------------
2026-04-04 11:50:04 | INFO | Fetched 100 markets for KXNBAGAME
2026-04-04 11:50:04 | INFO | Fetched 100 markets for KXNBAGAME
2026-04-04 11:50:04 | INFO | Checking 19 pending positions for finalized markets...
2026-04-04 11:50:04 | INFO | ------------------------------------------------------------
2026-04-04 11:50:04 | INFO | NBA GAME MARKETS STATUS:
2026-04-04 11:50:04 | INFO |   HOU: $0.59 [SELL @ $0.85] | GSW: $0.38 [SELL @ $0.85]
2026-04-04 11:50:04 | INFO |   SAC: $0.13 [SELL @ $0.85] | LAC: $0.85 [WAIT]
2026-04-04 11:50:04 | INFO |   LAL: $0.71 [WAIT] | DAL: $0.26 [SELL @ $0.85]
2026-04-04 11:50:04 | INFO |   MIN: $0.50 [SELL @ $0.85] | CHA: $0.48 [SELL @ $0.85]
2026-04-04 11:50:04 | INFO |   ORL: $0.59 [SELL @ $0.85] | NOP: $0.39 [SELL @ $0.85]
2026-04-04 11:50:04 | INFO |   UTA: $0.05 [SELL @ $0.85] | OKC: $0.95 [WAIT]
2026-04-04 11:50:04 | INFO |   IND: $0.07 [SELL @ $0.85] | CLE: $0.92 [WAIT]
2026-04-04 11:50:04 | INFO |   MIL: $0.65 [WAIT] | MEM: $0.32 [SELL @ $0.85]
2026-04-04 11:50:04 | INFO | ------------------------------------------------------------
2026-04-04 11:50:16 | INFO | Fetched 100 markets for KXNBAGAME
2026-04-04 11:50:16 | INFO | Fetched 100 markets for KXNBAGAME
2026-04-04 11:50:16 | INFO | Checking 19 pending positions for finalized markets...
2026-04-04 11:50:16 | INFO | ------------------------------------------------------------
2026-04-04 11:50:16 | INFO | NBA GAME MARKETS STATUS:
2026-04-04 11:50:16 | INFO |   HOU: $0.54 [SELL @ $0.85] | GSW: $0.39 [SELL @ $0.85]
2026-04-04 11:50:16 | INFO |   SAC: $0.13 [SELL @ $0.85] | LAC: $0.85 [WAIT]
2026-04-04 11:50:16 | INFO |   LAL: $0.71 [WAIT] | DAL: $0.26 [SELL @ $0.85]
2026-04-04 11:50:16 | INFO |   MIN: $0.50 [SELL @ $0.85] | CHA: $0.48 [SELL @ $0.85]
2026-04-04 11:50:16 | INFO |   ORL: $0.59 [SELL @ $0.85] | NOP: $0.39 [SELL @ $0.85]
2026-04-04 11:50:16 | INFO |   UTA: $0.05 [SELL @ $0.85] | OKC: $0.95 [WAIT]
2026-04-04 11:50:16 | INFO |   IND: $0.07 [SELL @ $0.85] | CLE: $0.91 [WAIT]
2026-04-04 11:50:16 | INFO |   MIL: $0.65 [WAIT] | MEM: $0.32 [SELL @ $0.85]
2026-04-04 11:50:16 | INFO | ------------------------------------------------------------
2026-04-04 11:50:24 | INFO | Fetched 100 markets for KXNBAGAME
2026-04-04 11:50:24 | INFO | Fetched 100 markets for KXNBAGAME
2026-04-04 11:50:24 | INFO | Checking 19 pending positions for finalized markets...
2026-04-04 11:50:25 | INFO | ------------------------------------------------------------
2026-04-04 11:50:25 | INFO | NBA GAME MARKETS STATUS:
2026-04-04 11:50:25 | INFO |   HOU: $0.54 [SELL @ $0.85] | GSW: $0.39 [SELL @ $0.85]
2026-04-04 11:50:25 | INFO |   SAC: $0.13 [SELL @ $0.85] | LAC: $0.85 [WAIT]
2026-04-04 11:50:25 | INFO |   LAL: $0.71 [WAIT] | DAL: $0.26 [SELL @ $0.85]
2026-04-04 11:50:25 | INFO |   MIN: $0.50 [SELL @ $0.85] | CHA: $0.48 [SELL @ $0.85]
2026-04-04 11:50:25 | INFO |   ORL: $0.59 [SELL @ $0.85] | NOP: $0.39 [SELL @ $0.85]
2026-04-04 11:50:25 | INFO |   UTA: $0.05 [SELL @ $0.85] | OKC: $0.95 [WAIT]
2026-04-04 11:50:25 | INFO |   IND: $0.07 [SELL @ $0.85] | CLE: $0.91 [WAIT]
2026-04-04 11:50:25 | INFO |   MIL: $0.65 [WAIT] | MEM: $0.32 [SELL @ $0.85]
2026-04-04 11:50:25 | INFO | ------------------------------------------------------------
2026-04-04 11:50:35 | INFO | Fetched 100 markets for KXNBAGAME
2026-04-04 11:50:35 | INFO | Fetched 100 markets for KXNBAGAME
2026-04-04 11:50:35 | INFO | Checking 19 pending positions for finalized markets...
2026-04-04 11:50:35 | INFO | ------------------------------------------------------------
2026-04-04 11:50:35 | INFO | NBA GAME MARKETS STATUS:
2026-04-04 11:50:35 | INFO |   HOU: $0.54 [SELL @ $0.85] | GSW: $0.39 [SELL @ $0.85]
2026-04-04 11:50:35 | INFO |   SAC: $0.13 [SELL @ $0.85] | LAC: $0.85 [WAIT]
2026-04-04 11:50:35 | INFO |   LAL: $0.71 [WAIT] | DAL: $0.26 [SELL @ $0.85]
2026-04-04 11:50:35 | INFO |   MIN: $0.50 [SELL @ $0.85] | CHA: $0.48 [SELL @ $0.85]
2026-04-04 11:50:35 | INFO |   ORL: $0.59 [SELL @ $0.85] | NOP: $0.39 [SELL @ $0.85]
2026-04-04 11:50:35 | INFO |   UTA: $0.05 [SELL @ $0.85] | OKC: $0.95 [WAIT]
2026-04-04 11:50:35 | INFO |   IND: $0.07 [SELL @ $0.85] | CLE: $0.91 [WAIT]
2026-04-04 11:50:35 | INFO |   MIL: $0.65 [WAIT] | MEM: $0.32 [SELL @ $0.85]
2026-04-04 11:50:35 | INFO | ------------------------------------------------------------
2026-04-04 11:50:46 | INFO | Fetched 100 markets for KXNBAGAME
2026-04-04 11:50:46 | INFO | Fetched 100 markets for KXNBAGAME
2026-04-04 11:50:46 | INFO | Checking 19 pending positions for finalized markets...
2026-04-04 11:50:47 | INFO | ------------------------------------------------------------
2026-04-04 11:50:47 | INFO | NBA GAME MARKETS STATUS:
2026-04-04 11:50:47 | INFO |   HOU: $0.54 [SELL @ $0.85] | GSW: $0.39 [SELL @ $0.85]
2026-04-04 11:50:47 | INFO |   SAC: $0.13 [SELL @ $0.85] | LAC: $0.85 [WAIT]
2026-04-04 11:50:47 | INFO |   LAL: $0.71 [WAIT] | DAL: $0.26 [SELL @ $0.85]
2026-04-04 11:50:47 | INFO |   MIN: $0.50 [SELL @ $0.85] | CHA: $0.48 [SELL @ $0.85]
2026-04-04 11:50:47 | INFO |   ORL: $0.59 [SELL @ $0.85] | NOP: $0.39 [SELL @ $0.85]
2026-04-04 11:50:47 | INFO |   UTA: $0.05 [SELL @ $0.85] | OKC: $0.95 [WAIT]
2026-04-04 11:50:47 | INFO |   IND: $0.07 [SELL @ $0.85] | CLE: $0.91 [WAIT]
2026-04-04 11:50:47 | INFO |   MIL: $0.65 [WAIT] | MEM: $0.32 [SELL @ $0.85]
2026-04-04 11:50:47 | INFO | ------------------------------------------------------------
2026-04-04 11:50:55 | INFO | Fetched 100 markets for KXNBAGAME
2026-04-04 11:50:55 | INFO | Fetched 100 markets for KXNBAGAME
2026-04-04 11:50:55 | INFO | Checking 19 pending positions for finalized markets...
2026-04-04 11:50:55 | INFO | ------------------------------------------------------------
2026-04-04 11:50:55 | INFO | NBA GAME MARKETS STATUS:
2026-04-04 11:50:55 | INFO |   HOU: $0.54 [SELL @ $0.85] | GSW: $0.39 [SELL @ $0.85]
2026-04-04 11:50:55 | INFO |   SAC: $0.13 [SELL @ $0.85] | LAC: $0.85 [WAIT]
2026-04-04 11:50:55 | INFO |   LAL: $0.71 [WAIT] | DAL: $0.26 [SELL @ $0.85]
2026-04-04 11:50:55 | INFO |   MIN: $0.50 [SELL @ $0.85] | CHA: $0.48 [SELL @ $0.85]
2026-04-04 11:50:55 | INFO |   ORL: $0.59 [SELL @ $0.85] | NOP: $0.39 [SELL @ $0.85]
2026-04-04 11:50:55 | INFO |   UTA: $0.05 [SELL @ $0.85] | OKC: $0.95 [WAIT]
2026-04-04 11:50:55 | INFO |   IND: $0.07 [SELL @ $0.85] | CLE: $0.91 [WAIT]
2026-04-04 11:50:55 | INFO |   MIL: $0.64 [WAIT] | MEM: $0.32 [SELL @ $0.85]
2026-04-04 11:50:55 | INFO | ------------------------------------------------------------
2026-04-04 11:51:05 | INFO | Fetched 100 markets for KXNBAGAME
2026-04-04 11:51:05 | INFO | Fetched 100 markets for KXNBAGAME
2026-04-04 11:51:05 | INFO | Checking 19 pending positions for finalized markets...
2026-04-04 11:51:06 | INFO | ------------------------------------------------------------
2026-04-04 11:51:06 | INFO | NBA GAME MARKETS STATUS:
2026-04-04 11:51:06 | INFO |   HOU: $0.54 [SELL @ $0.85] | GSW: $0.39 [SELL @ $0.85]
2026-04-04 11:51:06 | INFO |   SAC: $0.13 [SELL @ $0.85] | LAC: $0.85 [WAIT]
2026-04-04 11:51:06 | INFO |   LAL: $0.71 [WAIT] | DAL: $0.26 [SELL @ $0.85]
2026-04-04 11:51:06 | INFO |   MIN: $0.50 [SELL @ $0.85] | CHA: $0.48 [SELL @ $0.85]
2026-04-04 11:51:06 | INFO |   ORL: $0.59 [SELL @ $0.85] | NOP: $0.39 [SELL @ $0.85]
2026-04-04 11:51:06 | INFO |   UTA: $0.05 [SELL @ $0.85] | OKC: $0.95 [WAIT]
2026-04-04 11:51:06 | INFO |   IND: $0.07 [SELL @ $0.85] | CLE: $0.91 [WAIT]
2026-04-04 11:51:06 | INFO |   MIL: $0.64 [WAIT] | MEM: $0.32 [SELL @ $0.85]
2026-04-04 11:51:06 | INFO | ------------------------------------------------------------
2026-04-04 11:51:17 | INFO | Fetched 100 markets for KXNBAGAME
2026-04-04 11:51:17 | INFO | Fetched 100 markets for KXNBAGAME
2026-04-04 11:51:17 | INFO | Checking 19 pending positions for finalized markets...
2026-04-04 11:51:17 | INFO | ------------------------------------------------------------
2026-04-04 11:51:17 | INFO | NBA GAME MARKETS STATUS:
2026-04-04 11:51:17 | INFO |   HOU: $0.54 [SELL @ $0.85] | GSW: $0.39 [SELL @ $0.85]
2026-04-04 11:51:17 | INFO |   SAC: $0.13 [SELL @ $0.85] | LAC: $0.85 [WAIT]
2026-04-04 11:51:17 | INFO |   LAL: $0.71 [WAIT] | DAL: $0.26 [SELL @ $0.85]
2026-04-04 11:51:17 | INFO |   MIN: $0.50 [SELL @ $0.85] | CHA: $0.48 [SELL @ $0.85]
2026-04-04 11:51:17 | INFO |   ORL: $0.59 [SELL @ $0.85] | NOP: $0.39 [SELL @ $0.85]
2026-04-04 11:51:17 | INFO |   UTA: $0.05 [SELL @ $0.85] | OKC: $0.95 [WAIT]
2026-04-04 11:51:17 | INFO |   IND: $0.07 [SELL @ $0.85] | CLE: $0.91 [WAIT]
2026-04-04 11:51:17 | INFO |   MIL: $0.65 [WAIT] | MEM: $0.32 [SELL @ $0.85]
2026-04-04 11:51:17 | INFO | ------------------------------------------------------------
2026-04-04 11:51:25 | INFO | Fetched 100 markets for KXNBAGAME
2026-04-04 11:51:25 | INFO | Fetched 100 markets for KXNBAGAME
2026-04-04 11:51:25 | INFO | Checking 19 pending positions for finalized markets...
2026-04-04 11:51:26 | INFO | ------------------------------------------------------------
2026-04-04 11:51:26 | INFO | NBA GAME MARKETS STATUS:
2026-04-04 11:51:26 | INFO |   HOU: $0.54 [SELL @ $0.85] | GSW: $0.39 [SELL @ $0.85]
2026-04-04 11:51:26 | INFO |   SAC: $0.13 [SELL @ $0.85] | LAC: $0.85 [WAIT]
2026-04-04 11:51:26 | INFO |   LAL: $0.71 [WAIT] | DAL: $0.26 [SELL @ $0.85]
2026-04-04 11:51:26 | INFO |   MIN: $0.50 [SELL @ $0.85] | CHA: $0.48 [SELL @ $0.85]
2026-04-04 11:51:26 | INFO |   ORL: $0.59 [SELL @ $0.85] | NOP: $0.39 [SELL @ $0.85]
2026-04-04 11:51:26 | INFO |   UTA: $0.05 [SELL @ $0.85] | OKC: $0.95 [WAIT]
2026-04-04 11:51:26 | INFO |   IND: $0.07 [SELL @ $0.85] | CLE: $0.91 [WAIT]
2026-04-04 11:51:26 | INFO |   MIL: $0.65 [WAIT] | MEM: $0.32 [SELL @ $0.85]
2026-04-04 11:51:26 | INFO | ------------------------------------------------------------
2026-04-04 11:51:36 | INFO | Fetched 100 markets for KXNBAGAME
2026-04-04 11:51:36 | INFO | Fetched 100 markets for KXNBAGAME
2026-04-04 11:51:36 | INFO | Checking 19 pending positions for finalized markets...
2026-04-04 11:51:36 | INFO | ------------------------------------------------------------
2026-04-04 11:51:36 | INFO | NBA GAME MARKETS STATUS:
2026-04-04 11:51:36 | INFO |   HOU: $0.54 [SELL @ $0.85] | GSW: $0.39 [SELL @ $0.85]
2026-04-04 11:51:36 | INFO |   SAC: $0.13 [SELL @ $0.85] | LAC: $0.85 [WAIT]
2026-04-04 11:51:36 | INFO |   LAL: $0.71 [WAIT] | DAL: $0.26 [SELL @ $0.85]
2026-04-04 11:51:36 | INFO |   MIN: $0.50 [SELL @ $0.85] | CHA: $0.48 [SELL @ $0.85]
2026-04-04 11:51:36 | INFO |   ORL: $0.59 [SELL @ $0.85] | NOP: $0.39 [SELL @ $0.85]
2026-04-04 11:51:36 | INFO |   UTA: $0.05 [SELL @ $0.85] | OKC: $0.95 [WAIT]
2026-04-04 11:51:36 | INFO |   IND: $0.07 [SELL @ $0.85] | CLE: $0.91 [WAIT]
2026-04-04 11:51:36 | INFO |   MIL: $0.65 [WAIT] | MEM: $0.32 [SELL @ $0.85]
2026-04-04 11:51:36 | INFO | ------------------------------------------------------------
2026-04-04 11:51:47 | INFO | Fetched 100 markets for KXNBAGAME
2026-04-04 11:51:47 | INFO | Fetched 100 markets for KXNBAGAME
2026-04-04 11:51:47 | INFO | Checking 19 pending positions for finalized markets...
2026-04-04 11:51:48 | INFO | ------------------------------------------------------------
2026-04-04 11:51:48 | INFO | NBA GAME MARKETS STATUS:
2026-04-04 11:51:48 | INFO |   HOU: $0.54 [SELL @ $0.85] | GSW: $0.39 [SELL @ $0.85]
2026-04-04 11:51:48 | INFO |   SAC: $0.13 [SELL @ $0.85] | LAC: $0.85 [WAIT]
2026-04-04 11:51:48 | INFO |   LAL: $0.71 [WAIT] | DAL: $0.26 [SELL @ $0.85]
2026-04-04 11:51:48 | INFO |   MIN: $0.50 [SELL @ $0.85] | CHA: $0.48 [SELL @ $0.85]
2026-04-04 11:51:48 | INFO |   ORL: $0.59 [SELL @ $0.85] | NOP: $0.39 [SELL @ $0.85]
2026-04-04 11:51:48 | INFO |   UTA: $0.05 [SELL @ $0.85] | OKC: $0.95 [WAIT]
2026-04-04 11:51:48 | INFO |   IND: $0.07 [SELL @ $0.85] | CLE: $0.91 [WAIT]
2026-04-04 11:51:48 | INFO |   MIL: $0.65 [WAIT] | MEM: $0.32 [SELL @ $0.85]
2026-04-04 11:51:48 | INFO | ------------------------------------------------------------
2026-04-04 11:51:56 | INFO | Fetched 100 markets for KXNBAGAME
2026-04-04 11:51:56 | INFO | Fetched 100 markets for KXNBAGAME
2026-04-04 11:51:56 | INFO | Checking 19 pending positions for finalized markets...
2026-04-04 11:51:56 | INFO | ------------------------------------------------------------
2026-04-04 11:51:56 | INFO | NBA GAME MARKETS STATUS:
2026-04-04 11:51:56 | INFO |   HOU: $0.54 [SELL @ $0.85] | GSW: $0.39 [SELL @ $0.85]
2026-04-04 11:51:56 | INFO |   SAC: $0.13 [SELL @ $0.85] | LAC: $0.85 [WAIT]
2026-04-04 11:51:56 | INFO |   LAL: $0.71 [WAIT] | DAL: $0.26 [SELL @ $0.85]
2026-04-04 11:51:56 | INFO |   MIN: $0.50 [SELL @ $0.85] | CHA: $0.48 [SELL @ $0.85]
2026-04-04 11:51:56 | INFO |   ORL: $0.59 [SELL @ $0.85] | NOP: $0.39 [SELL @ $0.85]
2026-04-04 11:51:56 | INFO |   UTA: $0.05 [SELL @ $0.85] | OKC: $0.95 [WAIT]
2026-04-04 11:51:56 | INFO |   IND: $0.07 [SELL @ $0.85] | CLE: $0.91 [WAIT]
2026-04-04 11:51:56 | INFO |   MIL: $0.65 [WAIT] | MEM: $0.32 [SELL @ $0.85]
2026-04-04 11:51:56 | INFO | ------------------------------------------------------------
2026-04-04 11:52:06 | INFO | Fetched 100 markets for KXNBAGAME
2026-04-04 11:52:06 | INFO | Fetched 100 markets for KXNBAGAME
2026-04-04 11:52:06 | INFO | Checking 19 pending positions for finalized markets...
2026-04-04 11:52:07 | INFO | ------------------------------------------------------------
2026-04-04 11:52:07 | INFO | NBA GAME MARKETS STATUS:
2026-04-04 11:52:07 | INFO |   HOU: $0.54 [SELL @ $0.85] | GSW: $0.39 [SELL @ $0.85]
2026-04-04 11:52:07 | INFO |   SAC: $0.13 [SELL @ $0.85] | LAC: $0.85 [WAIT]
2026-04-04 11:52:07 | INFO |   LAL: $0.71 [WAIT] | DAL: $0.26 [SELL @ $0.85]
2026-04-04 11:52:07 | INFO |   MIN: $0.50 [SELL @ $0.85] | CHA: $0.48 [SELL @ $0.85]
2026-04-04 11:52:07 | INFO |   ORL: $0.59 [SELL @ $0.85] | NOP: $0.39 [SELL @ $0.85]
2026-04-04 11:52:07 | INFO |   UTA: $0.05 [SELL @ $0.85] | OKC: $0.95 [WAIT]
2026-04-04 11:52:07 | INFO |   IND: $0.07 [SELL @ $0.85] | CLE: $0.91 [WAIT]
2026-04-04 11:52:07 | INFO |   MIL: $0.65 [WAIT] | MEM: $0.32 [SELL @ $0.85]
2026-04-04 11:52:07 | INFO | ------------------------------------------------------------
2026-04-04 11:52:18 | INFO | Fetched 100 markets for KXNBAGAME
2026-04-04 11:52:18 | INFO | Fetched 100 markets for KXNBAGAME
2026-04-04 11:52:18 | INFO | Checking 19 pending positions for finalized markets...
2026-04-04 11:52:18 | INFO | ------------------------------------------------------------
2026-04-04 11:52:18 | INFO | NBA GAME MARKETS STATUS:
2026-04-04 11:52:18 | INFO |   HOU: $0.54 [SELL @ $0.85] | GSW: $0.39 [SELL @ $0.85]
2026-04-04 11:52:18 | INFO |   SAC: $0.13 [SELL @ $0.85] | LAC: $0.85 [WAIT]
2026-04-04 11:52:18 | INFO |   LAL: $0.71 [WAIT] | DAL: $0.26 [SELL @ $0.85]
2026-04-04 11:52:18 | INFO |   MIN: $0.50 [SELL @ $0.85] | CHA: $0.48 [SELL @ $0.85]
2026-04-04 11:52:18 | INFO |   ORL: $0.59 [SELL @ $0.85] | NOP: $0.39 [SELL @ $0.85]
2026-04-04 11:52:18 | INFO |   UTA: $0.05 [SELL @ $0.85] | OKC: $0.95 [WAIT]
2026-04-04 11:52:18 | INFO |   IND: $0.07 [SELL @ $0.85] | CLE: $0.91 [WAIT]
2026-04-04 11:52:18 | INFO |   MIL: $0.65 [WAIT] | MEM: $0.32 [SELL @ $0.85]
2026-04-04 11:52:18 | INFO | ------------------------------------------------------------
2026-04-04 11:52:26 | INFO | Fetched 100 markets for KXNBAGAME
2026-04-04 11:52:26 | INFO | Fetched 100 markets for KXNBAGAME
2026-04-04 11:52:26 | INFO | Checking 19 pending positions for finalized markets...
2026-04-04 11:52:27 | INFO | ------------------------------------------------------------
2026-04-04 11:52:27 | INFO | NBA GAME MARKETS STATUS:
2026-04-04 11:52:27 | INFO |   HOU: $0.54 [SELL @ $0.85] | GSW: $0.39 [SELL @ $0.85]
2026-04-04 11:52:27 | INFO |   SAC: $0.13 [SELL @ $0.85] | LAC: $0.85 [WAIT]
2026-04-04 11:52:27 | INFO |   LAL: $0.71 [WAIT] | DAL: $0.26 [SELL @ $0.85]
2026-04-04 11:52:27 | INFO |   MIN: $0.50 [SELL @ $0.85] | CHA: $0.48 [SELL @ $0.85]
2026-04-04 11:52:27 | INFO |   ORL: $0.59 [SELL @ $0.85] | NOP: $0.39 [SELL @ $0.85]
2026-04-04 11:52:27 | INFO |   UTA: $0.05 [SELL @ $0.85] | OKC: $0.95 [WAIT]
2026-04-04 11:52:27 | INFO |   IND: $0.07 [SELL @ $0.85] | CLE: $0.91 [WAIT]
2026-04-04 11:52:27 | INFO |   MIL: $0.65 [WAIT] | MEM: $0.32 [SELL @ $0.85]
2026-04-04 11:52:27 | INFO | ------------------------------------------------------------
2026-04-04 11:52:37 | INFO | Fetched 100 markets for KXNBAGAME
2026-04-04 11:52:37 | INFO | Fetched 100 markets for KXNBAGAME
2026-04-04 11:52:37 | INFO | Checking 19 pending positions for finalized markets...
2026-04-04 11:52:37 | INFO | ------------------------------------------------------------
2026-04-04 11:52:37 | INFO | NBA GAME MARKETS STATUS:
2026-04-04 11:52:37 | INFO |   HOU: $0.54 [SELL @ $0.85] | GSW: $0.39 [SELL @ $0.85]
2026-04-04 11:52:37 | INFO |   SAC: $0.13 [SELL @ $0.85] | LAC: $0.85 [WAIT]
2026-04-04 11:52:37 | INFO |   LAL: $0.71 [WAIT] | DAL: $0.26 [SELL @ $0.85]
2026-04-04 11:52:37 | INFO |   MIN: $0.50 [SELL @ $0.85] | CHA: $0.48 [SELL @ $0.85]
2026-04-04 11:52:37 | INFO |   ORL: $0.59 [SELL @ $0.85] | NOP: $0.39 [SELL @ $0.85]
2026-04-04 11:52:37 | INFO |   UTA: $0.05 [SELL @ $0.85] | OKC: $0.95 [WAIT]
2026-04-04 11:52:37 | INFO |   IND: $0.07 [SELL @ $0.85] | CLE: $0.91 [WAIT]
2026-04-04 11:52:37 | INFO |   MIL: $0.65 [WAIT] | MEM: $0.32 [SELL @ $0.85]
2026-04-04 11:52:37 | INFO | ------------------------------------------------------------
2026-04-04 11:52:48 | INFO | Fetched 100 markets for KXNBAGAME
2026-04-04 11:52:48 | INFO | Fetched 100 markets for KXNBAGAME
2026-04-04 11:52:48 | INFO | Checking 19 pending positions for finalized markets...
2026-04-04 11:52:48 | INFO | ------------------------------------------------------------
2026-04-04 11:52:48 | INFO | NBA GAME MARKETS STATUS:
2026-04-04 11:52:48 | INFO |   HOU: $0.54 [SELL @ $0.85] | GSW: $0.39 [SELL @ $0.85]
2026-04-04 11:52:48 | INFO |   SAC: $0.13 [SELL @ $0.85] | LAC: $0.85 [WAIT]
2026-04-04 11:52:48 | INFO |   LAL: $0.71 [WAIT] | DAL: $0.26 [SELL @ $0.85]
2026-04-04 11:52:48 | INFO |   MIN: $0.50 [SELL @ $0.85] | CHA: $0.48 [SELL @ $0.85]
2026-04-04 11:52:48 | INFO |   ORL: $0.59 [SELL @ $0.85] | NOP: $0.39 [SELL @ $0.85]
2026-04-04 11:52:48 | INFO |   UTA: $0.05 [SELL @ $0.85] | OKC: $0.95 [WAIT]
2026-04-04 11:52:48 | INFO |   IND: $0.07 [SELL @ $0.85] | CLE: $0.91 [WAIT]
2026-04-04 11:52:48 | INFO |   MIL: $0.65 [WAIT] | MEM: $0.32 [SELL @ $0.85]
2026-04-04 11:52:48 | INFO | ------------------------------------------------------------
2026-04-04 11:52:48 | INFO | ==================================================
2026-04-04 11:52:48 | INFO | SIMPLE FLIP BOT STATS
2026-04-04 11:52:48 | INFO | Runtime: 5.1 minutes
2026-04-04 11:52:48 | INFO | Balance: $86.96
2026-04-04 11:52:48 | INFO | Total positions: 19
2026-04-04 11:52:48 | INFO | Position states: {'pending_sell': 19}
2026-04-04 11:52:48 | INFO | Total trades: 19 (19 buys, 0 sells)
2026-04-04 11:52:48 | INFO | Session PnL: $0.00
2026-04-04 11:52:48 | INFO | ==================================================
2026-04-04 11:52:57 | INFO | Fetched 100 markets for KXNBAGAME
2026-04-04 11:52:57 | INFO | Fetched 100 markets for KXNBAGAME
2026-04-04 11:52:57 | INFO | Checking 19 pending positions for finalized markets...
2026-04-04 11:52:57 | INFO | ------------------------------------------------------------
2026-04-04 11:52:57 | INFO | NBA GAME MARKETS STATUS:
2026-04-04 11:52:57 | INFO |   HOU: $0.54 [SELL @ $0.85] | GSW: $0.39 [SELL @ $0.85]
2026-04-04 11:52:57 | INFO |   SAC: $0.13 [SELL @ $0.85] | LAC: $0.85 [WAIT]
2026-04-04 11:52:57 | INFO |   LAL: $0.71 [WAIT] | DAL: $0.26 [SELL @ $0.85]
2026-04-04 11:52:57 | INFO |   MIN: $0.50 [SELL @ $0.85] | CHA: $0.48 [SELL @ $0.85]
2026-04-04 11:52:57 | INFO |   ORL: $0.59 [SELL @ $0.85] | NOP: $0.39 [SELL @ $0.85]
2026-04-04 11:52:57 | INFO |   UTA: $0.05 [SELL @ $0.85] | OKC: $0.95 [WAIT]
2026-04-04 11:52:57 | INFO |   IND: $0.07 [SELL @ $0.85] | CLE: $0.91 [WAIT]
2026-04-04 11:52:57 | INFO |   MIL: $0.65 [WAIT] | MEM: $0.32 [SELL @ $0.85]
2026-04-04 11:52:57 | INFO | ------------------------------------------------------------
2026-04-04 11:53:07 | INFO | Fetched 100 markets for KXNBAGAME
2026-04-04 11:53:07 | INFO | Fetched 100 markets for KXNBAGAME
2026-04-04 11:53:07 | INFO | Checking 19 pending positions for finalized markets...
2026-04-04 11:53:08 | INFO | ------------------------------------------------------------
2026-04-04 11:53:08 | INFO | NBA GAME MARKETS STATUS:
2026-04-04 11:53:08 | INFO |   HOU: $0.54 [SELL @ $0.85] | GSW: $0.39 [SELL @ $0.85]
2026-04-04 11:53:08 | INFO |   SAC: $0.13 [SELL @ $0.85] | LAC: $0.85 [WAIT]
2026-04-04 11:53:08 | INFO |   LAL: $0.71 [WAIT] | DAL: $0.26 [SELL @ $0.85]
2026-04-04 11:53:08 | INFO |   MIN: $0.50 [SELL @ $0.85] | CHA: $0.48 [SELL @ $0.85]
2026-04-04 11:53:08 | INFO |   ORL: $0.59 [SELL @ $0.85] | NOP: $0.39 [SELL @ $0.85]
2026-04-04 11:53:08 | INFO |   UTA: $0.05 [SELL @ $0.85] | OKC: $0.95 [WAIT]
2026-04-04 11:53:08 | INFO |   IND: $0.07 [SELL @ $0.85] | CLE: $0.91 [WAIT]
2026-04-04 11:53:08 | INFO |   MIL: $0.65 [WAIT] | MEM: $0.32 [SELL @ $0.85]
2026-04-04 11:53:08 | INFO | ------------------------------------------------------------
2026-04-04 11:53:19 | INFO | Fetched 100 markets for KXNBAGAME
2026-04-04 11:53:19 | INFO | Fetched 100 markets for KXNBAGAME
2026-04-04 11:53:19 | INFO | Checking 19 pending positions for finalized markets...
2026-04-04 11:53:19 | INFO | ------------------------------------------------------------
2026-04-04 11:53:19 | INFO | NBA GAME MARKETS STATUS:
2026-04-04 11:53:19 | INFO |   HOU: $0.54 [SELL @ $0.85] | GSW: $0.39 [SELL @ $0.85]
2026-04-04 11:53:19 | INFO |   SAC: $0.13 [SELL @ $0.85] | LAC: $0.85 [WAIT]
2026-04-04 11:53:19 | INFO |   LAL: $0.71 [WAIT] | DAL: $0.26 [SELL @ $0.85]
2026-04-04 11:53:19 | INFO |   MIN: $0.50 [SELL @ $0.85] | CHA: $0.48 [SELL @ $0.85]
2026-04-04 11:53:19 | INFO |   ORL: $0.59 [SELL @ $0.85] | NOP: $0.39 [SELL @ $0.85]
2026-04-04 11:53:19 | INFO |   UTA: $0.05 [SELL @ $0.85] | OKC: $0.95 [WAIT]
2026-04-04 11:53:19 | INFO |   IND: $0.07 [SELL @ $0.85] | CLE: $0.91 [WAIT]
2026-04-04 11:53:19 | INFO |   MIL: $0.65 [WAIT] | MEM: $0.32 [SELL @ $0.85]
2026-04-04 11:53:19 | INFO | ------------------------------------------------------------
2026-04-04 11:53:27 | INFO | Fetched 100 markets for KXNBAGAME
2026-04-04 11:53:27 | INFO | Fetched 100 markets for KXNBAGAME
2026-04-04 11:53:27 | INFO | Checking 19 pending positions for finalized markets...
2026-04-04 11:53:28 | INFO | ------------------------------------------------------------
2026-04-04 11:53:28 | INFO | NBA GAME MARKETS STATUS:
2026-04-04 11:53:28 | INFO |   HOU: $0.54 [SELL @ $0.85] | GSW: $0.39 [SELL @ $0.85]
2026-04-04 11:53:28 | INFO |   SAC: $0.13 [SELL @ $0.85] | LAC: $0.85 [WAIT]
2026-04-04 11:53:28 | INFO |   LAL: $0.71 [WAIT] | DAL: $0.26 [SELL @ $0.85]
2026-04-04 11:53:28 | INFO |   MIN: $0.50 [SELL @ $0.85] | CHA: $0.48 [SELL @ $0.85]
2026-04-04 11:53:28 | INFO |   ORL: $0.59 [SELL @ $0.85] | NOP: $0.39 [SELL @ $0.85]
2026-04-04 11:53:28 | INFO |   UTA: $0.05 [SELL @ $0.85] | OKC: $0.95 [WAIT]
2026-04-04 11:53:28 | INFO |   IND: $0.07 [SELL @ $0.85] | CLE: $0.91 [WAIT]
2026-04-04 11:53:28 | INFO |   MIL: $0.65 [WAIT] | MEM: $0.32 [SELL @ $0.85]
2026-04-04 11:53:28 | INFO | ------------------------------------------------------------
2026-04-04 11:53:38 | INFO | Fetched 100 markets for KXNBAGAME
2026-04-04 11:53:38 | INFO | Fetched 100 markets for KXNBAGAME
2026-04-04 11:53:38 | INFO | Checking 19 pending positions for finalized markets...
2026-04-04 11:53:38 | INFO | ------------------------------------------------------------
2026-04-04 11:53:38 | INFO | NBA GAME MARKETS STATUS:
2026-04-04 11:53:38 | INFO |   HOU: $0.54 [SELL @ $0.85] | GSW: $0.39 [SELL @ $0.85]
2026-04-04 11:53:38 | INFO |   SAC: $0.13 [SELL @ $0.85] | LAC: $0.85 [WAIT]
2026-04-04 11:53:38 | INFO |   LAL: $0.71 [WAIT] | DAL: $0.26 [SELL @ $0.85]
2026-04-04 11:53:38 | INFO |   MIN: $0.50 [SELL @ $0.85] | CHA: $0.48 [SELL @ $0.85]
2026-04-04 11:53:38 | INFO |   ORL: $0.59 [SELL @ $0.85] | NOP: $0.39 [SELL @ $0.85]
2026-04-04 11:53:38 | INFO |   UTA: $0.05 [SELL @ $0.85] | OKC: $0.95 [WAIT]
2026-04-04 11:53:38 | INFO |   IND: $0.07 [SELL @ $0.85] | CLE: $0.91 [WAIT]
2026-04-04 11:53:38 | INFO |   MIL: $0.65 [WAIT] | MEM: $0.32 [SELL @ $0.85]
2026-04-04 11:53:38 | INFO | ------------------------------------------------------------
2026-04-04 11:53:49 | INFO | Fetched 100 markets for KXNBAGAME
2026-04-04 11:53:49 | INFO | Fetched 100 markets for KXNBAGAME
2026-04-04 11:53:49 | INFO | Checking 19 pending positions for finalized markets...
2026-04-04 11:53:49 | INFO | ------------------------------------------------------------
2026-04-04 11:53:49 | INFO | NBA GAME MARKETS STATUS:
2026-04-04 11:53:49 | INFO |   HOU: $0.54 [SELL @ $0.85] | GSW: $0.39 [SELL @ $0.85]
2026-04-04 11:53:49 | INFO |   SAC: $0.13 [SELL @ $0.85] | LAC: $0.85 [WAIT]
2026-04-04 11:53:49 | INFO |   LAL: $0.71 [WAIT] | DAL: $0.26 [SELL @ $0.85]
2026-04-04 11:53:49 | INFO |   MIN: $0.50 [SELL @ $0.85] | CHA: $0.48 [SELL @ $0.85]
2026-04-04 11:53:49 | INFO |   ORL: $0.59 [SELL @ $0.85] | NOP: $0.39 [SELL @ $0.85]
2026-04-04 11:53:49 | INFO |   UTA: $0.05 [SELL @ $0.85] | OKC: $0.95 [WAIT]
2026-04-04 11:53:49 | INFO |   IND: $0.07 [SELL @ $0.85] | CLE: $0.91 [WAIT]
2026-04-04 11:53:49 | INFO |   MIL: $0.65 [WAIT] | MEM: $0.32 [SELL @ $0.85]
2026-04-04 11:53:49 | INFO | ------------------------------------------------------------
2026-04-04 11:53:58 | INFO | Fetched 100 markets for KXNBAGAME
2026-04-04 11:53:58 | INFO | Fetched 100 markets for KXNBAGAME
2026-04-04 11:53:58 | INFO | Checking 19 pending positions for finalized markets...
2026-04-04 11:53:58 | INFO | ------------------------------------------------------------
2026-04-04 11:53:58 | INFO | NBA GAME MARKETS STATUS:
2026-04-04 11:53:58 | INFO |   HOU: $0.54 [SELL @ $0.85] | GSW: $0.39 [SELL @ $0.85]
2026-04-04 11:53:58 | INFO |   SAC: $0.13 [SELL @ $0.85] | LAC: $0.85 [WAIT]
2026-04-04 11:53:58 | INFO |   LAL: $0.71 [WAIT] | DAL: $0.26 [SELL @ $0.85]
2026-04-04 11:53:58 | INFO |   MIN: $0.50 [SELL @ $0.85] | CHA: $0.48 [SELL @ $0.85]
2026-04-04 11:53:58 | INFO |   ORL: $0.59 [SELL @ $0.85] | NOP: $0.39 [SELL @ $0.85]
2026-04-04 11:53:58 | INFO |   UTA: $0.05 [SELL @ $0.85] | OKC: $0.95 [WAIT]
2026-04-04 11:53:58 | INFO |   IND: $0.07 [SELL @ $0.85] | CLE: $0.91 [WAIT]
2026-04-04 11:53:58 | INFO |   MIL: $0.65 [WAIT] | MEM: $0.32 [SELL @ $0.85]
2026-04-04 11:53:58 | INFO | ------------------------------------------------------------
2026-04-04 11:53:58 | INFO | ==================================================
2026-04-04 11:53:58 | INFO | SIMPLE FLIP BOT STATS
2026-04-04 11:53:58 | INFO | Runtime: 10.2 minutes
2026-04-04 11:53:58 | INFO | Balance: $86.96
2026-04-04 11:53:58 | INFO | Total positions: 19
2026-04-04 11:53:58 | INFO | Position states: {'pending_sell': 19}
2026-04-04 11:53:58 | INFO | Total trades: 19 (19 buys, 0 sells)
2026-04-04 11:53:58 | INFO | Session PnL: $0.00
2026-04-04 11:53:58 | INFO | ==================================================
2026-04-04 11:54:08 | INFO | Fetched 100 markets for KXNBAGAME
2026-04-04 11:54:08 | INFO | Fetched 100 markets for KXNBAGAME
2026-04-04 11:54:08 | INFO | Checking 19 pending positions for finalized markets...
2026-04-04 11:54:09 | INFO | ------------------------------------------------------------
2026-04-04 11:54:09 | INFO | NBA GAME MARKETS STATUS:
2026-04-04 11:54:09 | INFO |   HOU: $0.54 [SELL @ $0.85] | GSW: $0.39 [SELL @ $0.85]
2026-04-04 11:54:09 | INFO |   SAC: $0.13 [SELL @ $0.85] | LAC: $0.85 [WAIT]
2026-04-04 11:54:09 | INFO |   LAL: $0.71 [WAIT] | DAL: $0.26 [SELL @ $0.85]
2026-04-04 11:54:09 | INFO |   MIN: $0.50 [SELL @ $0.85] | CHA: $0.48 [SELL @ $0.85]
2026-04-04 11:54:09 | INFO |   ORL: $0.59 [SELL @ $0.85] | NOP: $0.39 [SELL @ $0.85]
2026-04-04 11:54:09 | INFO |   UTA: $0.05 [SELL @ $0.85] | OKC: $0.95 [WAIT]
2026-04-04 11:54:09 | INFO |   IND: $0.07 [SELL @ $0.85] | CLE: $0.91 [WAIT]
2026-04-04 11:54:09 | INFO |   MIL: $0.65 [WAIT] | MEM: $0.32 [SELL @ $0.85]
2026-04-04 11:54:09 | INFO | ------------------------------------------------------------
2026-04-04 11:54:09 | INFO | ==================================================
2026-04-04 11:54:09 | INFO | SIMPLE FLIP BOT STATS
2026-04-04 11:54:09 | INFO | Runtime: 5.1 minutes
2026-04-04 11:54:09 | INFO | Balance: $86.96
2026-04-04 11:54:09 | INFO | Total positions: 19
2026-04-04 11:54:09 | INFO | Position states: {'pending_sell': 19}
2026-04-04 11:54:09 | INFO | Total trades: 19 (19 buys, 0 sells)
2026-04-04 11:54:09 | INFO | Session PnL: $0.00
2026-04-04 11:54:09 | INFO | ==================================================
2026-04-04 11:54:20 | INFO | Fetched 100 markets for KXNBAGAME
2026-04-04 11:54:20 | INFO | Fetched 100 markets for KXNBAGAME
2026-04-04 11:54:20 | INFO | Checking 19 pending positions for finalized markets...
2026-04-04 11:54:20 | INFO | ------------------------------------------------------------
2026-04-04 11:54:20 | INFO | NBA GAME MARKETS STATUS:
2026-04-04 11:54:20 | INFO |   HOU: $0.54 [SELL @ $0.85] | GSW: $0.39 [SELL @ $0.85]
2026-04-04 11:54:20 | INFO |   SAC: $0.13 [SELL @ $0.85] | LAC: $0.85 [WAIT]
2026-04-04 11:54:20 | INFO |   LAL: $0.71 [WAIT] | DAL: $0.26 [SELL @ $0.85]
2026-04-04 11:54:20 | INFO |   MIN: $0.50 [SELL @ $0.85] | CHA: $0.48 [SELL @ $0.85]
2026-04-04 11:54:20 | INFO |   ORL: $0.59 [SELL @ $0.85] | NOP: $0.39 [SELL @ $0.85]
2026-04-04 11:54:20 | INFO |   UTA: $0.05 [SELL @ $0.85] | OKC: $0.95 [WAIT]
2026-04-04 11:54:20 | INFO |   IND: $0.07 [SELL @ $0.85] | CLE: $0.91 [WAIT]
2026-04-04 11:54:20 | INFO |   MIL: $0.65 [WAIT] | MEM: $0.32 [SELL @ $0.85]
2026-04-04 11:54:20 | INFO | ------------------------------------------------------------
2026-04-04 11:54:28 | INFO | Fetched 100 markets for KXNBAGAME
2026-04-04 11:54:28 | INFO | Fetched 100 markets for KXNBAGAME
2026-04-04 11:54:28 | INFO | Checking 19 pending positions for finalized markets...
2026-04-04 11:54:29 | INFO | ------------------------------------------------------------
2026-04-04 11:54:29 | INFO | NBA GAME MARKETS STATUS:
2026-04-04 11:54:29 | INFO |   HOU: $0.54 [SELL @ $0.85] | GSW: $0.39 [SELL @ $0.85]
2026-04-04 11:54:29 | INFO |   SAC: $0.13 [SELL @ $0.85] | LAC: $0.85 [WAIT]
2026-04-04 11:54:29 | INFO |   LAL: $0.71 [WAIT] | DAL: $0.26 [SELL @ $0.85]
2026-04-04 11:54:29 | INFO |   MIN: $0.50 [SELL @ $0.85] | CHA: $0.48 [SELL @ $0.85]
2026-04-04 11:54:29 | INFO |   ORL: $0.59 [SELL @ $0.85] | NOP: $0.39 [SELL @ $0.85]
2026-04-04 11:54:29 | INFO |   UTA: $0.05 [SELL @ $0.85] | OKC: $0.95 [WAIT]
2026-04-04 11:54:29 | INFO |   IND: $0.07 [SELL @ $0.85] | CLE: $0.91 [WAIT]
2026-04-04 11:54:29 | INFO |   MIL: $0.65 [WAIT] | MEM: $0.32 [SELL @ $0.85]
2026-04-04 11:54:29 | INFO | ------------------------------------------------------------
2026-04-04 11:54:39 | INFO | Fetched 100 markets for KXNBAGAME
2026-04-04 11:54:39 | INFO | Fetched 100 markets for KXNBAGAME
2026-04-04 11:54:39 | INFO | Checking 19 pending positions for finalized markets...
2026-04-04 11:54:39 | INFO | ------------------------------------------------------------
2026-04-04 11:54:39 | INFO | NBA GAME MARKETS STATUS:
2026-04-04 11:54:39 | INFO |   HOU: $0.54 [SELL @ $0.85] | GSW: $0.39 [SELL @ $0.85]
2026-04-04 11:54:39 | INFO |   SAC: $0.13 [SELL @ $0.85] | LAC: $0.85 [WAIT]
2026-04-04 11:54:39 | INFO |   LAL: $0.71 [WAIT] | DAL: $0.26 [SELL @ $0.85]
2026-04-04 11:54:39 | INFO |   MIN: $0.50 [SELL @ $0.85] | CHA: $0.48 [SELL @ $0.85]
2026-04-04 11:54:39 | INFO |   ORL: $0.59 [SELL @ $0.85] | NOP: $0.39 [SELL @ $0.85]
2026-04-04 11:54:39 | INFO |   UTA: $0.05 [SELL @ $0.85] | OKC: $0.95 [WAIT]
2026-04-04 11:54:39 | INFO |   IND: $0.07 [SELL @ $0.85] | CLE: $0.91 [WAIT]
2026-04-04 11:54:39 | INFO |   MIL: $0.65 [WAIT] | MEM: $0.32 [SELL @ $0.85]
2026-04-04 11:54:39 | INFO | ------------------------------------------------------------
2026-04-04 11:54:50 | INFO | Fetched 100 markets for KXNBAGAME
2026-04-04 11:54:50 | INFO | Fetched 100 markets for KXNBAGAME
2026-04-04 11:54:50 | INFO | Checking 19 pending positions for finalized markets...
2026-04-04 11:54:51 | INFO | ------------------------------------------------------------
2026-04-04 11:54:51 | INFO | NBA GAME MARKETS STATUS:
2026-04-04 11:54:51 | INFO |   HOU: $0.54 [SELL @ $0.85] | GSW: $0.39 [SELL @ $0.85]
2026-04-04 11:54:51 | INFO |   SAC: $0.13 [SELL @ $0.85] | LAC: $0.85 [WAIT]
2026-04-04 11:54:51 | INFO |   LAL: $0.71 [WAIT] | DAL: $0.26 [SELL @ $0.85]
2026-04-04 11:54:51 | INFO |   MIN: $0.50 [SELL @ $0.85] | CHA: $0.48 [SELL @ $0.85]
2026-04-04 11:54:51 | INFO |   ORL: $0.59 [SELL @ $0.85] | NOP: $0.39 [SELL @ $0.85]
2026-04-04 11:54:51 | INFO |   UTA: $0.05 [SELL @ $0.85] | OKC: $0.95 [WAIT]
2026-04-04 11:54:51 | INFO |   IND: $0.07 [SELL @ $0.85] | CLE: $0.91 [WAIT]
2026-04-04 11:54:51 | INFO |   MIL: $0.65 [WAIT] | MEM: $0.32 [SELL @ $0.85]
2026-04-04 11:54:51 | INFO | ------------------------------------------------------------
2026-04-04 11:54:59 | INFO | Fetched 100 markets for KXNBAGAME
2026-04-04 11:54:59 | INFO | Fetched 100 markets for KXNBAGAME
2026-04-04 11:54:59 | INFO | Checking 19 pending positions for finalized markets...
2026-04-04 11:54:59 | INFO | ------------------------------------------------------------
2026-04-04 11:54:59 | INFO | NBA GAME MARKETS STATUS:
2026-04-04 11:54:59 | INFO |   HOU: $0.54 [SELL @ $0.85] | GSW: $0.39 [SELL @ $0.85]
2026-04-04 11:54:59 | INFO |   SAC: $0.13 [SELL @ $0.85] | LAC: $0.85 [WAIT]
2026-04-04 11:54:59 | INFO |   LAL: $0.71 [WAIT] | DAL: $0.26 [SELL @ $0.85]
2026-04-04 11:54:59 | INFO |   MIN: $0.50 [SELL @ $0.85] | CHA: $0.48 [SELL @ $0.85]
2026-04-04 11:54:59 | INFO |   ORL: $0.59 [SELL @ $0.85] | NOP: $0.39 [SELL @ $0.85]
2026-04-04 11:54:59 | INFO |   UTA: $0.05 [SELL @ $0.85] | OKC: $0.95 [WAIT]
2026-04-04 11:54:59 | INFO |   IND: $0.07 [SELL @ $0.85] | CLE: $0.91 [WAIT]
2026-04-04 11:54:59 | INFO |   MIL: $0.65 [WAIT] | MEM: $0.32 [SELL @ $0.85]
2026-04-04 11:54:59 | INFO | ------------------------------------------------------------
2026-04-04 11:55:09 | INFO | Fetched 100 markets for KXNBAGAME
2026-04-04 11:55:09 | INFO | Fetched 100 markets for KXNBAGAME
2026-04-04 11:55:09 | INFO | Checking 19 pending positions for finalized markets...
2026-04-04 11:55:10 | INFO | ------------------------------------------------------------
2026-04-04 11:55:10 | INFO | NBA GAME MARKETS STATUS:
2026-04-04 11:55:10 | INFO |   HOU: $0.54 [SELL @ $0.85] | GSW: $0.39 [SELL @ $0.85]
2026-04-04 11:55:10 | INFO |   SAC: $0.13 [SELL @ $0.85] | LAC: $0.85 [WAIT]
2026-04-04 11:55:10 | INFO |   LAL: $0.71 [WAIT] | DAL: $0.26 [SELL @ $0.85]
2026-04-04 11:55:10 | INFO |   MIN: $0.50 [SELL @ $0.85] | CHA: $0.48 [SELL @ $0.85]
2026-04-04 11:55:10 | INFO |   ORL: $0.59 [SELL @ $0.85] | NOP: $0.39 [SELL @ $0.85]
2026-04-04 11:55:10 | INFO |   UTA: $0.05 [SELL @ $0.85] | OKC: $0.95 [WAIT]
2026-04-04 11:55:10 | INFO |   IND: $0.07 [SELL @ $0.85] | CLE: $0.91 [WAIT]
2026-04-04 11:55:10 | INFO |   MIL: $0.65 [WAIT] | MEM: $0.32 [SELL @ $0.85]
2026-04-04 11:55:10 | INFO | ------------------------------------------------------------
2026-04-04 11:55:21 | INFO | Fetched 100 markets for KXNBAGAME
2026-04-04 11:55:21 | INFO | Fetched 100 markets for KXNBAGAME
2026-04-04 11:55:21 | INFO | Checking 19 pending positions for finalized markets...
2026-04-04 11:55:21 | INFO | ------------------------------------------------------------
2026-04-04 11:55:21 | INFO | NBA GAME MARKETS STATUS:
2026-04-04 11:55:21 | INFO |   HOU: $0.54 [SELL @ $0.85] | GSW: $0.39 [SELL @ $0.85]
2026-04-04 11:55:21 | INFO |   SAC: $0.13 [SELL @ $0.85] | LAC: $0.85 [WAIT]
2026-04-04 11:55:21 | INFO |   LAL: $0.71 [WAIT] | DAL: $0.26 [SELL @ $0.85]
2026-04-04 11:55:21 | INFO |   MIN: $0.50 [SELL @ $0.85] | CHA: $0.48 [SELL @ $0.85]
2026-04-04 11:55:21 | INFO |   ORL: $0.59 [SELL @ $0.85] | NOP: $0.39 [SELL @ $0.85]
2026-04-04 11:55:21 | INFO |   UTA: $0.05 [SELL @ $0.85] | OKC: $0.95 [WAIT]
2026-04-04 11:55:21 | INFO |   IND: $0.07 [SELL @ $0.85] | CLE: $0.91 [WAIT]
2026-04-04 11:55:21 | INFO |   MIL: $0.65 [WAIT] | MEM: $0.32 [SELL @ $0.85]
2026-04-04 11:55:21 | INFO | ------------------------------------------------------------
2026-04-04 11:55:29 | INFO | Fetched 100 markets for KXNBAGAME
2026-04-04 11:55:29 | INFO | Fetched 100 markets for KXNBAGAME
2026-04-04 11:55:29 | INFO | Checking 19 pending positions for finalized markets...
2026-04-04 11:55:30 | INFO | ------------------------------------------------------------
2026-04-04 11:55:30 | INFO | NBA GAME MARKETS STATUS:
2026-04-04 11:55:30 | INFO |   HOU: $0.54 [SELL @ $0.85] | GSW: $0.39 [SELL @ $0.85]
2026-04-04 11:55:30 | INFO |   SAC: $0.13 [SELL @ $0.85] | LAC: $0.85 [WAIT]
2026-04-04 11:55:30 | INFO |   LAL: $0.71 [WAIT] | DAL: $0.26 [SELL @ $0.85]
2026-04-04 11:55:30 | INFO |   MIN: $0.50 [SELL @ $0.85] | CHA: $0.48 [SELL @ $0.85]
2026-04-04 11:55:30 | INFO |   ORL: $0.59 [SELL @ $0.85] | NOP: $0.39 [SELL @ $0.85]
2026-04-04 11:55:30 | INFO |   UTA: $0.05 [SELL @ $0.85] | OKC: $0.95 [WAIT]
2026-04-04 11:55:30 | INFO |   IND: $0.07 [SELL @ $0.85] | CLE: $0.91 [WAIT]
2026-04-04 11:55:30 | INFO |   MIL: $0.65 [WAIT] | MEM: $0.32 [SELL @ $0.85]
2026-04-04 11:55:30 | INFO | ------------------------------------------------------------
2026-04-04 11:55:40 | INFO | Fetched 100 markets for KXNBAGAME
2026-04-04 11:55:40 | INFO | Fetched 100 markets for KXNBAGAME
2026-04-04 11:55:40 | INFO | Checking 19 pending positions for finalized markets...
2026-04-04 11:55:40 | INFO | ------------------------------------------------------------
2026-04-04 11:55:40 | INFO | NBA GAME MARKETS STATUS:
2026-04-04 11:55:40 | INFO |   HOU: $0.54 [SELL @ $0.85] | GSW: $0.39 [SELL @ $0.85]
2026-04-04 11:55:40 | INFO |   SAC: $0.13 [SELL @ $0.85] | LAC: $0.85 [WAIT]
2026-04-04 11:55:40 | INFO |   LAL: $0.71 [WAIT] | DAL: $0.26 [SELL @ $0.85]
2026-04-04 11:55:40 | INFO |   MIN: $0.50 [SELL @ $0.85] | CHA: $0.48 [SELL @ $0.85]
2026-04-04 11:55:40 | INFO |   ORL: $0.59 [SELL @ $0.85] | NOP: $0.39 [SELL @ $0.85]
2026-04-04 11:55:40 | INFO |   UTA: $0.05 [SELL @ $0.85] | OKC: $0.95 [WAIT]
2026-04-04 11:55:40 | INFO |   IND: $0.07 [SELL @ $0.85] | CLE: $0.91 [WAIT]
2026-04-04 11:55:40 | INFO |   MIL: $0.65 [WAIT] | MEM: $0.32 [SELL @ $0.85]
2026-04-04 11:55:40 | INFO | ------------------------------------------------------------
2026-04-04 11:55:51 | INFO | Fetched 100 markets for KXNBAGAME
2026-04-04 11:55:51 | INFO | Fetched 100 markets for KXNBAGAME
2026-04-04 11:55:51 | INFO | Checking 19 pending positions for finalized markets...
2026-04-04 11:55:51 | INFO | ------------------------------------------------------------
2026-04-04 11:55:51 | INFO | NBA GAME MARKETS STATUS:
2026-04-04 11:55:51 | INFO |   HOU: $0.54 [SELL @ $0.85] | GSW: $0.39 [SELL @ $0.85]
2026-04-04 11:55:51 | INFO |   SAC: $0.13 [SELL @ $0.85] | LAC: $0.85 [WAIT]
2026-04-04 11:55:51 | INFO |   LAL: $0.71 [WAIT] | DAL: $0.26 [SELL @ $0.85]
2026-04-04 11:55:51 | INFO |   MIN: $0.50 [SELL @ $0.85] | CHA: $0.48 [SELL @ $0.85]
2026-04-04 11:55:51 | INFO |   ORL: $0.59 [SELL @ $0.85] | NOP: $0.39 [SELL @ $0.85]
2026-04-04 11:55:51 | INFO |   UTA: $0.05 [SELL @ $0.85] | OKC: $0.95 [WAIT]
2026-04-04 11:55:51 | INFO |   IND: $0.07 [SELL @ $0.85] | CLE: $0.91 [WAIT]
2026-04-04 11:55:51 | INFO |   MIL: $0.65 [WAIT] | MEM: $0.32 [SELL @ $0.85]
2026-04-04 11:55:51 | INFO | ------------------------------------------------------------
2026-04-04 11:56:00 | INFO | Fetched 100 markets for KXNBAGAME
2026-04-04 11:56:00 | INFO | Fetched 100 markets for KXNBAGAME
2026-04-04 11:56:00 | INFO | Checking 19 pending positions for finalized markets...
2026-04-04 11:56:00 | INFO | ------------------------------------------------------------
2026-04-04 11:56:00 | INFO | NBA GAME MARKETS STATUS:
2026-04-04 11:56:00 | INFO |   HOU: $0.54 [SELL @ $0.85] | GSW: $0.39 [SELL @ $0.85]
2026-04-04 11:56:00 | INFO |   SAC: $0.13 [SELL @ $0.85] | LAC: $0.85 [WAIT]
2026-04-04 11:56:00 | INFO |   LAL: $0.71 [WAIT] | DAL: $0.26 [SELL @ $0.85]
2026-04-04 11:56:00 | INFO |   MIN: $0.50 [SELL @ $0.85] | CHA: $0.48 [SELL @ $0.85]
2026-04-04 11:56:00 | INFO |   ORL: $0.59 [SELL @ $0.85] | NOP: $0.39 [SELL @ $0.85]
2026-04-04 11:56:00 | INFO |   UTA: $0.05 [SELL @ $0.85] | OKC: $0.95 [WAIT]
2026-04-04 11:56:00 | INFO |   IND: $0.07 [SELL @ $0.85] | CLE: $0.91 [WAIT]
2026-04-04 11:56:00 | INFO |   MIL: $0.65 [WAIT] | MEM: $0.32 [SELL @ $0.85]
2026-04-04 11:56:00 | INFO | ------------------------------------------------------------
2026-04-04 11:56:10 | INFO | Fetched 100 markets for KXNBAGAME
2026-04-04 11:56:10 | INFO | Fetched 100 markets for KXNBAGAME
2026-04-04 11:56:10 | INFO | Checking 19 pending positions for finalized markets...
2026-04-04 11:56:11 | INFO | ------------------------------------------------------------
2026-04-04 11:56:11 | INFO | NBA GAME MARKETS STATUS:
2026-04-04 11:56:11 | INFO |   HOU: $0.54 [SELL @ $0.85] | GSW: $0.39 [SELL @ $0.85]
2026-04-04 11:56:11 | INFO |   SAC: $0.13 [SELL @ $0.85] | LAC: $0.85 [WAIT]
2026-04-04 11:56:11 | INFO |   LAL: $0.71 [WAIT] | DAL: $0.26 [SELL @ $0.85]
2026-04-04 11:56:11 | INFO |   MIN: $0.50 [SELL @ $0.85] | CHA: $0.48 [SELL @ $0.85]
2026-04-04 11:56:11 | INFO |   ORL: $0.59 [SELL @ $0.85] | NOP: $0.39 [SELL @ $0.85]
2026-04-04 11:56:11 | INFO |   UTA: $0.05 [SELL @ $0.85] | OKC: $0.95 [WAIT]
2026-04-04 11:56:11 | INFO |   IND: $0.07 [SELL @ $0.85] | CLE: $0.91 [WAIT]
2026-04-04 11:56:11 | INFO |   MIL: $0.65 [WAIT] | MEM: $0.32 [SELL @ $0.85]
2026-04-04 11:56:11 | INFO | ------------------------------------------------------------
2026-04-04 11:56:22 | INFO | Fetched 100 markets for KXNBAGAME
2026-04-04 11:56:22 | INFO | Fetched 100 markets for KXNBAGAME
2026-04-04 11:56:22 | INFO | Checking 19 pending positions for finalized markets...
2026-04-04 11:56:22 | INFO | ------------------------------------------------------------
2026-04-04 11:56:22 | INFO | NBA GAME MARKETS STATUS:
2026-04-04 11:56:22 | INFO |   HOU: $0.54 [SELL @ $0.85] | GSW: $0.39 [SELL @ $0.85]
2026-04-04 11:56:22 | INFO |   SAC: $0.13 [SELL @ $0.85] | LAC: $0.85 [WAIT]
2026-04-04 11:56:22 | INFO |   LAL: $0.71 [WAIT] | DAL: $0.26 [SELL @ $0.85]
2026-04-04 11:56:22 | INFO |   MIN: $0.50 [SELL @ $0.85] | CHA: $0.48 [SELL @ $0.85]
2026-04-04 11:56:22 | INFO |   ORL: $0.59 [SELL @ $0.85] | NOP: $0.39 [SELL @ $0.85]
2026-04-04 11:56:22 | INFO |   UTA: $0.05 [SELL @ $0.85] | OKC: $0.95 [WAIT]
2026-04-04 11:56:22 | INFO |   IND: $0.07 [SELL @ $0.85] | CLE: $0.91 [WAIT]
2026-04-04 11:56:22 | INFO |   MIL: $0.65 [WAIT] | MEM: $0.32 [SELL @ $0.85]
2026-04-04 11:56:22 | INFO | ------------------------------------------------------------
2026-04-04 11:56:31 | INFO | Fetched 100 markets for KXNBAGAME
2026-04-04 11:56:31 | INFO | Fetched 100 markets for KXNBAGAME
2026-04-04 11:56:31 | INFO | Checking 19 pending positions for finalized markets...
2026-04-04 11:56:31 | INFO | ------------------------------------------------------------
2026-04-04 11:56:31 | INFO | NBA GAME MARKETS STATUS:
2026-04-04 11:56:31 | INFO |   HOU: $0.54 [SELL @ $0.85] | GSW: $0.39 [SELL @ $0.85]
2026-04-04 11:56:31 | INFO |   SAC: $0.13 [SELL @ $0.85] | LAC: $0.85 [WAIT]
2026-04-04 11:56:31 | INFO |   LAL: $0.71 [WAIT] | DAL: $0.26 [SELL @ $0.85]
2026-04-04 11:56:31 | INFO |   MIN: $0.50 [SELL @ $0.85] | CHA: $0.48 [SELL @ $0.85]
2026-04-04 11:56:31 | INFO |   ORL: $0.59 [SELL @ $0.85] | NOP: $0.39 [SELL @ $0.85]
2026-04-04 11:56:31 | INFO |   UTA: $0.05 [SELL @ $0.85] | OKC: $0.95 [WAIT]
2026-04-04 11:56:31 | INFO |   IND: $0.07 [SELL @ $0.85] | CLE: $0.91 [WAIT]
2026-04-04 11:56:31 | INFO |   MIL: $0.65 [WAIT] | MEM: $0.32 [SELL @ $0.85]
2026-04-04 11:56:31 | INFO | ------------------------------------------------------------
2026-04-04 11:56:41 | INFO | Fetched 100 markets for KXNBAGAME
2026-04-04 11:56:41 | INFO | Fetched 100 markets for KXNBAGAME
2026-04-04 11:56:41 | INFO | Checking 19 pending positions for finalized markets...
2026-04-04 11:56:41 | INFO | ------------------------------------------------------------
2026-04-04 11:56:41 | INFO | NBA GAME MARKETS STATUS:
2026-04-04 11:56:41 | INFO |   HOU: $0.54 [SELL @ $0.85] | GSW: $0.39 [SELL @ $0.85]
2026-04-04 11:56:41 | INFO |   SAC: $0.13 [SELL @ $0.85] | LAC: $0.85 [WAIT]
2026-04-04 11:56:41 | INFO |   LAL: $0.71 [WAIT] | DAL: $0.26 [SELL @ $0.85]
2026-04-04 11:56:41 | INFO |   MIN: $0.50 [SELL @ $0.85] | CHA: $0.48 [SELL @ $0.85]
2026-04-04 11:56:41 | INFO |   ORL: $0.59 [SELL @ $0.85] | NOP: $0.39 [SELL @ $0.85]
2026-04-04 11:56:41 | INFO |   UTA: $0.05 [SELL @ $0.85] | OKC: $0.95 [WAIT]
2026-04-04 11:56:41 | INFO |   IND: $0.07 [SELL @ $0.85] | CLE: $0.91 [WAIT]
2026-04-04 11:56:41 | INFO |   MIL: $0.65 [WAIT] | MEM: $0.32 [SELL @ $0.85]
2026-04-04 11:56:41 | INFO | ------------------------------------------------------------
2026-04-04 11:56:52 | INFO | Fetched 100 markets for KXNBAGAME
2026-04-04 11:56:52 | INFO | Fetched 100 markets for KXNBAGAME
2026-04-04 11:56:52 | INFO | Checking 19 pending positions for finalized markets...
2026-04-04 11:56:53 | INFO | ------------------------------------------------------------
2026-04-04 11:56:53 | INFO | NBA GAME MARKETS STATUS:
2026-04-04 11:56:53 | INFO |   HOU: $0.54 [SELL @ $0.85] | GSW: $0.39 [SELL @ $0.85]
2026-04-04 11:56:53 | INFO |   SAC: $0.13 [SELL @ $0.85] | LAC: $0.85 [WAIT]
2026-04-04 11:56:53 | INFO |   LAL: $0.71 [WAIT] | DAL: $0.26 [SELL @ $0.85]
2026-04-04 11:56:53 | INFO |   MIN: $0.50 [SELL @ $0.85] | CHA: $0.48 [SELL @ $0.85]
2026-04-04 11:56:53 | INFO |   ORL: $0.59 [SELL @ $0.85] | NOP: $0.39 [SELL @ $0.85]
2026-04-04 11:56:53 | INFO |   UTA: $0.05 [SELL @ $0.85] | OKC: $0.95 [WAIT]
2026-04-04 11:56:53 | INFO |   IND: $0.07 [SELL @ $0.85] | CLE: $0.91 [WAIT]
2026-04-04 11:56:53 | INFO |   MIL: $0.65 [WAIT] | MEM: $0.32 [SELL @ $0.85]
2026-04-04 11:56:53 | INFO | ------------------------------------------------------------
2026-04-04 11:57:01 | INFO | Fetched 100 markets for KXNBAGAME
2026-04-04 11:57:01 | INFO | Fetched 100 markets for KXNBAGAME
2026-04-04 11:57:01 | INFO | Checking 19 pending positions for finalized markets...
2026-04-04 11:57:01 | INFO | ------------------------------------------------------------
2026-04-04 11:57:01 | INFO | NBA GAME MARKETS STATUS:
2026-04-04 11:57:01 | INFO |   HOU: $0.54 [SELL @ $0.85] | GSW: $0.39 [SELL @ $0.85]
2026-04-04 11:57:01 | INFO |   SAC: $0.13 [SELL @ $0.85] | LAC: $0.85 [WAIT]
2026-04-04 11:57:01 | INFO |   LAL: $0.71 [WAIT] | DAL: $0.26 [SELL @ $0.85]
2026-04-04 11:57:01 | INFO |   MIN: $0.50 [SELL @ $0.85] | CHA: $0.48 [SELL @ $0.85]
2026-04-04 11:57:01 | INFO |   ORL: $0.59 [SELL @ $0.85] | NOP: $0.39 [SELL @ $0.85]
2026-04-04 11:57:01 | INFO |   UTA: $0.05 [SELL @ $0.85] | OKC: $0.95 [WAIT]
2026-04-04 11:57:01 | INFO |   IND: $0.07 [SELL @ $0.85] | CLE: $0.91 [WAIT]
2026-04-04 11:57:01 | INFO |   MIL: $0.65 [WAIT] | MEM: $0.32 [SELL @ $0.85]
2026-04-04 11:57:01 | INFO | ------------------------------------------------------------
2026-04-04 11:57:11 | INFO | Fetched 100 markets for KXNBAGAME
2026-04-04 11:57:11 | INFO | Fetched 100 markets for KXNBAGAME
2026-04-04 11:57:11 | INFO | Checking 19 pending positions for finalized markets...
2026-04-04 11:57:12 | INFO | ------------------------------------------------------------
2026-04-04 11:57:12 | INFO | NBA GAME MARKETS STATUS:
2026-04-04 11:57:12 | INFO |   HOU: $0.54 [SELL @ $0.85] | GSW: $0.39 [SELL @ $0.85]
2026-04-04 11:57:12 | INFO |   SAC: $0.13 [SELL @ $0.85] | LAC: $0.85 [WAIT]
2026-04-04 11:57:12 | INFO |   LAL: $0.71 [WAIT] | DAL: $0.26 [SELL @ $0.85]
2026-04-04 11:57:12 | INFO |   MIN: $0.50 [SELL @ $0.85] | CHA: $0.48 [SELL @ $0.85]
2026-04-04 11:57:12 | INFO |   ORL: $0.59 [SELL @ $0.85] | NOP: $0.39 [SELL @ $0.85]
2026-04-04 11:57:12 | INFO |   UTA: $0.05 [SELL @ $0.85] | OKC: $0.95 [WAIT]
2026-04-04 11:57:12 | INFO |   IND: $0.07 [SELL @ $0.85] | CLE: $0.91 [WAIT]
2026-04-04 11:57:12 | INFO |   MIL: $0.65 [WAIT] | MEM: $0.32 [SELL @ $0.85]
2026-04-04 11:57:12 | INFO | ------------------------------------------------------------
2026-04-04 11:57:23 | INFO | Fetched 100 markets for KXNBAGAME
2026-04-04 11:57:23 | INFO | Fetched 100 markets for KXNBAGAME
2026-04-04 11:57:23 | INFO | Checking 19 pending positions for finalized markets...
2026-04-04 11:57:23 | INFO | ------------------------------------------------------------
2026-04-04 11:57:23 | INFO | NBA GAME MARKETS STATUS:
2026-04-04 11:57:23 | INFO |   HOU: $0.54 [SELL @ $0.85] | GSW: $0.39 [SELL @ $0.85]
2026-04-04 11:57:23 | INFO |   SAC: $0.13 [SELL @ $0.85] | LAC: $0.85 [WAIT]
2026-04-04 11:57:23 | INFO |   LAL: $0.71 [WAIT] | DAL: $0.26 [SELL @ $0.85]
2026-04-04 11:57:23 | INFO |   MIN: $0.50 [SELL @ $0.85] | CHA: $0.48 [SELL @ $0.85]
2026-04-04 11:57:23 | INFO |   ORL: $0.59 [SELL @ $0.85] | NOP: $0.39 [SELL @ $0.85]
2026-04-04 11:57:23 | INFO |   UTA: $0.05 [SELL @ $0.85] | OKC: $0.95 [WAIT]
2026-04-04 11:57:23 | INFO |   IND: $0.07 [SELL @ $0.85] | CLE: $0.91 [WAIT]
2026-04-04 11:57:23 | INFO |   MIL: $0.65 [WAIT] | MEM: $0.32 [SELL @ $0.85]
2026-04-04 11:57:23 | INFO | ------------------------------------------------------------
2026-04-04 11:57:31 | INFO | Fetched 100 markets for KXNBAGAME
2026-04-04 11:57:31 | INFO | Fetched 100 markets for KXNBAGAME
2026-04-04 11:57:31 | INFO | Checking 19 pending positions for finalized markets...
2026-04-04 11:57:32 | INFO | ------------------------------------------------------------
2026-04-04 11:57:32 | INFO | NBA GAME MARKETS STATUS:
2026-04-04 11:57:32 | INFO |   HOU: $0.54 [SELL @ $0.85] | GSW: $0.39 [SELL @ $0.85]
2026-04-04 11:57:32 | INFO |   SAC: $0.13 [SELL @ $0.85] | LAC: $0.85 [WAIT]
2026-04-04 11:57:32 | INFO |   LAL: $0.71 [WAIT] | DAL: $0.26 [SELL @ $0.85]
2026-04-04 11:57:32 | INFO |   MIN: $0.50 [SELL @ $0.85] | CHA: $0.48 [SELL @ $0.85]
2026-04-04 11:57:32 | INFO |   ORL: $0.59 [SELL @ $0.85] | NOP: $0.39 [SELL @ $0.85]
2026-04-04 11:57:32 | INFO |   UTA: $0.05 [SELL @ $0.85] | OKC: $0.95 [WAIT]
2026-04-04 11:57:32 | INFO |   IND: $0.07 [SELL @ $0.85] | CLE: $0.91 [WAIT]
2026-04-04 11:57:32 | INFO |   MIL: $0.65 [WAIT] | MEM: $0.32 [SELL @ $0.85]
2026-04-04 11:57:32 | INFO | ------------------------------------------------------------
2026-04-04 11:57:42 | INFO | Fetched 100 markets for KXNBAGAME
2026-04-04 11:57:42 | INFO | Fetched 100 markets for KXNBAGAME
2026-04-04 11:57:42 | INFO | Checking 19 pending positions for finalized markets...
2026-04-04 11:57:42 | INFO | ------------------------------------------------------------
2026-04-04 11:57:42 | INFO | NBA GAME MARKETS STATUS:
2026-04-04 11:57:42 | INFO |   HOU: $0.54 [SELL @ $0.85] | GSW: $0.39 [SELL @ $0.85]
2026-04-04 11:57:42 | INFO |   SAC: $0.13 [SELL @ $0.85] | LAC: $0.85 [WAIT]
2026-04-04 11:57:42 | INFO |   LAL: $0.71 [WAIT] | DAL: $0.26 [SELL @ $0.85]
2026-04-04 11:57:42 | INFO |   MIN: $0.50 [SELL @ $0.85] | CHA: $0.48 [SELL @ $0.85]
2026-04-04 11:57:42 | INFO |   ORL: $0.59 [SELL @ $0.85] | NOP: $0.39 [SELL @ $0.85]
2026-04-04 11:57:42 | INFO |   UTA: $0.05 [SELL @ $0.85] | OKC: $0.95 [WAIT]
2026-04-04 11:57:42 | INFO |   IND: $0.07 [SELL @ $0.85] | CLE: $0.91 [WAIT]
2026-04-04 11:57:42 | INFO |   MIL: $0.65 [WAIT] | MEM: $0.32 [SELL @ $0.85]
2026-04-04 11:57:42 | INFO | ------------------------------------------------------------
2026-04-04 11:57:53 | INFO | Fetched 100 markets for KXNBAGAME
2026-04-04 11:57:53 | INFO | Fetched 100 markets for KXNBAGAME
2026-04-04 11:57:53 | INFO | Checking 19 pending positions for finalized markets...
2026-04-04 11:57:54 | INFO | ------------------------------------------------------------
2026-04-04 11:57:54 | INFO | NBA GAME MARKETS STATUS:
2026-04-04 11:57:54 | INFO |   HOU: $0.54 [SELL @ $0.85] | GSW: $0.39 [SELL @ $0.85]
2026-04-04 11:57:54 | INFO |   SAC: $0.13 [SELL @ $0.85] | LAC: $0.85 [WAIT]
2026-04-04 11:57:54 | INFO |   LAL: $0.71 [WAIT] | DAL: $0.26 [SELL @ $0.85]
2026-04-04 11:57:54 | INFO |   MIN: $0.50 [SELL @ $0.85] | CHA: $0.48 [SELL @ $0.85]
2026-04-04 11:57:54 | INFO |   ORL: $0.59 [SELL @ $0.85] | NOP: $0.39 [SELL @ $0.85]
2026-04-04 11:57:54 | INFO |   UTA: $0.05 [SELL @ $0.85] | OKC: $0.95 [WAIT]
2026-04-04 11:57:54 | INFO |   IND: $0.07 [SELL @ $0.85] | CLE: $0.91 [WAIT]
2026-04-04 11:57:54 | INFO |   MIL: $0.65 [WAIT] | MEM: $0.32 [SELL @ $0.85]
2026-04-04 11:57:54 | INFO | ------------------------------------------------------------
2026-04-04 11:57:54 | INFO | ==================================================
2026-04-04 11:57:54 | INFO | SIMPLE FLIP BOT STATS
2026-04-04 11:57:54 | INFO | Runtime: 10.2 minutes
2026-04-04 11:57:54 | INFO | Balance: $86.96
2026-04-04 11:57:54 | INFO | Total positions: 19
2026-04-04 11:57:54 | INFO | Position states: {'pending_sell': 19}
2026-04-04 11:57:54 | INFO | Total trades: 19 (19 buys, 0 sells)
2026-04-04 11:57:54 | INFO | Session PnL: $0.00
2026-04-04 11:57:54 | INFO | ==================================================
2026-04-04 11:58:02 | INFO | Fetched 100 markets for KXNBAGAME
2026-04-04 11:58:02 | INFO | Fetched 100 markets for KXNBAGAME
2026-04-04 11:58:02 | INFO | Checking 19 pending positions for finalized markets...
2026-04-04 11:58:02 | INFO | ------------------------------------------------------------
2026-04-04 11:58:02 | INFO | NBA GAME MARKETS STATUS:
2026-04-04 11:58:03 | INFO |   HOU: $0.54 [SELL @ $0.85] | GSW: $0.39 [SELL @ $0.85]
2026-04-04 11:58:03 | INFO |   SAC: $0.13 [SELL @ $0.85] | LAC: $0.85 [WAIT]
2026-04-04 11:58:03 | INFO |   LAL: $0.71 [WAIT] | DAL: $0.26 [SELL @ $0.85]
2026-04-04 11:58:03 | INFO |   MIN: $0.50 [SELL @ $0.85] | CHA: $0.48 [SELL @ $0.85]
2026-04-04 11:58:03 | INFO |   ORL: $0.59 [SELL @ $0.85] | NOP: $0.39 [SELL @ $0.85]
2026-04-04 11:58:03 | INFO |   UTA: $0.05 [SELL @ $0.85] | OKC: $0.95 [WAIT]
2026-04-04 11:58:03 | INFO |   IND: $0.07 [SELL @ $0.85] | CLE: $0.91 [WAIT]
2026-04-04 11:58:03 | INFO |   MIL: $0.65 [WAIT] | MEM: $0.32 [SELL @ $0.85]
2026-04-04 11:58:03 | INFO | ------------------------------------------------------------
2026-04-04 11:58:12 | INFO | Fetched 100 markets for KXNBAGAME
2026-04-04 11:58:12 | INFO | Fetched 100 markets for KXNBAGAME
2026-04-04 11:58:12 | INFO | Checking 19 pending positions for finalized markets...
2026-04-04 11:58:13 | INFO | ------------------------------------------------------------
2026-04-04 11:58:13 | INFO | NBA GAME MARKETS STATUS:
2026-04-04 11:58:13 | INFO |   HOU: $0.54 [SELL @ $0.85] | GSW: $0.39 [SELL @ $0.85]
2026-04-04 11:58:13 | INFO |   SAC: $0.13 [SELL @ $0.85] | LAC: $0.85 [WAIT]
2026-04-04 11:58:13 | INFO |   LAL: $0.71 [WAIT] | DAL: $0.26 [SELL @ $0.85]
2026-04-04 11:58:13 | INFO |   MIN: $0.50 [SELL @ $0.85] | CHA: $0.48 [SELL @ $0.85]
2026-04-04 11:58:13 | INFO |   ORL: $0.59 [SELL @ $0.85] | NOP: $0.39 [SELL @ $0.85]
2026-04-04 11:58:13 | INFO |   UTA: $0.05 [SELL @ $0.85] | OKC: $0.95 [WAIT]
2026-04-04 11:58:13 | INFO |   IND: $0.07 [SELL @ $0.85] | CLE: $0.91 [WAIT]
2026-04-04 11:58:13 | INFO |   MIL: $0.65 [WAIT] | MEM: $0.32 [SELL @ $0.85]
2026-04-04 11:58:13 | INFO | ------------------------------------------------------------
2026-04-04 11:58:24 | INFO | Fetched 100 markets for KXNBAGAME
2026-04-04 11:58:24 | INFO | Fetched 100 markets for KXNBAGAME
2026-04-04 11:58:24 | INFO | Checking 19 pending positions for finalized markets...
2026-04-04 11:58:24 | INFO | ------------------------------------------------------------
2026-04-04 11:58:24 | INFO | NBA GAME MARKETS STATUS:
2026-04-04 11:58:24 | INFO |   HOU: $0.54 [SELL @ $0.85] | GSW: $0.39 [SELL @ $0.85]
2026-04-04 11:58:24 | INFO |   SAC: $0.13 [SELL @ $0.85] | LAC: $0.85 [WAIT]
2026-04-04 11:58:24 | INFO |   LAL: $0.71 [WAIT] | DAL: $0.26 [SELL @ $0.85]
2026-04-04 11:58:24 | INFO |   MIN: $0.50 [SELL @ $0.85] | CHA: $0.48 [SELL @ $0.85]
2026-04-04 11:58:24 | INFO |   ORL: $0.59 [SELL @ $0.85] | NOP: $0.39 [SELL @ $0.85]
2026-04-04 11:58:24 | INFO |   UTA: $0.05 [SELL @ $0.85] | OKC: $0.95 [WAIT]
2026-04-04 11:58:24 | INFO |   IND: $0.07 [SELL @ $0.85] | CLE: $0.91 [WAIT]
2026-04-04 11:58:24 | INFO |   MIL: $0.65 [WAIT] | MEM: $0.32 [SELL @ $0.85]
2026-04-04 11:58:24 | INFO | ------------------------------------------------------------
2026-04-04 11:58:33 | INFO | Fetched 100 markets for KXNBAGAME
2026-04-04 11:58:33 | INFO | Fetched 100 markets for KXNBAGAME
2026-04-04 11:58:33 | INFO | Checking 19 pending positions for finalized markets...
2026-04-04 11:58:33 | INFO | ------------------------------------------------------------
2026-04-04 11:58:33 | INFO | NBA GAME MARKETS STATUS:
2026-04-04 11:58:33 | INFO |   HOU: $0.54 [SELL @ $0.85] | GSW: $0.39 [SELL @ $0.85]
2026-04-04 11:58:33 | INFO |   SAC: $0.13 [SELL @ $0.85] | LAC: $0.85 [WAIT]
2026-04-04 11:58:33 | INFO |   LAL: $0.71 [WAIT] | DAL: $0.26 [SELL @ $0.85]
2026-04-04 11:58:33 | INFO |   MIN: $0.50 [SELL @ $0.85] | CHA: $0.48 [SELL @ $0.85]
2026-04-04 11:58:33 | INFO |   ORL: $0.59 [SELL @ $0.85] | NOP: $0.39 [SELL @ $0.85]
2026-04-04 11:58:33 | INFO |   UTA: $0.05 [SELL @ $0.85] | OKC: $0.95 [WAIT]
2026-04-04 11:58:33 | INFO |   IND: $0.07 [SELL @ $0.85] | CLE: $0.91 [WAIT]
2026-04-04 11:58:33 | INFO |   MIL: $0.65 [WAIT] | MEM: $0.32 [SELL @ $0.85]
2026-04-04 11:58:33 | INFO | ------------------------------------------------------------
2026-04-04 11:58:43 | INFO | Fetched 100 markets for KXNBAGAME
2026-04-04 11:58:43 | INFO | Fetched 100 markets for KXNBAGAME
2026-04-04 11:58:43 | INFO | Checking 19 pending positions for finalized markets...
2026-04-04 11:58:43 | INFO | ------------------------------------------------------------
2026-04-04 11:58:43 | INFO | NBA GAME MARKETS STATUS:
2026-04-04 11:58:43 | INFO |   HOU: $0.54 [SELL @ $0.85] | GSW: $0.39 [SELL @ $0.85]
2026-04-04 11:58:43 | INFO |   SAC: $0.13 [SELL @ $0.85] | LAC: $0.85 [WAIT]
2026-04-04 11:58:43 | INFO |   LAL: $0.71 [WAIT] | DAL: $0.26 [SELL @ $0.85]
2026-04-04 11:58:43 | INFO |   MIN: $0.50 [SELL @ $0.85] | CHA: $0.48 [SELL @ $0.85]
2026-04-04 11:58:43 | INFO |   ORL: $0.59 [SELL @ $0.85] | NOP: $0.39 [SELL @ $0.85]
2026-04-04 11:58:43 | INFO |   UTA: $0.05 [SELL @ $0.85] | OKC: $0.95 [WAIT]
2026-04-04 11:58:43 | INFO |   IND: $0.07 [SELL @ $0.85] | CLE: $0.91 [WAIT]
2026-04-04 11:58:43 | INFO |   MIL: $0.65 [WAIT] | MEM: $0.32 [SELL @ $0.85]
2026-04-04 11:58:43 | INFO | ------------------------------------------------------------
2026-04-04 11:58:54 | INFO | Fetched 100 markets for KXNBAGAME
2026-04-04 11:58:54 | INFO | Fetched 100 markets for KXNBAGAME
2026-04-04 11:58:54 | INFO | Checking 19 pending positions for finalized markets...
2026-04-04 11:58:55 | INFO | ------------------------------------------------------------
2026-04-04 11:58:55 | INFO | NBA GAME MARKETS STATUS:
2026-04-04 11:58:55 | INFO |   HOU: $0.54 [SELL @ $0.85] | GSW: $0.39 [SELL @ $0.85]
2026-04-04 11:58:55 | INFO |   SAC: $0.13 [SELL @ $0.85] | LAC: $0.85 [WAIT]
2026-04-04 11:58:55 | INFO |   LAL: $0.71 [WAIT] | DAL: $0.26 [SELL @ $0.85]
2026-04-04 11:58:55 | INFO |   MIN: $0.50 [SELL @ $0.85] | CHA: $0.48 [SELL @ $0.85]
2026-04-04 11:58:55 | INFO |   ORL: $0.59 [SELL @ $0.85] | NOP: $0.39 [SELL @ $0.85]
2026-04-04 11:58:55 | INFO |   UTA: $0.05 [SELL @ $0.85] | OKC: $0.95 [WAIT]
2026-04-04 11:58:55 | INFO |   IND: $0.07 [SELL @ $0.85] | CLE: $0.91 [WAIT]
2026-04-04 11:58:55 | INFO |   MIL: $0.65 [WAIT] | MEM: $0.32 [SELL @ $0.85]
2026-04-04 11:58:55 | INFO | ------------------------------------------------------------
2026-04-04 11:59:03 | INFO | Fetched 100 markets for KXNBAGAME
2026-04-04 11:59:03 | INFO | Fetched 100 markets for KXNBAGAME
2026-04-04 11:59:03 | INFO | Checking 19 pending positions for finalized markets...
2026-04-04 11:59:03 | INFO | ------------------------------------------------------------
2026-04-04 11:59:03 | INFO | NBA GAME MARKETS STATUS:
2026-04-04 11:59:03 | INFO |   HOU: $0.54 [SELL @ $0.85] | GSW: $0.39 [SELL @ $0.85]
2026-04-04 11:59:03 | INFO |   SAC: $0.13 [SELL @ $0.85] | LAC: $0.85 [WAIT]
2026-04-04 11:59:03 | INFO |   LAL: $0.71 [WAIT] | DAL: $0.26 [SELL @ $0.85]
2026-04-04 11:59:03 | INFO |   MIN: $0.50 [SELL @ $0.85] | CHA: $0.48 [SELL @ $0.85]
2026-04-04 11:59:03 | INFO |   ORL: $0.59 [SELL @ $0.85] | NOP: $0.39 [SELL @ $0.85]
2026-04-04 11:59:03 | INFO |   UTA: $0.05 [SELL @ $0.85] | OKC: $0.95 [WAIT]
2026-04-04 11:59:03 | INFO |   IND: $0.07 [SELL @ $0.85] | CLE: $0.91 [WAIT]
2026-04-04 11:59:03 | INFO |   MIL: $0.65 [WAIT] | MEM: $0.32 [SELL @ $0.85]
2026-04-04 11:59:03 | INFO | ------------------------------------------------------------
2026-04-04 11:59:03 | INFO | ==================================================
2026-04-04 11:59:03 | INFO | SIMPLE FLIP BOT STATS
2026-04-04 11:59:03 | INFO | Runtime: 15.3 minutes
2026-04-04 11:59:03 | INFO | Balance: $86.96
2026-04-04 11:59:03 | INFO | Total positions: 19
2026-04-04 11:59:03 | INFO | Position states: {'pending_sell': 19}
2026-04-04 11:59:03 | INFO | Total trades: 19 (19 buys, 0 sells)
2026-04-04 11:59:03 | INFO | Session PnL: $0.00
2026-04-04 11:59:03 | INFO | ==================================================
2026-04-04 11:59:14 | INFO | Fetched 100 markets for KXNBAGAME
2026-04-04 11:59:14 | INFO | Fetched 100 markets for KXNBAGAME
2026-04-04 11:59:14 | INFO | Checking 19 pending positions for finalized markets...
2026-04-04 11:59:14 | INFO | ------------------------------------------------------------
2026-04-04 11:59:14 | INFO | NBA GAME MARKETS STATUS:
2026-04-04 11:59:14 | INFO |   HOU: $0.54 [SELL @ $0.85] | GSW: $0.39 [SELL @ $0.85]
2026-04-04 11:59:14 | INFO |   SAC: $0.13 [SELL @ $0.85] | LAC: $0.85 [WAIT]
2026-04-04 11:59:14 | INFO |   LAL: $0.71 [WAIT] | DAL: $0.26 [SELL @ $0.85]
2026-04-04 11:59:14 | INFO |   MIN: $0.50 [SELL @ $0.85] | CHA: $0.48 [SELL @ $0.85]
2026-04-04 11:59:14 | INFO |   ORL: $0.59 [SELL @ $0.85] | NOP: $0.39 [SELL @ $0.85]
2026-04-04 11:59:14 | INFO |   UTA: $0.05 [SELL @ $0.85] | OKC: $0.95 [WAIT]
2026-04-04 11:59:14 | INFO |   IND: $0.07 [SELL @ $0.85] | CLE: $0.91 [WAIT]
2026-04-04 11:59:14 | INFO |   MIL: $0.65 [WAIT] | MEM: $0.32 [SELL @ $0.85]
2026-04-04 11:59:14 | INFO | ------------------------------------------------------------
2026-04-04 11:59:14 | INFO | ==================================================
2026-04-04 11:59:14 | INFO | SIMPLE FLIP BOT STATS
2026-04-04 11:59:14 | INFO | Runtime: 10.2 minutes
2026-04-04 11:59:14 | INFO | Balance: $86.96
2026-04-04 11:59:14 | INFO | Total positions: 19
2026-04-04 11:59:14 | INFO | Position states: {'pending_sell': 19}
2026-04-04 11:59:14 | INFO | Total trades: 19 (19 buys, 0 sells)
2026-04-04 11:59:14 | INFO | Session PnL: $0.00
2026-04-04 11:59:14 | INFO | ==================================================
2026-04-04 11:59:25 | INFO | Fetched 100 markets for KXNBAGAME
2026-04-04 11:59:25 | INFO | Fetched 100 markets for KXNBAGAME
2026-04-04 11:59:25 | INFO | Checking 19 pending positions for finalized markets...
2026-04-04 11:59:25 | INFO | ------------------------------------------------------------
2026-04-04 11:59:25 | INFO | NBA GAME MARKETS STATUS:
2026-04-04 11:59:25 | INFO |   HOU: $0.54 [SELL @ $0.85] | GSW: $0.39 [SELL @ $0.85]
2026-04-04 11:59:25 | INFO |   SAC: $0.13 [SELL @ $0.85] | LAC: $0.85 [WAIT]
2026-04-04 11:59:25 | INFO |   LAL: $0.71 [WAIT] | DAL: $0.26 [SELL @ $0.85]
2026-04-04 11:59:25 | INFO |   MIN: $0.50 [SELL @ $0.85] | CHA: $0.48 [SELL @ $0.85]
2026-04-04 11:59:25 | INFO |   ORL: $0.59 [SELL @ $0.85] | NOP: $0.39 [SELL @ $0.85]
2026-04-04 11:59:25 | INFO |   UTA: $0.05 [SELL @ $0.85] | OKC: $0.95 [WAIT]
2026-04-04 11:59:25 | INFO |   IND: $0.07 [SELL @ $0.85] | CLE: $0.91 [WAIT]
2026-04-04 11:59:25 | INFO |   MIL: $0.65 [WAIT] | MEM: $0.32 [SELL @ $0.85]
2026-04-04 11:59:25 | INFO | ------------------------------------------------------------
2026-04-04 11:59:33 | INFO | Fetched 100 markets for KXNBAGAME
2026-04-04 11:59:33 | INFO | Fetched 100 markets for KXNBAGAME
2026-04-04 11:59:33 | INFO | Checking 19 pending positions for finalized markets...
2026-04-04 11:59:34 | INFO | ------------------------------------------------------------
2026-04-04 11:59:34 | INFO | NBA GAME MARKETS STATUS:
2026-04-04 11:59:34 | INFO |   HOU: $0.54 [SELL @ $0.85] | GSW: $0.39 [SELL @ $0.85]
2026-04-04 11:59:34 | INFO |   SAC: $0.13 [SELL @ $0.85] | LAC: $0.85 [WAIT]
2026-04-04 11:59:34 | INFO |   LAL: $0.71 [WAIT] | DAL: $0.26 [SELL @ $0.85]
2026-04-04 11:59:34 | INFO |   MIN: $0.50 [SELL @ $0.85] | CHA: $0.48 [SELL @ $0.85]
2026-04-04 11:59:34 | INFO |   ORL: $0.59 [SELL @ $0.85] | NOP: $0.39 [SELL @ $0.85]
2026-04-04 11:59:34 | INFO |   UTA: $0.05 [SELL @ $0.85] | OKC: $0.95 [WAIT]
2026-04-04 11:59:34 | INFO |   IND: $0.07 [SELL @ $0.85] | CLE: $0.91 [WAIT]
2026-04-04 11:59:34 | INFO |   MIL: $0.65 [WAIT] | MEM: $0.32 [SELL @ $0.85]
2026-04-04 11:59:34 | INFO | ------------------------------------------------------------
2026-04-04 11:59:44 | INFO | Fetched 100 markets for KXNBAGAME
2026-04-04 11:59:44 | INFO | Fetched 100 markets for KXNBAGAME
2026-04-04 11:59:44 | INFO | Checking 19 pending positions for finalized markets...
2026-04-04 11:59:44 | INFO | ------------------------------------------------------------
2026-04-04 11:59:44 | INFO | NBA GAME MARKETS STATUS:
2026-04-04 11:59:44 | INFO |   HOU: $0.54 [SELL @ $0.85] | GSW: $0.39 [SELL @ $0.85]
2026-04-04 11:59:44 | INFO |   SAC: $0.13 [SELL @ $0.85] | LAC: $0.85 [WAIT]
2026-04-04 11:59:44 | INFO |   LAL: $0.71 [WAIT] | DAL: $0.26 [SELL @ $0.85]
2026-04-04 11:59:44 | INFO |   MIN: $0.50 [SELL @ $0.85] | CHA: $0.48 [SELL @ $0.85]
2026-04-04 11:59:44 | INFO |   ORL: $0.59 [SELL @ $0.85] | NOP: $0.39 [SELL @ $0.85]
2026-04-04 11:59:44 | INFO |   UTA: $0.05 [SELL @ $0.85] | OKC: $0.95 [WAIT]
2026-04-04 11:59:44 | INFO |   IND: $0.07 [SELL @ $0.85] | CLE: $0.91 [WAIT]
2026-04-04 11:59:44 | INFO |   MIL: $0.65 [WAIT] | MEM: $0.32 [SELL @ $0.85]
2026-04-04 11:59:44 | INFO | ------------------------------------------------------------
2026-04-04 11:59:48 | INFO | ============================================================
2026-04-04 11:59:48 | INFO | SIMPLE FLIP BOT INITIALIZED - NBA GAME EDITION
2026-04-04 11:59:48 | INFO | Strategy: Buy <$0.60, Sell @$0.85, Buy back <$0.50
2026-04-04 11:59:48 | INFO | Paper mode: ON
2026-04-04 11:59:48 | INFO | Starting balance: $100.00
2026-04-04 11:59:48 | INFO | Max position size: $2.00 per side
2026-04-04 11:59:48 | INFO | Poll interval: 30 seconds
2026-04-04 11:59:48 | INFO | ============================================================
2026-04-04 11:59:48 | INFO | Starting flip bot trading loop (poll every 30s)...
2026-04-04 11:59:48 | INFO | Fetched 100 markets for KXNBAGAME
2026-04-04 11:59:48 | INFO | Fetched 100 markets for KXNBAGAME
2026-04-04 11:59:48 | INFO | ------------------------------------------------------------
2026-04-04 11:59:48 | INFO | NBA GAME MARKETS STATUS:
2026-04-04 11:59:48 | INFO |   HOU: $0.54 [BUY ZONE] | GSW: $0.39 [BUY ZONE]
2026-04-04 11:59:48 | INFO |   SAC: $0.13 [BUY ZONE] | LAC: $0.85 [WAIT]
2026-04-04 11:59:48 | INFO |   LAL: $0.71 [WAIT] | DAL: $0.26 [BUY ZONE]
2026-04-04 11:59:48 | INFO |   MIN: $0.50 [BUY ZONE] | CHA: $0.48 [BUY ZONE]
2026-04-04 11:59:48 | INFO |   ORL: $0.59 [BUY ZONE] | NOP: $0.39 [BUY ZONE]
2026-04-04 11:59:48 | INFO |   UTA: $0.05 [BUY ZONE] | OKC: $0.95 [WAIT]
2026-04-04 11:59:48 | INFO |   IND: $0.07 [BUY ZONE] | CLE: $0.91 [WAIT]
2026-04-04 11:59:48 | INFO |   MIL: $0.65 [WAIT] | MEM: $0.32 [BUY ZONE]
2026-04-04 11:59:48 | INFO | ------------------------------------------------------------
2026-04-04 11:59:48 | ERROR | Error in trading loop: 'SimpleFlipStrategy' object has no attribute 'working_orders'
Traceback (most recent call last):
  File "/home/ubuntu/.openclaw/workspace/workers/flip/flipbot.py", line 635, in run
    pending_orders = len(self.strategy.working_orders)
AttributeError: 'SimpleFlipStrategy' object has no attribute 'working_orders'
2026-04-04 11:59:55 | INFO | Fetched 100 markets for KXNBAGAME
2026-04-04 11:59:55 | INFO | Fetched 100 markets for KXNBAGAME
2026-04-04 11:59:55 | INFO | Checking 19 pending positions for finalized markets...
2026-04-04 11:59:56 | INFO | ------------------------------------------------------------
2026-04-04 11:59:56 | INFO | NBA GAME MARKETS STATUS:
2026-04-04 11:59:56 | INFO |   HOU: $0.54 [SELL @ $0.85] | GSW: $0.39 [SELL @ $0.85]
2026-04-04 11:59:56 | INFO |   SAC: $0.13 [SELL @ $0.85] | LAC: $0.85 [WAIT]
2026-04-04 11:59:56 | INFO |   LAL: $0.71 [WAIT] | DAL: $0.26 [SELL @ $0.85]
2026-04-04 11:59:56 | INFO |   MIN: $0.50 [SELL @ $0.85] | CHA: $0.48 [SELL @ $0.85]
2026-04-04 11:59:56 | INFO |   ORL: $0.59 [SELL @ $0.85] | NOP: $0.39 [SELL @ $0.85]
2026-04-04 11:59:56 | INFO |   UTA: $0.05 [SELL @ $0.85] | OKC: $0.95 [WAIT]
2026-04-04 11:59:56 | INFO |   IND: $0.07 [SELL @ $0.85] | CLE: $0.91 [WAIT]
2026-04-04 11:59:56 | INFO |   MIL: $0.65 [WAIT] | MEM: $0.32 [SELL @ $0.85]
2026-04-04 11:59:56 | INFO | ------------------------------------------------------------
2026-04-04 12:00:04 | INFO | Fetched 100 markets for KXNBAGAME
2026-04-04 12:00:04 | INFO | Fetched 100 markets for KXNBAGAME
2026-04-04 12:00:04 | INFO | Checking 19 pending positions for finalized markets...
2026-04-04 12:00:04 | INFO | ------------------------------------------------------------
2026-04-04 12:00:04 | INFO | NBA GAME MARKETS STATUS:
2026-04-04 12:00:04 | INFO |   HOU: $0.54 [SELL @ $0.85] | GSW: $0.39 [SELL @ $0.85]
2026-04-04 12:00:04 | INFO |   SAC: $0.13 [SELL @ $0.85] | LAC: $0.85 [WAIT]
2026-04-04 12:00:04 | INFO |   LAL: $0.71 [WAIT] | DAL: $0.26 [SELL @ $0.85]
2026-04-04 12:00:04 | INFO |   MIN: $0.50 [SELL @ $0.85] | CHA: $0.48 [SELL @ $0.85]
2026-04-04 12:00:04 | INFO |   ORL: $0.59 [SELL @ $0.85] | NOP: $0.39 [SELL @ $0.85]
2026-04-04 12:00:04 | INFO |   UTA: $0.05 [SELL @ $0.85] | OKC: $0.95 [WAIT]
2026-04-04 12:00:04 | INFO |   IND: $0.07 [SELL @ $0.85] | CLE: $0.91 [WAIT]
2026-04-04 12:00:04 | INFO |   MIL: $0.65 [WAIT] | MEM: $0.32 [SELL @ $0.85]
2026-04-04 12:00:04 | INFO | ------------------------------------------------------------
2026-04-04 12:00:15 | INFO | Fetched 100 markets for KXNBAGAME
2026-04-04 12:00:15 | INFO | Fetched 100 markets for KXNBAGAME
2026-04-04 12:00:15 | INFO | Checking 19 pending positions for finalized markets...
2026-04-04 12:00:15 | INFO | ------------------------------------------------------------
2026-04-04 12:00:15 | INFO | NBA GAME MARKETS STATUS:
2026-04-04 12:00:15 | INFO |   HOU: $0.54 [SELL @ $0.85] | GSW: $0.39 [SELL @ $0.85]
2026-04-04 12:00:15 | INFO |   SAC: $0.13 [SELL @ $0.85] | LAC: $0.85 [WAIT]
2026-04-04 12:00:15 | INFO |   LAL: $0.71 [WAIT] | DAL: $0.26 [SELL @ $0.85]
2026-04-04 12:00:15 | INFO |   MIN: $0.50 [SELL @ $0.85] | CHA: $0.48 [SELL @ $0.85]
2026-04-04 12:00:15 | INFO |   ORL: $0.59 [SELL @ $0.85] | NOP: $0.39 [SELL @ $0.85]
2026-04-04 12:00:15 | INFO |   UTA: $0.05 [SELL @ $0.85] | OKC: $0.95 [WAIT]
2026-04-04 12:00:15 | INFO |   IND: $0.07 [SELL @ $0.85] | CLE: $0.91 [WAIT]
2026-04-04 12:00:15 | INFO |   MIL: $0.65 [WAIT] | MEM: $0.32 [SELL @ $0.85]
2026-04-04 12:00:15 | INFO | ------------------------------------------------------------
2026-04-04 12:00:18 | INFO | Fetched 100 markets for KXNBAGAME
2026-04-04 12:00:18 | INFO | Fetched 100 markets for KXNBAGAME
2026-04-04 12:00:18 | INFO | ------------------------------------------------------------
2026-04-04 12:00:18 | INFO | NBA GAME MARKETS STATUS:
2026-04-04 12:00:18 | INFO |   HOU: $0.54 [BUY ZONE] | GSW: $0.39 [BUY ZONE]
2026-04-04 12:00:18 | INFO |   SAC: $0.13 [BUY ZONE] | LAC: $0.85 [WAIT]
2026-04-04 12:00:18 | INFO |   LAL: $0.71 [WAIT] | DAL: $0.26 [BUY ZONE]
2026-04-04 12:00:18 | INFO |   MIN: $0.50 [BUY ZONE] | CHA: $0.48 [BUY ZONE]
2026-04-04 12:00:18 | INFO |   ORL: $0.59 [BUY ZONE] | NOP: $0.39 [BUY ZONE]
2026-04-04 12:00:18 | INFO |   UTA: $0.05 [BUY ZONE] | OKC: $0.95 [WAIT]
2026-04-04 12:00:18 | INFO |   IND: $0.07 [BUY ZONE] | CLE: $0.91 [WAIT]
2026-04-04 12:00:18 | INFO |   MIL: $0.65 [WAIT] | MEM: $0.32 [BUY ZONE]
2026-04-04 12:00:18 | INFO | ------------------------------------------------------------
2026-04-04 12:00:18 | ERROR | Error in trading loop: 'SimpleFlipStrategy' object has no attribute 'working_orders'
Traceback (most recent call last):
  File "/home/ubuntu/.openclaw/workspace/workers/flip/flipbot.py", line 635, in run
    pending_orders = len(self.strategy.working_orders)
AttributeError: 'SimpleFlipStrategy' object has no attribute 'working_orders'
2026-04-04 12:00:26 | INFO | Fetched 100 markets for KXNBAGAME
2026-04-04 12:00:26 | INFO | Fetched 100 markets for KXNBAGAME
2026-04-04 12:00:26 | INFO | Checking 19 pending positions for finalized markets...
2026-04-04 12:00:26 | INFO | ------------------------------------------------------------
2026-04-04 12:00:26 | INFO | NBA GAME MARKETS STATUS:
2026-04-04 12:00:26 | INFO |   HOU: $0.54 [SELL @ $0.85] | GSW: $0.39 [SELL @ $0.85]
2026-04-04 12:00:26 | INFO |   SAC: $0.13 [SELL @ $0.85] | LAC: $0.85 [WAIT]
2026-04-04 12:00:26 | INFO |   LAL: $0.71 [WAIT] | DAL: $0.26 [SELL @ $0.85]
2026-04-04 12:00:26 | INFO |   MIN: $0.50 [SELL @ $0.85] | CHA: $0.48 [SELL @ $0.85]
2026-04-04 12:00:26 | INFO |   ORL: $0.59 [SELL @ $0.85] | NOP: $0.39 [SELL @ $0.85]
2026-04-04 12:00:26 | INFO |   UTA: $0.05 [SELL @ $0.85] | OKC: $0.95 [WAIT]
2026-04-04 12:00:26 | INFO |   IND: $0.07 [SELL @ $0.85] | CLE: $0.91 [WAIT]
2026-04-04 12:00:26 | INFO |   MIL: $0.65 [WAIT] | MEM: $0.32 [SELL @ $0.85]
2026-04-04 12:00:26 | INFO | ------------------------------------------------------------
2026-04-04 12:00:34 | INFO | Fetched 100 markets for KXNBAGAME
2026-04-04 12:00:34 | INFO | Fetched 100 markets for KXNBAGAME
2026-04-04 12:00:34 | INFO | Checking 19 pending positions for finalized markets...
2026-04-04 12:00:35 | INFO | ------------------------------------------------------------
2026-04-04 12:00:35 | INFO | NBA GAME MARKETS STATUS:
2026-04-04 12:00:35 | INFO |   HOU: $0.54 [SELL @ $0.85] | GSW: $0.39 [SELL @ $0.85]
2026-04-04 12:00:35 | INFO |   SAC: $0.13 [SELL @ $0.85] | LAC: $0.85 [WAIT]
2026-04-04 12:00:35 | INFO |   LAL: $0.71 [WAIT] | DAL: $0.26 [SELL @ $0.85]
2026-04-04 12:00:35 | INFO |   MIN: $0.50 [SELL @ $0.85] | CHA: $0.48 [SELL @ $0.85]
2026-04-04 12:00:35 | INFO |   ORL: $0.59 [SELL @ $0.85] | NOP: $0.39 [SELL @ $0.85]
2026-04-04 12:00:35 | INFO |   UTA: $0.05 [SELL @ $0.85] | OKC: $0.95 [WAIT]
2026-04-04 12:00:35 | INFO |   IND: $0.07 [SELL @ $0.85] | CLE: $0.91 [WAIT]
2026-04-04 12:00:35 | INFO |   MIL: $0.65 [WAIT] | MEM: $0.32 [SELL @ $0.85]
2026-04-04 12:00:35 | INFO | ------------------------------------------------------------
2026-04-04 12:00:45 | INFO | Fetched 100 markets for KXNBAGAME
2026-04-04 12:00:45 | INFO | Fetched 100 markets for KXNBAGAME
2026-04-04 12:00:45 | INFO | Checking 19 pending positions for finalized markets...
2026-04-04 12:00:46 | INFO | ------------------------------------------------------------
2026-04-04 12:00:46 | INFO | NBA GAME MARKETS STATUS:
2026-04-04 12:00:46 | INFO |   HOU: $0.58 [SELL @ $0.85] | GSW: $0.39 [SELL @ $0.85]
2026-04-04 12:00:46 | INFO |   SAC: $0.13 [SELL @ $0.85] | LAC: $0.85 [WAIT]
2026-04-04 12:00:46 | INFO |   LAL: $0.71 [WAIT] | DAL: $0.26 [SELL @ $0.85]
2026-04-04 12:00:46 | INFO |   MIN: $0.51 [SELL @ $0.85] | CHA: $0.48 [SELL @ $0.85]
2026-04-04 12:00:46 | INFO |   ORL: $0.59 [SELL @ $0.85] | NOP: $0.39 [SELL @ $0.85]
2026-04-04 12:00:46 | INFO |   UTA: $0.05 [SELL @ $0.85] | OKC: $0.95 [WAIT]
2026-04-04 12:00:46 | INFO |   IND: $0.07 [SELL @ $0.85] | CLE: $0.91 [WAIT]
2026-04-04 12:00:46 | INFO |   MIL: $0.65 [WAIT] | MEM: $0.32 [SELL @ $0.85]
2026-04-04 12:00:46 | INFO | ------------------------------------------------------------
2026-04-04 12:00:48 | INFO | Fetched 100 markets for KXNBAGAME
2026-04-04 12:00:48 | INFO | Fetched 100 markets for KXNBAGAME
2026-04-04 12:00:48 | INFO | ------------------------------------------------------------
2026-04-04 12:00:48 | INFO | NBA GAME MARKETS STATUS:
2026-04-04 12:00:48 | INFO |   HOU: $0.58 [BUY ZONE] | GSW: $0.39 [BUY ZONE]
2026-04-04 12:00:48 | INFO |   SAC: $0.13 [BUY ZONE] | LAC: $0.85 [WAIT]
2026-04-04 12:00:48 | INFO |   LAL: $0.71 [WAIT] | DAL: $0.26 [BUY ZONE]
2026-04-04 12:00:48 | INFO |   MIN: $0.51 [BUY ZONE] | CHA: $0.48 [BUY ZONE]
2026-04-04 12:00:48 | INFO |   ORL: $0.59 [BUY ZONE] | NOP: $0.39 [BUY ZONE]
2026-04-04 12:00:48 | INFO |   UTA: $0.05 [BUY ZONE] | OKC: $0.95 [WAIT]
2026-04-04 12:00:48 | INFO |   IND: $0.07 [BUY ZONE] | CLE: $0.91 [WAIT]
2026-04-04 12:00:48 | INFO |   MIL: $0.65 [WAIT] | MEM: $0.32 [BUY ZONE]
2026-04-04 12:00:48 | INFO | ------------------------------------------------------------
2026-04-04 12:00:48 | ERROR | Error in trading loop: 'SimpleFlipStrategy' object has no attribute 'working_orders'
Traceback (most recent call last):
  File "/home/ubuntu/.openclaw/workspace/workers/flip/flipbot.py", line 635, in run
    pending_orders = len(self.strategy.working_orders)
AttributeError: 'SimpleFlipStrategy' object has no attribute 'working_orders'
2026-04-04 12:00:56 | INFO | Fetched 100 markets for KXNBAGAME
2026-04-04 12:00:56 | INFO | Fetched 100 markets for KXNBAGAME
2026-04-04 12:00:56 | INFO | Checking 19 pending positions for finalized markets...
2026-04-04 12:00:57 | INFO | ------------------------------------------------------------
2026-04-04 12:00:57 | INFO | NBA GAME MARKETS STATUS:
2026-04-04 12:00:57 | INFO |   HOU: $0.58 [SELL @ $0.85] | GSW: $0.39 [SELL @ $0.85]
2026-04-04 12:00:57 | INFO |   SAC: $0.13 [SELL @ $0.85] | LAC: $0.85 [WAIT]
2026-04-04 12:00:57 | INFO |   LAL: $0.71 [WAIT] | DAL: $0.26 [SELL @ $0.85]
2026-04-04 12:00:57 | INFO |   MIN: $0.51 [SELL @ $0.85] | CHA: $0.48 [SELL @ $0.85]
2026-04-04 12:00:57 | INFO |   ORL: $0.59 [SELL @ $0.85] | NOP: $0.39 [SELL @ $0.85]
2026-04-04 12:00:57 | INFO |   UTA: $0.05 [SELL @ $0.85] | OKC: $0.95 [WAIT]
2026-04-04 12:00:57 | INFO |   IND: $0.07 [SELL @ $0.85] | CLE: $0.91 [WAIT]
2026-04-04 12:00:57 | INFO |   MIL: $0.65 [WAIT] | MEM: $0.32 [SELL @ $0.85]
2026-04-04 12:00:57 | INFO | ------------------------------------------------------------
2026-04-04 12:01:05 | INFO | Fetched 100 markets for KXNBAGAME
2026-04-04 12:01:05 | INFO | Fetched 100 markets for KXNBAGAME
2026-04-04 12:01:05 | INFO | Checking 19 pending positions for finalized markets...
2026-04-04 12:01:05 | INFO | ------------------------------------------------------------
2026-04-04 12:01:05 | INFO | NBA GAME MARKETS STATUS:
2026-04-04 12:01:05 | INFO |   HOU: $0.58 [SELL @ $0.85] | GSW: $0.39 [SELL @ $0.85]
2026-04-04 12:01:05 | INFO |   SAC: $0.13 [SELL @ $0.85] | LAC: $0.85 [WAIT]
2026-04-04 12:01:05 | INFO |   LAL: $0.71 [WAIT] | DAL: $0.26 [SELL @ $0.85]
2026-04-04 12:01:05 | INFO |   MIN: $0.51 [SELL @ $0.85] | CHA: $0.48 [SELL @ $0.85]
2026-04-04 12:01:05 | INFO |   ORL: $0.59 [SELL @ $0.85] | NOP: $0.39 [SELL @ $0.85]
2026-04-04 12:01:05 | INFO |   UTA: $0.05 [SELL @ $0.85] | OKC: $0.95 [WAIT]
2026-04-04 12:01:05 | INFO |   IND: $0.07 [SELL @ $0.85] | CLE: $0.91 [WAIT]
2026-04-04 12:01:05 | INFO |   MIL: $0.65 [WAIT] | MEM: $0.32 [SELL @ $0.85]
2026-04-04 12:01:05 | INFO | ------------------------------------------------------------
2026-04-04 12:01:10 | INFO | ============================================================
2026-04-04 12:01:10 | INFO | SIMPLE FLIP BOT INITIALIZED - NBA GAME EDITION
2026-04-04 12:01:10 | INFO | Strategy: Buy <$0.60, Sell @$0.85, Buy back <$0.50
2026-04-04 12:01:10 | INFO | Paper mode: ON
2026-04-04 12:01:10 | INFO | Starting balance: $100.00
2026-04-04 12:01:10 | INFO | Max position size: $2.00 per side
2026-04-04 12:01:10 | INFO | Poll interval: 30 seconds
2026-04-04 12:01:10 | INFO | ============================================================
2026-04-04 12:01:10 | INFO | Starting flip bot trading loop (poll every 30s)...
2026-04-04 12:01:10 | INFO | Fetched 100 markets for KXNBAGAME
2026-04-04 12:01:10 | INFO | Fetched 100 markets for KXNBAGAME
2026-04-04 12:01:10 | INFO | ------------------------------------------------------------
2026-04-04 12:01:10 | INFO | NBA GAME MARKETS STATUS:
2026-04-04 12:01:10 | INFO |   HOU: $0.58 [BUY ZONE] | GSW: $0.39 [BUY ZONE]
2026-04-04 12:01:10 | INFO |   SAC: $0.13 [BUY ZONE] | LAC: $0.85 [WAIT]
2026-04-04 12:01:10 | INFO |   LAL: $0.71 [WAIT] | DAL: $0.26 [BUY ZONE]
2026-04-04 12:01:10 | INFO |   MIN: $0.51 [BUY ZONE] | CHA: $0.48 [BUY ZONE]
2026-04-04 12:01:10 | INFO |   ORL: $0.59 [BUY ZONE] | NOP: $0.39 [BUY ZONE]
2026-04-04 12:01:10 | INFO |   UTA: $0.05 [BUY ZONE] | OKC: $0.95 [WAIT]
2026-04-04 12:01:10 | INFO |   IND: $0.07 [BUY ZONE] | CLE: $0.91 [WAIT]
2026-04-04 12:01:10 | INFO |   MIL: $0.65 [WAIT] | MEM: $0.32 [BUY ZONE]
2026-04-04 12:01:10 | INFO | ------------------------------------------------------------
2026-04-04 12:01:10 | INFO | Generated 19 trade signals
2026-04-04 12:01:10 | INFO | BUY HOU @ $0.5800 x $2.00 = $1.16 | Placed limit sell @ $0.85
2026-04-04 12:01:10 | INFO | TRADE: BUY HOU MARKET @ $0.5800 x $2.00 | yes_bid $0.58 < $0.60 → BUY
2026-04-04 12:01:10 | INFO | BUY GSW @ $0.3900 x $2.00 = $0.78 | Placed limit sell @ $0.85
2026-04-04 12:01:10 | INFO | TRADE: BUY GSW MARKET @ $0.3900 x $2.00 | yes_bid $0.39 < $0.60 → BUY
2026-04-04 12:01:10 | INFO | BUY SAC @ $0.1300 x $2.00 = $0.26 | Placed limit sell @ $0.85
2026-04-04 12:01:10 | INFO | TRADE: BUY SAC MARKET @ $0.1300 x $2.00 | yes_bid $0.13 < $0.60 → BUY
2026-04-04 12:01:10 | INFO | BUY DAL @ $0.2600 x $2.00 = $0.52 | Placed limit sell @ $0.85
2026-04-04 12:01:10 | INFO | TRADE: BUY DAL MARKET @ $0.2600 x $2.00 | yes_bid $0.26 < $0.60 → BUY
2026-04-04 12:01:10 | INFO | BUY MIN @ $0.5100 x $2.00 = $1.02 | Placed limit sell @ $0.85
2026-04-04 12:01:10 | INFO | TRADE: BUY MIN MARKET @ $0.5100 x $2.00 | yes_bid $0.51 < $0.60 → BUY
2026-04-04 12:01:10 | INFO | BUY CHA @ $0.4800 x $2.00 = $0.96 | Placed limit sell @ $0.85
2026-04-04 12:01:10 | INFO | TRADE: BUY CHA MARKET @ $0.4800 x $2.00 | yes_bid $0.48 < $0.60 → BUY
2026-04-04 12:01:10 | INFO | BUY ORL @ $0.5900 x $2.00 = $1.18 | Placed limit sell @ $0.85
2026-04-04 12:01:10 | INFO | TRADE: BUY ORL MARKET @ $0.5900 x $2.00 | yes_bid $0.59 < $0.60 → BUY
2026-04-04 12:01:10 | INFO | BUY NOP @ $0.3900 x $2.00 = $0.78 | Placed limit sell @ $0.85
2026-04-04 12:01:10 | INFO | TRADE: BUY NOP MARKET @ $0.3900 x $2.00 | yes_bid $0.39 < $0.60 → BUY
2026-04-04 12:01:10 | INFO | BUY UTA @ $0.0500 x $2.00 = $0.10 | Placed limit sell @ $0.85
2026-04-04 12:01:10 | INFO | TRADE: BUY UTA MARKET @ $0.0500 x $2.00 | yes_bid $0.05 < $0.60 → BUY
2026-04-04 12:01:10 | INFO | BUY IND @ $0.0700 x $2.00 = $0.14 | Placed limit sell @ $0.85
2026-04-04 12:01:10 | INFO | TRADE: BUY IND MARKET @ $0.0700 x $2.00 | yes_bid $0.07 < $0.60 → BUY
2026-04-04 12:01:10 | INFO | BUY MEM @ $0.3200 x $2.00 = $0.64 | Placed limit sell @ $0.85
2026-04-04 12:01:10 | INFO | TRADE: BUY MEM MARKET @ $0.3200 x $2.00 | yes_bid $0.32 < $0.60 → BUY
2026-04-04 12:01:10 | INFO | BUY CHI @ $0.1700 x $2.00 = $0.34 | Placed limit sell @ $0.85
2026-04-04 12:01:10 | INFO | TRADE: BUY CHI MARKET @ $0.1700 x $2.00 | yes_bid $0.17 < $0.60 → BUY
2026-04-04 12:01:10 | INFO | BUY TOR @ $0.1900 x $2.00 = $0.38 | Placed limit sell @ $0.85
2026-04-04 12:01:10 | INFO | TRADE: BUY TOR MARKET @ $0.1900 x $2.00 | yes_bid $0.19 < $0.60 → BUY
2026-04-04 12:01:10 | INFO | BUY WAS @ $0.3500 x $2.00 = $0.70 | Placed limit sell @ $0.85
2026-04-04 12:01:10 | INFO | TRADE: BUY WAS MARKET @ $0.3500 x $2.00 | yes_bid $0.35 < $0.60 → BUY
2026-04-04 12:01:10 | INFO | BUY PHI @ $0.4400 x $2.00 = $0.88 | Placed limit sell @ $0.85
2026-04-04 12:01:10 | INFO | TRADE: BUY PHI MARKET @ $0.4400 x $2.00 | yes_bid $0.44 < $0.60 → BUY
2026-04-04 12:01:10 | INFO | BUY DET @ $0.5600 x $2.00 = $1.12 | Placed limit sell @ $0.85
2026-04-04 12:01:10 | INFO | TRADE: BUY DET MARKET @ $0.5600 x $2.00 | yes_bid $0.56 < $0.60 → BUY
2026-04-04 12:01:10 | INFO | BUY SAS @ $0.5600 x $2.00 = $1.12 | Placed limit sell @ $0.85
2026-04-04 12:01:10 | INFO | TRADE: BUY SAS MARKET @ $0.5600 x $2.00 | yes_bid $0.56 < $0.60 → BUY
2026-04-04 12:01:10 | INFO | BUY DEN @ $0.4400 x $2.00 = $0.88 | Placed limit sell @ $0.85
2026-04-04 12:01:10 | INFO | TRADE: BUY DEN MARKET @ $0.4400 x $2.00 | yes_bid $0.44 < $0.60 → BUY
2026-04-04 12:01:10 | INFO | BUY WAS @ $0.0600 x $2.00 = $0.12 | Placed limit sell @ $0.85
2026-04-04 12:01:10 | INFO | TRADE: BUY WAS MARKET @ $0.0600 x $2.00 | yes_bid $0.06 < $0.60 → BUY
2026-04-04 12:01:16 | INFO | Fetched 100 markets for KXNBAGAME
2026-04-04 12:01:16 | INFO | Fetched 100 markets for KXNBAGAME
2026-04-04 12:01:16 | INFO | Checking 19 pending positions for finalized markets...
2026-04-04 12:01:16 | INFO | ------------------------------------------------------------
2026-04-04 12:01:16 | INFO | NBA GAME MARKETS STATUS:
2026-04-04 12:01:16 | INFO |   HOU: $0.58 [SELL @ $0.85] | GSW: $0.39 [SELL @ $0.85]
2026-04-04 12:01:16 | INFO |   SAC: $0.13 [SELL @ $0.85] | LAC: $0.85 [WAIT]
2026-04-04 12:01:16 | INFO |   LAL: $0.71 [WAIT] | DAL: $0.26 [SELL @ $0.85]
2026-04-04 12:01:16 | INFO |   MIN: $0.51 [SELL @ $0.85] | CHA: $0.48 [SELL @ $0.85]
2026-04-04 12:01:16 | INFO |   ORL: $0.59 [SELL @ $0.85] | NOP: $0.39 [SELL @ $0.85]
2026-04-04 12:01:16 | INFO |   UTA: $0.05 [SELL @ $0.85] | OKC: $0.95 [WAIT]
2026-04-04 12:01:16 | INFO |   IND: $0.07 [SELL @ $0.85] | CLE: $0.91 [WAIT]
2026-04-04 12:01:16 | INFO |   MIL: $0.65 [WAIT] | MEM: $0.32 [SELL @ $0.85]
2026-04-04 12:01:16 | INFO | ------------------------------------------------------------
2026-04-04 12:01:18 | INFO | Fetched 100 markets for KXNBAGAME
2026-04-04 12:01:18 | INFO | Fetched 100 markets for KXNBAGAME
2026-04-04 12:01:18 | INFO | ------------------------------------------------------------
2026-04-04 12:01:18 | INFO | NBA GAME MARKETS STATUS:
2026-04-04 12:01:18 | INFO |   HOU: $0.58 [BUY ZONE] | GSW: $0.39 [BUY ZONE]
2026-04-04 12:01:18 | INFO |   SAC: $0.13 [BUY ZONE] | LAC: $0.85 [WAIT]
2026-04-04 12:01:18 | INFO |   LAL: $0.71 [WAIT] | DAL: $0.26 [BUY ZONE]
2026-04-04 12:01:18 | INFO |   MIN: $0.51 [BUY ZONE] | CHA: $0.48 [BUY ZONE]
2026-04-04 12:01:18 | INFO |   ORL: $0.59 [BUY ZONE] | NOP: $0.39 [BUY ZONE]
2026-04-04 12:01:18 | INFO |   UTA: $0.05 [BUY ZONE] | OKC: $0.95 [WAIT]
2026-04-04 12:01:18 | INFO |   IND: $0.07 [BUY ZONE] | CLE: $0.91 [WAIT]
2026-04-04 12:01:18 | INFO |   MIL: $0.65 [WAIT] | MEM: $0.32 [BUY ZONE]
2026-04-04 12:01:18 | INFO | ------------------------------------------------------------
2026-04-04 12:01:18 | ERROR | Error in trading loop: 'SimpleFlipStrategy' object has no attribute 'working_orders'
Traceback (most recent call last):
  File "/home/ubuntu/.openclaw/workspace/workers/flip/flipbot.py", line 635, in run
    pending_orders = len(self.working_orders)
AttributeError: 'SimpleFlipStrategy' object has no attribute 'working_orders'
2026-04-04 12:01:27 | INFO | Fetched 100 markets for KXNBAGAME
2026-04-04 12:01:27 | INFO | Fetched 100 markets for KXNBAGAME
2026-04-04 12:01:27 | INFO | Checking 19 pending positions for finalized markets...
2026-04-04 12:01:27 | INFO | ------------------------------------------------------------
2026-04-04 12:01:27 | INFO | NBA GAME MARKETS STATUS:
2026-04-04 12:01:27 | INFO |   HOU: $0.58 [SELL @ $0.85] | GSW: $0.39 [SELL @ $0.85]
2026-04-04 12:01:27 | INFO |   SAC: $0.13 [SELL @ $0.85] | LAC: $0.85 [WAIT]
2026-04-04 12:01:27 | INFO |   LAL: $0.71 [WAIT] | DAL: $0.26 [SELL @ $0.85]
2026-04-04 12:01:27 | INFO |   MIN: $0.51 [SELL @ $0.85] | CHA: $0.48 [SELL @ $0.85]
2026-04-04 12:01:27 | INFO |   ORL: $0.59 [SELL @ $0.85] | NOP: $0.39 [SELL @ $0.85]
2026-04-04 12:01:27 | INFO |   UTA: $0.05 [SELL @ $0.85] | OKC: $0.95 [WAIT]
2026-04-04 12:01:27 | INFO |   IND: $0.07 [SELL @ $0.85] | CLE: $0.91 [WAIT]
2026-04-04 12:01:27 | INFO |   MIL: $0.65 [WAIT] | MEM: $0.32 [SELL @ $0.85]
2026-04-04 12:01:27 | INFO | ------------------------------------------------------------
2026-04-04 12:01:35 | INFO | Fetched 100 markets for KXNBAGAME
2026-04-04 12:01:35 | INFO | Fetched 100 markets for KXNBAGAME
2026-04-04 12:01:35 | INFO | Checking 19 pending positions for finalized markets...
2026-04-04 12:01:36 | INFO | ------------------------------------------------------------
2026-04-04 12:01:36 | INFO | NBA GAME MARKETS STATUS:
2026-04-04 12:01:36 | INFO |   HOU: $0.58 [SELL @ $0.85] | GSW: $0.39 [SELL @ $0.85]
2026-04-04 12:01:36 | INFO |   SAC: $0.13 [SELL @ $0.85] | LAC: $0.85 [WAIT]
2026-04-04 12:01:36 | INFO |   LAL: $0.71 [WAIT] | DAL: $0.26 [SELL @ $0.85]
2026-04-04 12:01:36 | INFO |   MIN: $0.51 [SELL @ $0.85] | CHA: $0.48 [SELL @ $0.85]
2026-04-04 12:01:36 | INFO |   ORL: $0.59 [SELL @ $0.85] | NOP: $0.39 [SELL @ $0.85]
2026-04-04 12:01:36 | INFO |   UTA: $0.05 [SELL @ $0.85] | OKC: $0.95 [WAIT]
2026-04-04 12:01:36 | INFO |   IND: $0.07 [SELL @ $0.85] | CLE: $0.91 [WAIT]
2026-04-04 12:01:36 | INFO |   MIL: $0.65 [WAIT] | MEM: $0.32 [SELL @ $0.85]
2026-04-04 12:01:36 | INFO | ------------------------------------------------------------
2026-04-04 12:01:40 | INFO | Fetched 100 markets for KXNBAGAME
2026-04-04 12:01:40 | INFO | Fetched 100 markets for KXNBAGAME
2026-04-04 12:01:40 | INFO | Checking 19 pending positions for finalized markets...
2026-04-04 12:01:40 | INFO | ------------------------------------------------------------
2026-04-04 12:01:40 | INFO | NBA GAME MARKETS STATUS:
2026-04-04 12:01:40 | INFO |   HOU: $0.58 [SELL @ $0.85] | GSW: $0.39 [SELL @ $0.85]
2026-04-04 12:01:40 | INFO |   SAC: $0.13 [SELL @ $0.85] | LAC: $0.85 [WAIT]
2026-04-04 12:01:40 | INFO |   LAL: $0.71 [WAIT] | DAL: $0.26 [SELL @ $0.85]
2026-04-04 12:01:40 | INFO |   MIN: $0.51 [SELL @ $0.85] | CHA: $0.48 [SELL @ $0.85]
2026-04-04 12:01:40 | INFO |   ORL: $0.59 [SELL @ $0.85] | NOP: $0.39 [SELL @ $0.85]
2026-04-04 12:01:40 | INFO |   UTA: $0.05 [SELL @ $0.85] | OKC: $0.95 [WAIT]
2026-04-04 12:01:40 | INFO |   IND: $0.07 [SELL @ $0.85] | CLE: $0.91 [WAIT]
2026-04-04 12:01:40 | INFO |   MIL: $0.65 [WAIT] | MEM: $0.32 [SELL @ $0.85]
2026-04-04 12:01:40 | INFO | ------------------------------------------------------------
2026-04-04 12:01:40 | ERROR | Error in trading loop: 'MarketPosition' object has no attribute 'status'
Traceback (most recent call last):
  File "/home/ubuntu/.openclaw/workspace/workers/flip/flipbot.py", line 636, in run
    open_positions = len([p for p in self.strategy.positions.values() if p.status == 'open'])
  File "/home/ubuntu/.openclaw/workspace/workers/flip/flipbot.py", line 636, in <listcomp>
    open_positions = len([p for p in self.strategy.positions.values() if p.status == 'open'])
AttributeError: 'MarketPosition' object has no attribute 'status'
2026-04-04 12:01:46 | INFO | Fetched 100 markets for KXNBAGAME
2026-04-04 12:01:46 | INFO | Fetched 100 markets for KXNBAGAME
2026-04-04 12:01:46 | INFO | Checking 19 pending positions for finalized markets...
2026-04-04 12:01:46 | INFO | ------------------------------------------------------------
2026-04-04 12:01:46 | INFO | NBA GAME MARKETS STATUS:
2026-04-04 12:01:46 | INFO |   HOU: $0.58 [SELL @ $0.85] | GSW: $0.39 [SELL @ $0.85]
2026-04-04 12:01:46 | INFO |   SAC: $0.13 [SELL @ $0.85] | LAC: $0.85 [WAIT]
2026-04-04 12:01:46 | INFO |   LAL: $0.71 [WAIT] | DAL: $0.26 [SELL @ $0.85]
2026-04-04 12:01:46 | INFO |   MIN: $0.51 [SELL @ $0.85] | CHA: $0.48 [SELL @ $0.85]
2026-04-04 12:01:46 | INFO |   ORL: $0.59 [SELL @ $0.85] | NOP: $0.39 [SELL @ $0.85]
2026-04-04 12:01:46 | INFO |   UTA: $0.05 [SELL @ $0.85] | OKC: $0.95 [WAIT]
2026-04-04 12:01:46 | INFO |   IND: $0.07 [SELL @ $0.85] | CLE: $0.91 [WAIT]
2026-04-04 12:01:46 | INFO |   MIL: $0.65 [WAIT] | MEM: $0.32 [SELL @ $0.85]
2026-04-04 12:01:46 | INFO | ------------------------------------------------------------
2026-04-04 12:01:48 | INFO | Fetched 100 markets for KXNBAGAME
2026-04-04 12:01:48 | INFO | Fetched 100 markets for KXNBAGAME
2026-04-04 12:01:48 | INFO | ------------------------------------------------------------
2026-04-04 12:01:48 | INFO | NBA GAME MARKETS STATUS:
2026-04-04 12:01:48 | INFO |   HOU: $0.58 [BUY ZONE] | GSW: $0.39 [BUY ZONE]
2026-04-04 12:01:48 | INFO |   SAC: $0.13 [BUY ZONE] | LAC: $0.85 [WAIT]
2026-04-04 12:01:48 | INFO |   LAL: $0.71 [WAIT] | DAL: $0.26 [BUY ZONE]
2026-04-04 12:01:48 | INFO |   MIN: $0.51 [BUY ZONE] | CHA: $0.48 [BUY ZONE]
2026-04-04 12:01:48 | INFO |   ORL: $0.59 [BUY ZONE] | NOP: $0.39 [BUY ZONE]
2026-04-04 12:01:48 | INFO |   UTA: $0.05 [BUY ZONE] | OKC: $0.95 [WAIT]
2026-04-04 12:01:48 | INFO |   IND: $0.07 [BUY ZONE] | CLE: $0.91 [WAIT]
2026-04-04 12:01:48 | INFO |   MIL: $0.65 [WAIT] | MEM: $0.32 [BUY ZONE]
2026-04-04 12:01:48 | INFO | ------------------------------------------------------------
2026-04-04 12:01:48 | ERROR | Error in trading loop: 'SimpleFlipStrategy' object has no attribute 'working_orders'
Traceback (most recent call last):
  File "/home/ubuntu/.openclaw/workspace/workers/flip/flipbot.py", line 635, in run
    pending_orders = len(self.working_orders)
AttributeError: 'SimpleFlipStrategy' object has no attribute 'working_orders'
2026-04-04 12:01:57 | INFO | Fetched 100 markets for KXNBAGAME
2026-04-04 12:01:57 | INFO | Fetched 100 markets for KXNBAGAME
2026-04-04 12:01:57 | INFO | Checking 19 pending positions for finalized markets...
2026-04-04 12:01:58 | INFO | ------------------------------------------------------------
2026-04-04 12:01:58 | INFO | NBA GAME MARKETS STATUS:
2026-04-04 12:01:58 | INFO |   HOU: $0.58 [SELL @ $0.85] | GSW: $0.39 [SELL @ $0.85]
2026-04-04 12:01:58 | INFO |   SAC: $0.13 [SELL @ $0.85] | LAC: $0.85 [WAIT]
2026-04-04 12:01:58 | INFO |   LAL: $0.71 [WAIT] | DAL: $0.26 [SELL @ $0.85]
2026-04-04 12:01:58 | INFO |   MIN: $0.51 [SELL @ $0.85] | CHA: $0.48 [SELL @ $0.85]
2026-04-04 12:01:58 | INFO |   ORL: $0.59 [SELL @ $0.85] | NOP: $0.39 [SELL @ $0.85]
2026-04-04 12:01:58 | INFO |   UTA: $0.05 [SELL @ $0.85] | OKC: $0.95 [WAIT]
2026-04-04 12:01:58 | INFO |   IND: $0.07 [SELL @ $0.85] | CLE: $0.91 [WAIT]
2026-04-04 12:01:58 | INFO |   MIL: $0.65 [WAIT] | MEM: $0.32 [SELL @ $0.85]
2026-04-04 12:01:58 | INFO | ------------------------------------------------------------
2026-04-04 12:02:06 | INFO | Fetched 100 markets for KXNBAGAME
2026-04-04 12:02:06 | INFO | Fetched 100 markets for KXNBAGAME
2026-04-04 12:02:06 | INFO | Checking 19 pending positions for finalized markets...
2026-04-04 12:02:06 | INFO | ------------------------------------------------------------
2026-04-04 12:02:06 | INFO | NBA GAME MARKETS STATUS:
2026-04-04 12:02:06 | INFO |   HOU: $0.58 [SELL @ $0.85] | GSW: $0.39 [SELL @ $0.85]
2026-04-04 12:02:06 | INFO |   SAC: $0.13 [SELL @ $0.85] | LAC: $0.85 [WAIT]
2026-04-04 12:02:06 | INFO |   LAL: $0.71 [WAIT] | DAL: $0.26 [SELL @ $0.85]
2026-04-04 12:02:06 | INFO |   MIN: $0.51 [SELL @ $0.85] | CHA: $0.48 [SELL @ $0.85]
2026-04-04 12:02:06 | INFO |   ORL: $0.59 [SELL @ $0.85] | NOP: $0.39 [SELL @ $0.85]
2026-04-04 12:02:06 | INFO |   UTA: $0.05 [SELL @ $0.85] | OKC: $0.95 [WAIT]
2026-04-04 12:02:06 | INFO |   IND: $0.07 [SELL @ $0.85] | CLE: $0.91 [WAIT]
2026-04-04 12:02:06 | INFO |   MIL: $0.65 [WAIT] | MEM: $0.32 [SELL @ $0.85]
2026-04-04 12:02:06 | INFO | ------------------------------------------------------------
2026-04-04 12:02:11 | INFO | Fetched 100 markets for KXNBAGAME
2026-04-04 12:02:11 | INFO | Fetched 100 markets for KXNBAGAME
2026-04-04 12:02:11 | INFO | Checking 19 pending positions for finalized markets...
2026-04-04 12:02:11 | INFO | ------------------------------------------------------------
2026-04-04 12:02:11 | INFO | NBA GAME MARKETS STATUS:
2026-04-04 12:02:11 | INFO |   HOU: $0.58 [SELL @ $0.85] | GSW: $0.39 [SELL @ $0.85]
2026-04-04 12:02:11 | INFO |   SAC: $0.13 [SELL @ $0.85] | LAC: $0.85 [WAIT]
2026-04-04 12:02:11 | INFO |   LAL: $0.71 [WAIT] | DAL: $0.26 [SELL @ $0.85]
2026-04-04 12:02:11 | INFO |   MIN: $0.51 [SELL @ $0.85] | CHA: $0.48 [SELL @ $0.85]
2026-04-04 12:02:11 | INFO |   ORL: $0.59 [SELL @ $0.85] | NOP: $0.39 [SELL @ $0.85]
2026-04-04 12:02:11 | INFO |   UTA: $0.05 [SELL @ $0.85] | OKC: $0.95 [WAIT]
2026-04-04 12:02:11 | INFO |   IND: $0.07 [SELL @ $0.85] | CLE: $0.91 [WAIT]
2026-04-04 12:02:11 | INFO |   MIL: $0.65 [WAIT] | MEM: $0.32 [SELL @ $0.85]
2026-04-04 12:02:11 | INFO | ------------------------------------------------------------
2026-04-04 12:02:11 | ERROR | Error in trading loop: 'MarketPosition' object has no attribute 'status'
Traceback (most recent call last):
  File "/home/ubuntu/.openclaw/workspace/workers/flip/flipbot.py", line 636, in run
    open_positions = len([p for p in self.strategy.positions.values() if p.status == 'open'])
  File "/home/ubuntu/.openclaw/workspace/workers/flip/flipbot.py", line 636, in <listcomp>
    open_positions = len([p for p in self.strategy.positions.values() if p.status == 'open'])
AttributeError: 'MarketPosition' object has no attribute 'status'
2026-04-04 12:02:17 | INFO | Fetched 100 markets for KXNBAGAME
2026-04-04 12:02:17 | INFO | Fetched 100 markets for KXNBAGAME
2026-04-04 12:02:17 | INFO | Checking 19 pending positions for finalized markets...
2026-04-04 12:02:17 | INFO | ------------------------------------------------------------
2026-04-04 12:02:17 | INFO | NBA GAME MARKETS STATUS:
2026-04-04 12:02:17 | INFO |   HOU: $0.58 [SELL @ $0.85] | GSW: $0.39 [SELL @ $0.85]
2026-04-04 12:02:17 | INFO |   SAC: $0.13 [SELL @ $0.85] | LAC: $0.85 [WAIT]
2026-04-04 12:02:17 | INFO |   LAL: $0.71 [WAIT] | DAL: $0.26 [SELL @ $0.85]
2026-04-04 12:02:17 | INFO |   MIN: $0.51 [SELL @ $0.85] | CHA: $0.48 [SELL @ $0.85]
2026-04-04 12:02:17 | INFO |   ORL: $0.59 [SELL @ $0.85] | NOP: $0.39 [SELL @ $0.85]
2026-04-04 12:02:17 | INFO |   UTA: $0.05 [SELL @ $0.85] | OKC: $0.95 [WAIT]
2026-04-04 12:02:17 | INFO |   IND: $0.07 [SELL @ $0.85] | CLE: $0.91 [WAIT]
2026-04-04 12:02:17 | INFO |   MIL: $0.65 [WAIT] | MEM: $0.32 [SELL @ $0.85]
2026-04-04 12:02:17 | INFO | ------------------------------------------------------------
2026-04-04 12:02:18 | INFO | Fetched 100 markets for KXNBAGAME
2026-04-04 12:02:18 | INFO | Fetched 100 markets for KXNBAGAME
2026-04-04 12:02:18 | INFO | ------------------------------------------------------------
2026-04-04 12:02:18 | INFO | NBA GAME MARKETS STATUS:
2026-04-04 12:02:18 | INFO |   HOU: $0.58 [BUY ZONE] | GSW: $0.39 [BUY ZONE]
2026-04-04 12:02:18 | INFO |   SAC: $0.13 [BUY ZONE] | LAC: $0.85 [WAIT]
2026-04-04 12:02:18 | INFO |   LAL: $0.71 [WAIT] | DAL: $0.26 [BUY ZONE]
2026-04-04 12:02:18 | INFO |   MIN: $0.51 [BUY ZONE] | CHA: $0.48 [BUY ZONE]
2026-04-04 12:02:18 | INFO |   ORL: $0.59 [BUY ZONE] | NOP: $0.39 [BUY ZONE]
2026-04-04 12:02:18 | INFO |   UTA: $0.05 [BUY ZONE] | OKC: $0.95 [WAIT]
2026-04-04 12:02:18 | INFO |   IND: $0.07 [BUY ZONE] | CLE: $0.91 [WAIT]
2026-04-04 12:02:18 | INFO |   MIL: $0.65 [WAIT] | MEM: $0.32 [BUY ZONE]
2026-04-04 12:02:18 | INFO | ------------------------------------------------------------
2026-04-04 12:02:18 | ERROR | Error in trading loop: 'SimpleFlipStrategy' object has no attribute 'working_orders'
Traceback (most recent call last):
  File "/home/ubuntu/.openclaw/workspace/workers/flip/flipbot.py", line 635, in run
    pending_orders = len(self.working_orders)
AttributeError: 'SimpleFlipStrategy' object has no attribute 'working_orders'
2026-04-04 12:02:28 | INFO | Fetched 100 markets for KXNBAGAME
2026-04-04 12:02:28 | INFO | Fetched 100 markets for KXNBAGAME
2026-04-04 12:02:28 | INFO | Checking 19 pending positions for finalized markets...
2026-04-04 12:02:28 | INFO | ------------------------------------------------------------
2026-04-04 12:02:28 | INFO | NBA GAME MARKETS STATUS:
2026-04-04 12:02:28 | INFO |   HOU: $0.58 [SELL @ $0.85] | GSW: $0.39 [SELL @ $0.85]
2026-04-04 12:02:28 | INFO |   SAC: $0.13 [SELL @ $0.85] | LAC: $0.85 [WAIT]
2026-04-04 12:02:28 | INFO |   LAL: $0.71 [WAIT] | DAL: $0.26 [SELL @ $0.85]
2026-04-04 12:02:28 | INFO |   MIN: $0.51 [SELL @ $0.85] | CHA: $0.48 [SELL @ $0.85]
2026-04-04 12:02:28 | INFO |   ORL: $0.59 [SELL @ $0.85] | NOP: $0.39 [SELL @ $0.85]
2026-04-04 12:02:28 | INFO |   UTA: $0.05 [SELL @ $0.85] | OKC: $0.95 [WAIT]
2026-04-04 12:02:28 | INFO |   IND: $0.07 [SELL @ $0.85] | CLE: $0.91 [WAIT]
2026-04-04 12:02:28 | INFO |   MIL: $0.65 [WAIT] | MEM: $0.32 [SELL @ $0.85]
2026-04-04 12:02:28 | INFO | ------------------------------------------------------------
2026-04-04 12:02:36 | INFO | Fetched 100 markets for KXNBAGAME
2026-04-04 12:02:36 | INFO | Fetched 100 markets for KXNBAGAME
2026-04-04 12:02:36 | INFO | Checking 19 pending positions for finalized markets...
2026-04-04 12:02:37 | INFO | ------------------------------------------------------------
2026-04-04 12:02:37 | INFO | NBA GAME MARKETS STATUS:
2026-04-04 12:02:37 | INFO |   HOU: $0.58 [SELL @ $0.85] | GSW: $0.39 [SELL @ $0.85]
2026-04-04 12:02:37 | INFO |   SAC: $0.13 [SELL @ $0.85] | LAC: $0.85 [WAIT]
2026-04-04 12:02:37 | INFO |   LAL: $0.71 [WAIT] | DAL: $0.26 [SELL @ $0.85]
2026-04-04 12:02:37 | INFO |   MIN: $0.51 [SELL @ $0.85] | CHA: $0.48 [SELL @ $0.85]
2026-04-04 12:02:37 | INFO |   ORL: $0.59 [SELL @ $0.85] | NOP: $0.39 [SELL @ $0.85]
2026-04-04 12:02:37 | INFO |   UTA: $0.05 [SELL @ $0.85] | OKC: $0.95 [WAIT]
2026-04-04 12:02:37 | INFO |   IND: $0.07 [SELL @ $0.85] | CLE: $0.91 [WAIT]
2026-04-04 12:02:37 | INFO |   MIL: $0.65 [WAIT] | MEM: $0.32 [SELL @ $0.85]
2026-04-04 12:02:37 | INFO | ------------------------------------------------------------
2026-04-04 12:02:41 | INFO | Fetched 100 markets for KXNBAGAME
2026-04-04 12:02:41 | INFO | Fetched 100 markets for KXNBAGAME
2026-04-04 12:02:41 | INFO | Checking 19 pending positions for finalized markets...
2026-04-04 12:02:41 | INFO | ------------------------------------------------------------
2026-04-04 12:02:41 | INFO | NBA GAME MARKETS STATUS:
2026-04-04 12:02:41 | INFO |   HOU: $0.58 [SELL @ $0.85] | GSW: $0.39 [SELL @ $0.85]
2026-04-04 12:02:41 | INFO |   SAC: $0.13 [SELL @ $0.85] | LAC: $0.85 [WAIT]
2026-04-04 12:02:41 | INFO |   LAL: $0.71 [WAIT] | DAL: $0.26 [SELL @ $0.85]
2026-04-04 12:02:41 | INFO |   MIN: $0.51 [SELL @ $0.85] | CHA: $0.48 [SELL @ $0.85]
2026-04-04 12:02:41 | INFO |   ORL: $0.59 [SELL @ $0.85] | NOP: $0.39 [SELL @ $0.85]
2026-04-04 12:02:41 | INFO |   UTA: $0.05 [SELL @ $0.85] | OKC: $0.95 [WAIT]
2026-04-04 12:02:41 | INFO |   IND: $0.07 [SELL @ $0.85] | CLE: $0.91 [WAIT]
2026-04-04 12:02:41 | INFO |   MIL: $0.65 [WAIT] | MEM: $0.32 [SELL @ $0.85]
2026-04-04 12:02:41 | INFO | ------------------------------------------------------------
2026-04-04 12:02:41 | ERROR | Error in trading loop: 'MarketPosition' object has no attribute 'status'
Traceback (most recent call last):
  File "/home/ubuntu/.openclaw/workspace/workers/flip/flipbot.py", line 636, in run
    open_positions = len([p for p in self.strategy.positions.values() if p.status == 'open'])
  File "/home/ubuntu/.openclaw/workspace/workers/flip/flipbot.py", line 636, in <listcomp>
    open_positions = len([p for p in self.strategy.positions.values() if p.status == 'open'])
AttributeError: 'MarketPosition' object has no attribute 'status'
2026-04-04 12:02:47 | INFO | Fetched 100 markets for KXNBAGAME
2026-04-04 12:02:47 | INFO | Fetched 100 markets for KXNBAGAME
2026-04-04 12:02:47 | INFO | Checking 19 pending positions for finalized markets...
2026-04-04 12:02:47 | INFO | ------------------------------------------------------------
2026-04-04 12:02:47 | INFO | NBA GAME MARKETS STATUS:
2026-04-04 12:02:47 | INFO |   HOU: $0.58 [SELL @ $0.85] | GSW: $0.39 [SELL @ $0.85]
2026-04-04 12:02:47 | INFO |   SAC: $0.13 [SELL @ $0.85] | LAC: $0.85 [WAIT]
2026-04-04 12:02:47 | INFO |   LAL: $0.71 [WAIT] | DAL: $0.26 [SELL @ $0.85]
2026-04-04 12:02:47 | INFO |   MIN: $0.51 [SELL @ $0.85] | CHA: $0.48 [SELL @ $0.85]
2026-04-04 12:02:47 | INFO |   ORL: $0.59 [SELL @ $0.85] | NOP: $0.39 [SELL @ $0.85]
2026-04-04 12:02:47 | INFO |   UTA: $0.05 [SELL @ $0.85] | OKC: $0.95 [WAIT]
2026-04-04 12:02:47 | INFO |   IND: $0.07 [SELL @ $0.85] | CLE: $0.91 [WAIT]
2026-04-04 12:02:47 | INFO |   MIL: $0.65 [WAIT] | MEM: $0.32 [SELL @ $0.85]
2026-04-04 12:02:47 | INFO | ------------------------------------------------------------
2026-04-04 12:02:48 | INFO | Fetched 100 markets for KXNBAGAME
2026-04-04 12:02:48 | INFO | Fetched 100 markets for KXNBAGAME
2026-04-04 12:02:48 | INFO | ------------------------------------------------------------
2026-04-04 12:02:48 | INFO | NBA GAME MARKETS STATUS:
2026-04-04 12:02:48 | INFO |   HOU: $0.58 [BUY ZONE] | GSW: $0.39 [BUY ZONE]
2026-04-04 12:02:48 | INFO |   SAC: $0.13 [BUY ZONE] | LAC: $0.85 [WAIT]
2026-04-04 12:02:48 | INFO |   LAL: $0.71 [WAIT] | DAL: $0.26 [BUY ZONE]
2026-04-04 12:02:48 | INFO |   MIN: $0.51 [BUY ZONE] | CHA: $0.48 [BUY ZONE]
2026-04-04 12:02:48 | INFO |   ORL: $0.59 [BUY ZONE] | NOP: $0.39 [BUY ZONE]
2026-04-04 12:02:48 | INFO |   UTA: $0.05 [BUY ZONE] | OKC: $0.95 [WAIT]
2026-04-04 12:02:48 | INFO |   IND: $0.07 [BUY ZONE] | CLE: $0.91 [WAIT]
2026-04-04 12:02:48 | INFO |   MIL: $0.65 [WAIT] | MEM: $0.32 [BUY ZONE]
2026-04-04 12:02:48 | INFO | ------------------------------------------------------------
2026-04-04 12:02:48 | ERROR | Error in trading loop: 'SimpleFlipStrategy' object has no attribute 'working_orders'
Traceback (most recent call last):
  File "/home/ubuntu/.openclaw/workspace/workers/flip/flipbot.py", line 635, in run
    pending_orders = len(self.working_orders)
AttributeError: 'SimpleFlipStrategy' object has no attribute 'working_orders'
2026-04-04 12:02:58 | INFO | Fetched 100 markets for KXNBAGAME
2026-04-04 12:02:58 | INFO | Fetched 100 markets for KXNBAGAME
2026-04-04 12:02:58 | INFO | Checking 19 pending positions for finalized markets...
2026-04-04 12:02:59 | INFO | ------------------------------------------------------------
2026-04-04 12:02:59 | INFO | NBA GAME MARKETS STATUS:
2026-04-04 12:02:59 | INFO |   HOU: $0.58 [SELL @ $0.85] | GSW: $0.39 [SELL @ $0.85]
2026-04-04 12:02:59 | INFO |   SAC: $0.13 [SELL @ $0.85] | LAC: $0.85 [WAIT]
2026-04-04 12:02:59 | INFO |   LAL: $0.71 [WAIT] | DAL: $0.26 [SELL @ $0.85]
2026-04-04 12:02:59 | INFO |   MIN: $0.51 [SELL @ $0.85] | CHA: $0.48 [SELL @ $0.85]
2026-04-04 12:02:59 | INFO |   ORL: $0.59 [SELL @ $0.85] | NOP: $0.39 [SELL @ $0.85]
2026-04-04 12:02:59 | INFO |   UTA: $0.05 [SELL @ $0.85] | OKC: $0.95 [WAIT]
2026-04-04 12:02:59 | INFO |   IND: $0.07 [SELL @ $0.85] | CLE: $0.91 [WAIT]
2026-04-04 12:02:59 | INFO |   MIL: $0.65 [WAIT] | MEM: $0.32 [SELL @ $0.85]
2026-04-04 12:02:59 | INFO | ------------------------------------------------------------
2026-04-04 12:02:59 | INFO | ==================================================
2026-04-04 12:02:59 | INFO | SIMPLE FLIP BOT STATS
2026-04-04 12:02:59 | INFO | Runtime: 15.3 minutes
2026-04-04 12:02:59 | INFO | Balance: $86.96
2026-04-04 12:02:59 | INFO | Total positions: 19
2026-04-04 12:02:59 | INFO | Position states: {'pending_sell': 19}
2026-04-04 12:02:59 | INFO | Total trades: 19 (19 buys, 0 sells)
2026-04-04 12:02:59 | INFO | Session PnL: $0.00
2026-04-04 12:02:59 | INFO | ==================================================
2026-04-04 12:03:07 | INFO | Fetched 100 markets for KXNBAGAME
2026-04-04 12:03:07 | INFO | Fetched 100 markets for KXNBAGAME
2026-04-04 12:03:07 | INFO | Checking 19 pending positions for finalized markets...
2026-04-04 12:03:07 | INFO | ------------------------------------------------------------
2026-04-04 12:03:07 | INFO | NBA GAME MARKETS STATUS:
2026-04-04 12:03:07 | INFO |   HOU: $0.58 [SELL @ $0.85] | GSW: $0.39 [SELL @ $0.85]
2026-04-04 12:03:07 | INFO |   SAC: $0.13 [SELL @ $0.85] | LAC: $0.85 [WAIT]
2026-04-04 12:03:07 | INFO |   LAL: $0.71 [WAIT] | DAL: $0.26 [SELL @ $0.85]
2026-04-04 12:03:07 | INFO |   MIN: $0.51 [SELL @ $0.85] | CHA: $0.48 [SELL @ $0.85]
2026-04-04 12:03:07 | INFO |   ORL: $0.59 [SELL @ $0.85] | NOP: $0.39 [SELL @ $0.85]
2026-04-04 12:03:07 | INFO |   UTA: $0.05 [SELL @ $0.85] | OKC: $0.95 [WAIT]
2026-04-04 12:03:07 | INFO |   IND: $0.07 [SELL @ $0.85] | CLE: $0.91 [WAIT]
2026-04-04 12:03:07 | INFO |   MIL: $0.65 [WAIT] | MEM: $0.32 [SELL @ $0.85]
2026-04-04 12:03:07 | INFO | ------------------------------------------------------------
2026-04-04 12:03:11 | INFO | Fetched 100 markets for KXNBAGAME
2026-04-04 12:03:11 | INFO | Fetched 100 markets for KXNBAGAME
2026-04-04 12:03:11 | INFO | Checking 19 pending positions for finalized markets...
2026-04-04 12:03:12 | INFO | ------------------------------------------------------------
2026-04-04 12:03:12 | INFO | NBA GAME MARKETS STATUS:
2026-04-04 12:03:12 | INFO |   HOU: $0.58 [SELL @ $0.85] | GSW: $0.39 [SELL @ $0.85]
2026-04-04 12:03:12 | INFO |   SAC: $0.13 [SELL @ $0.85] | LAC: $0.85 [WAIT]
2026-04-04 12:03:12 | INFO |   LAL: $0.71 [WAIT] | DAL: $0.26 [SELL @ $0.85]
2026-04-04 12:03:12 | INFO |   MIN: $0.51 [SELL @ $0.85] | CHA: $0.48 [SELL @ $0.85]
2026-04-04 12:03:12 | INFO |   ORL: $0.59 [SELL @ $0.85] | NOP: $0.39 [SELL @ $0.85]
2026-04-04 12:03:12 | INFO |   UTA: $0.05 [SELL @ $0.85] | OKC: $0.95 [WAIT]
2026-04-04 12:03:12 | INFO |   IND: $0.07 [SELL @ $0.85] | CLE: $0.91 [WAIT]
2026-04-04 12:03:12 | INFO |   MIL: $0.65 [WAIT] | MEM: $0.32 [SELL @ $0.85]
2026-04-04 12:03:12 | INFO | ------------------------------------------------------------
2026-04-04 12:03:12 | ERROR | Error in trading loop: 'MarketPosition' object has no attribute 'status'
Traceback (most recent call last):
  File "/home/ubuntu/.openclaw/workspace/workers/flip/flipbot.py", line 636, in run
    open_positions = len([p for p in self.strategy.positions.values() if p.status == 'open'])
  File "/home/ubuntu/.openclaw/workspace/workers/flip/flipbot.py", line 636, in <listcomp>
    open_positions = len([p for p in self.strategy.positions.values() if p.status == 'open'])
AttributeError: 'MarketPosition' object has no attribute 'status'
2026-04-04 12:03:18 | INFO | Fetched 100 markets for KXNBAGAME
2026-04-04 12:03:18 | INFO | Fetched 100 markets for KXNBAGAME
2026-04-04 12:03:18 | INFO | Checking 19 pending positions for finalized markets...
2026-04-04 12:03:18 | INFO | Fetched 100 markets for KXNBAGAME
2026-04-04 12:03:18 | INFO | Fetched 100 markets for KXNBAGAME
2026-04-04 12:03:18 | INFO | ------------------------------------------------------------
2026-04-04 12:03:18 | INFO | NBA GAME MARKETS STATUS:
2026-04-04 12:03:18 | INFO |   HOU: $0.58 [BUY ZONE] | GSW: $0.39 [BUY ZONE]
2026-04-04 12:03:18 | INFO |   SAC: $0.13 [BUY ZONE] | LAC: $0.85 [WAIT]
2026-04-04 12:03:18 | INFO |   LAL: $0.71 [WAIT] | DAL: $0.26 [BUY ZONE]
2026-04-04 12:03:18 | INFO |   MIN: $0.51 [BUY ZONE] | CHA: $0.48 [BUY ZONE]
2026-04-04 12:03:18 | INFO |   ORL: $0.59 [BUY ZONE] | NOP: $0.39 [BUY ZONE]
2026-04-04 12:03:18 | INFO |   UTA: $0.05 [BUY ZONE] | OKC: $0.95 [WAIT]
2026-04-04 12:03:18 | INFO |   IND: $0.07 [BUY ZONE] | CLE: $0.91 [WAIT]
2026-04-04 12:03:18 | INFO |   MIL: $0.65 [WAIT] | MEM: $0.32 [BUY ZONE]
2026-04-04 12:03:18 | INFO | ------------------------------------------------------------
2026-04-04 12:03:18 | ERROR | Error in trading loop: 'SimpleFlipStrategy' object has no attribute 'working_orders'
Traceback (most recent call last):
  File "/home/ubuntu/.openclaw/workspace/workers/flip/flipbot.py", line 635, in run
    pending_orders = len(self.working_orders)
AttributeError: 'SimpleFlipStrategy' object has no attribute 'working_orders'
2026-04-04 12:03:18 | INFO | ------------------------------------------------------------
2026-04-04 12:03:18 | INFO | NBA GAME MARKETS STATUS:
2026-04-04 12:03:18 | INFO |   HOU: $0.58 [SELL @ $0.85] | GSW: $0.39 [SELL @ $0.85]
2026-04-04 12:03:18 | INFO |   SAC: $0.13 [SELL @ $0.85] | LAC: $0.85 [WAIT]
2026-04-04 12:03:18 | INFO |   LAL: $0.71 [WAIT] | DAL: $0.26 [SELL @ $0.85]
2026-04-04 12:03:18 | INFO |   MIN: $0.51 [SELL @ $0.85] | CHA: $0.48 [SELL @ $0.85]
2026-04-04 12:03:18 | INFO |   ORL: $0.59 [SELL @ $0.85] | NOP: $0.39 [SELL @ $0.85]
2026-04-04 12:03:18 | INFO |   UTA: $0.05 [SELL @ $0.85] | OKC: $0.95 [WAIT]
2026-04-04 12:03:18 | INFO |   IND: $0.07 [SELL @ $0.85] | CLE: $0.91 [WAIT]
2026-04-04 12:03:18 | INFO |   MIL: $0.65 [WAIT] | MEM: $0.32 [SELL @ $0.85]
2026-04-04 12:03:18 | INFO | ------------------------------------------------------------
2026-04-04 12:03:29 | INFO | Fetched 100 markets for KXNBAGAME
2026-04-04 12:03:29 | INFO | Fetched 100 markets for KXNBAGAME
2026-04-04 12:03:29 | INFO | Checking 19 pending positions for finalized markets...
2026-04-04 12:03:29 | INFO | ------------------------------------------------------------
2026-04-04 12:03:29 | INFO | NBA GAME MARKETS STATUS:
2026-04-04 12:03:29 | INFO |   HOU: $0.58 [SELL @ $0.85] | GSW: $0.39 [SELL @ $0.85]
2026-04-04 12:03:29 | INFO |   SAC: $0.13 [SELL @ $0.85] | LAC: $0.85 [WAIT]
2026-04-04 12:03:29 | INFO |   LAL: $0.71 [WAIT] | DAL: $0.26 [SELL @ $0.85]
2026-04-04 12:03:29 | INFO |   MIN: $0.51 [SELL @ $0.85] | CHA: $0.48 [SELL @ $0.85]
2026-04-04 12:03:29 | INFO |   ORL: $0.59 [SELL @ $0.85] | NOP: $0.39 [SELL @ $0.85]
2026-04-04 12:03:29 | INFO |   UTA: $0.05 [SELL @ $0.85] | OKC: $0.95 [WAIT]
2026-04-04 12:03:29 | INFO |   IND: $0.07 [SELL @ $0.85] | CLE: $0.91 [WAIT]
2026-04-04 12:03:29 | INFO |   MIL: $0.65 [WAIT] | MEM: $0.32 [SELL @ $0.85]
2026-04-04 12:03:29 | INFO | ------------------------------------------------------------
2026-04-04 12:03:37 | INFO | Fetched 100 markets for KXNBAGAME
2026-04-04 12:03:37 | INFO | Fetched 100 markets for KXNBAGAME
2026-04-04 12:03:37 | INFO | Checking 19 pending positions for finalized markets...
2026-04-04 12:03:38 | INFO | ------------------------------------------------------------
2026-04-04 12:03:38 | INFO | NBA GAME MARKETS STATUS:
2026-04-04 12:03:38 | INFO |   HOU: $0.58 [SELL @ $0.85] | GSW: $0.39 [SELL @ $0.85]
2026-04-04 12:03:38 | INFO |   SAC: $0.13 [SELL @ $0.85] | LAC: $0.85 [WAIT]
2026-04-04 12:03:38 | INFO |   LAL: $0.71 [WAIT] | DAL: $0.26 [SELL @ $0.85]
2026-04-04 12:03:38 | INFO |   MIN: $0.51 [SELL @ $0.85] | CHA: $0.48 [SELL @ $0.85]
2026-04-04 12:03:38 | INFO |   ORL: $0.59 [SELL @ $0.85] | NOP: $0.39 [SELL @ $0.85]
2026-04-04 12:03:38 | INFO |   UTA: $0.05 [SELL @ $0.85] | OKC: $0.95 [WAIT]
2026-04-04 12:03:38 | INFO |   IND: $0.07 [SELL @ $0.85] | CLE: $0.91 [WAIT]
2026-04-04 12:03:38 | INFO |   MIL: $0.65 [WAIT] | MEM: $0.32 [SELL @ $0.85]
2026-04-04 12:03:38 | INFO | ------------------------------------------------------------
2026-04-04 12:03:42 | INFO | Fetched 100 markets for KXNBAGAME
2026-04-04 12:03:42 | INFO | Fetched 100 markets for KXNBAGAME
2026-04-04 12:03:42 | INFO | Checking 19 pending positions for finalized markets...
2026-04-04 12:03:42 | INFO | ------------------------------------------------------------
2026-04-04 12:03:42 | INFO | NBA GAME MARKETS STATUS:
2026-04-04 12:03:42 | INFO |   HOU: $0.58 [SELL @ $0.85] | GSW: $0.39 [SELL @ $0.85]
2026-04-04 12:03:42 | INFO |   SAC: $0.13 [SELL @ $0.85] | LAC: $0.85 [WAIT]
2026-04-04 12:03:42 | INFO |   LAL: $0.71 [WAIT] | DAL: $0.26 [SELL @ $0.85]
2026-04-04 12:03:42 | INFO |   MIN: $0.51 [SELL @ $0.85] | CHA: $0.48 [SELL @ $0.85]
2026-04-04 12:03:42 | INFO |   ORL: $0.59 [SELL @ $0.85] | NOP: $0.39 [SELL @ $0.85]
2026-04-04 12:03:42 | INFO |   UTA: $0.05 [SELL @ $0.85] | OKC: $0.95 [WAIT]
2026-04-04 12:03:42 | INFO |   IND: $0.07 [SELL @ $0.85] | CLE: $0.91 [WAIT]
2026-04-04 12:03:42 | INFO |   MIL: $0.65 [WAIT] | MEM: $0.32 [SELL @ $0.85]
2026-04-04 12:03:42 | INFO | ------------------------------------------------------------
2026-04-04 12:03:42 | ERROR | Error in trading loop: 'MarketPosition' object has no attribute 'status'
Traceback (most recent call last):
  File "/home/ubuntu/.openclaw/workspace/workers/flip/flipbot.py", line 636, in run
    open_positions = len([p for p in self.strategy.positions.values() if p.status == 'open'])
  File "/home/ubuntu/.openclaw/workspace/workers/flip/flipbot.py", line 636, in <listcomp>
    open_positions = len([p for p in self.strategy.positions.values() if p.status == 'open'])
AttributeError: 'MarketPosition' object has no attribute 'status'
2026-04-04 12:03:48 | INFO | Fetched 100 markets for KXNBAGAME
2026-04-04 12:03:48 | INFO | Fetched 100 markets for KXNBAGAME
2026-04-04 12:03:48 | INFO | ------------------------------------------------------------
2026-04-04 12:03:48 | INFO | NBA GAME MARKETS STATUS:
2026-04-04 12:03:48 | INFO |   HOU: $0.58 [BUY ZONE] | GSW: $0.39 [BUY ZONE]
2026-04-04 12:03:48 | INFO |   SAC: $0.13 [BUY ZONE] | LAC: $0.85 [WAIT]
2026-04-04 12:03:48 | INFO |   LAL: $0.71 [WAIT] | DAL: $0.26 [BUY ZONE]
2026-04-04 12:03:48 | INFO |   MIN: $0.51 [BUY ZONE] | CHA: $0.48 [BUY ZONE]
2026-04-04 12:03:48 | INFO |   ORL: $0.59 [BUY ZONE] | NOP: $0.39 [BUY ZONE]
2026-04-04 12:03:48 | INFO |   UTA: $0.05 [BUY ZONE] | OKC: $0.95 [WAIT]
2026-04-04 12:03:48 | INFO |   IND: $0.07 [BUY ZONE] | CLE: $0.91 [WAIT]
2026-04-04 12:03:48 | INFO |   MIL: $0.65 [WAIT] | MEM: $0.32 [BUY ZONE]
2026-04-04 12:03:48 | INFO | ------------------------------------------------------------
2026-04-04 12:03:48 | ERROR | Error in trading loop: 'SimpleFlipStrategy' object has no attribute 'working_orders'
Traceback (most recent call last):
  File "/home/ubuntu/.openclaw/workspace/workers/flip/flipbot.py", line 635, in run
    pending_orders = len(self.working_orders)
AttributeError: 'SimpleFlipStrategy' object has no attribute 'working_orders'
2026-04-04 12:03:48 | INFO | Fetched 100 markets for KXNBAGAME
2026-04-04 12:03:48 | INFO | Fetched 100 markets for KXNBAGAME
2026-04-04 12:03:48 | INFO | Checking 19 pending positions for finalized markets...
2026-04-04 12:03:49 | INFO | ------------------------------------------------------------
2026-04-04 12:03:49 | INFO | NBA GAME MARKETS STATUS:
2026-04-04 12:03:49 | INFO |   HOU: $0.58 [SELL @ $0.85] | GSW: $0.39 [SELL @ $0.85]
2026-04-04 12:03:49 | INFO |   SAC: $0.13 [SELL @ $0.85] | LAC: $0.85 [WAIT]
2026-04-04 12:03:49 | INFO |   LAL: $0.71 [WAIT] | DAL: $0.26 [SELL @ $0.85]
2026-04-04 12:03:49 | INFO |   MIN: $0.51 [SELL @ $0.85] | CHA: $0.48 [SELL @ $0.85]
2026-04-04 12:03:49 | INFO |   ORL: $0.59 [SELL @ $0.85] | NOP: $0.39 [SELL @ $0.85]
2026-04-04 12:03:49 | INFO |   UTA: $0.05 [SELL @ $0.85] | OKC: $0.95 [WAIT]
2026-04-04 12:03:49 | INFO |   IND: $0.07 [SELL @ $0.85] | CLE: $0.91 [WAIT]
2026-04-04 12:03:49 | INFO |   MIL: $0.65 [WAIT] | MEM: $0.32 [SELL @ $0.85]
2026-04-04 12:03:49 | INFO | ------------------------------------------------------------
2026-04-04 12:03:59 | INFO | Fetched 100 markets for KXNBAGAME
2026-04-04 12:03:59 | INFO | Fetched 100 markets for KXNBAGAME
2026-04-04 12:03:59 | INFO | Checking 19 pending positions for finalized markets...
2026-04-04 12:04:00 | INFO | ------------------------------------------------------------
2026-04-04 12:04:00 | INFO | NBA GAME MARKETS STATUS:
2026-04-04 12:04:00 | INFO |   HOU: $0.58 [SELL @ $0.85] | GSW: $0.39 [SELL @ $0.85]
2026-04-04 12:04:00 | INFO |   SAC: $0.13 [SELL @ $0.85] | LAC: $0.85 [WAIT]
2026-04-04 12:04:00 | INFO |   LAL: $0.71 [WAIT] | DAL: $0.26 [SELL @ $0.85]
2026-04-04 12:04:00 | INFO |   MIN: $0.51 [SELL @ $0.85] | CHA: $0.48 [SELL @ $0.85]
2026-04-04 12:04:00 | INFO |   ORL: $0.59 [SELL @ $0.85] | NOP: $0.39 [SELL @ $0.85]
2026-04-04 12:04:00 | INFO |   UTA: $0.05 [SELL @ $0.85] | OKC: $0.95 [WAIT]
2026-04-04 12:04:00 | INFO |   IND: $0.07 [SELL @ $0.85] | CLE: $0.91 [WAIT]
2026-04-04 12:04:00 | INFO |   MIL: $0.65 [WAIT] | MEM: $0.32 [SELL @ $0.85]
2026-04-04 12:04:00 | INFO | ------------------------------------------------------------
2026-04-04 12:04:08 | INFO | Fetched 100 markets for KXNBAGAME
2026-04-04 12:04:08 | INFO | Fetched 100 markets for KXNBAGAME
2026-04-04 12:04:08 | INFO | Checking 19 pending positions for finalized markets...
2026-04-04 12:04:08 | INFO | ------------------------------------------------------------
2026-04-04 12:04:08 | INFO | NBA GAME MARKETS STATUS:
2026-04-04 12:04:08 | INFO |   HOU: $0.58 [SELL @ $0.85] | GSW: $0.39 [SELL @ $0.85]
2026-04-04 12:04:08 | INFO |   SAC: $0.13 [SELL @ $0.85] | LAC: $0.85 [WAIT]
2026-04-04 12:04:08 | INFO |   LAL: $0.71 [WAIT] | DAL: $0.26 [SELL @ $0.85]
2026-04-04 12:04:08 | INFO |   MIN: $0.51 [SELL @ $0.85] | CHA: $0.48 [SELL @ $0.85]
2026-04-04 12:04:08 | INFO |   ORL: $0.59 [SELL @ $0.85] | NOP: $0.39 [SELL @ $0.85]
2026-04-04 12:04:08 | INFO |   UTA: $0.05 [SELL @ $0.85] | OKC: $0.95 [WAIT]
2026-04-04 12:04:08 | INFO |   IND: $0.07 [SELL @ $0.85] | CLE: $0.91 [WAIT]
2026-04-04 12:04:08 | INFO |   MIL: $0.65 [WAIT] | MEM: $0.32 [SELL @ $0.85]
2026-04-04 12:04:08 | INFO | ------------------------------------------------------------
2026-04-04 12:04:08 | INFO | ==================================================
2026-04-04 12:04:08 | INFO | SIMPLE FLIP BOT STATS
2026-04-04 12:04:08 | INFO | Runtime: 20.3 minutes
2026-04-04 12:04:08 | INFO | Balance: $86.96
2026-04-04 12:04:08 | INFO | Total positions: 19
2026-04-04 12:04:08 | INFO | Position states: {'pending_sell': 19}
2026-04-04 12:04:08 | INFO | Total trades: 19 (19 buys, 0 sells)
2026-04-04 12:04:08 | INFO | Session PnL: $0.00
2026-04-04 12:04:08 | INFO | ==================================================
2026-04-04 12:04:12 | INFO | Fetched 100 markets for KXNBAGAME
2026-04-04 12:04:13 | INFO | Fetched 100 markets for KXNBAGAME
2026-04-04 12:04:13 | INFO | Checking 19 pending positions for finalized markets...
2026-04-04 12:04:13 | INFO | ------------------------------------------------------------
2026-04-04 12:04:13 | INFO | NBA GAME MARKETS STATUS:
2026-04-04 12:04:13 | INFO |   HOU: $0.58 [SELL @ $0.85] | GSW: $0.39 [SELL @ $0.85]
2026-04-04 12:04:13 | INFO |   SAC: $0.13 [SELL @ $0.85] | LAC: $0.85 [WAIT]
2026-04-04 12:04:13 | INFO |   LAL: $0.71 [WAIT] | DAL: $0.26 [SELL @ $0.85]
2026-04-04 12:04:13 | INFO |   MIN: $0.51 [SELL @ $0.85] | CHA: $0.48 [SELL @ $0.85]
2026-04-04 12:04:13 | INFO |   ORL: $0.59 [SELL @ $0.85] | NOP: $0.39 [SELL @ $0.85]
2026-04-04 12:04:13 | INFO |   UTA: $0.05 [SELL @ $0.85] | OKC: $0.95 [WAIT]
2026-04-04 12:04:13 | INFO |   IND: $0.07 [SELL @ $0.85] | CLE: $0.91 [WAIT]
2026-04-04 12:04:13 | INFO |   MIL: $0.65 [WAIT] | MEM: $0.32 [SELL @ $0.85]
2026-04-04 12:04:13 | INFO | ------------------------------------------------------------
2026-04-04 12:04:13 | ERROR | Error in trading loop: 'MarketPosition' object has no attribute 'status'
Traceback (most recent call last):
  File "/home/ubuntu/.openclaw/workspace/workers/flip/flipbot.py", line 636, in run
    open_positions = len([p for p in self.strategy.positions.values() if p.status == 'open'])
  File "/home/ubuntu/.openclaw/workspace/workers/flip/flipbot.py", line 636, in <listcomp>
    open_positions = len([p for p in self.strategy.positions.values() if p.status == 'open'])
AttributeError: 'MarketPosition' object has no attribute 'status'
2026-04-04 12:04:18 | INFO | Fetched 100 markets for KXNBAGAME
2026-04-04 12:04:18 | INFO | Fetched 100 markets for KXNBAGAME
2026-04-04 12:04:18 | INFO | ------------------------------------------------------------
2026-04-04 12:04:18 | INFO | NBA GAME MARKETS STATUS:
2026-04-04 12:04:18 | INFO |   HOU: $0.58 [BUY ZONE] | GSW: $0.39 [BUY ZONE]
2026-04-04 12:04:18 | INFO |   SAC: $0.13 [BUY ZONE] | LAC: $0.85 [WAIT]
2026-04-04 12:04:18 | INFO |   LAL: $0.71 [WAIT] | DAL: $0.26 [BUY ZONE]
2026-04-04 12:04:18 | INFO |   MIN: $0.51 [BUY ZONE] | CHA: $0.48 [BUY ZONE]
2026-04-04 12:04:18 | INFO |   ORL: $0.59 [BUY ZONE] | NOP: $0.39 [BUY ZONE]
2026-04-04 12:04:18 | INFO |   UTA: $0.05 [BUY ZONE] | OKC: $0.95 [WAIT]
2026-04-04 12:04:18 | INFO |   IND: $0.07 [BUY ZONE] | CLE: $0.91 [WAIT]
2026-04-04 12:04:18 | INFO |   MIL: $0.65 [WAIT] | MEM: $0.32 [BUY ZONE]
2026-04-04 12:04:18 | INFO | ------------------------------------------------------------
2026-04-04 12:04:18 | ERROR | Error in trading loop: 'SimpleFlipStrategy' object has no attribute 'working_orders'
Traceback (most recent call last):
  File "/home/ubuntu/.openclaw/workspace/workers/flip/flipbot.py", line 635, in run
    pending_orders = len(self.working_orders)
AttributeError: 'SimpleFlipStrategy' object has no attribute 'working_orders'
2026-04-04 12:04:19 | INFO | Fetched 100 markets for KXNBAGAME
2026-04-04 12:04:19 | INFO | Fetched 100 markets for KXNBAGAME
2026-04-04 12:04:19 | INFO | Checking 19 pending positions for finalized markets...
2026-04-04 12:04:19 | INFO | ------------------------------------------------------------
2026-04-04 12:04:19 | INFO | NBA GAME MARKETS STATUS:
2026-04-04 12:04:19 | INFO |   HOU: $0.58 [SELL @ $0.85] | GSW: $0.39 [SELL @ $0.85]
2026-04-04 12:04:19 | INFO |   SAC: $0.13 [SELL @ $0.85] | LAC: $0.85 [WAIT]
2026-04-04 12:04:19 | INFO |   LAL: $0.71 [WAIT] | DAL: $0.26 [SELL @ $0.85]
2026-04-04 12:04:19 | INFO |   MIN: $0.51 [SELL @ $0.85] | CHA: $0.48 [SELL @ $0.85]
2026-04-04 12:04:19 | INFO |   ORL: $0.59 [SELL @ $0.85] | NOP: $0.39 [SELL @ $0.85]
2026-04-04 12:04:19 | INFO |   UTA: $0.05 [SELL @ $0.85] | OKC: $0.95 [WAIT]
2026-04-04 12:04:19 | INFO |   IND: $0.07 [SELL @ $0.85] | CLE: $0.91 [WAIT]
2026-04-04 12:04:19 | INFO |   MIL: $0.65 [WAIT] | MEM: $0.32 [SELL @ $0.85]
2026-04-04 12:04:19 | INFO | ------------------------------------------------------------
2026-04-04 12:04:19 | INFO | ==================================================
2026-04-04 12:04:19 | INFO | SIMPLE FLIP BOT STATS
2026-04-04 12:04:19 | INFO | Runtime: 15.3 minutes
2026-04-04 12:04:19 | INFO | Balance: $86.96
2026-04-04 12:04:19 | INFO | Total positions: 19
2026-04-04 12:04:19 | INFO | Position states: {'pending_sell': 19}
2026-04-04 12:04:19 | INFO | Total trades: 19 (19 buys, 0 sells)
2026-04-04 12:04:19 | INFO | Session PnL: $0.00
2026-04-04 12:04:19 | INFO | ==================================================
2026-04-04 12:04:30 | INFO | Fetched 100 markets for KXNBAGAME
2026-04-04 12:04:30 | INFO | Fetched 100 markets for KXNBAGAME
2026-04-04 12:04:30 | INFO | Checking 19 pending positions for finalized markets...
2026-04-04 12:04:30 | INFO | ------------------------------------------------------------
2026-04-04 12:04:30 | INFO | NBA GAME MARKETS STATUS:
2026-04-04 12:04:30 | INFO |   HOU: $0.58 [SELL @ $0.85] | GSW: $0.39 [SELL @ $0.85]
2026-04-04 12:04:30 | INFO |   SAC: $0.13 [SELL @ $0.85] | LAC: $0.85 [WAIT]
2026-04-04 12:04:30 | INFO |   LAL: $0.71 [WAIT] | DAL: $0.26 [SELL @ $0.85]
2026-04-04 12:04:30 | INFO |   MIN: $0.51 [SELL @ $0.85] | CHA: $0.48 [SELL @ $0.85]
2026-04-04 12:04:30 | INFO |   ORL: $0.59 [SELL @ $0.85] | NOP: $0.39 [SELL @ $0.85]
2026-04-04 12:04:30 | INFO |   UTA: $0.05 [SELL @ $0.85] | OKC: $0.95 [WAIT]
2026-04-04 12:04:30 | INFO |   IND: $0.07 [SELL @ $0.85] | CLE: $0.91 [WAIT]
2026-04-04 12:04:30 | INFO |   MIL: $0.65 [WAIT] | MEM: $0.32 [SELL @ $0.85]
2026-04-04 12:04:30 | INFO | ------------------------------------------------------------
2026-04-04 12:04:38 | INFO | Fetched 100 markets for KXNBAGAME
2026-04-04 12:04:38 | INFO | Fetched 100 markets for KXNBAGAME
2026-04-04 12:04:38 | INFO | Checking 19 pending positions for finalized markets...
2026-04-04 12:04:39 | INFO | ------------------------------------------------------------
2026-04-04 12:04:39 | INFO | NBA GAME MARKETS STATUS:
2026-04-04 12:04:39 | INFO |   HOU: $0.58 [SELL @ $0.85] | GSW: $0.39 [SELL @ $0.85]
2026-04-04 12:04:39 | INFO |   SAC: $0.13 [SELL @ $0.85] | LAC: $0.85 [WAIT]
2026-04-04 12:04:39 | INFO |   LAL: $0.71 [WAIT] | DAL: $0.26 [SELL @ $0.85]
2026-04-04 12:04:39 | INFO |   MIN: $0.51 [SELL @ $0.85] | CHA: $0.48 [SELL @ $0.85]
2026-04-04 12:04:39 | INFO |   ORL: $0.59 [SELL @ $0.85] | NOP: $0.39 [SELL @ $0.85]
2026-04-04 12:04:39 | INFO |   UTA: $0.05 [SELL @ $0.85] | OKC: $0.95 [WAIT]
2026-04-04 12:04:39 | INFO |   IND: $0.07 [SELL @ $0.85] | CLE: $0.91 [WAIT]
2026-04-04 12:04:39 | INFO |   MIL: $0.65 [WAIT] | MEM: $0.32 [SELL @ $0.85]
2026-04-04 12:04:39 | INFO | ------------------------------------------------------------
2026-04-04 12:04:43 | INFO | Fetched 100 markets for KXNBAGAME
2026-04-04 12:04:43 | INFO | Fetched 100 markets for KXNBAGAME
2026-04-04 12:04:43 | INFO | Checking 19 pending positions for finalized markets...
2026-04-04 12:04:43 | INFO | ------------------------------------------------------------
2026-04-04 12:04:43 | INFO | NBA GAME MARKETS STATUS:
2026-04-04 12:04:43 | INFO |   HOU: $0.58 [SELL @ $0.85] | GSW: $0.39 [SELL @ $0.85]
2026-04-04 12:04:43 | INFO |   SAC: $0.13 [SELL @ $0.85] | LAC: $0.85 [WAIT]
2026-04-04 12:04:43 | INFO |   LAL: $0.71 [WAIT] | DAL: $0.26 [SELL @ $0.85]
2026-04-04 12:04:43 | INFO |   MIN: $0.51 [SELL @ $0.85] | CHA: $0.48 [SELL @ $0.85]
2026-04-04 12:04:43 | INFO |   ORL: $0.59 [SELL @ $0.85] | NOP: $0.39 [SELL @ $0.85]
2026-04-04 12:04:43 | INFO |   UTA: $0.05 [SELL @ $0.85] | OKC: $0.95 [WAIT]
2026-04-04 12:04:43 | INFO |   IND: $0.07 [SELL @ $0.85] | CLE: $0.91 [WAIT]
2026-04-04 12:04:43 | INFO |   MIL: $0.65 [WAIT] | MEM: $0.32 [SELL @ $0.85]
2026-04-04 12:04:43 | INFO | ------------------------------------------------------------
2026-04-04 12:04:43 | ERROR | Error in trading loop: 'MarketPosition' object has no attribute 'status'
Traceback (most recent call last):
  File "/home/ubuntu/.openclaw/workspace/workers/flip/flipbot.py", line 636, in run
    open_positions = len([p for p in self.strategy.positions.values() if p.status == 'open'])
  File "/home/ubuntu/.openclaw/workspace/workers/flip/flipbot.py", line 636, in <listcomp>
    open_positions = len([p for p in self.strategy.positions.values() if p.status == 'open'])
AttributeError: 'MarketPosition' object has no attribute 'status'
2026-04-04 12:04:48 | INFO | Fetched 100 markets for KXNBAGAME
2026-04-04 12:04:48 | INFO | Fetched 100 markets for KXNBAGAME
2026-04-04 12:04:48 | INFO | ------------------------------------------------------------
2026-04-04 12:04:48 | INFO | NBA GAME MARKETS STATUS:
2026-04-04 12:04:48 | INFO |   HOU: $0.58 [BUY ZONE] | GSW: $0.39 [BUY ZONE]
2026-04-04 12:04:48 | INFO |   SAC: $0.13 [BUY ZONE] | LAC: $0.85 [WAIT]
2026-04-04 12:04:48 | INFO |   LAL: $0.71 [WAIT] | DAL: $0.26 [BUY ZONE]
2026-04-04 12:04:48 | INFO |   MIN: $0.51 [BUY ZONE] | CHA: $0.48 [BUY ZONE]
2026-04-04 12:04:48 | INFO |   ORL: $0.59 [BUY ZONE] | NOP: $0.39 [BUY ZONE]
2026-04-04 12:04:48 | INFO |   UTA: $0.05 [BUY ZONE] | OKC: $0.95 [WAIT]
2026-04-04 12:04:48 | INFO |   IND: $0.07 [BUY ZONE] | CLE: $0.91 [WAIT]
2026-04-04 12:04:48 | INFO |   MIL: $0.65 [WAIT] | MEM: $0.32 [BUY ZONE]
2026-04-04 12:04:48 | INFO | ------------------------------------------------------------
2026-04-04 12:04:48 | ERROR | Error in trading loop: 'SimpleFlipStrategy' object has no attribute 'working_orders'
Traceback (most recent call last):
  File "/home/ubuntu/.openclaw/workspace/workers/flip/flipbot.py", line 635, in run
    pending_orders = len(self.working_orders)
AttributeError: 'SimpleFlipStrategy' object has no attribute 'working_orders'
2026-04-04 12:04:49 | INFO | Fetched 100 markets for KXNBAGAME
2026-04-04 12:04:49 | INFO | Fetched 100 markets for KXNBAGAME
2026-04-04 12:04:49 | INFO | Checking 19 pending positions for finalized markets...
2026-04-04 12:04:49 | INFO | ------------------------------------------------------------
2026-04-04 12:04:49 | INFO | NBA GAME MARKETS STATUS:
2026-04-04 12:04:49 | INFO |   HOU: $0.58 [SELL @ $0.85] | GSW: $0.39 [SELL @ $0.85]
2026-04-04 12:04:49 | INFO |   SAC: $0.13 [SELL @ $0.85] | LAC: $0.85 [WAIT]
2026-04-04 12:04:49 | INFO |   LAL: $0.71 [WAIT] | DAL: $0.26 [SELL @ $0.85]
2026-04-04 12:04:49 | INFO |   MIN: $0.51 [SELL @ $0.85] | CHA: $0.48 [SELL @ $0.85]
2026-04-04 12:04:49 | INFO |   ORL: $0.59 [SELL @ $0.85] | NOP: $0.39 [SELL @ $0.85]
2026-04-04 12:04:49 | INFO |   UTA: $0.05 [SELL @ $0.85] | OKC: $0.95 [WAIT]
2026-04-04 12:04:49 | INFO |   IND: $0.07 [SELL @ $0.85] | CLE: $0.91 [WAIT]
2026-04-04 12:04:49 | INFO |   MIL: $0.65 [WAIT] | MEM: $0.32 [SELL @ $0.85]
2026-04-04 12:04:49 | INFO | ------------------------------------------------------------
2026-04-04 12:05:00 | INFO | Fetched 100 markets for KXNBAGAME
2026-04-04 12:05:00 | INFO | Fetched 100 markets for KXNBAGAME
2026-04-04 12:05:00 | INFO | Checking 19 pending positions for finalized markets...
2026-04-04 12:05:01 | INFO | ------------------------------------------------------------
2026-04-04 12:05:01 | INFO | NBA GAME MARKETS STATUS:
2026-04-04 12:05:01 | INFO |   HOU: $0.58 [SELL @ $0.85] | GSW: $0.39 [SELL @ $0.85]
2026-04-04 12:05:01 | INFO |   SAC: $0.13 [SELL @ $0.85] | LAC: $0.85 [WAIT]
2026-04-04 12:05:01 | INFO |   LAL: $0.71 [WAIT] | DAL: $0.26 [SELL @ $0.85]
2026-04-04 12:05:01 | INFO |   MIN: $0.51 [SELL @ $0.85] | CHA: $0.48 [SELL @ $0.85]
2026-04-04 12:05:01 | INFO |   ORL: $0.59 [SELL @ $0.85] | NOP: $0.39 [SELL @ $0.85]
2026-04-04 12:05:01 | INFO |   UTA: $0.05 [SELL @ $0.85] | OKC: $0.95 [WAIT]
2026-04-04 12:05:01 | INFO |   IND: $0.07 [SELL @ $0.85] | CLE: $0.91 [WAIT]
2026-04-04 12:05:01 | INFO |   MIL: $0.65 [WAIT] | MEM: $0.32 [SELL @ $0.85]
2026-04-04 12:05:01 | INFO | ------------------------------------------------------------
2026-04-04 12:05:09 | INFO | Fetched 100 markets for KXNBAGAME
2026-04-04 12:05:09 | INFO | Fetched 100 markets for KXNBAGAME
2026-04-04 12:05:09 | INFO | Checking 19 pending positions for finalized markets...
2026-04-04 12:05:09 | INFO | ------------------------------------------------------------
2026-04-04 12:05:09 | INFO | NBA GAME MARKETS STATUS:
2026-04-04 12:05:09 | INFO |   HOU: $0.58 [SELL @ $0.85] | GSW: $0.39 [SELL @ $0.85]
2026-04-04 12:05:09 | INFO |   SAC: $0.13 [SELL @ $0.85] | LAC: $0.85 [WAIT]
2026-04-04 12:05:09 | INFO |   LAL: $0.71 [WAIT] | DAL: $0.26 [SELL @ $0.85]
2026-04-04 12:05:09 | INFO |   MIN: $0.51 [SELL @ $0.85] | CHA: $0.48 [SELL @ $0.85]
2026-04-04 12:05:09 | INFO |   ORL: $0.59 [SELL @ $0.85] | NOP: $0.39 [SELL @ $0.85]
2026-04-04 12:05:09 | INFO |   UTA: $0.05 [SELL @ $0.85] | OKC: $0.95 [WAIT]
2026-04-04 12:05:09 | INFO |   IND: $0.07 [SELL @ $0.85] | CLE: $0.91 [WAIT]
2026-04-04 12:05:09 | INFO |   MIL: $0.65 [WAIT] | MEM: $0.32 [SELL @ $0.85]
2026-04-04 12:05:09 | INFO | ------------------------------------------------------------
2026-04-04 12:05:14 | INFO | Fetched 100 markets for KXNBAGAME
2026-04-04 12:05:14 | INFO | Fetched 100 markets for KXNBAGAME
2026-04-04 12:05:14 | INFO | Checking 19 pending positions for finalized markets...
2026-04-04 12:05:14 | INFO | ------------------------------------------------------------
2026-04-04 12:05:14 | INFO | NBA GAME MARKETS STATUS:
2026-04-04 12:05:14 | INFO |   HOU: $0.58 [SELL @ $0.85] | GSW: $0.39 [SELL @ $0.85]
2026-04-04 12:05:14 | INFO |   SAC: $0.13 [SELL @ $0.85] | LAC: $0.85 [WAIT]
2026-04-04 12:05:14 | INFO |   LAL: $0.71 [WAIT] | DAL: $0.26 [SELL @ $0.85]
2026-04-04 12:05:14 | INFO |   MIN: $0.51 [SELL @ $0.85] | CHA: $0.48 [SELL @ $0.85]
2026-04-04 12:05:14 | INFO |   ORL: $0.59 [SELL @ $0.85] | NOP: $0.39 [SELL @ $0.85]
2026-04-04 12:05:14 | INFO |   UTA: $0.05 [SELL @ $0.85] | OKC: $0.95 [WAIT]
2026-04-04 12:05:14 | INFO |   IND: $0.07 [SELL @ $0.85] | CLE: $0.91 [WAIT]
2026-04-04 12:05:14 | INFO |   MIL: $0.65 [WAIT] | MEM: $0.32 [SELL @ $0.85]
2026-04-04 12:05:14 | INFO | ------------------------------------------------------------
2026-04-04 12:05:14 | ERROR | Error in trading loop: 'MarketPosition' object has no attribute 'status'
Traceback (most recent call last):
  File "/home/ubuntu/.openclaw/workspace/workers/flip/flipbot.py", line 636, in run
    open_positions = len([p for p in self.strategy.positions.values() if p.status == 'open'])
  File "/home/ubuntu/.openclaw/workspace/workers/flip/flipbot.py", line 636, in <listcomp>
    open_positions = len([p for p in self.strategy.positions.values() if p.status == 'open'])
AttributeError: 'MarketPosition' object has no attribute 'status'
2026-04-04 12:05:18 | INFO | Fetched 100 markets for KXNBAGAME
2026-04-04 12:05:18 | INFO | Fetched 100 markets for KXNBAGAME
2026-04-04 12:05:18 | INFO | ------------------------------------------------------------
2026-04-04 12:05:18 | INFO | NBA GAME MARKETS STATUS:
2026-04-04 12:05:18 | INFO |   HOU: $0.58 [BUY ZONE] | GSW: $0.39 [BUY ZONE]
2026-04-04 12:05:18 | INFO |   SAC: $0.13 [BUY ZONE] | LAC: $0.85 [WAIT]
2026-04-04 12:05:18 | INFO |   LAL: $0.71 [WAIT] | DAL: $0.26 [BUY ZONE]
2026-04-04 12:05:18 | INFO |   MIN: $0.51 [BUY ZONE] | CHA: $0.48 [BUY ZONE]
2026-04-04 12:05:18 | INFO |   ORL: $0.59 [BUY ZONE] | NOP: $0.39 [BUY ZONE]
2026-04-04 12:05:18 | INFO |   UTA: $0.05 [BUY ZONE] | OKC: $0.95 [WAIT]
2026-04-04 12:05:18 | INFO |   IND: $0.07 [BUY ZONE] | CLE: $0.91 [WAIT]
2026-04-04 12:05:18 | INFO |   MIL: $0.65 [WAIT] | MEM: $0.32 [BUY ZONE]
2026-04-04 12:05:18 | INFO | ------------------------------------------------------------
2026-04-04 12:05:18 | ERROR | Error in trading loop: 'SimpleFlipStrategy' object has no attribute 'working_orders'
Traceback (most recent call last):
  File "/home/ubuntu/.openclaw/workspace/workers/flip/flipbot.py", line 635, in run
    pending_orders = len(self.working_orders)
AttributeError: 'SimpleFlipStrategy' object has no attribute 'working_orders'
2026-04-04 12:05:20 | INFO | Fetched 100 markets for KXNBAGAME
2026-04-04 12:05:20 | INFO | Fetched 100 markets for KXNBAGAME
2026-04-04 12:05:20 | INFO | Checking 19 pending positions for finalized markets...
2026-04-04 12:05:20 | INFO | ------------------------------------------------------------
2026-04-04 12:05:20 | INFO | NBA GAME MARKETS STATUS:
2026-04-04 12:05:20 | INFO |   HOU: $0.58 [SELL @ $0.85] | GSW: $0.39 [SELL @ $0.85]
2026-04-04 12:05:20 | INFO |   SAC: $0.13 [SELL @ $0.85] | LAC: $0.85 [WAIT]
2026-04-04 12:05:20 | INFO |   LAL: $0.71 [WAIT] | DAL: $0.26 [SELL @ $0.85]
2026-04-04 12:05:20 | INFO |   MIN: $0.51 [SELL @ $0.85] | CHA: $0.48 [SELL @ $0.85]
2026-04-04 12:05:20 | INFO |   ORL: $0.59 [SELL @ $0.85] | NOP: $0.39 [SELL @ $0.85]
2026-04-04 12:05:20 | INFO |   UTA: $0.05 [SELL @ $0.85] | OKC: $0.95 [WAIT]
2026-04-04 12:05:20 | INFO |   IND: $0.07 [SELL @ $0.85] | CLE: $0.91 [WAIT]
2026-04-04 12:05:20 | INFO |   MIL: $0.65 [WAIT] | MEM: $0.32 [SELL @ $0.85]
2026-04-04 12:05:20 | INFO | ------------------------------------------------------------
2026-04-04 12:05:31 | INFO | Fetched 100 markets for KXNBAGAME
2026-04-04 12:05:31 | INFO | Fetched 100 markets for KXNBAGAME
2026-04-04 12:05:31 | INFO | Checking 19 pending positions for finalized markets...
2026-04-04 12:05:31 | INFO | ------------------------------------------------------------
2026-04-04 12:05:31 | INFO | NBA GAME MARKETS STATUS:
2026-04-04 12:05:31 | INFO |   HOU: $0.58 [SELL @ $0.85] | GSW: $0.39 [SELL @ $0.85]
2026-04-04 12:05:31 | INFO |   SAC: $0.13 [SELL @ $0.85] | LAC: $0.85 [WAIT]
2026-04-04 12:05:31 | INFO |   LAL: $0.71 [WAIT] | DAL: $0.26 [SELL @ $0.85]
2026-04-04 12:05:31 | INFO |   MIN: $0.51 [SELL @ $0.85] | CHA: $0.48 [SELL @ $0.85]
2026-04-04 12:05:31 | INFO |   ORL: $0.59 [SELL @ $0.85] | NOP: $0.39 [SELL @ $0.85]
2026-04-04 12:05:31 | INFO |   UTA: $0.05 [SELL @ $0.85] | OKC: $0.95 [WAIT]
2026-04-04 12:05:31 | INFO |   IND: $0.07 [SELL @ $0.85] | CLE: $0.91 [WAIT]
2026-04-04 12:05:31 | INFO |   MIL: $0.65 [WAIT] | MEM: $0.32 [SELL @ $0.85]
2026-04-04 12:05:31 | INFO | ------------------------------------------------------------
2026-04-04 12:05:39 | INFO | Fetched 100 markets for KXNBAGAME
2026-04-04 12:05:39 | INFO | Fetched 100 markets for KXNBAGAME
2026-04-04 12:05:39 | INFO | Checking 19 pending positions for finalized markets...
2026-04-04 12:05:40 | INFO | ------------------------------------------------------------
2026-04-04 12:05:40 | INFO | NBA GAME MARKETS STATUS:
2026-04-04 12:05:40 | INFO |   HOU: $0.58 [SELL @ $0.85] | GSW: $0.39 [SELL @ $0.85]
2026-04-04 12:05:40 | INFO |   SAC: $0.13 [SELL @ $0.85] | LAC: $0.85 [WAIT]
2026-04-04 12:05:40 | INFO |   LAL: $0.71 [WAIT] | DAL: $0.26 [SELL @ $0.85]
2026-04-04 12:05:40 | INFO |   MIN: $0.51 [SELL @ $0.85] | CHA: $0.48 [SELL @ $0.85]
2026-04-04 12:05:40 | INFO |   ORL: $0.59 [SELL @ $0.85] | NOP: $0.39 [SELL @ $0.85]
2026-04-04 12:05:40 | INFO |   UTA: $0.05 [SELL @ $0.85] | OKC: $0.95 [WAIT]
2026-04-04 12:05:40 | INFO |   IND: $0.07 [SELL @ $0.85] | CLE: $0.91 [WAIT]
2026-04-04 12:05:40 | INFO |   MIL: $0.65 [WAIT] | MEM: $0.32 [SELL @ $0.85]
2026-04-04 12:05:40 | INFO | ------------------------------------------------------------
2026-04-04 12:05:44 | INFO | Fetched 100 markets for KXNBAGAME
2026-04-04 12:05:44 | INFO | Fetched 100 markets for KXNBAGAME
2026-04-04 12:05:44 | INFO | Checking 19 pending positions for finalized markets...
2026-04-04 12:05:45 | INFO | ------------------------------------------------------------
2026-04-04 12:05:45 | INFO | NBA GAME MARKETS STATUS:
2026-04-04 12:05:45 | INFO |   HOU: $0.58 [SELL @ $0.85] | GSW: $0.39 [SELL @ $0.85]
2026-04-04 12:05:45 | INFO |   SAC: $0.13 [SELL @ $0.85] | LAC: $0.85 [WAIT]
2026-04-04 12:05:45 | INFO |   LAL: $0.71 [WAIT] | DAL: $0.26 [SELL @ $0.85]
2026-04-04 12:05:45 | INFO |   MIN: $0.51 [SELL @ $0.85] | CHA: $0.48 [SELL @ $0.85]
2026-04-04 12:05:45 | INFO |   ORL: $0.59 [SELL @ $0.85] | NOP: $0.39 [SELL @ $0.85]
2026-04-04 12:05:45 | INFO |   UTA: $0.05 [SELL @ $0.85] | OKC: $0.95 [WAIT]
2026-04-04 12:05:45 | INFO |   IND: $0.07 [SELL @ $0.85] | CLE: $0.91 [WAIT]
2026-04-04 12:05:45 | INFO |   MIL: $0.65 [WAIT] | MEM: $0.32 [SELL @ $0.85]
2026-04-04 12:05:45 | INFO | ------------------------------------------------------------
2026-04-04 12:05:45 | ERROR | Error in trading loop: 'MarketPosition' object has no attribute 'status'
Traceback (most recent call last):
  File "/home/ubuntu/.openclaw/workspace/workers/flip/flipbot.py", line 636, in run
    open_positions = len([p for p in self.strategy.positions.values() if p.status == 'open'])
  File "/home/ubuntu/.openclaw/workspace/workers/flip/flipbot.py", line 636, in <listcomp>
    open_positions = len([p for p in self.strategy.positions.values() if p.status == 'open'])
AttributeError: 'MarketPosition' object has no attribute 'status'
2026-04-04 12:05:48 | INFO | Fetched 100 markets for KXNBAGAME
2026-04-04 12:05:48 | INFO | Fetched 100 markets for KXNBAGAME
2026-04-04 12:05:48 | INFO | ------------------------------------------------------------
2026-04-04 12:05:48 | INFO | NBA GAME MARKETS STATUS:
2026-04-04 12:05:48 | INFO |   HOU: $0.58 [BUY ZONE] | GSW: $0.39 [BUY ZONE]
2026-04-04 12:05:48 | INFO |   SAC: $0.13 [BUY ZONE] | LAC: $0.85 [WAIT]
2026-04-04 12:05:48 | INFO |   LAL: $0.71 [WAIT] | DAL: $0.26 [BUY ZONE]
2026-04-04 12:05:48 | INFO |   MIN: $0.51 [BUY ZONE] | CHA: $0.48 [BUY ZONE]
2026-04-04 12:05:48 | INFO |   ORL: $0.59 [BUY ZONE] | NOP: $0.39 [BUY ZONE]
2026-04-04 12:05:48 | INFO |   UTA: $0.05 [BUY ZONE] | OKC: $0.95 [WAIT]
2026-04-04 12:05:48 | INFO |   IND: $0.07 [BUY ZONE] | CLE: $0.91 [WAIT]
2026-04-04 12:05:48 | INFO |   MIL: $0.65 [WAIT] | MEM: $0.32 [BUY ZONE]
2026-04-04 12:05:48 | INFO | ------------------------------------------------------------
2026-04-04 12:05:48 | ERROR | Error in trading loop: 'SimpleFlipStrategy' object has no attribute 'working_orders'
Traceback (most recent call last):
  File "/home/ubuntu/.openclaw/workspace/workers/flip/flipbot.py", line 635, in run
    pending_orders = len(self.working_orders)
AttributeError: 'SimpleFlipStrategy' object has no attribute 'working_orders'
2026-04-04 12:05:50 | INFO | Fetched 100 markets for KXNBAGAME
2026-04-04 12:05:50 | INFO | Fetched 100 markets for KXNBAGAME
2026-04-04 12:05:50 | INFO | Checking 19 pending positions for finalized markets...
2026-04-04 12:05:50 | INFO | ------------------------------------------------------------
2026-04-04 12:05:50 | INFO | NBA GAME MARKETS STATUS:
2026-04-04 12:05:50 | INFO |   HOU: $0.58 [SELL @ $0.85] | GSW: $0.39 [SELL @ $0.85]
2026-04-04 12:05:50 | INFO |   SAC: $0.13 [SELL @ $0.85] | LAC: $0.85 [WAIT]
2026-04-04 12:05:50 | INFO |   LAL: $0.71 [WAIT] | DAL: $0.26 [SELL @ $0.85]
2026-04-04 12:05:50 | INFO |   MIN: $0.51 [SELL @ $0.85] | CHA: $0.48 [SELL @ $0.85]
2026-04-04 12:05:50 | INFO |   ORL: $0.59 [SELL @ $0.85] | NOP: $0.39 [SELL @ $0.85]
2026-04-04 12:05:50 | INFO |   UTA: $0.05 [SELL @ $0.85] | OKC: $0.95 [WAIT]
2026-04-04 12:05:50 | INFO |   IND: $0.07 [SELL @ $0.85] | CLE: $0.91 [WAIT]
2026-04-04 12:05:50 | INFO |   MIL: $0.65 [WAIT] | MEM: $0.32 [SELL @ $0.85]
2026-04-04 12:05:50 | INFO | ------------------------------------------------------------
2026-04-04 12:06:01 | INFO | Fetched 100 markets for KXNBAGAME
2026-04-04 12:06:01 | INFO | Fetched 100 markets for KXNBAGAME
2026-04-04 12:06:01 | INFO | Checking 19 pending positions for finalized markets...
2026-04-04 12:06:01 | ERROR | API GET failed: https://api.elections.kalshi.com/trade-api/v2/markets/KXNBAGAME-26APR05LACSAC-SAC | Error: 429 Client Error: Too Many Requests for url: https://api.elections.kalshi.com/trade-api/v2/markets/KXNBAGAME-26APR05LACSAC-SAC
2026-04-04 12:06:01 | WARNING | Failed to fetch market KXNBAGAME-26APR05LACSAC-SAC: 429 Client Error: Too Many Requests for url: https://api.elections.kalshi.com/trade-api/v2/markets/KXNBAGAME-26APR05LACSAC-SAC
2026-04-04 12:06:01 | WARNING | Could not fetch market for KXNBAGAME-26APR05LACSAC-SAC
2026-04-04 12:06:01 | ERROR | API GET failed: https://api.elections.kalshi.com/trade-api/v2/markets/KXNBAGAME-26APR05CHAMIN-MIN | Error: 429 Client Error: Too Many Requests for url: https://api.elections.kalshi.com/trade-api/v2/markets/KXNBAGAME-26APR05CHAMIN-MIN
2026-04-04 12:06:01 | WARNING | Failed to fetch market KXNBAGAME-26APR05CHAMIN-MIN: 429 Client Error: Too Many Requests for url: https://api.elections.kalshi.com/trade-api/v2/markets/KXNBAGAME-26APR05CHAMIN-MIN
2026-04-04 12:06:01 | WARNING | Could not fetch market for KXNBAGAME-26APR05CHAMIN-MIN
2026-04-04 12:06:01 | ERROR | API GET failed: https://api.elections.kalshi.com/trade-api/v2/markets/KXNBAGAME-26APR05ORLNOP-ORL | Error: 429 Client Error: Too Many Requests for url: https://api.elections.kalshi.com/trade-api/v2/markets/KXNBAGAME-26APR05ORLNOP-ORL
2026-04-04 12:06:01 | WARNING | Failed to fetch market KXNBAGAME-26APR05ORLNOP-ORL: 429 Client Error: Too Many Requests for url: https://api.elections.kalshi.com/trade-api/v2/markets/KXNBAGAME-26APR05ORLNOP-ORL
2026-04-04 12:06:01 | WARNING | Could not fetch market for KXNBAGAME-26APR05ORLNOP-ORL
2026-04-04 12:06:02 | ERROR | API GET failed: https://api.elections.kalshi.com/trade-api/v2/markets/KXNBAGAME-26APR05ORLNOP-NOP | Error: 429 Client Error: Too Many Requests for url: https://api.elections.kalshi.com/trade-api/v2/markets/KXNBAGAME-26APR05ORLNOP-NOP
2026-04-04 12:06:02 | WARNING | Failed to fetch market KXNBAGAME-26APR05ORLNOP-NOP: 429 Client Error: Too Many Requests for url: https://api.elections.kalshi.com/trade-api/v2/markets/KXNBAGAME-26APR05ORLNOP-NOP
2026-04-04 12:06:02 | WARNING | Could not fetch market for KXNBAGAME-26APR05ORLNOP-NOP
2026-04-04 12:06:02 | ERROR | API GET failed: https://api.elections.kalshi.com/trade-api/v2/markets/KXNBAGAME-26APR05INDCLE-IND | Error: 429 Client Error: Too Many Requests for url: https://api.elections.kalshi.com/trade-api/v2/markets/KXNBAGAME-26APR05INDCLE-IND
2026-04-04 12:06:02 | WARNING | Failed to fetch market KXNBAGAME-26APR05INDCLE-IND: 429 Client Error: Too Many Requests for url: https://api.elections.kalshi.com/trade-api/v2/markets/KXNBAGAME-26APR05INDCLE-IND
2026-04-04 12:06:02 | WARNING | Could not fetch market for KXNBAGAME-26APR05INDCLE-IND
2026-04-04 12:06:02 | ERROR | API GET failed: https://api.elections.kalshi.com/trade-api/v2/markets/KXNBAGAME-26APR04DETPHI-PHI | Error: 429 Client Error: Too Many Requests for url: https://api.elections.kalshi.com/trade-api/v2/markets/KXNBAGAME-26APR04DETPHI-PHI
2026-04-04 12:06:02 | WARNING | Failed to fetch market KXNBAGAME-26APR04DETPHI-PHI: 429 Client Error: Too Many Requests for url: https://api.elections.kalshi.com/trade-api/v2/markets/KXNBAGAME-26APR04DETPHI-PHI
2026-04-04 12:06:02 | WARNING | Could not fetch market for KXNBAGAME-26APR04DETPHI-PHI
2026-04-04 12:06:02 | ERROR | API GET failed: https://api.elections.kalshi.com/trade-api/v2/markets/KXNBAGAME-26APR04DETPHI-DET | Error: 429 Client Error: Too Many Requests for url: https://api.elections.kalshi.com/trade-api/v2/markets/KXNBAGAME-26APR04DETPHI-DET
2026-04-04 12:06:02 | WARNING | Failed to fetch market KXNBAGAME-26APR04DETPHI-DET: 429 Client Error: Too Many Requests for url: https://api.elections.kalshi.com/trade-api/v2/markets/KXNBAGAME-26APR04DETPHI-DET
2026-04-04 12:06:02 | WARNING | Could not fetch market for KXNBAGAME-26APR04DETPHI-DET
2026-04-04 12:06:02 | ERROR | API GET failed: https://api.elections.kalshi.com/trade-api/v2/markets/KXNBAGAME-26APR04SASDEN-DEN | Error: 429 Client Error: Too Many Requests for url: https://api.elections.kalshi.com/trade-api/v2/markets/KXNBAGAME-26APR04SASDEN-DEN
2026-04-04 12:06:02 | WARNING | Failed to fetch market KXNBAGAME-26APR04SASDEN-DEN: 429 Client Error: Too Many Requests for url: https://api.elections.kalshi.com/trade-api/v2/markets/KXNBAGAME-26APR04SASDEN-DEN
2026-04-04 12:06:02 | WARNING | Could not fetch market for KXNBAGAME-26APR04SASDEN-DEN
2026-04-04 12:06:02 | ERROR | API GET failed: https://api.elections.kalshi.com/trade-api/v2/markets/KXNBAGAME-26APR04WASMIA-WAS | Error: 429 Client Error: Too Many Requests for url: https://api.elections.kalshi.com/trade-api/v2/markets/KXNBAGAME-26APR04WASMIA-WAS
2026-04-04 12:06:02 | WARNING | Failed to fetch market KXNBAGAME-26APR04WASMIA-WAS: 429 Client Error: Too Many Requests for url: https://api.elections.kalshi.com/trade-api/v2/markets/KXNBAGAME-26APR04WASMIA-WAS
2026-04-04 12:06:02 | WARNING | Could not fetch market for KXNBAGAME-26APR04WASMIA-WAS
2026-04-04 12:06:02 | INFO | ------------------------------------------------------------
2026-04-04 12:06:02 | INFO | NBA GAME MARKETS STATUS:
2026-04-04 12:06:02 | INFO |   HOU: $0.58 [SELL @ $0.85] | GSW: $0.39 [SELL @ $0.85]
2026-04-04 12:06:02 | INFO |   SAC: $0.13 [SELL @ $0.85] | LAC: $0.85 [WAIT]
2026-04-04 12:06:02 | INFO |   LAL: $0.71 [WAIT] | DAL: $0.26 [SELL @ $0.85]
2026-04-04 12:06:02 | INFO |   MIN: $0.51 [SELL @ $0.85] | CHA: $0.48 [SELL @ $0.85]
2026-04-04 12:06:02 | INFO |   ORL: $0.59 [SELL @ $0.85] | NOP: $0.39 [SELL @ $0.85]
2026-04-04 12:06:02 | INFO |   UTA: $0.05 [SELL @ $0.85] | OKC: $0.95 [WAIT]
2026-04-04 12:06:02 | INFO |   IND: $0.07 [SELL @ $0.85] | CLE: $0.91 [WAIT]
2026-04-04 12:06:02 | INFO |   MIL: $0.65 [WAIT] | MEM: $0.32 [SELL @ $0.85]
2026-04-04 12:06:02 | INFO | ------------------------------------------------------------
2026-04-04 12:06:10 | INFO | Fetched 100 markets for KXNBAGAME
2026-04-04 12:06:10 | INFO | Fetched 100 markets for KXNBAGAME
2026-04-04 12:06:10 | INFO | Checking 19 pending positions for finalized markets...
2026-04-04 12:06:10 | INFO | ------------------------------------------------------------
2026-04-04 12:06:10 | INFO | NBA GAME MARKETS STATUS:
2026-04-04 12:06:10 | INFO |   HOU: $0.58 [SELL @ $0.85] | GSW: $0.39 [SELL @ $0.85]
2026-04-04 12:06:10 | INFO |   SAC: $0.13 [SELL @ $0.85] | LAC: $0.85 [WAIT]
2026-04-04 12:06:10 | INFO |   LAL: $0.71 [WAIT] | DAL: $0.26 [SELL @ $0.85]
2026-04-04 12:06:10 | INFO |   MIN: $0.51 [SELL @ $0.85] | CHA: $0.48 [SELL @ $0.85]
2026-04-04 12:06:10 | INFO |   ORL: $0.59 [SELL @ $0.85] | NOP: $0.39 [SELL @ $0.85]
2026-04-04 12:06:10 | INFO |   UTA: $0.05 [SELL @ $0.85] | OKC: $0.95 [WAIT]
2026-04-04 12:06:10 | INFO |   IND: $0.07 [SELL @ $0.85] | CLE: $0.91 [WAIT]
2026-04-04 12:06:10 | INFO |   MIL: $0.65 [WAIT] | MEM: $0.32 [SELL @ $0.85]
2026-04-04 12:06:10 | INFO | ------------------------------------------------------------
2026-04-04 12:06:15 | INFO | Fetched 100 markets for KXNBAGAME
2026-04-04 12:06:15 | INFO | Fetched 100 markets for KXNBAGAME
2026-04-04 12:06:15 | INFO | Checking 19 pending positions for finalized markets...
2026-04-04 12:06:15 | INFO | ------------------------------------------------------------
2026-04-04 12:06:15 | INFO | NBA GAME MARKETS STATUS:
2026-04-04 12:06:15 | INFO |   HOU: $0.58 [SELL @ $0.85] | GSW: $0.39 [SELL @ $0.85]
2026-04-04 12:06:15 | INFO |   SAC: $0.13 [SELL @ $0.85] | LAC: $0.85 [WAIT]
2026-04-04 12:06:15 | INFO |   LAL: $0.71 [WAIT] | DAL: $0.26 [SELL @ $0.85]
2026-04-04 12:06:15 | INFO |   MIN: $0.51 [SELL @ $0.85] | CHA: $0.48 [SELL @ $0.85]
2026-04-04 12:06:15 | INFO |   ORL: $0.59 [SELL @ $0.85] | NOP: $0.39 [SELL @ $0.85]
2026-04-04 12:06:15 | INFO |   UTA: $0.05 [SELL @ $0.85] | OKC: $0.95 [WAIT]
2026-04-04 12:06:15 | INFO |   IND: $0.07 [SELL @ $0.85] | CLE: $0.91 [WAIT]
2026-04-04 12:06:15 | INFO |   MIL: $0.65 [WAIT] | MEM: $0.32 [SELL @ $0.85]
2026-04-04 12:06:15 | INFO | ------------------------------------------------------------
2026-04-04 12:06:15 | ERROR | Error in trading loop: 'MarketPosition' object has no attribute 'status'
Traceback (most recent call last):
  File "/home/ubuntu/.openclaw/workspace/workers/flip/flipbot.py", line 636, in run
    open_positions = len([p for p in self.strategy.positions.values() if p.status == 'open'])
  File "/home/ubuntu/.openclaw/workspace/workers/flip/flipbot.py", line 636, in <listcomp>
    open_positions = len([p for p in self.strategy.positions.values() if p.status == 'open'])
AttributeError: 'MarketPosition' object has no attribute 'status'
2026-04-04 12:06:18 | INFO | Fetched 100 markets for KXNBAGAME
2026-04-04 12:06:18 | INFO | Fetched 100 markets for KXNBAGAME
2026-04-04 12:06:18 | INFO | ------------------------------------------------------------
2026-04-04 12:06:18 | INFO | NBA GAME MARKETS STATUS:
2026-04-04 12:06:18 | INFO |   HOU: $0.58 [BUY ZONE] | GSW: $0.39 [BUY ZONE]
2026-04-04 12:06:18 | INFO |   SAC: $0.13 [BUY ZONE] | LAC: $0.85 [WAIT]
2026-04-04 12:06:18 | INFO |   LAL: $0.71 [WAIT] | DAL: $0.26 [BUY ZONE]
2026-04-04 12:06:18 | INFO |   MIN: $0.51 [BUY ZONE] | CHA: $0.48 [BUY ZONE]
2026-04-04 12:06:18 | INFO |   ORL: $0.59 [BUY ZONE] | NOP: $0.39 [BUY ZONE]
2026-04-04 12:06:18 | INFO |   UTA: $0.05 [BUY ZONE] | OKC: $0.95 [WAIT]
2026-04-04 12:06:18 | INFO |   IND: $0.07 [BUY ZONE] | CLE: $0.91 [WAIT]
2026-04-04 12:06:18 | INFO |   MIL: $0.65 [WAIT] | MEM: $0.32 [BUY ZONE]
2026-04-04 12:06:18 | INFO | ------------------------------------------------------------
2026-04-04 12:06:18 | ERROR | Error in trading loop: 'SimpleFlipStrategy' object has no attribute 'working_orders'
Traceback (most recent call last):
  File "/home/ubuntu/.openclaw/workspace/workers/flip/flipbot.py", line 635, in run
    pending_orders = len(self.working_orders)
AttributeError: 'SimpleFlipStrategy' object has no attribute 'working_orders'
2026-04-04 12:06:20 | INFO | Fetched 100 markets for KXNBAGAME
2026-04-04 12:06:20 | INFO | Fetched 100 markets for KXNBAGAME
2026-04-04 12:06:20 | INFO | Checking 19 pending positions for finalized markets...
2026-04-04 12:06:21 | INFO | ------------------------------------------------------------
2026-04-04 12:06:21 | INFO | NBA GAME MARKETS STATUS:
2026-04-04 12:06:21 | INFO |   HOU: $0.58 [SELL @ $0.85] | GSW: $0.39 [SELL @ $0.85]
2026-04-04 12:06:21 | INFO |   SAC: $0.13 [SELL @ $0.85] | LAC: $0.85 [WAIT]
2026-04-04 12:06:21 | INFO |   LAL: $0.71 [WAIT] | DAL: $0.26 [SELL @ $0.85]
2026-04-04 12:06:21 | INFO |   MIN: $0.51 [SELL @ $0.85] | CHA: $0.48 [SELL @ $0.85]
2026-04-04 12:06:21 | INFO |   ORL: $0.59 [SELL @ $0.85] | NOP: $0.39 [SELL @ $0.85]
2026-04-04 12:06:21 | INFO |   UTA: $0.05 [SELL @ $0.85] | OKC: $0.95 [WAIT]
2026-04-04 12:06:21 | INFO |   IND: $0.07 [SELL @ $0.85] | CLE: $0.91 [WAIT]
2026-04-04 12:06:21 | INFO |   MIL: $0.65 [WAIT] | MEM: $0.32 [SELL @ $0.85]
2026-04-04 12:06:21 | INFO | ------------------------------------------------------------
2026-04-04 12:06:32 | INFO | Fetched 100 markets for KXNBAGAME
2026-04-04 12:06:32 | INFO | Fetched 100 markets for KXNBAGAME
2026-04-04 12:06:32 | INFO | Checking 19 pending positions for finalized markets...
2026-04-04 12:06:32 | INFO | ------------------------------------------------------------
2026-04-04 12:06:32 | INFO | NBA GAME MARKETS STATUS:
2026-04-04 12:06:32 | INFO |   HOU: $0.58 [SELL @ $0.85] | GSW: $0.39 [SELL @ $0.85]
2026-04-04 12:06:32 | INFO |   SAC: $0.13 [SELL @ $0.85] | LAC: $0.85 [WAIT]
2026-04-04 12:06:32 | INFO |   LAL: $0.71 [WAIT] | DAL: $0.26 [SELL @ $0.85]
2026-04-04 12:06:32 | INFO |   MIN: $0.51 [SELL @ $0.85] | CHA: $0.48 [SELL @ $0.85]
2026-04-04 12:06:32 | INFO |   ORL: $0.59 [SELL @ $0.85] | NOP: $0.39 [SELL @ $0.85]
2026-04-04 12:06:32 | INFO |   UTA: $0.05 [SELL @ $0.85] | OKC: $0.95 [WAIT]
2026-04-04 12:06:32 | INFO |   IND: $0.07 [SELL @ $0.85] | CLE: $0.91 [WAIT]
2026-04-04 12:06:32 | INFO |   MIL: $0.65 [WAIT] | MEM: $0.32 [SELL @ $0.85]
2026-04-04 12:06:32 | INFO | ------------------------------------------------------------
2026-04-04 12:06:40 | INFO | Fetched 100 markets for KXNBAGAME
2026-04-04 12:06:40 | INFO | Fetched 100 markets for KXNBAGAME
2026-04-04 12:06:40 | INFO | Checking 19 pending positions for finalized markets...
2026-04-04 12:06:41 | INFO | ------------------------------------------------------------
2026-04-04 12:06:41 | INFO | NBA GAME MARKETS STATUS:
2026-04-04 12:06:41 | INFO |   HOU: $0.58 [SELL @ $0.85] | GSW: $0.39 [SELL @ $0.85]
2026-04-04 12:06:41 | INFO |   SAC: $0.13 [SELL @ $0.85] | LAC: $0.85 [WAIT]
2026-04-04 12:06:41 | INFO |   LAL: $0.71 [WAIT] | DAL: $0.26 [SELL @ $0.85]
2026-04-04 12:06:41 | INFO |   MIN: $0.51 [SELL @ $0.85] | CHA: $0.48 [SELL @ $0.85]
2026-04-04 12:06:41 | INFO |   ORL: $0.59 [SELL @ $0.85] | NOP: $0.39 [SELL @ $0.85]
2026-04-04 12:06:41 | INFO |   UTA: $0.05 [SELL @ $0.85] | OKC: $0.95 [WAIT]
2026-04-04 12:06:41 | INFO |   IND: $0.07 [SELL @ $0.85] | CLE: $0.91 [WAIT]
2026-04-04 12:06:41 | INFO |   MIL: $0.65 [WAIT] | MEM: $0.32 [SELL @ $0.85]
2026-04-04 12:06:41 | INFO | ------------------------------------------------------------
2026-04-04 12:06:45 | INFO | Fetched 100 markets for KXNBAGAME
2026-04-04 12:06:45 | INFO | Fetched 100 markets for KXNBAGAME
2026-04-04 12:06:45 | INFO | Checking 19 pending positions for finalized markets...
2026-04-04 12:06:46 | INFO | ------------------------------------------------------------
2026-04-04 12:06:46 | INFO | NBA GAME MARKETS STATUS:
2026-04-04 12:06:46 | INFO |   HOU: $0.58 [SELL @ $0.85] | GSW: $0.39 [SELL @ $0.85]
2026-04-04 12:06:46 | INFO |   SAC: $0.13 [SELL @ $0.85] | LAC: $0.85 [WAIT]
2026-04-04 12:06:46 | INFO |   LAL: $0.71 [WAIT] | DAL: $0.26 [SELL @ $0.85]
2026-04-04 12:06:46 | INFO |   MIN: $0.51 [SELL @ $0.85] | CHA: $0.48 [SELL @ $0.85]
2026-04-04 12:06:46 | INFO |   ORL: $0.59 [SELL @ $0.85] | NOP: $0.39 [SELL @ $0.85]
2026-04-04 12:06:46 | INFO |   UTA: $0.05 [SELL @ $0.85] | OKC: $0.95 [WAIT]
2026-04-04 12:06:46 | INFO |   IND: $0.07 [SELL @ $0.85] | CLE: $0.91 [WAIT]
2026-04-04 12:06:46 | INFO |   MIL: $0.65 [WAIT] | MEM: $0.32 [SELL @ $0.85]
2026-04-04 12:06:46 | INFO | ------------------------------------------------------------
2026-04-04 12:06:46 | ERROR | Error in trading loop: 'MarketPosition' object has no attribute 'status'
Traceback (most recent call last):
  File "/home/ubuntu/.openclaw/workspace/workers/flip/flipbot.py", line 636, in run
    open_positions = len([p for p in self.strategy.positions.values() if p.status == 'open'])
  File "/home/ubuntu/.openclaw/workspace/workers/flip/flipbot.py", line 636, in <listcomp>
    open_positions = len([p for p in self.strategy.positions.values() if p.status == 'open'])
AttributeError: 'MarketPosition' object has no attribute 'status'
2026-04-04 12:06:48 | INFO | Fetched 100 markets for KXNBAGAME
2026-04-04 12:06:48 | INFO | Fetched 100 markets for KXNBAGAME
2026-04-04 12:06:48 | INFO | ------------------------------------------------------------
2026-04-04 12:06:48 | INFO | NBA GAME MARKETS STATUS:
2026-04-04 12:06:48 | INFO |   HOU: $0.58 [BUY ZONE] | GSW: $0.39 [BUY ZONE]
2026-04-04 12:06:48 | INFO |   SAC: $0.13 [BUY ZONE] | LAC: $0.85 [WAIT]
2026-04-04 12:06:48 | INFO |   LAL: $0.71 [WAIT] | DAL: $0.26 [BUY ZONE]
2026-04-04 12:06:48 | INFO |   MIN: $0.51 [BUY ZONE] | CHA: $0.48 [BUY ZONE]
2026-04-04 12:06:48 | INFO |   ORL: $0.59 [BUY ZONE] | NOP: $0.39 [BUY ZONE]
2026-04-04 12:06:48 | INFO |   UTA: $0.05 [BUY ZONE] | OKC: $0.95 [WAIT]
2026-04-04 12:06:48 | INFO |   IND: $0.07 [BUY ZONE] | CLE: $0.91 [WAIT]
2026-04-04 12:06:48 | INFO |   MIL: $0.65 [WAIT] | MEM: $0.32 [BUY ZONE]
2026-04-04 12:06:48 | INFO | ------------------------------------------------------------
2026-04-04 12:06:48 | ERROR | Error in trading loop: 'SimpleFlipStrategy' object has no attribute 'working_orders'
Traceback (most recent call last):
  File "/home/ubuntu/.openclaw/workspace/workers/flip/flipbot.py", line 635, in run
    pending_orders = len(self.working_orders)
AttributeError: 'SimpleFlipStrategy' object has no attribute 'working_orders'
2026-04-04 12:06:51 | INFO | Fetched 100 markets for KXNBAGAME
2026-04-04 12:06:51 | INFO | Fetched 100 markets for KXNBAGAME
2026-04-04 12:06:51 | INFO | Checking 19 pending positions for finalized markets...
2026-04-04 12:06:52 | INFO | ------------------------------------------------------------
2026-04-04 12:06:52 | INFO | NBA GAME MARKETS STATUS:
2026-04-04 12:06:52 | INFO |   HOU: $0.58 [SELL @ $0.85] | GSW: $0.39 [SELL @ $0.85]
2026-04-04 12:06:52 | INFO |   SAC: $0.13 [SELL @ $0.85] | LAC: $0.85 [WAIT]
2026-04-04 12:06:52 | INFO |   LAL: $0.71 [WAIT] | DAL: $0.26 [SELL @ $0.85]
2026-04-04 12:06:52 | INFO |   MIN: $0.51 [SELL @ $0.85] | CHA: $0.48 [SELL @ $0.85]
2026-04-04 12:06:52 | INFO |   ORL: $0.59 [SELL @ $0.85] | NOP: $0.39 [SELL @ $0.85]
2026-04-04 12:06:52 | INFO |   UTA: $0.05 [SELL @ $0.85] | OKC: $0.95 [WAIT]
2026-04-04 12:06:52 | INFO |   IND: $0.07 [SELL @ $0.85] | CLE: $0.91 [WAIT]
2026-04-04 12:06:52 | INFO |   MIL: $0.65 [WAIT] | MEM: $0.32 [SELL @ $0.85]
2026-04-04 12:06:52 | INFO | ------------------------------------------------------------
2026-04-04 12:07:02 | INFO | Fetched 100 markets for KXNBAGAME
2026-04-04 12:07:02 | INFO | Fetched 100 markets for KXNBAGAME
2026-04-04 12:07:02 | INFO | Checking 19 pending positions for finalized markets...
2026-04-04 12:07:03 | INFO | ------------------------------------------------------------
2026-04-04 12:07:03 | INFO | NBA GAME MARKETS STATUS:
2026-04-04 12:07:03 | INFO |   HOU: $0.58 [SELL @ $0.85] | GSW: $0.38 [SELL @ $0.85]
2026-04-04 12:07:03 | INFO |   SAC: $0.13 [SELL @ $0.85] | LAC: $0.85 [WAIT]
2026-04-04 12:07:03 | INFO |   LAL: $0.71 [WAIT] | DAL: $0.26 [SELL @ $0.85]
2026-04-04 12:07:03 | INFO |   MIN: $0.51 [SELL @ $0.85] | CHA: $0.48 [SELL @ $0.85]
2026-04-04 12:07:03 | INFO |   ORL: $0.59 [SELL @ $0.85] | NOP: $0.39 [SELL @ $0.85]
2026-04-04 12:07:03 | INFO |   UTA: $0.05 [SELL @ $0.85] | OKC: $0.95 [WAIT]
2026-04-04 12:07:03 | INFO |   IND: $0.07 [SELL @ $0.85] | CLE: $0.91 [WAIT]
2026-04-04 12:07:03 | INFO |   MIL: $0.65 [WAIT] | MEM: $0.32 [SELL @ $0.85]
2026-04-04 12:07:03 | INFO | ------------------------------------------------------------
2026-04-04 12:07:11 | INFO | Fetched 100 markets for KXNBAGAME
2026-04-04 12:07:11 | INFO | Fetched 100 markets for KXNBAGAME
2026-04-04 12:07:11 | INFO | Checking 19 pending positions for finalized markets...
2026-04-04 12:07:11 | INFO | ------------------------------------------------------------
2026-04-04 12:07:11 | INFO | NBA GAME MARKETS STATUS:
2026-04-04 12:07:11 | INFO |   HOU: $0.58 [SELL @ $0.85] | GSW: $0.38 [SELL @ $0.85]
2026-04-04 12:07:11 | INFO |   SAC: $0.13 [SELL @ $0.85] | LAC: $0.85 [WAIT]
2026-04-04 12:07:11 | INFO |   LAL: $0.71 [WAIT] | DAL: $0.26 [SELL @ $0.85]
2026-04-04 12:07:11 | INFO |   MIN: $0.51 [SELL @ $0.85] | CHA: $0.48 [SELL @ $0.85]
2026-04-04 12:07:11 | INFO |   ORL: $0.59 [SELL @ $0.85] | NOP: $0.39 [SELL @ $0.85]
2026-04-04 12:07:11 | INFO |   UTA: $0.05 [SELL @ $0.85] | OKC: $0.95 [WAIT]
2026-04-04 12:07:11 | INFO |   IND: $0.07 [SELL @ $0.85] | CLE: $0.91 [WAIT]
2026-04-04 12:07:11 | INFO |   MIL: $0.65 [WAIT] | MEM: $0.32 [SELL @ $0.85]
2026-04-04 12:07:11 | INFO | ------------------------------------------------------------
2026-04-04 12:07:16 | INFO | Fetched 100 markets for KXNBAGAME
2026-04-04 12:07:16 | INFO | Fetched 100 markets for KXNBAGAME
2026-04-04 12:07:16 | INFO | Checking 19 pending positions for finalized markets...
2026-04-04 12:07:16 | INFO | ------------------------------------------------------------
2026-04-04 12:07:16 | INFO | NBA GAME MARKETS STATUS:
2026-04-04 12:07:16 | INFO |   HOU: $0.58 [SELL @ $0.85] | GSW: $0.38 [SELL @ $0.85]
2026-04-04 12:07:16 | INFO |   SAC: $0.13 [SELL @ $0.85] | LAC: $0.85 [WAIT]
2026-04-04 12:07:16 | INFO |   LAL: $0.71 [WAIT] | DAL: $0.26 [SELL @ $0.85]
2026-04-04 12:07:16 | INFO |   MIN: $0.51 [SELL @ $0.85] | CHA: $0.48 [SELL @ $0.85]
2026-04-04 12:07:16 | INFO |   ORL: $0.59 [SELL @ $0.85] | NOP: $0.39 [SELL @ $0.85]
2026-04-04 12:07:16 | INFO |   UTA: $0.05 [SELL @ $0.85] | OKC: $0.95 [WAIT]
2026-04-04 12:07:16 | INFO |   IND: $0.07 [SELL @ $0.85] | CLE: $0.91 [WAIT]
2026-04-04 12:07:16 | INFO |   MIL: $0.65 [WAIT] | MEM: $0.32 [SELL @ $0.85]
2026-04-04 12:07:16 | INFO | ------------------------------------------------------------
2026-04-04 12:07:16 | ERROR | Error in trading loop: 'MarketPosition' object has no attribute 'status'
Traceback (most recent call last):
  File "/home/ubuntu/.openclaw/workspace/workers/flip/flipbot.py", line 636, in run
    open_positions = len([p for p in self.strategy.positions.values() if p.status == 'open'])
  File "/home/ubuntu/.openclaw/workspace/workers/flip/flipbot.py", line 636, in <listcomp>
    open_positions = len([p for p in self.strategy.positions.values() if p.status == 'open'])
AttributeError: 'MarketPosition' object has no attribute 'status'
2026-04-04 12:07:18 | INFO | Fetched 100 markets for KXNBAGAME
2026-04-04 12:07:18 | INFO | Fetched 100 markets for KXNBAGAME
2026-04-04 12:07:18 | INFO | ------------------------------------------------------------
2026-04-04 12:07:18 | INFO | NBA GAME MARKETS STATUS:
2026-04-04 12:07:18 | INFO |   HOU: $0.58 [BUY ZONE] | GSW: $0.38 [BUY ZONE]
2026-04-04 12:07:18 | INFO |   SAC: $0.13 [BUY ZONE] | LAC: $0.85 [WAIT]
2026-04-04 12:07:18 | INFO |   LAL: $0.71 [WAIT] | DAL: $0.26 [BUY ZONE]
2026-04-04 12:07:18 | INFO |   MIN: $0.51 [BUY ZONE] | CHA: $0.48 [BUY ZONE]
2026-04-04 12:07:18 | INFO |   ORL: $0.59 [BUY ZONE] | NOP: $0.39 [BUY ZONE]
2026-04-04 12:07:18 | INFO |   UTA: $0.05 [BUY ZONE] | OKC: $0.95 [WAIT]
2026-04-04 12:07:18 | INFO |   IND: $0.07 [BUY ZONE] | CLE: $0.91 [WAIT]
2026-04-04 12:07:18 | INFO |   MIL: $0.65 [WAIT] | MEM: $0.32 [BUY ZONE]
2026-04-04 12:07:18 | INFO | ------------------------------------------------------------
2026-04-04 12:07:18 | ERROR | Error in trading loop: 'SimpleFlipStrategy' object has no attribute 'working_orders'
Traceback (most recent call last):
  File "/home/ubuntu/.openclaw/workspace/workers/flip/flipbot.py", line 635, in run
    pending_orders = len(self.working_orders)
AttributeError: 'SimpleFlipStrategy' object has no attribute 'working_orders'
2026-04-04 12:07:22 | INFO | Fetched 100 markets for KXNBAGAME
2026-04-04 12:07:22 | INFO | Fetched 100 markets for KXNBAGAME
2026-04-04 12:07:22 | INFO | Checking 19 pending positions for finalized markets...
2026-04-04 12:07:22 | INFO | ------------------------------------------------------------
2026-04-04 12:07:22 | INFO | NBA GAME MARKETS STATUS:
2026-04-04 12:07:22 | INFO |   HOU: $0.58 [SELL @ $0.85] | GSW: $0.38 [SELL @ $0.85]
2026-04-04 12:07:22 | INFO |   SAC: $0.13 [SELL @ $0.85] | LAC: $0.85 [WAIT]
2026-04-04 12:07:22 | INFO |   LAL: $0.71 [WAIT] | DAL: $0.26 [SELL @ $0.85]
2026-04-04 12:07:22 | INFO |   MIN: $0.51 [SELL @ $0.85] | CHA: $0.48 [SELL @ $0.85]
2026-04-04 12:07:22 | INFO |   ORL: $0.59 [SELL @ $0.85] | NOP: $0.39 [SELL @ $0.85]
2026-04-04 12:07:22 | INFO |   UTA: $0.05 [SELL @ $0.85] | OKC: $0.95 [WAIT]
2026-04-04 12:07:22 | INFO |   IND: $0.07 [SELL @ $0.85] | CLE: $0.91 [WAIT]
2026-04-04 12:07:22 | INFO |   MIL: $0.65 [WAIT] | MEM: $0.32 [SELL @ $0.85]
2026-04-04 12:07:22 | INFO | ------------------------------------------------------------
2026-04-04 12:07:33 | INFO | Fetched 100 markets for KXNBAGAME
2026-04-04 12:07:33 | INFO | Fetched 100 markets for KXNBAGAME
2026-04-04 12:07:33 | INFO | Checking 19 pending positions for finalized markets...
2026-04-04 12:07:33 | INFO | ------------------------------------------------------------
2026-04-04 12:07:33 | INFO | NBA GAME MARKETS STATUS:
2026-04-04 12:07:33 | INFO |   HOU: $0.58 [SELL @ $0.85] | GSW: $0.37 [SELL @ $0.85]
2026-04-04 12:07:33 | INFO |   SAC: $0.13 [SELL @ $0.85] | LAC: $0.85 [WAIT]
2026-04-04 12:07:33 | INFO |   LAL: $0.71 [WAIT] | DAL: $0.26 [SELL @ $0.85]
2026-04-04 12:07:33 | INFO |   MIN: $0.51 [SELL @ $0.85] | CHA: $0.48 [SELL @ $0.85]
2026-04-04 12:07:33 | INFO |   ORL: $0.59 [SELL @ $0.85] | NOP: $0.39 [SELL @ $0.85]
2026-04-04 12:07:33 | INFO |   UTA: $0.05 [SELL @ $0.85] | OKC: $0.95 [WAIT]
2026-04-04 12:07:33 | INFO |   IND: $0.07 [SELL @ $0.85] | CLE: $0.91 [WAIT]
2026-04-04 12:07:33 | INFO |   MIL: $0.65 [WAIT] | MEM: $0.32 [SELL @ $0.85]
2026-04-04 12:07:33 | INFO | ------------------------------------------------------------
2026-04-04 12:07:41 | INFO | Fetched 100 markets for KXNBAGAME
2026-04-04 12:07:41 | INFO | Fetched 100 markets for KXNBAGAME
2026-04-04 12:07:41 | INFO | Checking 19 pending positions for finalized markets...
2026-04-04 12:07:42 | INFO | ------------------------------------------------------------
2026-04-04 12:07:42 | INFO | NBA GAME MARKETS STATUS:
2026-04-04 12:07:42 | INFO |   HOU: $0.58 [SELL @ $0.85] | GSW: $0.37 [SELL @ $0.85]
2026-04-04 12:07:42 | INFO |   SAC: $0.13 [SELL @ $0.85] | LAC: $0.85 [WAIT]
2026-04-04 12:07:42 | INFO |   LAL: $0.71 [WAIT] | DAL: $0.26 [SELL @ $0.85]
2026-04-04 12:07:42 | INFO |   MIN: $0.51 [SELL @ $0.85] | CHA: $0.48 [SELL @ $0.85]
2026-04-04 12:07:42 | INFO |   ORL: $0.59 [SELL @ $0.85] | NOP: $0.39 [SELL @ $0.85]
2026-04-04 12:07:42 | INFO |   UTA: $0.05 [SELL @ $0.85] | OKC: $0.95 [WAIT]
2026-04-04 12:07:42 | INFO |   IND: $0.07 [SELL @ $0.85] | CLE: $0.91 [WAIT]
2026-04-04 12:07:42 | INFO |   MIL: $0.65 [WAIT] | MEM: $0.32 [SELL @ $0.85]
2026-04-04 12:07:42 | INFO | ------------------------------------------------------------
2026-04-04 12:07:46 | INFO | Fetched 100 markets for KXNBAGAME
2026-04-04 12:07:46 | INFO | Fetched 100 markets for KXNBAGAME
2026-04-04 12:07:46 | INFO | Checking 19 pending positions for finalized markets...
2026-04-04 12:07:47 | INFO | ------------------------------------------------------------
2026-04-04 12:07:47 | INFO | NBA GAME MARKETS STATUS:
2026-04-04 12:07:47 | INFO |   HOU: $0.58 [SELL @ $0.85] | GSW: $0.37 [SELL @ $0.85]
2026-04-04 12:07:47 | INFO |   SAC: $0.13 [SELL @ $0.85] | LAC: $0.85 [WAIT]
2026-04-04 12:07:47 | INFO |   LAL: $0.71 [WAIT] | DAL: $0.26 [SELL @ $0.85]
2026-04-04 12:07:47 | INFO |   MIN: $0.51 [SELL @ $0.85] | CHA: $0.48 [SELL @ $0.85]
2026-04-04 12:07:47 | INFO |   ORL: $0.59 [SELL @ $0.85] | NOP: $0.39 [SELL @ $0.85]
2026-04-04 12:07:47 | INFO |   UTA: $0.05 [SELL @ $0.85] | OKC: $0.95 [WAIT]
2026-04-04 12:07:47 | INFO |   IND: $0.07 [SELL @ $0.85] | CLE: $0.91 [WAIT]
2026-04-04 12:07:47 | INFO |   MIL: $0.65 [WAIT] | MEM: $0.32 [SELL @ $0.85]
2026-04-04 12:07:47 | INFO | ------------------------------------------------------------
2026-04-04 12:07:47 | ERROR | Error in trading loop: 'MarketPosition' object has no attribute 'status'
Traceback (most recent call last):
  File "/home/ubuntu/.openclaw/workspace/workers/flip/flipbot.py", line 636, in run
    open_positions = len([p for p in self.strategy.positions.values() if p.status == 'open'])
  File "/home/ubuntu/.openclaw/workspace/workers/flip/flipbot.py", line 636, in <listcomp>
    open_positions = len([p for p in self.strategy.positions.values() if p.status == 'open'])
AttributeError: 'MarketPosition' object has no attribute 'status'
2026-04-04 12:07:48 | INFO | Fetched 100 markets for KXNBAGAME
2026-04-04 12:07:48 | INFO | Fetched 100 markets for KXNBAGAME
2026-04-04 12:07:48 | INFO | ------------------------------------------------------------
2026-04-04 12:07:48 | INFO | NBA GAME MARKETS STATUS:
2026-04-04 12:07:48 | INFO |   HOU: $0.58 [BUY ZONE] | GSW: $0.37 [BUY ZONE]
2026-04-04 12:07:48 | INFO |   SAC: $0.13 [BUY ZONE] | LAC: $0.85 [WAIT]
2026-04-04 12:07:48 | INFO |   LAL: $0.71 [WAIT] | DAL: $0.26 [BUY ZONE]
2026-04-04 12:07:48 | INFO |   MIN: $0.51 [BUY ZONE] | CHA: $0.48 [BUY ZONE]
2026-04-04 12:07:48 | INFO |   ORL: $0.59 [BUY ZONE] | NOP: $0.39 [BUY ZONE]
2026-04-04 12:07:48 | INFO |   UTA: $0.05 [BUY ZONE] | OKC: $0.95 [WAIT]
2026-04-04 12:07:48 | INFO |   IND: $0.07 [BUY ZONE] | CLE: $0.91 [WAIT]
2026-04-04 12:07:48 | INFO |   MIL: $0.65 [WAIT] | MEM: $0.32 [BUY ZONE]
2026-04-04 12:07:48 | INFO | ------------------------------------------------------------
2026-04-04 12:07:48 | ERROR | Error in trading loop: 'SimpleFlipStrategy' object has no attribute 'working_orders'
Traceback (most recent call last):
  File "/home/ubuntu/.openclaw/workspace/workers/flip/flipbot.py", line 635, in run
    pending_orders = len(self.working_orders)
AttributeError: 'SimpleFlipStrategy' object has no attribute 'working_orders'
2026-04-04 12:07:52 | INFO | Fetched 100 markets for KXNBAGAME
2026-04-04 12:07:52 | INFO | Fetched 100 markets for KXNBAGAME
2026-04-04 12:07:52 | INFO | Checking 19 pending positions for finalized markets...
2026-04-04 12:07:53 | INFO | ------------------------------------------------------------
2026-04-04 12:07:53 | INFO | NBA GAME MARKETS STATUS:
2026-04-04 12:07:53 | INFO |   HOU: $0.58 [SELL @ $0.85] | GSW: $0.37 [SELL @ $0.85]
2026-04-04 12:07:53 | INFO |   SAC: $0.13 [SELL @ $0.85] | LAC: $0.85 [WAIT]
2026-04-04 12:07:53 | INFO |   LAL: $0.71 [WAIT] | DAL: $0.26 [SELL @ $0.85]
2026-04-04 12:07:53 | INFO |   MIN: $0.51 [SELL @ $0.85] | CHA: $0.48 [SELL @ $0.85]
2026-04-04 12:07:53 | INFO |   ORL: $0.59 [SELL @ $0.85] | NOP: $0.39 [SELL @ $0.85]
2026-04-04 12:07:53 | INFO |   UTA: $0.05 [SELL @ $0.85] | OKC: $0.95 [WAIT]
2026-04-04 12:07:53 | INFO |   IND: $0.07 [SELL @ $0.85] | CLE: $0.91 [WAIT]
2026-04-04 12:07:53 | INFO |   MIL: $0.65 [WAIT] | MEM: $0.32 [SELL @ $0.85]
2026-04-04 12:07:53 | INFO | ------------------------------------------------------------
2026-04-04 12:08:04 | INFO | Fetched 100 markets for KXNBAGAME
2026-04-04 12:08:04 | INFO | Fetched 100 markets for KXNBAGAME
2026-04-04 12:08:04 | INFO | Checking 19 pending positions for finalized markets...
2026-04-04 12:08:04 | INFO | ------------------------------------------------------------
2026-04-04 12:08:04 | INFO | NBA GAME MARKETS STATUS:
2026-04-04 12:08:04 | INFO |   HOU: $0.58 [SELL @ $0.85] | GSW: $0.37 [SELL @ $0.85]
2026-04-04 12:08:04 | INFO |   SAC: $0.13 [SELL @ $0.85] | LAC: $0.85 [WAIT]
2026-04-04 12:08:04 | INFO |   LAL: $0.71 [WAIT] | DAL: $0.26 [SELL @ $0.85]
2026-04-04 12:08:04 | INFO |   MIN: $0.51 [SELL @ $0.85] | CHA: $0.48 [SELL @ $0.85]
2026-04-04 12:08:04 | INFO |   ORL: $0.59 [SELL @ $0.85] | NOP: $0.39 [SELL @ $0.85]
2026-04-04 12:08:04 | INFO |   UTA: $0.05 [SELL @ $0.85] | OKC: $0.95 [WAIT]
2026-04-04 12:08:04 | INFO |   IND: $0.07 [SELL @ $0.85] | CLE: $0.91 [WAIT]
2026-04-04 12:08:04 | INFO |   MIL: $0.65 [WAIT] | MEM: $0.32 [SELL @ $0.85]
2026-04-04 12:08:04 | INFO | ------------------------------------------------------------
2026-04-04 12:08:04 | INFO | ==================================================
2026-04-04 12:08:04 | INFO | SIMPLE FLIP BOT STATS
2026-04-04 12:08:04 | INFO | Runtime: 20.3 minutes
2026-04-04 12:08:04 | INFO | Balance: $86.96
2026-04-04 12:08:04 | INFO | Total positions: 19
2026-04-04 12:08:04 | INFO | Position states: {'pending_sell': 19}
2026-04-04 12:08:04 | INFO | Total trades: 19 (19 buys, 0 sells)
2026-04-04 12:08:04 | INFO | Session PnL: $0.00
2026-04-04 12:08:04 | INFO | ==================================================
2026-04-04 12:08:12 | INFO | Fetched 100 markets for KXNBAGAME
2026-04-04 12:08:12 | INFO | Fetched 100 markets for KXNBAGAME
2026-04-04 12:08:12 | INFO | Checking 19 pending positions for finalized markets...
2026-04-04 12:08:12 | INFO | ------------------------------------------------------------
2026-04-04 12:08:12 | INFO | NBA GAME MARKETS STATUS:
2026-04-04 12:08:12 | INFO |   HOU: $0.58 [SELL @ $0.85] | GSW: $0.37 [SELL @ $0.85]
2026-04-04 12:08:12 | INFO |   SAC: $0.13 [SELL @ $0.85] | LAC: $0.85 [WAIT]
2026-04-04 12:08:12 | INFO |   LAL: $0.71 [WAIT] | DAL: $0.26 [SELL @ $0.85]
2026-04-04 12:08:12 | INFO |   MIN: $0.51 [SELL @ $0.85] | CHA: $0.48 [SELL @ $0.85]
2026-04-04 12:08:12 | INFO |   ORL: $0.59 [SELL @ $0.85] | NOP: $0.39 [SELL @ $0.85]
2026-04-04 12:08:12 | INFO |   UTA: $0.05 [SELL @ $0.85] | OKC: $0.95 [WAIT]
2026-04-04 12:08:12 | INFO |   IND: $0.07 [SELL @ $0.85] | CLE: $0.91 [WAIT]
2026-04-04 12:08:12 | INFO |   MIL: $0.65 [WAIT] | MEM: $0.32 [SELL @ $0.85]
2026-04-04 12:08:12 | INFO | ------------------------------------------------------------
2026-04-04 12:08:17 | INFO | Fetched 100 markets for KXNBAGAME
2026-04-04 12:08:17 | INFO | Fetched 100 markets for KXNBAGAME
2026-04-04 12:08:17 | INFO | Checking 19 pending positions for finalized markets...
2026-04-04 12:08:17 | INFO | ------------------------------------------------------------
2026-04-04 12:08:17 | INFO | NBA GAME MARKETS STATUS:
2026-04-04 12:08:17 | INFO |   HOU: $0.58 [SELL @ $0.85] | GSW: $0.37 [SELL @ $0.85]
2026-04-04 12:08:17 | INFO |   SAC: $0.13 [SELL @ $0.85] | LAC: $0.85 [WAIT]
2026-04-04 12:08:17 | INFO |   LAL: $0.71 [WAIT] | DAL: $0.26 [SELL @ $0.85]
2026-04-04 12:08:17 | INFO |   MIN: $0.51 [SELL @ $0.85] | CHA: $0.48 [SELL @ $0.85]
2026-04-04 12:08:17 | INFO |   ORL: $0.59 [SELL @ $0.85] | NOP: $0.39 [SELL @ $0.85]
2026-04-04 12:08:17 | INFO |   UTA: $0.05 [SELL @ $0.85] | OKC: $0.95 [WAIT]
2026-04-04 12:08:17 | INFO |   IND: $0.07 [SELL @ $0.85] | CLE: $0.91 [WAIT]
2026-04-04 12:08:17 | INFO |   MIL: $0.65 [WAIT] | MEM: $0.32 [SELL @ $0.85]
2026-04-04 12:08:17 | INFO | ------------------------------------------------------------
2026-04-04 12:08:17 | ERROR | Error in trading loop: 'MarketPosition' object has no attribute 'status'
Traceback (most recent call last):
  File "/home/ubuntu/.openclaw/workspace/workers/flip/flipbot.py", line 636, in run
    open_positions = len([p for p in self.strategy.positions.values() if p.status == 'open'])
  File "/home/ubuntu/.openclaw/workspace/workers/flip/flipbot.py", line 636, in <listcomp>
    open_positions = len([p for p in self.strategy.positions.values() if p.status == 'open'])
AttributeError: 'MarketPosition' object has no attribute 'status'
2026-04-04 12:08:18 | INFO | Fetched 100 markets for KXNBAGAME
2026-04-04 12:08:18 | INFO | Fetched 100 markets for KXNBAGAME
2026-04-04 12:08:18 | INFO | ------------------------------------------------------------
2026-04-04 12:08:18 | INFO | NBA GAME MARKETS STATUS:
2026-04-04 12:08:18 | INFO |   HOU: $0.58 [BUY ZONE] | GSW: $0.37 [BUY ZONE]
2026-04-04 12:08:18 | INFO |   SAC: $0.13 [BUY ZONE] | LAC: $0.85 [WAIT]
2026-04-04 12:08:18 | INFO |   LAL: $0.71 [WAIT] | DAL: $0.26 [BUY ZONE]
2026-04-04 12:08:18 | INFO |   MIN: $0.51 [BUY ZONE] | CHA: $0.48 [BUY ZONE]
2026-04-04 12:08:18 | INFO |   ORL: $0.59 [BUY ZONE] | NOP: $0.39 [BUY ZONE]
2026-04-04 12:08:18 | INFO |   UTA: $0.05 [BUY ZONE] | OKC: $0.95 [WAIT]
2026-04-04 12:08:18 | INFO |   IND: $0.07 [BUY ZONE] | CLE: $0.91 [WAIT]
2026-04-04 12:08:18 | INFO |   MIL: $0.65 [WAIT] | MEM: $0.32 [BUY ZONE]
2026-04-04 12:08:18 | INFO | ------------------------------------------------------------
2026-04-04 12:08:18 | ERROR | Error in trading loop: 'SimpleFlipStrategy' object has no attribute 'working_orders'
Traceback (most recent call last):
  File "/home/ubuntu/.openclaw/workspace/workers/flip/flipbot.py", line 635, in run
    pending_orders = len(self.working_orders)
AttributeError: 'SimpleFlipStrategy' object has no attribute 'working_orders'
2026-04-04 12:08:23 | INFO | Fetched 100 markets for KXNBAGAME
2026-04-04 12:08:23 | INFO | Fetched 100 markets for KXNBAGAME
2026-04-04 12:08:23 | INFO | Checking 19 pending positions for finalized markets...
2026-04-04 12:08:23 | INFO | ------------------------------------------------------------
2026-04-04 12:08:23 | INFO | NBA GAME MARKETS STATUS:
2026-04-04 12:08:23 | INFO |   HOU: $0.58 [SELL @ $0.85] | GSW: $0.37 [SELL @ $0.85]
2026-04-04 12:08:23 | INFO |   SAC: $0.13 [SELL @ $0.85] | LAC: $0.85 [WAIT]
2026-04-04 12:08:23 | INFO |   LAL: $0.71 [WAIT] | DAL: $0.26 [SELL @ $0.85]
2026-04-04 12:08:23 | INFO |   MIN: $0.51 [SELL @ $0.85] | CHA: $0.48 [SELL @ $0.85]
2026-04-04 12:08:23 | INFO |   ORL: $0.59 [SELL @ $0.85] | NOP: $0.39 [SELL @ $0.85]
2026-04-04 12:08:23 | INFO |   UTA: $0.05 [SELL @ $0.85] | OKC: $0.95 [WAIT]
2026-04-04 12:08:23 | INFO |   IND: $0.07 [SELL @ $0.85] | CLE: $0.91 [WAIT]
2026-04-04 12:08:23 | INFO |   MIL: $0.65 [WAIT] | MEM: $0.32 [SELL @ $0.85]
2026-04-04 12:08:23 | INFO | ------------------------------------------------------------
2026-04-04 12:08:34 | INFO | Fetched 100 markets for KXNBAGAME
2026-04-04 12:08:34 | INFO | Fetched 100 markets for KXNBAGAME
2026-04-04 12:08:34 | INFO | Checking 19 pending positions for finalized markets...
2026-04-04 12:08:34 | INFO | ------------------------------------------------------------
2026-04-04 12:08:34 | INFO | NBA GAME MARKETS STATUS:
2026-04-04 12:08:34 | INFO |   HOU: $0.58 [SELL @ $0.85] | GSW: $0.37 [SELL @ $0.85]
2026-04-04 12:08:34 | INFO |   SAC: $0.13 [SELL @ $0.85] | LAC: $0.85 [WAIT]
2026-04-04 12:08:34 | INFO |   LAL: $0.71 [WAIT] | DAL: $0.26 [SELL @ $0.85]
2026-04-04 12:08:34 | INFO |   MIN: $0.51 [SELL @ $0.85] | CHA: $0.48 [SELL @ $0.85]
2026-04-04 12:08:34 | INFO |   ORL: $0.59 [SELL @ $0.85] | NOP: $0.39 [SELL @ $0.85]
2026-04-04 12:08:34 | INFO |   UTA: $0.05 [SELL @ $0.85] | OKC: $0.95 [WAIT]
2026-04-04 12:08:34 | INFO |   IND: $0.07 [SELL @ $0.85] | CLE: $0.91 [WAIT]
2026-04-04 12:08:34 | INFO |   MIL: $0.65 [WAIT] | MEM: $0.32 [SELL @ $0.85]
2026-04-04 12:08:34 | INFO | ------------------------------------------------------------
2026-04-04 12:08:42 | INFO | Fetched 100 markets for KXNBAGAME
2026-04-04 12:08:42 | INFO | Fetched 100 markets for KXNBAGAME
2026-04-04 12:08:42 | INFO | Checking 19 pending positions for finalized markets...
2026-04-04 12:08:43 | INFO | ------------------------------------------------------------
2026-04-04 12:08:43 | INFO | NBA GAME MARKETS STATUS:
2026-04-04 12:08:43 | INFO |   HOU: $0.58 [SELL @ $0.85] | GSW: $0.37 [SELL @ $0.85]
2026-04-04 12:08:43 | INFO |   SAC: $0.13 [SELL @ $0.85] | LAC: $0.85 [WAIT]
2026-04-04 12:08:43 | INFO |   LAL: $0.71 [WAIT] | DAL: $0.26 [SELL @ $0.85]
2026-04-04 12:08:43 | INFO |   MIN: $0.51 [SELL @ $0.85] | CHA: $0.48 [SELL @ $0.85]
2026-04-04 12:08:43 | INFO |   ORL: $0.59 [SELL @ $0.85] | NOP: $0.39 [SELL @ $0.85]
2026-04-04 12:08:43 | INFO |   UTA: $0.05 [SELL @ $0.85] | OKC: $0.95 [WAIT]
2026-04-04 12:08:43 | INFO |   IND: $0.07 [SELL @ $0.85] | CLE: $0.91 [WAIT]
2026-04-04 12:08:43 | INFO |   MIL: $0.65 [WAIT] | MEM: $0.32 [SELL @ $0.85]
2026-04-04 12:08:43 | INFO | ------------------------------------------------------------
2026-04-04 12:08:47 | INFO | Fetched 100 markets for KXNBAGAME
2026-04-04 12:08:47 | INFO | Fetched 100 markets for KXNBAGAME
2026-04-04 12:08:47 | INFO | Checking 19 pending positions for finalized markets...
2026-04-04 12:08:48 | INFO | ------------------------------------------------------------
2026-04-04 12:08:48 | INFO | NBA GAME MARKETS STATUS:
2026-04-04 12:08:48 | INFO |   HOU: $0.58 [SELL @ $0.85] | GSW: $0.37 [SELL @ $0.85]
2026-04-04 12:08:48 | INFO |   SAC: $0.13 [SELL @ $0.85] | LAC: $0.85 [WAIT]
2026-04-04 12:08:48 | INFO |   LAL: $0.71 [WAIT] | DAL: $0.26 [SELL @ $0.85]
2026-04-04 12:08:48 | INFO |   MIN: $0.51 [SELL @ $0.85] | CHA: $0.48 [SELL @ $0.85]
2026-04-04 12:08:48 | INFO |   ORL: $0.59 [SELL @ $0.85] | NOP: $0.39 [SELL @ $0.85]
2026-04-04 12:08:48 | INFO |   UTA: $0.05 [SELL @ $0.85] | OKC: $0.95 [WAIT]
2026-04-04 12:08:48 | INFO |   IND: $0.07 [SELL @ $0.85] | CLE: $0.91 [WAIT]
2026-04-04 12:08:48 | INFO |   MIL: $0.65 [WAIT] | MEM: $0.32 [SELL @ $0.85]
2026-04-04 12:08:48 | INFO | ------------------------------------------------------------
2026-04-04 12:08:48 | ERROR | Error in trading loop: 'MarketPosition' object has no attribute 'status'
Traceback (most recent call last):
  File "/home/ubuntu/.openclaw/workspace/workers/flip/flipbot.py", line 636, in run
    open_positions = len([p for p in self.strategy.positions.values() if p.status == 'open'])
  File "/home/ubuntu/.openclaw/workspace/workers/flip/flipbot.py", line 636, in <listcomp>
    open_positions = len([p for p in self.strategy.positions.values() if p.status == 'open'])
AttributeError: 'MarketPosition' object has no attribute 'status'
2026-04-04 12:08:48 | INFO | Fetched 100 markets for KXNBAGAME
2026-04-04 12:08:48 | INFO | Fetched 100 markets for KXNBAGAME
2026-04-04 12:08:48 | INFO | ------------------------------------------------------------
2026-04-04 12:08:48 | INFO | NBA GAME MARKETS STATUS:
2026-04-04 12:08:48 | INFO |   HOU: $0.58 [BUY ZONE] | GSW: $0.37 [BUY ZONE]
2026-04-04 12:08:48 | INFO |   SAC: $0.13 [BUY ZONE] | LAC: $0.85 [WAIT]
2026-04-04 12:08:48 | INFO |   LAL: $0.71 [WAIT] | DAL: $0.26 [BUY ZONE]
2026-04-04 12:08:48 | INFO |   MIN: $0.51 [BUY ZONE] | CHA: $0.48 [BUY ZONE]
2026-04-04 12:08:48 | INFO |   ORL: $0.59 [BUY ZONE] | NOP: $0.39 [BUY ZONE]
2026-04-04 12:08:48 | INFO |   UTA: $0.05 [BUY ZONE] | OKC: $0.95 [WAIT]
2026-04-04 12:08:48 | INFO |   IND: $0.07 [BUY ZONE] | CLE: $0.91 [WAIT]
2026-04-04 12:08:48 | INFO |   MIL: $0.65 [WAIT] | MEM: $0.32 [BUY ZONE]
2026-04-04 12:08:48 | INFO | ------------------------------------------------------------
2026-04-04 12:08:48 | ERROR | Error in trading loop: 'SimpleFlipStrategy' object has no attribute 'working_orders'
Traceback (most recent call last):
  File "/home/ubuntu/.openclaw/workspace/workers/flip/flipbot.py", line 635, in run
    pending_orders = len(self.working_orders)
AttributeError: 'SimpleFlipStrategy' object has no attribute 'working_orders'
2026-04-04 12:08:53 | INFO | Fetched 100 markets for KXNBAGAME
2026-04-04 12:08:53 | INFO | Fetched 100 markets for KXNBAGAME
2026-04-04 12:08:53 | INFO | Checking 19 pending positions for finalized markets...
2026-04-04 12:08:54 | INFO | ------------------------------------------------------------
2026-04-04 12:08:54 | INFO | NBA GAME MARKETS STATUS:
2026-04-04 12:08:54 | INFO |   HOU: $0.58 [SELL @ $0.85] | GSW: $0.37 [SELL @ $0.85]
2026-04-04 12:08:54 | INFO |   SAC: $0.13 [SELL @ $0.85] | LAC: $0.85 [WAIT]
2026-04-04 12:08:54 | INFO |   LAL: $0.71 [WAIT] | DAL: $0.26 [SELL @ $0.85]
2026-04-04 12:08:54 | INFO |   MIN: $0.51 [SELL @ $0.85] | CHA: $0.48 [SELL @ $0.85]
2026-04-04 12:08:54 | INFO |   ORL: $0.59 [SELL @ $0.85] | NOP: $0.39 [SELL @ $0.85]
2026-04-04 12:08:54 | INFO |   UTA: $0.05 [SELL @ $0.85] | OKC: $0.95 [WAIT]
2026-04-04 12:08:54 | INFO |   IND: $0.07 [SELL @ $0.85] | CLE: $0.91 [WAIT]
2026-04-04 12:08:54 | INFO |   MIL: $0.65 [WAIT] | MEM: $0.32 [SELL @ $0.85]
2026-04-04 12:08:54 | INFO | ------------------------------------------------------------
2026-04-04 12:09:04 | INFO | Fetched 100 markets for KXNBAGAME
2026-04-04 12:09:04 | INFO | Fetched 100 markets for KXNBAGAME
2026-04-04 12:09:04 | INFO | Checking 19 pending positions for finalized markets...
2026-04-04 12:09:05 | INFO | ------------------------------------------------------------
2026-04-04 12:09:05 | INFO | NBA GAME MARKETS STATUS:
2026-04-04 12:09:05 | INFO |   HOU: $0.58 [SELL @ $0.85] | GSW: $0.37 [SELL @ $0.85]
2026-04-04 12:09:05 | INFO |   SAC: $0.13 [SELL @ $0.85] | LAC: $0.85 [WAIT]
2026-04-04 12:09:05 | INFO |   LAL: $0.71 [WAIT] | DAL: $0.26 [SELL @ $0.85]
2026-04-04 12:09:05 | INFO |   MIN: $0.51 [SELL @ $0.85] | CHA: $0.48 [SELL @ $0.85]
2026-04-04 12:09:05 | INFO |   ORL: $0.59 [SELL @ $0.85] | NOP: $0.39 [SELL @ $0.85]
2026-04-04 12:09:05 | INFO |   UTA: $0.05 [SELL @ $0.85] | OKC: $0.95 [WAIT]
2026-04-04 12:09:05 | INFO |   IND: $0.07 [SELL @ $0.85] | CLE: $0.91 [WAIT]
2026-04-04 12:09:05 | INFO |   MIL: $0.65 [WAIT] | MEM: $0.32 [SELL @ $0.85]
2026-04-04 12:09:05 | INFO | ------------------------------------------------------------
2026-04-04 12:09:13 | INFO | Fetched 100 markets for KXNBAGAME
2026-04-04 12:09:13 | INFO | Fetched 100 markets for KXNBAGAME
2026-04-04 12:09:13 | INFO | Checking 19 pending positions for finalized markets...
2026-04-04 12:09:14 | INFO | ------------------------------------------------------------
2026-04-04 12:09:14 | INFO | NBA GAME MARKETS STATUS:
2026-04-04 12:09:14 | INFO |   HOU: $0.58 [SELL @ $0.85] | GSW: $0.37 [SELL @ $0.85]
2026-04-04 12:09:14 | INFO |   SAC: $0.13 [SELL @ $0.85] | LAC: $0.85 [WAIT]
2026-04-04 12:09:14 | INFO |   LAL: $0.71 [WAIT] | DAL: $0.26 [SELL @ $0.85]
2026-04-04 12:09:14 | INFO |   MIN: $0.51 [SELL @ $0.85] | CHA: $0.48 [SELL @ $0.85]
2026-04-04 12:09:14 | INFO |   ORL: $0.59 [SELL @ $0.85] | NOP: $0.39 [SELL @ $0.85]
2026-04-04 12:09:14 | INFO |   UTA: $0.05 [SELL @ $0.85] | OKC: $0.95 [WAIT]
2026-04-04 12:09:14 | INFO |   IND: $0.07 [SELL @ $0.85] | CLE: $0.91 [WAIT]
2026-04-04 12:09:14 | INFO |   MIL: $0.65 [WAIT] | MEM: $0.32 [SELL @ $0.85]
2026-04-04 12:09:14 | INFO | ------------------------------------------------------------
2026-04-04 12:09:14 | INFO | ==================================================
2026-04-04 12:09:14 | INFO | SIMPLE FLIP BOT STATS
2026-04-04 12:09:14 | INFO | Runtime: 25.4 minutes
2026-04-04 12:09:14 | INFO | Balance: $86.96
2026-04-04 12:09:14 | INFO | Total positions: 19
2026-04-04 12:09:14 | INFO | Position states: {'pending_sell': 19}
2026-04-04 12:09:14 | INFO | Total trades: 19 (19 buys, 0 sells)
2026-04-04 12:09:14 | INFO | Session PnL: $0.00
2026-04-04 12:09:14 | INFO | ==================================================
2026-04-04 12:09:18 | INFO | Fetched 100 markets for KXNBAGAME
2026-04-04 12:09:18 | INFO | Fetched 100 markets for KXNBAGAME
2026-04-04 12:09:18 | INFO | Checking 19 pending positions for finalized markets...
2026-04-04 12:09:18 | INFO | ------------------------------------------------------------
2026-04-04 12:09:18 | INFO | NBA GAME MARKETS STATUS:
2026-04-04 12:09:18 | INFO |   HOU: $0.58 [SELL @ $0.85] | GSW: $0.37 [SELL @ $0.85]
2026-04-04 12:09:18 | INFO |   SAC: $0.13 [SELL @ $0.85] | LAC: $0.85 [WAIT]
2026-04-04 12:09:18 | INFO |   LAL: $0.71 [WAIT] | DAL: $0.26 [SELL @ $0.85]
2026-04-04 12:09:18 | INFO |   MIN: $0.51 [SELL @ $0.85] | CHA: $0.48 [SELL @ $0.85]
2026-04-04 12:09:18 | INFO |   ORL: $0.59 [SELL @ $0.85] | NOP: $0.39 [SELL @ $0.85]
2026-04-04 12:09:18 | INFO |   UTA: $0.05 [SELL @ $0.85] | OKC: $0.95 [WAIT]
2026-04-04 12:09:18 | INFO |   IND: $0.07 [SELL @ $0.85] | CLE: $0.91 [WAIT]
2026-04-04 12:09:18 | INFO |   MIL: $0.65 [WAIT] | MEM: $0.32 [SELL @ $0.85]
2026-04-04 12:09:18 | INFO | ------------------------------------------------------------
2026-04-04 12:09:18 | ERROR | Error in trading loop: 'MarketPosition' object has no attribute 'status'
Traceback (most recent call last):
  File "/home/ubuntu/.openclaw/workspace/workers/flip/flipbot.py", line 636, in run
    open_positions = len([p for p in self.strategy.positions.values() if p.status == 'open'])
  File "/home/ubuntu/.openclaw/workspace/workers/flip/flipbot.py", line 636, in <listcomp>
    open_positions = len([p for p in self.strategy.positions.values() if p.status == 'open'])
AttributeError: 'MarketPosition' object has no attribute 'status'
2026-04-04 12:09:18 | INFO | Fetched 100 markets for KXNBAGAME
2026-04-04 12:09:18 | INFO | Fetched 100 markets for KXNBAGAME
2026-04-04 12:09:18 | INFO | ------------------------------------------------------------
2026-04-04 12:09:18 | INFO | NBA GAME MARKETS STATUS:
2026-04-04 12:09:18 | INFO |   HOU: $0.58 [BUY ZONE] | GSW: $0.37 [BUY ZONE]
2026-04-04 12:09:18 | INFO |   SAC: $0.13 [BUY ZONE] | LAC: $0.85 [WAIT]
2026-04-04 12:09:18 | INFO |   LAL: $0.71 [WAIT] | DAL: $0.26 [BUY ZONE]
2026-04-04 12:09:18 | INFO |   MIN: $0.51 [BUY ZONE] | CHA: $0.48 [BUY ZONE]
2026-04-04 12:09:18 | INFO |   ORL: $0.59 [BUY ZONE] | NOP: $0.39 [BUY ZONE]
2026-04-04 12:09:18 | INFO |   UTA: $0.05 [BUY ZONE] | OKC: $0.95 [WAIT]
2026-04-04 12:09:18 | INFO |   IND: $0.07 [BUY ZONE] | CLE: $0.91 [WAIT]
2026-04-04 12:09:18 | INFO |   MIL: $0.65 [WAIT] | MEM: $0.32 [BUY ZONE]
2026-04-04 12:09:18 | INFO | ------------------------------------------------------------
2026-04-04 12:09:18 | ERROR | Error in trading loop: 'SimpleFlipStrategy' object has no attribute 'working_orders'
Traceback (most recent call last):
  File "/home/ubuntu/.openclaw/workspace/workers/flip/flipbot.py", line 635, in run
    pending_orders = len(self.working_orders)
AttributeError: 'SimpleFlipStrategy' object has no attribute 'working_orders'
2026-04-04 12:09:24 | INFO | Fetched 100 markets for KXNBAGAME
2026-04-04 12:09:24 | INFO | Fetched 100 markets for KXNBAGAME
2026-04-04 12:09:24 | INFO | Checking 19 pending positions for finalized markets...
2026-04-04 12:09:24 | INFO | ------------------------------------------------------------
2026-04-04 12:09:24 | INFO | NBA GAME MARKETS STATUS:
2026-04-04 12:09:24 | INFO |   HOU: $0.58 [SELL @ $0.85] | GSW: $0.37 [SELL @ $0.85]
2026-04-04 12:09:24 | INFO |   SAC: $0.13 [SELL @ $0.85] | LAC: $0.85 [WAIT]
2026-04-04 12:09:24 | INFO |   LAL: $0.71 [WAIT] | DAL: $0.26 [SELL @ $0.85]
2026-04-04 12:09:24 | INFO |   MIN: $0.51 [SELL @ $0.85] | CHA: $0.48 [SELL @ $0.85]
2026-04-04 12:09:24 | INFO |   ORL: $0.59 [SELL @ $0.85] | NOP: $0.39 [SELL @ $0.85]
2026-04-04 12:09:24 | INFO |   UTA: $0.05 [SELL @ $0.85] | OKC: $0.95 [WAIT]
2026-04-04 12:09:24 | INFO |   IND: $0.07 [SELL @ $0.85] | CLE: $0.91 [WAIT]
2026-04-04 12:09:24 | INFO |   MIL: $0.65 [WAIT] | MEM: $0.32 [SELL @ $0.85]
2026-04-04 12:09:24 | INFO | ------------------------------------------------------------
2026-04-04 12:09:24 | INFO | ==================================================
2026-04-04 12:09:24 | INFO | SIMPLE FLIP BOT STATS
2026-04-04 12:09:24 | INFO | Runtime: 20.3 minutes
2026-04-04 12:09:24 | INFO | Balance: $86.96
2026-04-04 12:09:24 | INFO | Total positions: 19
2026-04-04 12:09:24 | INFO | Position states: {'pending_sell': 19}
2026-04-04 12:09:24 | INFO | Total trades: 19 (19 buys, 0 sells)
2026-04-04 12:09:24 | INFO | Session PnL: $0.00
2026-04-04 12:09:24 | INFO | ==================================================
2026-04-04 12:09:35 | INFO | Fetched 100 markets for KXNBAGAME
2026-04-04 12:09:35 | INFO | Fetched 100 markets for KXNBAGAME
2026-04-04 12:09:35 | INFO | Checking 19 pending positions for finalized markets...
2026-04-04 12:09:35 | INFO | ------------------------------------------------------------
2026-04-04 12:09:35 | INFO | NBA GAME MARKETS STATUS:
2026-04-04 12:09:35 | INFO |   HOU: $0.58 [SELL @ $0.85] | GSW: $0.37 [SELL @ $0.85]
2026-04-04 12:09:35 | INFO |   SAC: $0.13 [SELL @ $0.85] | LAC: $0.85 [WAIT]
2026-04-04 12:09:35 | INFO |   LAL: $0.71 [WAIT] | DAL: $0.26 [SELL @ $0.85]
2026-04-04 12:09:35 | INFO |   MIN: $0.51 [SELL @ $0.85] | CHA: $0.48 [SELL @ $0.85]
2026-04-04 12:09:35 | INFO |   ORL: $0.59 [SELL @ $0.85] | NOP: $0.39 [SELL @ $0.85]
2026-04-04 12:09:35 | INFO |   UTA: $0.05 [SELL @ $0.85] | OKC: $0.95 [WAIT]
2026-04-04 12:09:35 | INFO |   IND: $0.07 [SELL @ $0.85] | CLE: $0.91 [WAIT]
2026-04-04 12:09:35 | INFO |   MIL: $0.65 [WAIT] | MEM: $0.32 [SELL @ $0.85]
2026-04-04 12:09:35 | INFO | ------------------------------------------------------------
2026-04-04 12:09:44 | INFO | Fetched 100 markets for KXNBAGAME
2026-04-04 12:09:44 | INFO | Fetched 100 markets for KXNBAGAME
2026-04-04 12:09:44 | INFO | Checking 19 pending positions for finalized markets...
2026-04-04 12:09:44 | INFO | ------------------------------------------------------------
2026-04-04 12:09:44 | INFO | NBA GAME MARKETS STATUS:
2026-04-04 12:09:44 | INFO |   HOU: $0.58 [SELL @ $0.85] | GSW: $0.37 [SELL @ $0.85]
2026-04-04 12:09:44 | INFO |   SAC: $0.13 [SELL @ $0.85] | LAC: $0.85 [WAIT]
2026-04-04 12:09:44 | INFO |   LAL: $0.71 [WAIT] | DAL: $0.26 [SELL @ $0.85]
2026-04-04 12:09:44 | INFO |   MIN: $0.51 [SELL @ $0.85] | CHA: $0.48 [SELL @ $0.85]
2026-04-04 12:09:44 | INFO |   ORL: $0.59 [SELL @ $0.85] | NOP: $0.39 [SELL @ $0.85]
2026-04-04 12:09:44 | INFO |   UTA: $0.05 [SELL @ $0.85] | OKC: $0.95 [WAIT]
2026-04-04 12:09:44 | INFO |   IND: $0.07 [SELL @ $0.85] | CLE: $0.91 [WAIT]
2026-04-04 12:09:44 | INFO |   MIL: $0.65 [WAIT] | MEM: $0.32 [SELL @ $0.85]
2026-04-04 12:09:44 | INFO | ------------------------------------------------------------
2026-04-04 12:09:48 | INFO | Fetched 100 markets for KXNBAGAME
2026-04-04 12:09:48 | INFO | Fetched 100 markets for KXNBAGAME
2026-04-04 12:09:48 | INFO | Checking 19 pending positions for finalized markets...
2026-04-04 12:09:48 | INFO | Fetched 100 markets for KXNBAGAME
2026-04-04 12:09:48 | INFO | Fetched 100 markets for KXNBAGAME
2026-04-04 12:09:48 | INFO | ------------------------------------------------------------
2026-04-04 12:09:48 | INFO | NBA GAME MARKETS STATUS:
2026-04-04 12:09:48 | INFO |   HOU: $0.58 [BUY ZONE] | GSW: $0.37 [BUY ZONE]
2026-04-04 12:09:48 | INFO |   SAC: $0.13 [BUY ZONE] | LAC: $0.85 [WAIT]
2026-04-04 12:09:48 | INFO |   LAL: $0.71 [WAIT] | DAL: $0.26 [BUY ZONE]
2026-04-04 12:09:48 | INFO |   MIN: $0.51 [BUY ZONE] | CHA: $0.48 [BUY ZONE]
2026-04-04 12:09:48 | INFO |   ORL: $0.59 [BUY ZONE] | NOP: $0.39 [BUY ZONE]
2026-04-04 12:09:48 | INFO |   UTA: $0.05 [BUY ZONE] | OKC: $0.95 [WAIT]
2026-04-04 12:09:48 | INFO |   IND: $0.07 [BUY ZONE] | CLE: $0.91 [WAIT]
2026-04-04 12:09:48 | INFO |   MIL: $0.65 [WAIT] | MEM: $0.32 [BUY ZONE]
2026-04-04 12:09:48 | INFO | ------------------------------------------------------------
2026-04-04 12:09:48 | ERROR | Error in trading loop: 'SimpleFlipStrategy' object has no attribute 'working_orders'
Traceback (most recent call last):
  File "/home/ubuntu/.openclaw/workspace/workers/flip/flipbot.py", line 635, in run
    pending_orders = len(self.working_orders)
AttributeError: 'SimpleFlipStrategy' object has no attribute 'working_orders'
2026-04-04 12:09:49 | INFO | ------------------------------------------------------------
2026-04-04 12:09:49 | INFO | NBA GAME MARKETS STATUS:
2026-04-04 12:09:49 | INFO |   HOU: $0.58 [SELL @ $0.85] | GSW: $0.37 [SELL @ $0.85]
2026-04-04 12:09:49 | INFO |   SAC: $0.13 [SELL @ $0.85] | LAC: $0.85 [WAIT]
2026-04-04 12:09:49 | INFO |   LAL: $0.71 [WAIT] | DAL: $0.26 [SELL @ $0.85]
2026-04-04 12:09:49 | INFO |   MIN: $0.51 [SELL @ $0.85] | CHA: $0.48 [SELL @ $0.85]
2026-04-04 12:09:49 | INFO |   ORL: $0.59 [SELL @ $0.85] | NOP: $0.39 [SELL @ $0.85]
2026-04-04 12:09:49 | INFO |   UTA: $0.05 [SELL @ $0.85] | OKC: $0.95 [WAIT]
2026-04-04 12:09:49 | INFO |   IND: $0.07 [SELL @ $0.85] | CLE: $0.91 [WAIT]
2026-04-04 12:09:49 | INFO |   MIL: $0.65 [WAIT] | MEM: $0.32 [SELL @ $0.85]
2026-04-04 12:09:49 | INFO | ------------------------------------------------------------
2026-04-04 12:09:49 | ERROR | Error in trading loop: 'MarketPosition' object has no attribute 'status'
Traceback (most recent call last):
  File "/home/ubuntu/.openclaw/workspace/workers/flip/flipbot.py", line 636, in run
    open_positions = len([p for p in self.strategy.positions.values() if p.status == 'open'])
  File "/home/ubuntu/.openclaw/workspace/workers/flip/flipbot.py", line 636, in <listcomp>
    open_positions = len([p for p in self.strategy.positions.values() if p.status == 'open'])
AttributeError: 'MarketPosition' object has no attribute 'status'
2026-04-04 12:09:54 | INFO | Fetched 100 markets for KXNBAGAME
2026-04-04 12:09:54 | INFO | Fetched 100 markets for KXNBAGAME
2026-04-04 12:09:54 | INFO | Checking 19 pending positions for finalized markets...
2026-04-04 12:09:55 | INFO | ------------------------------------------------------------
2026-04-04 12:09:55 | INFO | NBA GAME MARKETS STATUS:
2026-04-04 12:09:55 | INFO |   HOU: $0.58 [SELL @ $0.85] | GSW: $0.37 [SELL @ $0.85]
2026-04-04 12:09:55 | INFO |   SAC: $0.13 [SELL @ $0.85] | LAC: $0.85 [WAIT]
2026-04-04 12:09:55 | INFO |   LAL: $0.71 [WAIT] | DAL: $0.26 [SELL @ $0.85]
2026-04-04 12:09:55 | INFO |   MIN: $0.51 [SELL @ $0.85] | CHA: $0.48 [SELL @ $0.85]
2026-04-04 12:09:55 | INFO |   ORL: $0.59 [SELL @ $0.85] | NOP: $0.39 [SELL @ $0.85]
2026-04-04 12:09:55 | INFO |   UTA: $0.05 [SELL @ $0.85] | OKC: $0.95 [WAIT]
2026-04-04 12:09:55 | INFO |   IND: $0.07 [SELL @ $0.85] | CLE: $0.91 [WAIT]
2026-04-04 12:09:55 | INFO |   MIL: $0.65 [WAIT] | MEM: $0.32 [SELL @ $0.85]
2026-04-04 12:09:55 | INFO | ------------------------------------------------------------
2026-04-04 12:10:06 | INFO | Fetched 100 markets for KXNBAGAME
2026-04-04 12:10:06 | INFO | Fetched 100 markets for KXNBAGAME
2026-04-04 12:10:06 | INFO | Checking 19 pending positions for finalized markets...
2026-04-04 12:10:06 | INFO | ------------------------------------------------------------
2026-04-04 12:10:06 | INFO | NBA GAME MARKETS STATUS:
2026-04-04 12:10:06 | INFO |   HOU: $0.58 [SELL @ $0.85] | GSW: $0.37 [SELL @ $0.85]
2026-04-04 12:10:06 | INFO |   SAC: $0.13 [SELL @ $0.85] | LAC: $0.85 [WAIT]
2026-04-04 12:10:06 | INFO |   LAL: $0.71 [WAIT] | DAL: $0.26 [SELL @ $0.85]
2026-04-04 12:10:06 | INFO |   MIN: $0.51 [SELL @ $0.85] | CHA: $0.48 [SELL @ $0.85]
2026-04-04 12:10:06 | INFO |   ORL: $0.59 [SELL @ $0.85] | NOP: $0.39 [SELL @ $0.85]
2026-04-04 12:10:06 | INFO |   UTA: $0.05 [SELL @ $0.85] | OKC: $0.95 [WAIT]
2026-04-04 12:10:06 | INFO |   IND: $0.07 [SELL @ $0.85] | CLE: $0.91 [WAIT]
2026-04-04 12:10:06 | INFO |   MIL: $0.65 [WAIT] | MEM: $0.32 [SELL @ $0.85]
2026-04-04 12:10:06 | INFO | ------------------------------------------------------------
2026-04-04 12:10:14 | INFO | Fetched 100 markets for KXNBAGAME
2026-04-04 12:10:14 | INFO | Fetched 100 markets for KXNBAGAME
2026-04-04 12:10:14 | INFO | Checking 19 pending positions for finalized markets...
2026-04-04 12:10:15 | INFO | ------------------------------------------------------------
2026-04-04 12:10:15 | INFO | NBA GAME MARKETS STATUS:
2026-04-04 12:10:15 | INFO |   HOU: $0.58 [SELL @ $0.85] | GSW: $0.37 [SELL @ $0.85]
2026-04-04 12:10:15 | INFO |   SAC: $0.13 [SELL @ $0.85] | LAC: $0.85 [WAIT]
2026-04-04 12:10:15 | INFO |   LAL: $0.71 [WAIT] | DAL: $0.26 [SELL @ $0.85]
2026-04-04 12:10:15 | INFO |   MIN: $0.51 [SELL @ $0.85] | CHA: $0.48 [SELL @ $0.85]
2026-04-04 12:10:15 | INFO |   ORL: $0.59 [SELL @ $0.85] | NOP: $0.39 [SELL @ $0.85]
2026-04-04 12:10:15 | INFO |   UTA: $0.05 [SELL @ $0.85] | OKC: $0.95 [WAIT]
2026-04-04 12:10:15 | INFO |   IND: $0.07 [SELL @ $0.85] | CLE: $0.91 [WAIT]
2026-04-04 12:10:15 | INFO |   MIL: $0.65 [WAIT] | MEM: $0.32 [SELL @ $0.85]
2026-04-04 12:10:15 | INFO | ------------------------------------------------------------
2026-04-04 12:10:18 | INFO | Fetched 100 markets for KXNBAGAME
2026-04-04 12:10:18 | INFO | Fetched 100 markets for KXNBAGAME
2026-04-04 12:10:18 | INFO | ------------------------------------------------------------
2026-04-04 12:10:18 | INFO | NBA GAME MARKETS STATUS:
2026-04-04 12:10:18 | INFO |   HOU: $0.58 [BUY ZONE] | GSW: $0.37 [BUY ZONE]
2026-04-04 12:10:18 | INFO |   SAC: $0.13 [BUY ZONE] | LAC: $0.85 [WAIT]
2026-04-04 12:10:18 | INFO |   LAL: $0.71 [WAIT] | DAL: $0.26 [BUY ZONE]
2026-04-04 12:10:18 | INFO |   MIN: $0.51 [BUY ZONE] | CHA: $0.48 [BUY ZONE]
2026-04-04 12:10:18 | INFO |   ORL: $0.59 [BUY ZONE] | NOP: $0.39 [BUY ZONE]
2026-04-04 12:10:18 | INFO |   UTA: $0.05 [BUY ZONE] | OKC: $0.95 [WAIT]
2026-04-04 12:10:18 | INFO |   IND: $0.07 [BUY ZONE] | CLE: $0.91 [WAIT]
2026-04-04 12:10:18 | INFO |   MIL: $0.65 [WAIT] | MEM: $0.32 [BUY ZONE]
2026-04-04 12:10:18 | INFO | ------------------------------------------------------------
2026-04-04 12:10:18 | ERROR | Error in trading loop: 'SimpleFlipStrategy' object has no attribute 'working_orders'
Traceback (most recent call last):
  File "/home/ubuntu/.openclaw/workspace/workers/flip/flipbot.py", line 635, in run
    pending_orders = len(self.working_orders)
AttributeError: 'SimpleFlipStrategy' object has no attribute 'working_orders'
2026-04-04 12:10:19 | INFO | Fetched 100 markets for KXNBAGAME
2026-04-04 12:10:19 | INFO | Fetched 100 markets for KXNBAGAME
2026-04-04 12:10:19 | INFO | Checking 19 pending positions for finalized markets...
2026-04-04 12:10:19 | INFO | ------------------------------------------------------------
2026-04-04 12:10:19 | INFO | NBA GAME MARKETS STATUS:
2026-04-04 12:10:19 | INFO |   HOU: $0.58 [SELL @ $0.85] | GSW: $0.37 [SELL @ $0.85]
2026-04-04 12:10:19 | INFO |   SAC: $0.13 [SELL @ $0.85] | LAC: $0.85 [WAIT]
2026-04-04 12:10:19 | INFO |   LAL: $0.71 [WAIT] | DAL: $0.26 [SELL @ $0.85]
2026-04-04 12:10:19 | INFO |   MIN: $0.51 [SELL @ $0.85] | CHA: $0.48 [SELL @ $0.85]
2026-04-04 12:10:19 | INFO |   ORL: $0.59 [SELL @ $0.85] | NOP: $0.39 [SELL @ $0.85]
2026-04-04 12:10:19 | INFO |   UTA: $0.05 [SELL @ $0.85] | OKC: $0.95 [WAIT]
2026-04-04 12:10:19 | INFO |   IND: $0.07 [SELL @ $0.85] | CLE: $0.91 [WAIT]
2026-04-04 12:10:19 | INFO |   MIL: $0.65 [WAIT] | MEM: $0.32 [SELL @ $0.85]
2026-04-04 12:10:19 | INFO | ------------------------------------------------------------
2026-04-04 12:10:19 | ERROR | Error in trading loop: 'MarketPosition' object has no attribute 'status'
Traceback (most recent call last):
  File "/home/ubuntu/.openclaw/workspace/workers/flip/flipbot.py", line 636, in run
    open_positions = len([p for p in self.strategy.positions.values() if p.status == 'open'])
  File "/home/ubuntu/.openclaw/workspace/workers/flip/flipbot.py", line 636, in <listcomp>
    open_positions = len([p for p in self.strategy.positions.values() if p.status == 'open'])
AttributeError: 'MarketPosition' object has no attribute 'status'
2026-04-04 12:10:25 | INFO | Fetched 100 markets for KXNBAGAME
2026-04-04 12:10:25 | INFO | Fetched 100 markets for KXNBAGAME
2026-04-04 12:10:25 | INFO | Checking 19 pending positions for finalized markets...
2026-04-04 12:10:25 | INFO | ------------------------------------------------------------
2026-04-04 12:10:25 | INFO | NBA GAME MARKETS STATUS:
2026-04-04 12:10:25 | INFO |   HOU: $0.58 [SELL @ $0.85] | GSW: $0.37 [SELL @ $0.85]
2026-04-04 12:10:25 | INFO |   SAC: $0.13 [SELL @ $0.85] | LAC: $0.85 [WAIT]
2026-04-04 12:10:25 | INFO |   LAL: $0.71 [WAIT] | DAL: $0.26 [SELL @ $0.85]
2026-04-04 12:10:25 | INFO |   MIN: $0.51 [SELL @ $0.85] | CHA: $0.48 [SELL @ $0.85]
2026-04-04 12:10:25 | INFO |   ORL: $0.59 [SELL @ $0.85] | NOP: $0.39 [SELL @ $0.85]
2026-04-04 12:10:25 | INFO |   UTA: $0.05 [SELL @ $0.85] | OKC: $0.95 [WAIT]
2026-04-04 12:10:25 | INFO |   IND: $0.07 [SELL @ $0.85] | CLE: $0.91 [WAIT]
2026-04-04 12:10:25 | INFO |   MIL: $0.65 [WAIT] | MEM: $0.32 [SELL @ $0.85]
2026-04-04 12:10:25 | INFO | ------------------------------------------------------------
2026-04-04 12:10:36 | INFO | Fetched 100 markets for KXNBAGAME
2026-04-04 12:10:36 | INFO | Fetched 100 markets for KXNBAGAME
2026-04-04 12:10:36 | INFO | Checking 19 pending positions for finalized markets...
2026-04-04 12:10:37 | INFO | ------------------------------------------------------------
2026-04-04 12:10:37 | INFO | NBA GAME MARKETS STATUS:
2026-04-04 12:10:37 | INFO |   HOU: $0.58 [SELL @ $0.85] | GSW: $0.37 [SELL @ $0.85]
2026-04-04 12:10:37 | INFO |   SAC: $0.13 [SELL @ $0.85] | LAC: $0.85 [WAIT]
2026-04-04 12:10:37 | INFO |   LAL: $0.71 [WAIT] | DAL: $0.26 [SELL @ $0.85]
2026-04-04 12:10:37 | INFO |   MIN: $0.51 [SELL @ $0.85] | CHA: $0.48 [SELL @ $0.85]
2026-04-04 12:10:37 | INFO |   ORL: $0.59 [SELL @ $0.85] | NOP: $0.39 [SELL @ $0.85]
2026-04-04 12:10:37 | INFO |   UTA: $0.05 [SELL @ $0.85] | OKC: $0.95 [WAIT]
2026-04-04 12:10:37 | INFO |   IND: $0.07 [SELL @ $0.85] | CLE: $0.91 [WAIT]
2026-04-04 12:10:37 | INFO |   MIL: $0.65 [WAIT] | MEM: $0.32 [SELL @ $0.85]
2026-04-04 12:10:37 | INFO | ------------------------------------------------------------
2026-04-04 12:10:45 | INFO | Fetched 100 markets for KXNBAGAME
2026-04-04 12:10:45 | INFO | Fetched 100 markets for KXNBAGAME
2026-04-04 12:10:45 | INFO | Checking 19 pending positions for finalized markets...
2026-04-04 12:10:45 | INFO | ------------------------------------------------------------
2026-04-04 12:10:45 | INFO | NBA GAME MARKETS STATUS:
2026-04-04 12:10:45 | INFO |   HOU: $0.58 [SELL @ $0.85] | GSW: $0.37 [SELL @ $0.85]
2026-04-04 12:10:45 | INFO |   SAC: $0.13 [SELL @ $0.85] | LAC: $0.85 [WAIT]
2026-04-04 12:10:45 | INFO |   LAL: $0.71 [WAIT] | DAL: $0.26 [SELL @ $0.85]
2026-04-04 12:10:45 | INFO |   MIN: $0.51 [SELL @ $0.85] | CHA: $0.48 [SELL @ $0.85]
2026-04-04 12:10:45 | INFO |   ORL: $0.59 [SELL @ $0.85] | NOP: $0.39 [SELL @ $0.85]
2026-04-04 12:10:45 | INFO |   UTA: $0.05 [SELL @ $0.85] | OKC: $0.95 [WAIT]
2026-04-04 12:10:45 | INFO |   IND: $0.07 [SELL @ $0.85] | CLE: $0.91 [WAIT]
2026-04-04 12:10:45 | INFO |   MIL: $0.65 [WAIT] | MEM: $0.32 [SELL @ $0.85]
2026-04-04 12:10:45 | INFO | ------------------------------------------------------------
2026-04-04 12:10:48 | INFO | Fetched 100 markets for KXNBAGAME
2026-04-04 12:10:48 | INFO | Fetched 100 markets for KXNBAGAME
2026-04-04 12:10:48 | INFO | ------------------------------------------------------------
2026-04-04 12:10:48 | INFO | NBA GAME MARKETS STATUS:
2026-04-04 12:10:48 | INFO |   HOU: $0.58 [BUY ZONE] | GSW: $0.37 [BUY ZONE]
2026-04-04 12:10:48 | INFO |   SAC: $0.13 [BUY ZONE] | LAC: $0.85 [WAIT]
2026-04-04 12:10:48 | INFO |   LAL: $0.71 [WAIT] | DAL: $0.26 [BUY ZONE]
2026-04-04 12:10:48 | INFO |   MIN: $0.51 [BUY ZONE] | CHA: $0.48 [BUY ZONE]
2026-04-04 12:10:48 | INFO |   ORL: $0.59 [BUY ZONE] | NOP: $0.39 [BUY ZONE]
2026-04-04 12:10:48 | INFO |   UTA: $0.05 [BUY ZONE] | OKC: $0.95 [WAIT]
2026-04-04 12:10:48 | INFO |   IND: $0.07 [BUY ZONE] | CLE: $0.91 [WAIT]
2026-04-04 12:10:48 | INFO |   MIL: $0.65 [WAIT] | MEM: $0.32 [BUY ZONE]
2026-04-04 12:10:48 | INFO | ------------------------------------------------------------
2026-04-04 12:10:48 | ERROR | Error in trading loop: 'SimpleFlipStrategy' object has no attribute 'working_orders'
Traceback (most recent call last):
  File "/home/ubuntu/.openclaw/workspace/workers/flip/flipbot.py", line 635, in run
    pending_orders = len(self.working_orders)
AttributeError: 'SimpleFlipStrategy' object has no attribute 'working_orders'
2026-04-04 12:10:49 | INFO | Fetched 100 markets for KXNBAGAME
2026-04-04 12:10:49 | INFO | Fetched 100 markets for KXNBAGAME
2026-04-04 12:10:49 | INFO | Checking 19 pending positions for finalized markets...
2026-04-04 12:10:50 | INFO | ------------------------------------------------------------
2026-04-04 12:10:50 | INFO | NBA GAME MARKETS STATUS:
2026-04-04 12:10:50 | INFO |   HOU: $0.58 [SELL @ $0.85] | GSW: $0.37 [SELL @ $0.85]
2026-04-04 12:10:50 | INFO |   SAC: $0.13 [SELL @ $0.85] | LAC: $0.85 [WAIT]
2026-04-04 12:10:50 | INFO |   LAL: $0.71 [WAIT] | DAL: $0.26 [SELL @ $0.85]
2026-04-04 12:10:50 | INFO |   MIN: $0.51 [SELL @ $0.85] | CHA: $0.48 [SELL @ $0.85]
2026-04-04 12:10:50 | INFO |   ORL: $0.59 [SELL @ $0.85] | NOP: $0.39 [SELL @ $0.85]
2026-04-04 12:10:50 | INFO |   UTA: $0.05 [SELL @ $0.85] | OKC: $0.95 [WAIT]
2026-04-04 12:10:50 | INFO |   IND: $0.07 [SELL @ $0.85] | CLE: $0.91 [WAIT]
2026-04-04 12:10:50 | INFO |   MIL: $0.65 [WAIT] | MEM: $0.32 [SELL @ $0.85]
2026-04-04 12:10:50 | INFO | ------------------------------------------------------------
2026-04-04 12:10:50 | ERROR | Error in trading loop: 'MarketPosition' object has no attribute 'status'
Traceback (most recent call last):
  File "/home/ubuntu/.openclaw/workspace/workers/flip/flipbot.py", line 636, in run
    open_positions = len([p for p in self.strategy.positions.values() if p.status == 'open'])
  File "/home/ubuntu/.openclaw/workspace/workers/flip/flipbot.py", line 636, in <listcomp>
    open_positions = len([p for p in self.strategy.positions.values() if p.status == 'open'])
AttributeError: 'MarketPosition' object has no attribute 'status'
2026-04-04 12:10:55 | INFO | Fetched 100 markets for KXNBAGAME
2026-04-04 12:10:55 | INFO | Fetched 100 markets for KXNBAGAME
2026-04-04 12:10:55 | INFO | Checking 19 pending positions for finalized markets...
2026-04-04 12:10:56 | INFO | ------------------------------------------------------------
2026-04-04 12:10:56 | INFO | NBA GAME MARKETS STATUS:
2026-04-04 12:10:56 | INFO |   HOU: $0.58 [SELL @ $0.85] | GSW: $0.37 [SELL @ $0.85]
2026-04-04 12:10:56 | INFO |   SAC: $0.13 [SELL @ $0.85] | LAC: $0.85 [WAIT]
2026-04-04 12:10:56 | INFO |   LAL: $0.71 [WAIT] | DAL: $0.26 [SELL @ $0.85]
2026-04-04 12:10:56 | INFO |   MIN: $0.51 [SELL @ $0.85] | CHA: $0.48 [SELL @ $0.85]
2026-04-04 12:10:56 | INFO |   ORL: $0.59 [SELL @ $0.85] | NOP: $0.39 [SELL @ $0.85]
2026-04-04 12:10:56 | INFO |   UTA: $0.05 [SELL @ $0.85] | OKC: $0.95 [WAIT]
2026-04-04 12:10:56 | INFO |   IND: $0.07 [SELL @ $0.85] | CLE: $0.91 [WAIT]
2026-04-04 12:10:56 | INFO |   MIL: $0.65 [WAIT] | MEM: $0.32 [SELL @ $0.85]
2026-04-04 12:10:56 | INFO | ------------------------------------------------------------
2026-04-04 12:11:07 | INFO | Fetched 100 markets for KXNBAGAME
2026-04-04 12:11:07 | INFO | Fetched 100 markets for KXNBAGAME
2026-04-04 12:11:07 | INFO | Checking 19 pending positions for finalized markets...
2026-04-04 12:11:07 | INFO | ------------------------------------------------------------
2026-04-04 12:11:07 | INFO | NBA GAME MARKETS STATUS:
2026-04-04 12:11:07 | INFO |   HOU: $0.58 [SELL @ $0.85] | GSW: $0.37 [SELL @ $0.85]
2026-04-04 12:11:07 | INFO |   SAC: $0.13 [SELL @ $0.85] | LAC: $0.85 [WAIT]
2026-04-04 12:11:07 | INFO |   LAL: $0.71 [WAIT] | DAL: $0.26 [SELL @ $0.85]
2026-04-04 12:11:07 | INFO |   MIN: $0.51 [SELL @ $0.85] | CHA: $0.48 [SELL @ $0.85]
2026-04-04 12:11:07 | INFO |   ORL: $0.59 [SELL @ $0.85] | NOP: $0.39 [SELL @ $0.85]
2026-04-04 12:11:07 | INFO |   UTA: $0.05 [SELL @ $0.85] | OKC: $0.95 [WAIT]
2026-04-04 12:11:07 | INFO |   IND: $0.07 [SELL @ $0.85] | CLE: $0.91 [WAIT]
2026-04-04 12:11:07 | INFO |   MIL: $0.65 [WAIT] | MEM: $0.32 [SELL @ $0.85]
2026-04-04 12:11:07 | INFO | ------------------------------------------------------------
2026-04-04 12:11:15 | INFO | Fetched 100 markets for KXNBAGAME
2026-04-04 12:11:15 | INFO | Fetched 100 markets for KXNBAGAME
2026-04-04 12:11:15 | INFO | Checking 19 pending positions for finalized markets...
2026-04-04 12:11:16 | INFO | ------------------------------------------------------------
2026-04-04 12:11:16 | INFO | NBA GAME MARKETS STATUS:
2026-04-04 12:11:16 | INFO |   HOU: $0.58 [SELL @ $0.85] | GSW: $0.37 [SELL @ $0.85]
2026-04-04 12:11:16 | INFO |   SAC: $0.13 [SELL @ $0.85] | LAC: $0.85 [WAIT]
2026-04-04 12:11:16 | INFO |   LAL: $0.71 [WAIT] | DAL: $0.26 [SELL @ $0.85]
2026-04-04 12:11:16 | INFO |   MIN: $0.51 [SELL @ $0.85] | CHA: $0.48 [SELL @ $0.85]
2026-04-04 12:11:16 | INFO |   ORL: $0.59 [SELL @ $0.85] | NOP: $0.39 [SELL @ $0.85]
2026-04-04 12:11:16 | INFO |   UTA: $0.05 [SELL @ $0.85] | OKC: $0.95 [WAIT]
2026-04-04 12:11:16 | INFO |   IND: $0.07 [SELL @ $0.85] | CLE: $0.91 [WAIT]
2026-04-04 12:11:16 | INFO |   MIL: $0.65 [WAIT] | MEM: $0.32 [SELL @ $0.85]
2026-04-04 12:11:16 | INFO | ------------------------------------------------------------
2026-04-04 12:11:18 | INFO | Fetched 100 markets for KXNBAGAME
2026-04-04 12:11:18 | INFO | Fetched 100 markets for KXNBAGAME
2026-04-04 12:11:18 | INFO | ------------------------------------------------------------
2026-04-04 12:11:18 | INFO | NBA GAME MARKETS STATUS:
2026-04-04 12:11:18 | INFO |   HOU: $0.58 [BUY ZONE] | GSW: $0.37 [BUY ZONE]
2026-04-04 12:11:18 | INFO |   SAC: $0.13 [BUY ZONE] | LAC: $0.85 [WAIT]
2026-04-04 12:11:18 | INFO |   LAL: $0.71 [WAIT] | DAL: $0.26 [BUY ZONE]
2026-04-04 12:11:18 | INFO |   MIN: $0.51 [BUY ZONE] | CHA: $0.48 [BUY ZONE]
2026-04-04 12:11:18 | INFO |   ORL: $0.59 [BUY ZONE] | NOP: $0.39 [BUY ZONE]
2026-04-04 12:11:18 | INFO |   UTA: $0.05 [BUY ZONE] | OKC: $0.95 [WAIT]
2026-04-04 12:11:18 | INFO |   IND: $0.07 [BUY ZONE] | CLE: $0.91 [WAIT]
2026-04-04 12:11:18 | INFO |   MIL: $0.65 [WAIT] | MEM: $0.32 [BUY ZONE]
2026-04-04 12:11:18 | INFO | ------------------------------------------------------------
2026-04-04 12:11:18 | ERROR | Error in trading loop: 'SimpleFlipStrategy' object has no attribute 'working_orders'
Traceback (most recent call last):
  File "/home/ubuntu/.openclaw/workspace/workers/flip/flipbot.py", line 635, in run
    pending_orders = len(self.working_orders)
AttributeError: 'SimpleFlipStrategy' object has no attribute 'working_orders'
2026-04-04 12:11:20 | INFO | Fetched 100 markets for KXNBAGAME
2026-04-04 12:11:20 | INFO | Fetched 100 markets for KXNBAGAME
2026-04-04 12:11:20 | INFO | Checking 19 pending positions for finalized markets...
2026-04-04 12:11:20 | INFO | ------------------------------------------------------------
2026-04-04 12:11:20 | INFO | NBA GAME MARKETS STATUS:
2026-04-04 12:11:20 | INFO |   HOU: $0.58 [SELL @ $0.85] | GSW: $0.37 [SELL @ $0.85]
2026-04-04 12:11:20 | INFO |   SAC: $0.13 [SELL @ $0.85] | LAC: $0.85 [WAIT]
2026-04-04 12:11:20 | INFO |   LAL: $0.71 [WAIT] | DAL: $0.26 [SELL @ $0.85]
2026-04-04 12:11:20 | INFO |   MIN: $0.51 [SELL @ $0.85] | CHA: $0.48 [SELL @ $0.85]
2026-04-04 12:11:20 | INFO |   ORL: $0.59 [SELL @ $0.85] | NOP: $0.39 [SELL @ $0.85]
2026-04-04 12:11:20 | INFO |   UTA: $0.05 [SELL @ $0.85] | OKC: $0.95 [WAIT]
2026-04-04 12:11:20 | INFO |   IND: $0.07 [SELL @ $0.85] | CLE: $0.91 [WAIT]
2026-04-04 12:11:20 | INFO |   MIL: $0.65 [WAIT] | MEM: $0.32 [SELL @ $0.85]
2026-04-04 12:11:20 | INFO | ------------------------------------------------------------
2026-04-04 12:11:20 | ERROR | Error in trading loop: 'MarketPosition' object has no attribute 'status'
Traceback (most recent call last):
  File "/home/ubuntu/.openclaw/workspace/workers/flip/flipbot.py", line 636, in run
    open_positions = len([p for p in self.strategy.positions.values() if p.status == 'open'])
  File "/home/ubuntu/.openclaw/workspace/workers/flip/flipbot.py", line 636, in <listcomp>
    open_positions = len([p for p in self.strategy.positions.values() if p.status == 'open'])
AttributeError: 'MarketPosition' object has no attribute 'status'
2026-04-04 12:11:26 | INFO | Fetched 100 markets for KXNBAGAME
2026-04-04 12:11:26 | INFO | Fetched 100 markets for KXNBAGAME
2026-04-04 12:11:26 | INFO | Checking 19 pending positions for finalized markets...
2026-04-04 12:11:26 | INFO | ------------------------------------------------------------
2026-04-04 12:11:26 | INFO | NBA GAME MARKETS STATUS:
2026-04-04 12:11:26 | INFO |   HOU: $0.58 [SELL @ $0.85] | GSW: $0.37 [SELL @ $0.85]
2026-04-04 12:11:26 | INFO |   SAC: $0.13 [SELL @ $0.85] | LAC: $0.85 [WAIT]
2026-04-04 12:11:26 | INFO |   LAL: $0.71 [WAIT] | DAL: $0.26 [SELL @ $0.85]
2026-04-04 12:11:26 | INFO |   MIN: $0.51 [SELL @ $0.85] | CHA: $0.48 [SELL @ $0.85]
2026-04-04 12:11:26 | INFO |   ORL: $0.59 [SELL @ $0.85] | NOP: $0.39 [SELL @ $0.85]
2026-04-04 12:11:26 | INFO |   UTA: $0.05 [SELL @ $0.85] | OKC: $0.95 [WAIT]
2026-04-04 12:11:26 | INFO |   IND: $0.07 [SELL @ $0.85] | CLE: $0.91 [WAIT]
2026-04-04 12:11:26 | INFO |   MIL: $0.65 [WAIT] | MEM: $0.32 [SELL @ $0.85]
2026-04-04 12:11:26 | INFO | ------------------------------------------------------------
2026-04-04 12:11:37 | INFO | Fetched 100 markets for KXNBAGAME
2026-04-04 12:11:37 | INFO | Fetched 100 markets for KXNBAGAME
2026-04-04 12:11:37 | INFO | Checking 19 pending positions for finalized markets...
2026-04-04 12:11:38 | INFO | ------------------------------------------------------------
2026-04-04 12:11:38 | INFO | NBA GAME MARKETS STATUS:
2026-04-04 12:11:38 | INFO |   HOU: $0.58 [SELL @ $0.85] | GSW: $0.37 [SELL @ $0.85]
2026-04-04 12:11:38 | INFO |   SAC: $0.13 [SELL @ $0.85] | LAC: $0.85 [WAIT]
2026-04-04 12:11:38 | INFO |   LAL: $0.71 [WAIT] | DAL: $0.26 [SELL @ $0.85]
2026-04-04 12:11:38 | INFO |   MIN: $0.51 [SELL @ $0.85] | CHA: $0.48 [SELL @ $0.85]
2026-04-04 12:11:38 | INFO |   ORL: $0.59 [SELL @ $0.85] | NOP: $0.39 [SELL @ $0.85]
2026-04-04 12:11:38 | INFO |   UTA: $0.05 [SELL @ $0.85] | OKC: $0.95 [WAIT]
2026-04-04 12:11:38 | INFO |   IND: $0.07 [SELL @ $0.85] | CLE: $0.91 [WAIT]
2026-04-04 12:11:38 | INFO |   MIL: $0.65 [WAIT] | MEM: $0.32 [SELL @ $0.85]
2026-04-04 12:11:38 | INFO | ------------------------------------------------------------
2026-04-04 12:11:46 | INFO | Fetched 100 markets for KXNBAGAME
2026-04-04 12:11:46 | INFO | Fetched 100 markets for KXNBAGAME
2026-04-04 12:11:46 | INFO | Checking 19 pending positions for finalized markets...
2026-04-04 12:11:46 | INFO | ------------------------------------------------------------
2026-04-04 12:11:46 | INFO | NBA GAME MARKETS STATUS:
2026-04-04 12:11:46 | INFO |   HOU: $0.58 [SELL @ $0.85] | GSW: $0.37 [SELL @ $0.85]
2026-04-04 12:11:46 | INFO |   SAC: $0.13 [SELL @ $0.85] | LAC: $0.85 [WAIT]
2026-04-04 12:11:46 | INFO |   LAL: $0.71 [WAIT] | DAL: $0.26 [SELL @ $0.85]
2026-04-04 12:11:46 | INFO |   MIN: $0.51 [SELL @ $0.85] | CHA: $0.48 [SELL @ $0.85]
2026-04-04 12:11:46 | INFO |   ORL: $0.59 [SELL @ $0.85] | NOP: $0.39 [SELL @ $0.85]
2026-04-04 12:11:46 | INFO |   UTA: $0.05 [SELL @ $0.85] | OKC: $0.95 [WAIT]
2026-04-04 12:11:46 | INFO |   IND: $0.07 [SELL @ $0.85] | CLE: $0.91 [WAIT]
2026-04-04 12:11:46 | INFO |   MIL: $0.65 [WAIT] | MEM: $0.32 [SELL @ $0.85]
2026-04-04 12:11:46 | INFO | ------------------------------------------------------------
2026-04-04 12:11:48 | INFO | Fetched 100 markets for KXNBAGAME
2026-04-04 12:11:48 | INFO | Fetched 100 markets for KXNBAGAME
2026-04-04 12:11:48 | INFO | ------------------------------------------------------------
2026-04-04 12:11:48 | INFO | NBA GAME MARKETS STATUS:
2026-04-04 12:11:48 | INFO |   HOU: $0.58 [BUY ZONE] | GSW: $0.37 [BUY ZONE]
2026-04-04 12:11:48 | INFO |   SAC: $0.13 [BUY ZONE] | LAC: $0.85 [WAIT]
2026-04-04 12:11:48 | INFO |   LAL: $0.71 [WAIT] | DAL: $0.26 [BUY ZONE]
2026-04-04 12:11:48 | INFO |   MIN: $0.51 [BUY ZONE] | CHA: $0.48 [BUY ZONE]
2026-04-04 12:11:48 | INFO |   ORL: $0.59 [BUY ZONE] | NOP: $0.39 [BUY ZONE]
2026-04-04 12:11:48 | INFO |   UTA: $0.05 [BUY ZONE] | OKC: $0.95 [WAIT]
2026-04-04 12:11:48 | INFO |   IND: $0.07 [BUY ZONE] | CLE: $0.91 [WAIT]
2026-04-04 12:11:48 | INFO |   MIL: $0.65 [WAIT] | MEM: $0.32 [BUY ZONE]
2026-04-04 12:11:48 | INFO | ------------------------------------------------------------
2026-04-04 12:11:48 | ERROR | Error in trading loop: 'SimpleFlipStrategy' object has no attribute 'working_orders'
Traceback (most recent call last):
  File "/home/ubuntu/.openclaw/workspace/workers/flip/flipbot.py", line 635, in run
    pending_orders = len(self.working_orders)
AttributeError: 'SimpleFlipStrategy' object has no attribute 'working_orders'
2026-04-04 12:11:50 | INFO | Fetched 100 markets for KXNBAGAME
2026-04-04 12:11:50 | INFO | Fetched 100 markets for KXNBAGAME
2026-04-04 12:11:50 | INFO | Checking 19 pending positions for finalized markets...
2026-04-04 12:11:51 | INFO | ------------------------------------------------------------
2026-04-04 12:11:51 | INFO | NBA GAME MARKETS STATUS:
2026-04-04 12:11:51 | INFO |   HOU: $0.58 [SELL @ $0.85] | GSW: $0.37 [SELL @ $0.85]
2026-04-04 12:11:51 | INFO |   SAC: $0.13 [SELL @ $0.85] | LAC: $0.85 [WAIT]
2026-04-04 12:11:51 | INFO |   LAL: $0.71 [WAIT] | DAL: $0.26 [SELL @ $0.85]
2026-04-04 12:11:51 | INFO |   MIN: $0.51 [SELL @ $0.85] | CHA: $0.48 [SELL @ $0.85]
2026-04-04 12:11:51 | INFO |   ORL: $0.59 [SELL @ $0.85] | NOP: $0.39 [SELL @ $0.85]
2026-04-04 12:11:51 | INFO |   UTA: $0.05 [SELL @ $0.85] | OKC: $0.95 [WAIT]
2026-04-04 12:11:51 | INFO |   IND: $0.07 [SELL @ $0.85] | CLE: $0.91 [WAIT]
2026-04-04 12:11:51 | INFO |   MIL: $0.65 [WAIT] | MEM: $0.32 [SELL @ $0.85]
2026-04-04 12:11:51 | INFO | ------------------------------------------------------------
2026-04-04 12:11:51 | ERROR | Error in trading loop: 'MarketPosition' object has no attribute 'status'
Traceback (most recent call last):
  File "/home/ubuntu/.openclaw/workspace/workers/flip/flipbot.py", line 636, in run
    open_positions = len([p for p in self.strategy.positions.values() if p.status == 'open'])
  File "/home/ubuntu/.openclaw/workspace/workers/flip/flipbot.py", line 636, in <listcomp>
    open_positions = len([p for p in self.strategy.positions.values() if p.status == 'open'])
AttributeError: 'MarketPosition' object has no attribute 'status'
2026-04-04 12:11:56 | INFO | Fetched 100 markets for KXNBAGAME
2026-04-04 12:11:56 | INFO | Fetched 100 markets for KXNBAGAME
2026-04-04 12:11:56 | INFO | Checking 19 pending positions for finalized markets...
2026-04-04 12:11:57 | INFO | ------------------------------------------------------------
2026-04-04 12:11:57 | INFO | NBA GAME MARKETS STATUS:
2026-04-04 12:11:57 | INFO |   HOU: $0.58 [SELL @ $0.85] | GSW: $0.37 [SELL @ $0.85]
2026-04-04 12:11:57 | INFO |   SAC: $0.13 [SELL @ $0.85] | LAC: $0.85 [WAIT]
2026-04-04 12:11:57 | INFO |   LAL: $0.71 [WAIT] | DAL: $0.26 [SELL @ $0.85]
2026-04-04 12:11:57 | INFO |   MIN: $0.51 [SELL @ $0.85] | CHA: $0.48 [SELL @ $0.85]
2026-04-04 12:11:57 | INFO |   ORL: $0.59 [SELL @ $0.85] | NOP: $0.39 [SELL @ $0.85]
2026-04-04 12:11:57 | INFO |   UTA: $0.05 [SELL @ $0.85] | OKC: $0.95 [WAIT]
2026-04-04 12:11:57 | INFO |   IND: $0.07 [SELL @ $0.85] | CLE: $0.91 [WAIT]
2026-04-04 12:11:57 | INFO |   MIL: $0.65 [WAIT] | MEM: $0.32 [SELL @ $0.85]
2026-04-04 12:11:57 | INFO | ------------------------------------------------------------
2026-04-04 12:12:08 | INFO | Fetched 100 markets for KXNBAGAME
2026-04-04 12:12:08 | INFO | Fetched 100 markets for KXNBAGAME
2026-04-04 12:12:08 | INFO | Checking 19 pending positions for finalized markets...
2026-04-04 12:12:08 | INFO | ------------------------------------------------------------
2026-04-04 12:12:08 | INFO | NBA GAME MARKETS STATUS:
2026-04-04 12:12:08 | INFO |   HOU: $0.58 [SELL @ $0.85] | GSW: $0.37 [SELL @ $0.85]
2026-04-04 12:12:08 | INFO |   SAC: $0.13 [SELL @ $0.85] | LAC: $0.85 [WAIT]
2026-04-04 12:12:08 | INFO |   LAL: $0.71 [WAIT] | DAL: $0.26 [SELL @ $0.85]
2026-04-04 12:12:08 | INFO |   MIN: $0.51 [SELL @ $0.85] | CHA: $0.48 [SELL @ $0.85]
2026-04-04 12:12:08 | INFO |   ORL: $0.59 [SELL @ $0.85] | NOP: $0.39 [SELL @ $0.85]
2026-04-04 12:12:08 | INFO |   UTA: $0.05 [SELL @ $0.85] | OKC: $0.95 [WAIT]
2026-04-04 12:12:08 | INFO |   IND: $0.07 [SELL @ $0.85] | CLE: $0.91 [WAIT]
2026-04-04 12:12:08 | INFO |   MIL: $0.65 [WAIT] | MEM: $0.32 [SELL @ $0.85]
2026-04-04 12:12:08 | INFO | ------------------------------------------------------------
2026-04-04 12:12:16 | INFO | Fetched 100 markets for KXNBAGAME
2026-04-04 12:12:16 | INFO | Fetched 100 markets for KXNBAGAME
2026-04-04 12:12:16 | INFO | Checking 19 pending positions for finalized markets...
2026-04-04 12:12:17 | INFO | ------------------------------------------------------------
2026-04-04 12:12:17 | INFO | NBA GAME MARKETS STATUS:
2026-04-04 12:12:17 | INFO |   HOU: $0.58 [SELL @ $0.85] | GSW: $0.37 [SELL @ $0.85]
2026-04-04 12:12:17 | INFO |   SAC: $0.13 [SELL @ $0.85] | LAC: $0.85 [WAIT]
2026-04-04 12:12:17 | INFO |   LAL: $0.71 [WAIT] | DAL: $0.26 [SELL @ $0.85]
2026-04-04 12:12:17 | INFO |   MIN: $0.51 [SELL @ $0.85] | CHA: $0.48 [SELL @ $0.85]
2026-04-04 12:12:17 | INFO |   ORL: $0.59 [SELL @ $0.85] | NOP: $0.39 [SELL @ $0.85]
2026-04-04 12:12:17 | INFO |   UTA: $0.05 [SELL @ $0.85] | OKC: $0.95 [WAIT]
2026-04-04 12:12:17 | INFO |   IND: $0.07 [SELL @ $0.85] | CLE: $0.91 [WAIT]
2026-04-04 12:12:17 | INFO |   MIL: $0.65 [WAIT] | MEM: $0.32 [SELL @ $0.85]
2026-04-04 12:12:17 | INFO | ------------------------------------------------------------
2026-04-04 12:12:19 | INFO | Fetched 100 markets for KXNBAGAME
2026-04-04 12:12:19 | INFO | Fetched 100 markets for KXNBAGAME
2026-04-04 12:12:19 | INFO | ------------------------------------------------------------
2026-04-04 12:12:19 | INFO | NBA GAME MARKETS STATUS:
2026-04-04 12:12:19 | INFO |   HOU: $0.58 [BUY ZONE] | GSW: $0.37 [BUY ZONE]
2026-04-04 12:12:19 | INFO |   SAC: $0.13 [BUY ZONE] | LAC: $0.85 [WAIT]
2026-04-04 12:12:19 | INFO |   LAL: $0.71 [WAIT] | DAL: $0.26 [BUY ZONE]
2026-04-04 12:12:19 | INFO |   MIN: $0.51 [BUY ZONE] | CHA: $0.48 [BUY ZONE]
2026-04-04 12:12:19 | INFO |   ORL: $0.59 [BUY ZONE] | NOP: $0.39 [BUY ZONE]
2026-04-04 12:12:19 | INFO |   UTA: $0.05 [BUY ZONE] | OKC: $0.95 [WAIT]
2026-04-04 12:12:19 | INFO |   IND: $0.07 [BUY ZONE] | CLE: $0.91 [WAIT]
2026-04-04 12:12:19 | INFO |   MIL: $0.65 [WAIT] | MEM: $0.32 [BUY ZONE]
2026-04-04 12:12:19 | INFO | ------------------------------------------------------------
2026-04-04 12:12:19 | ERROR | Error in trading loop: 'SimpleFlipStrategy' object has no attribute 'working_orders'
Traceback (most recent call last):
  File "/home/ubuntu/.openclaw/workspace/workers/flip/flipbot.py", line 635, in run
    pending_orders = len(self.working_orders)
AttributeError: 'SimpleFlipStrategy' object has no attribute 'working_orders'
2026-04-04 12:12:21 | INFO | Fetched 100 markets for KXNBAGAME
2026-04-04 12:12:21 | INFO | Fetched 100 markets for KXNBAGAME
2026-04-04 12:12:21 | INFO | Checking 19 pending positions for finalized markets...
2026-04-04 12:12:21 | INFO | ------------------------------------------------------------
2026-04-04 12:12:21 | INFO | NBA GAME MARKETS STATUS:
2026-04-04 12:12:21 | INFO |   HOU: $0.58 [SELL @ $0.85] | GSW: $0.37 [SELL @ $0.85]
2026-04-04 12:12:21 | INFO |   SAC: $0.13 [SELL @ $0.85] | LAC: $0.85 [WAIT]
2026-04-04 12:12:21 | INFO |   LAL: $0.71 [WAIT] | DAL: $0.26 [SELL @ $0.85]
2026-04-04 12:12:21 | INFO |   MIN: $0.51 [SELL @ $0.85] | CHA: $0.48 [SELL @ $0.85]
2026-04-04 12:12:21 | INFO |   ORL: $0.59 [SELL @ $0.85] | NOP: $0.39 [SELL @ $0.85]
2026-04-04 12:12:21 | INFO |   UTA: $0.05 [SELL @ $0.85] | OKC: $0.95 [WAIT]
2026-04-04 12:12:21 | INFO |   IND: $0.07 [SELL @ $0.85] | CLE: $0.91 [WAIT]
2026-04-04 12:12:21 | INFO |   MIL: $0.65 [WAIT] | MEM: $0.32 [SELL @ $0.85]
2026-04-04 12:12:21 | INFO | ------------------------------------------------------------
2026-04-04 12:12:21 | ERROR | Error in trading loop: 'MarketPosition' object has no attribute 'status'
Traceback (most recent call last):
  File "/home/ubuntu/.openclaw/workspace/workers/flip/flipbot.py", line 636, in run
    open_positions = len([p for p in self.strategy.positions.values() if p.status == 'open'])
  File "/home/ubuntu/.openclaw/workspace/workers/flip/flipbot.py", line 636, in <listcomp>
    open_positions = len([p for p in self.strategy.positions.values() if p.status == 'open'])
AttributeError: 'MarketPosition' object has no attribute 'status'
2026-04-04 12:12:27 | INFO | Fetched 100 markets for KXNBAGAME
2026-04-04 12:12:27 | INFO | Fetched 100 markets for KXNBAGAME
2026-04-04 12:12:27 | INFO | Checking 19 pending positions for finalized markets...
2026-04-04 12:12:27 | INFO | ------------------------------------------------------------
2026-04-04 12:12:27 | INFO | NBA GAME MARKETS STATUS:
2026-04-04 12:12:27 | INFO |   HOU: $0.58 [SELL @ $0.85] | GSW: $0.37 [SELL @ $0.85]
2026-04-04 12:12:27 | INFO |   SAC: $0.13 [SELL @ $0.85] | LAC: $0.85 [WAIT]
2026-04-04 12:12:27 | INFO |   LAL: $0.71 [WAIT] | DAL: $0.26 [SELL @ $0.85]
2026-04-04 12:12:27 | INFO |   MIN: $0.51 [SELL @ $0.85] | CHA: $0.48 [SELL @ $0.85]
2026-04-04 12:12:27 | INFO |   ORL: $0.59 [SELL @ $0.85] | NOP: $0.39 [SELL @ $0.85]
2026-04-04 12:12:27 | INFO |   UTA: $0.05 [SELL @ $0.85] | OKC: $0.95 [WAIT]
2026-04-04 12:12:27 | INFO |   IND: $0.07 [SELL @ $0.85] | CLE: $0.91 [WAIT]
2026-04-04 12:12:27 | INFO |   MIL: $0.65 [WAIT] | MEM: $0.32 [SELL @ $0.85]
2026-04-04 12:12:27 | INFO | ------------------------------------------------------------
2026-04-04 12:12:38 | INFO | Fetched 100 markets for KXNBAGAME
2026-04-04 12:12:38 | INFO | Fetched 100 markets for KXNBAGAME
2026-04-04 12:12:38 | INFO | Checking 19 pending positions for finalized markets...
2026-04-04 12:12:39 | INFO | ------------------------------------------------------------
2026-04-04 12:12:39 | INFO | NBA GAME MARKETS STATUS:
2026-04-04 12:12:39 | INFO |   HOU: $0.58 [SELL @ $0.85] | GSW: $0.37 [SELL @ $0.85]
2026-04-04 12:12:39 | INFO |   SAC: $0.13 [SELL @ $0.85] | LAC: $0.85 [WAIT]
2026-04-04 12:12:39 | INFO |   LAL: $0.71 [WAIT] | DAL: $0.26 [SELL @ $0.85]
2026-04-04 12:12:39 | INFO |   MIN: $0.51 [SELL @ $0.85] | CHA: $0.48 [SELL @ $0.85]
2026-04-04 12:12:39 | INFO |   ORL: $0.59 [SELL @ $0.85] | NOP: $0.39 [SELL @ $0.85]
2026-04-04 12:12:39 | INFO |   UTA: $0.05 [SELL @ $0.85] | OKC: $0.95 [WAIT]
2026-04-04 12:12:39 | INFO |   IND: $0.07 [SELL @ $0.85] | CLE: $0.91 [WAIT]
2026-04-04 12:12:39 | INFO |   MIL: $0.65 [WAIT] | MEM: $0.32 [SELL @ $0.85]
2026-04-04 12:12:39 | INFO | ------------------------------------------------------------
2026-04-04 12:12:47 | INFO | Fetched 100 markets for KXNBAGAME
2026-04-04 12:12:47 | INFO | Fetched 100 markets for KXNBAGAME
2026-04-04 12:12:47 | INFO | Checking 19 pending positions for finalized markets...
2026-04-04 12:12:47 | INFO | ------------------------------------------------------------
2026-04-04 12:12:47 | INFO | NBA GAME MARKETS STATUS:
2026-04-04 12:12:47 | INFO |   HOU: $0.58 [SELL @ $0.85] | GSW: $0.37 [SELL @ $0.85]
2026-04-04 12:12:47 | INFO |   SAC: $0.13 [SELL @ $0.85] | LAC: $0.85 [WAIT]
2026-04-04 12:12:47 | INFO |   LAL: $0.71 [WAIT] | DAL: $0.26 [SELL @ $0.85]
2026-04-04 12:12:47 | INFO |   MIN: $0.51 [SELL @ $0.85] | CHA: $0.48 [SELL @ $0.85]
2026-04-04 12:12:47 | INFO |   ORL: $0.59 [SELL @ $0.85] | NOP: $0.39 [SELL @ $0.85]
2026-04-04 12:12:47 | INFO |   UTA: $0.05 [SELL @ $0.85] | OKC: $0.95 [WAIT]
2026-04-04 12:12:47 | INFO |   IND: $0.07 [SELL @ $0.85] | CLE: $0.91 [WAIT]
2026-04-04 12:12:47 | INFO |   MIL: $0.65 [WAIT] | MEM: $0.32 [SELL @ $0.85]
2026-04-04 12:12:47 | INFO | ------------------------------------------------------------
2026-04-04 12:12:49 | INFO | Fetched 100 markets for KXNBAGAME
2026-04-04 12:12:49 | INFO | Fetched 100 markets for KXNBAGAME
2026-04-04 12:12:49 | INFO | ------------------------------------------------------------
2026-04-04 12:12:49 | INFO | NBA GAME MARKETS STATUS:
2026-04-04 12:12:49 | INFO |   HOU: $0.58 [BUY ZONE] | GSW: $0.37 [BUY ZONE]
2026-04-04 12:12:49 | INFO |   SAC: $0.13 [BUY ZONE] | LAC: $0.85 [WAIT]
2026-04-04 12:12:49 | INFO |   LAL: $0.71 [WAIT] | DAL: $0.26 [BUY ZONE]
2026-04-04 12:12:49 | INFO |   MIN: $0.51 [BUY ZONE] | CHA: $0.48 [BUY ZONE]
2026-04-04 12:12:49 | INFO |   ORL: $0.59 [BUY ZONE] | NOP: $0.39 [BUY ZONE]
2026-04-04 12:12:49 | INFO |   UTA: $0.05 [BUY ZONE] | OKC: $0.95 [WAIT]
2026-04-04 12:12:49 | INFO |   IND: $0.07 [BUY ZONE] | CLE: $0.91 [WAIT]
2026-04-04 12:12:49 | INFO |   MIL: $0.65 [WAIT] | MEM: $0.32 [BUY ZONE]
2026-04-04 12:12:49 | INFO | ------------------------------------------------------------
2026-04-04 12:12:49 | ERROR | Error in trading loop: 'SimpleFlipStrategy' object has no attribute 'working_orders'
Traceback (most recent call last):
  File "/home/ubuntu/.openclaw/workspace/workers/flip/flipbot.py", line 635, in run
    pending_orders = len(self.working_orders)
AttributeError: 'SimpleFlipStrategy' object has no attribute 'working_orders'
2026-04-04 12:12:51 | INFO | Fetched 100 markets for KXNBAGAME
2026-04-04 12:12:51 | INFO | Fetched 100 markets for KXNBAGAME
2026-04-04 12:12:51 | INFO | Checking 19 pending positions for finalized markets...
2026-04-04 12:12:52 | INFO | ------------------------------------------------------------
2026-04-04 12:12:52 | INFO | NBA GAME MARKETS STATUS:
2026-04-04 12:12:52 | INFO |   HOU: $0.58 [SELL @ $0.85] | GSW: $0.37 [SELL @ $0.85]
2026-04-04 12:12:52 | INFO |   SAC: $0.13 [SELL @ $0.85] | LAC: $0.85 [WAIT]
2026-04-04 12:12:52 | INFO |   LAL: $0.71 [WAIT] | DAL: $0.26 [SELL @ $0.85]
2026-04-04 12:12:52 | INFO |   MIN: $0.51 [SELL @ $0.85] | CHA: $0.48 [SELL @ $0.85]
2026-04-04 12:12:52 | INFO |   ORL: $0.59 [SELL @ $0.85] | NOP: $0.39 [SELL @ $0.85]
2026-04-04 12:12:52 | INFO |   UTA: $0.05 [SELL @ $0.85] | OKC: $0.95 [WAIT]
2026-04-04 12:12:52 | INFO |   IND: $0.07 [SELL @ $0.85] | CLE: $0.91 [WAIT]
2026-04-04 12:12:52 | INFO |   MIL: $0.65 [WAIT] | MEM: $0.32 [SELL @ $0.85]
2026-04-04 12:12:52 | INFO | ------------------------------------------------------------
2026-04-04 12:12:52 | ERROR | Error in trading loop: 'MarketPosition' object has no attribute 'status'
Traceback (most recent call last):
  File "/home/ubuntu/.openclaw/workspace/workers/flip/flipbot.py", line 636, in run
    open_positions = len([p for p in self.strategy.positions.values() if p.status == 'open'])
  File "/home/ubuntu/.openclaw/workspace/workers/flip/flipbot.py", line 636, in <listcomp>
    open_positions = len([p for p in self.strategy.positions.values() if p.status == 'open'])
AttributeError: 'MarketPosition' object has no attribute 'status'
2026-04-04 12:12:58 | INFO | Fetched 100 markets for KXNBAGAME
2026-04-04 12:12:58 | INFO | Fetched 100 markets for KXNBAGAME
2026-04-04 12:12:58 | INFO | Checking 19 pending positions for finalized markets...
2026-04-04 12:12:58 | INFO | ------------------------------------------------------------
2026-04-04 12:12:58 | INFO | NBA GAME MARKETS STATUS:
2026-04-04 12:12:58 | INFO |   HOU: $0.58 [SELL @ $0.85] | GSW: $0.37 [SELL @ $0.85]
2026-04-04 12:12:58 | INFO |   SAC: $0.13 [SELL @ $0.85] | LAC: $0.85 [WAIT]
2026-04-04 12:12:58 | INFO |   LAL: $0.71 [WAIT] | DAL: $0.26 [SELL @ $0.85]
2026-04-04 12:12:58 | INFO |   MIN: $0.51 [SELL @ $0.85] | CHA: $0.48 [SELL @ $0.85]
2026-04-04 12:12:58 | INFO |   ORL: $0.59 [SELL @ $0.85] | NOP: $0.39 [SELL @ $0.85]
2026-04-04 12:12:58 | INFO |   UTA: $0.05 [SELL @ $0.85] | OKC: $0.95 [WAIT]
2026-04-04 12:12:58 | INFO |   IND: $0.07 [SELL @ $0.85] | CLE: $0.91 [WAIT]
2026-04-04 12:12:58 | INFO |   MIL: $0.65 [WAIT] | MEM: $0.32 [SELL @ $0.85]
2026-04-04 12:12:58 | INFO | ------------------------------------------------------------
2026-04-04 12:13:09 | INFO | Fetched 100 markets for KXNBAGAME
2026-04-04 12:13:09 | INFO | Fetched 100 markets for KXNBAGAME
2026-04-04 12:13:09 | INFO | Checking 19 pending positions for finalized markets...
2026-04-04 12:13:09 | INFO | ------------------------------------------------------------
2026-04-04 12:13:09 | INFO | NBA GAME MARKETS STATUS:
2026-04-04 12:13:09 | INFO |   HOU: $0.58 [SELL @ $0.85] | GSW: $0.37 [SELL @ $0.85]
2026-04-04 12:13:09 | INFO |   SAC: $0.13 [SELL @ $0.85] | LAC: $0.85 [WAIT]
2026-04-04 12:13:09 | INFO |   LAL: $0.71 [WAIT] | DAL: $0.26 [SELL @ $0.85]
2026-04-04 12:13:09 | INFO |   MIN: $0.51 [SELL @ $0.85] | CHA: $0.48 [SELL @ $0.85]
2026-04-04 12:13:09 | INFO |   ORL: $0.59 [SELL @ $0.85] | NOP: $0.39 [SELL @ $0.85]
2026-04-04 12:13:09 | INFO |   UTA: $0.05 [SELL @ $0.85] | OKC: $0.95 [WAIT]
2026-04-04 12:13:09 | INFO |   IND: $0.07 [SELL @ $0.85] | CLE: $0.91 [WAIT]
2026-04-04 12:13:09 | INFO |   MIL: $0.65 [WAIT] | MEM: $0.32 [SELL @ $0.85]
2026-04-04 12:13:09 | INFO | ------------------------------------------------------------
2026-04-04 12:13:09 | INFO | ==================================================
2026-04-04 12:13:09 | INFO | SIMPLE FLIP BOT STATS
2026-04-04 12:13:09 | INFO | Runtime: 25.4 minutes
2026-04-04 12:13:09 | INFO | Balance: $86.96
2026-04-04 12:13:09 | INFO | Total positions: 19
2026-04-04 12:13:09 | INFO | Position states: {'pending_sell': 19}
2026-04-04 12:13:09 | INFO | Total trades: 19 (19 buys, 0 sells)
2026-04-04 12:13:09 | INFO | Session PnL: $0.00
2026-04-04 12:13:09 | INFO | ==================================================
2026-04-04 12:13:17 | INFO | Fetched 100 markets for KXNBAGAME
2026-04-04 12:13:17 | INFO | Fetched 100 markets for KXNBAGAME
2026-04-04 12:13:17 | INFO | Checking 19 pending positions for finalized markets...
2026-04-04 12:13:18 | INFO | ------------------------------------------------------------
2026-04-04 12:13:18 | INFO | NBA GAME MARKETS STATUS:
2026-04-04 12:13:18 | INFO |   HOU: $0.58 [SELL @ $0.85] | GSW: $0.37 [SELL @ $0.85]
2026-04-04 12:13:18 | INFO |   SAC: $0.13 [SELL @ $0.85] | LAC: $0.85 [WAIT]
2026-04-04 12:13:18 | INFO |   LAL: $0.71 [WAIT] | DAL: $0.26 [SELL @ $0.85]
2026-04-04 12:13:18 | INFO |   MIN: $0.51 [SELL @ $0.85] | CHA: $0.48 [SELL @ $0.85]
2026-04-04 12:13:18 | INFO |   ORL: $0.59 [SELL @ $0.85] | NOP: $0.39 [SELL @ $0.85]
2026-04-04 12:13:18 | INFO |   UTA: $0.05 [SELL @ $0.85] | OKC: $0.95 [WAIT]
2026-04-04 12:13:18 | INFO |   IND: $0.07 [SELL @ $0.85] | CLE: $0.91 [WAIT]
2026-04-04 12:13:18 | INFO |   MIL: $0.65 [WAIT] | MEM: $0.32 [SELL @ $0.85]
2026-04-04 12:13:18 | INFO | ------------------------------------------------------------
2026-04-04 12:13:19 | INFO | Fetched 100 markets for KXNBAGAME
2026-04-04 12:13:19 | INFO | Fetched 100 markets for KXNBAGAME
2026-04-04 12:13:19 | INFO | ------------------------------------------------------------
2026-04-04 12:13:19 | INFO | NBA GAME MARKETS STATUS:
2026-04-04 12:13:19 | INFO |   HOU: $0.58 [BUY ZONE] | GSW: $0.37 [BUY ZONE]
2026-04-04 12:13:19 | INFO |   SAC: $0.13 [BUY ZONE] | LAC: $0.85 [WAIT]
2026-04-04 12:13:19 | INFO |   LAL: $0.71 [WAIT] | DAL: $0.26 [BUY ZONE]
2026-04-04 12:13:19 | INFO |   MIN: $0.51 [BUY ZONE] | CHA: $0.48 [BUY ZONE]
2026-04-04 12:13:19 | INFO |   ORL: $0.59 [BUY ZONE] | NOP: $0.39 [BUY ZONE]
2026-04-04 12:13:19 | INFO |   UTA: $0.05 [BUY ZONE] | OKC: $0.95 [WAIT]
2026-04-04 12:13:19 | INFO |   IND: $0.07 [BUY ZONE] | CLE: $0.91 [WAIT]
2026-04-04 12:13:19 | INFO |   MIL: $0.65 [WAIT] | MEM: $0.32 [BUY ZONE]
2026-04-04 12:13:19 | INFO | ------------------------------------------------------------
2026-04-04 12:13:19 | ERROR | Error in trading loop: 'SimpleFlipStrategy' object has no attribute 'working_orders'
Traceback (most recent call last):
  File "/home/ubuntu/.openclaw/workspace/workers/flip/flipbot.py", line 635, in run
    pending_orders = len(self.working_orders)
AttributeError: 'SimpleFlipStrategy' object has no attribute 'working_orders'
2026-04-04 12:13:22 | INFO | Fetched 100 markets for KXNBAGAME
2026-04-04 12:13:22 | INFO | Fetched 100 markets for KXNBAGAME
2026-04-04 12:13:22 | INFO | Checking 19 pending positions for finalized markets...
2026-04-04 12:13:22 | INFO | ------------------------------------------------------------
2026-04-04 12:13:22 | INFO | NBA GAME MARKETS STATUS:
2026-04-04 12:13:22 | INFO |   HOU: $0.58 [SELL @ $0.85] | GSW: $0.37 [SELL @ $0.85]
2026-04-04 12:13:22 | INFO |   SAC: $0.13 [SELL @ $0.85] | LAC: $0.85 [WAIT]
2026-04-04 12:13:22 | INFO |   LAL: $0.71 [WAIT] | DAL: $0.26 [SELL @ $0.85]
2026-04-04 12:13:22 | INFO |   MIN: $0.51 [SELL @ $0.85] | CHA: $0.48 [SELL @ $0.85]
2026-04-04 12:13:22 | INFO |   ORL: $0.59 [SELL @ $0.85] | NOP: $0.39 [SELL @ $0.85]
2026-04-04 12:13:22 | INFO |   UTA: $0.05 [SELL @ $0.85] | OKC: $0.95 [WAIT]
2026-04-04 12:13:22 | INFO |   IND: $0.07 [SELL @ $0.85] | CLE: $0.91 [WAIT]
2026-04-04 12:13:22 | INFO |   MIL: $0.65 [WAIT] | MEM: $0.32 [SELL @ $0.85]
2026-04-04 12:13:22 | INFO | ------------------------------------------------------------
2026-04-04 12:13:22 | ERROR | Error in trading loop: 'MarketPosition' object has no attribute 'status'
Traceback (most recent call last):
  File "/home/ubuntu/.openclaw/workspace/workers/flip/flipbot.py", line 636, in run
    open_positions = len([p for p in self.strategy.positions.values() if p.status == 'open'])
  File "/home/ubuntu/.openclaw/workspace/workers/flip/flipbot.py", line 636, in <listcomp>
    open_positions = len([p for p in self.strategy.positions.values() if p.status == 'open'])
AttributeError: 'MarketPosition' object has no attribute 'status'
2026-04-04 12:13:28 | INFO | Fetched 100 markets for KXNBAGAME
2026-04-04 12:13:28 | INFO | Fetched 100 markets for KXNBAGAME
2026-04-04 12:13:28 | INFO | Checking 19 pending positions for finalized markets...
2026-04-04 12:13:28 | INFO | ------------------------------------------------------------
2026-04-04 12:13:28 | INFO | NBA GAME MARKETS STATUS:
2026-04-04 12:13:28 | INFO |   HOU: $0.58 [SELL @ $0.85] | GSW: $0.37 [SELL @ $0.85]
2026-04-04 12:13:28 | INFO |   SAC: $0.13 [SELL @ $0.85] | LAC: $0.85 [WAIT]
2026-04-04 12:13:28 | INFO |   LAL: $0.71 [WAIT] | DAL: $0.26 [SELL @ $0.85]
2026-04-04 12:13:28 | INFO |   MIN: $0.51 [SELL @ $0.85] | CHA: $0.48 [SELL @ $0.85]
2026-04-04 12:13:28 | INFO |   ORL: $0.59 [SELL @ $0.85] | NOP: $0.39 [SELL @ $0.85]
2026-04-04 12:13:28 | INFO |   UTA: $0.05 [SELL @ $0.85] | OKC: $0.95 [WAIT]
2026-04-04 12:13:28 | INFO |   IND: $0.07 [SELL @ $0.85] | CLE: $0.91 [WAIT]
2026-04-04 12:13:28 | INFO |   MIL: $0.65 [WAIT] | MEM: $0.32 [SELL @ $0.85]
2026-04-04 12:13:28 | INFO | ------------------------------------------------------------
2026-04-04 12:13:39 | INFO | Fetched 100 markets for KXNBAGAME
2026-04-04 12:13:39 | INFO | Fetched 100 markets for KXNBAGAME
2026-04-04 12:13:39 | INFO | Checking 19 pending positions for finalized markets...
2026-04-04 12:13:40 | INFO | ------------------------------------------------------------
2026-04-04 12:13:40 | INFO | NBA GAME MARKETS STATUS:
2026-04-04 12:13:40 | INFO |   HOU: $0.58 [SELL @ $0.85] | GSW: $0.37 [SELL @ $0.85]
2026-04-04 12:13:40 | INFO |   SAC: $0.13 [SELL @ $0.85] | LAC: $0.85 [WAIT]
2026-04-04 12:13:40 | INFO |   LAL: $0.71 [WAIT] | DAL: $0.26 [SELL @ $0.85]
2026-04-04 12:13:40 | INFO |   MIN: $0.51 [SELL @ $0.85] | CHA: $0.48 [SELL @ $0.85]
2026-04-04 12:13:40 | INFO |   ORL: $0.59 [SELL @ $0.85] | NOP: $0.39 [SELL @ $0.85]
2026-04-04 12:13:40 | INFO |   UTA: $0.05 [SELL @ $0.85] | OKC: $0.95 [WAIT]
2026-04-04 12:13:40 | INFO |   IND: $0.07 [SELL @ $0.85] | CLE: $0.91 [WAIT]
2026-04-04 12:13:40 | INFO |   MIL: $0.65 [WAIT] | MEM: $0.32 [SELL @ $0.85]
2026-04-04 12:13:40 | INFO | ------------------------------------------------------------
2026-04-04 12:13:48 | INFO | Fetched 100 markets for KXNBAGAME
2026-04-04 12:13:48 | INFO | Fetched 100 markets for KXNBAGAME
2026-04-04 12:13:48 | INFO | Checking 19 pending positions for finalized markets...
2026-04-04 12:13:48 | INFO | ------------------------------------------------------------
2026-04-04 12:13:48 | INFO | NBA GAME MARKETS STATUS:
2026-04-04 12:13:48 | INFO |   HOU: $0.58 [SELL @ $0.85] | GSW: $0.37 [SELL @ $0.85]
2026-04-04 12:13:48 | INFO |   SAC: $0.13 [SELL @ $0.85] | LAC: $0.85 [WAIT]
2026-04-04 12:13:48 | INFO |   LAL: $0.71 [WAIT] | DAL: $0.26 [SELL @ $0.85]
2026-04-04 12:13:48 | INFO |   MIN: $0.51 [SELL @ $0.85] | CHA: $0.48 [SELL @ $0.85]
2026-04-04 12:13:48 | INFO |   ORL: $0.59 [SELL @ $0.85] | NOP: $0.39 [SELL @ $0.85]
2026-04-04 12:13:48 | INFO |   UTA: $0.05 [SELL @ $0.85] | OKC: $0.95 [WAIT]
2026-04-04 12:13:48 | INFO |   IND: $0.07 [SELL @ $0.85] | CLE: $0.91 [WAIT]
2026-04-04 12:13:48 | INFO |   MIL: $0.65 [WAIT] | MEM: $0.32 [SELL @ $0.85]
2026-04-04 12:13:48 | INFO | ------------------------------------------------------------
2026-04-04 12:13:49 | INFO | Fetched 100 markets for KXNBAGAME
2026-04-04 12:13:49 | INFO | Fetched 100 markets for KXNBAGAME
2026-04-04 12:13:49 | INFO | ------------------------------------------------------------
2026-04-04 12:13:49 | INFO | NBA GAME MARKETS STATUS:
2026-04-04 12:13:49 | INFO |   HOU: $0.58 [BUY ZONE] | GSW: $0.37 [BUY ZONE]
2026-04-04 12:13:49 | INFO |   SAC: $0.13 [BUY ZONE] | LAC: $0.85 [WAIT]
2026-04-04 12:13:49 | INFO |   LAL: $0.71 [WAIT] | DAL: $0.26 [BUY ZONE]
2026-04-04 12:13:49 | INFO |   MIN: $0.51 [BUY ZONE] | CHA: $0.48 [BUY ZONE]
2026-04-04 12:13:49 | INFO |   ORL: $0.59 [BUY ZONE] | NOP: $0.39 [BUY ZONE]
2026-04-04 12:13:49 | INFO |   UTA: $0.05 [BUY ZONE] | OKC: $0.95 [WAIT]
2026-04-04 12:13:49 | INFO |   IND: $0.07 [BUY ZONE] | CLE: $0.91 [WAIT]
2026-04-04 12:13:49 | INFO |   MIL: $0.65 [WAIT] | MEM: $0.32 [BUY ZONE]
2026-04-04 12:13:49 | INFO | ------------------------------------------------------------
2026-04-04 12:13:49 | ERROR | Error in trading loop: 'SimpleFlipStrategy' object has no attribute 'working_orders'
Traceback (most recent call last):
  File "/home/ubuntu/.openclaw/workspace/workers/flip/flipbot.py", line 635, in run
    pending_orders = len(self.working_orders)
AttributeError: 'SimpleFlipStrategy' object has no attribute 'working_orders'
2026-04-04 12:13:52 | INFO | Fetched 100 markets for KXNBAGAME
2026-04-04 12:13:52 | INFO | Fetched 100 markets for KXNBAGAME
2026-04-04 12:13:52 | INFO | Checking 19 pending positions for finalized markets...
2026-04-04 12:13:53 | INFO | ------------------------------------------------------------
2026-04-04 12:13:53 | INFO | NBA GAME MARKETS STATUS:
2026-04-04 12:13:53 | INFO |   HOU: $0.58 [SELL @ $0.85] | GSW: $0.37 [SELL @ $0.85]
2026-04-04 12:13:53 | INFO |   SAC: $0.13 [SELL @ $0.85] | LAC: $0.85 [WAIT]
2026-04-04 12:13:53 | INFO |   LAL: $0.71 [WAIT] | DAL: $0.26 [SELL @ $0.85]
2026-04-04 12:13:53 | INFO |   MIN: $0.51 [SELL @ $0.85] | CHA: $0.48 [SELL @ $0.85]
2026-04-04 12:13:53 | INFO |   ORL: $0.59 [SELL @ $0.85] | NOP: $0.39 [SELL @ $0.85]
2026-04-04 12:13:53 | INFO |   UTA: $0.05 [SELL @ $0.85] | OKC: $0.95 [WAIT]
2026-04-04 12:13:53 | INFO |   IND: $0.07 [SELL @ $0.85] | CLE: $0.91 [WAIT]
2026-04-04 12:13:53 | INFO |   MIL: $0.65 [WAIT] | MEM: $0.32 [SELL @ $0.85]
2026-04-04 12:13:53 | INFO | ------------------------------------------------------------
2026-04-04 12:13:53 | ERROR | Error in trading loop: 'MarketPosition' object has no attribute 'status'
Traceback (most recent call last):
  File "/home/ubuntu/.openclaw/workspace/workers/flip/flipbot.py", line 636, in run
    open_positions = len([p for p in self.strategy.positions.values() if p.status == 'open'])
  File "/home/ubuntu/.openclaw/workspace/workers/flip/flipbot.py", line 636, in <listcomp>
    open_positions = len([p for p in self.strategy.positions.values() if p.status == 'open'])
AttributeError: 'MarketPosition' object has no attribute 'status'
2026-04-04 12:13:58 | INFO | Fetched 100 markets for KXNBAGAME
2026-04-04 12:13:58 | INFO | Fetched 100 markets for KXNBAGAME
2026-04-04 12:13:58 | INFO | Checking 19 pending positions for finalized markets...
2026-04-04 12:13:59 | INFO | ------------------------------------------------------------
2026-04-04 12:13:59 | INFO | NBA GAME MARKETS STATUS:
2026-04-04 12:13:59 | INFO |   HOU: $0.58 [SELL @ $0.85] | GSW: $0.37 [SELL @ $0.85]
2026-04-04 12:13:59 | INFO |   SAC: $0.13 [SELL @ $0.85] | LAC: $0.85 [WAIT]
2026-04-04 12:13:59 | INFO |   LAL: $0.71 [WAIT] | DAL: $0.26 [SELL @ $0.85]
2026-04-04 12:13:59 | INFO |   MIN: $0.51 [SELL @ $0.85] | CHA: $0.48 [SELL @ $0.85]
2026-04-04 12:13:59 | INFO |   ORL: $0.59 [SELL @ $0.85] | NOP: $0.39 [SELL @ $0.85]
2026-04-04 12:13:59 | INFO |   UTA: $0.05 [SELL @ $0.85] | OKC: $0.95 [WAIT]
2026-04-04 12:13:59 | INFO |   IND: $0.07 [SELL @ $0.85] | CLE: $0.91 [WAIT]
2026-04-04 12:13:59 | INFO |   MIL: $0.65 [WAIT] | MEM: $0.32 [SELL @ $0.85]
2026-04-04 12:13:59 | INFO | ------------------------------------------------------------
2026-04-04 12:14:10 | INFO | Fetched 100 markets for KXNBAGAME
2026-04-04 12:14:10 | INFO | Fetched 100 markets for KXNBAGAME
2026-04-04 12:14:10 | INFO | Checking 19 pending positions for finalized markets...
2026-04-04 12:14:10 | INFO | ------------------------------------------------------------
2026-04-04 12:14:10 | INFO | NBA GAME MARKETS STATUS:
2026-04-04 12:14:10 | INFO |   HOU: $0.58 [SELL @ $0.85] | GSW: $0.37 [SELL @ $0.85]
2026-04-04 12:14:10 | INFO |   SAC: $0.13 [SELL @ $0.85] | LAC: $0.85 [WAIT]
2026-04-04 12:14:10 | INFO |   LAL: $0.71 [WAIT] | DAL: $0.26 [SELL @ $0.85]
2026-04-04 12:14:10 | INFO |   MIN: $0.51 [SELL @ $0.85] | CHA: $0.48 [SELL @ $0.85]
2026-04-04 12:14:10 | INFO |   ORL: $0.59 [SELL @ $0.85] | NOP: $0.39 [SELL @ $0.85]
2026-04-04 12:14:10 | INFO |   UTA: $0.05 [SELL @ $0.85] | OKC: $0.95 [WAIT]
2026-04-04 12:14:10 | INFO |   IND: $0.07 [SELL @ $0.85] | CLE: $0.91 [WAIT]
2026-04-04 12:14:10 | INFO |   MIL: $0.65 [WAIT] | MEM: $0.32 [SELL @ $0.85]
2026-04-04 12:14:10 | INFO | ------------------------------------------------------------
2026-04-04 12:14:30 | INFO | ============================================================
2026-04-04 12:14:30 | INFO | SIMPLE FLIP BOT INITIALIZED - NBA GAME EDITION
2026-04-04 12:14:30 | INFO | Strategy: Buy <$0.60, Sell @$0.85, Buy back <$0.50
2026-04-04 12:14:30 | INFO | Paper mode: ON
2026-04-04 12:14:30 | INFO | Starting balance: $100.00
2026-04-04 12:14:30 | INFO | Max position size: $2.00 per side
2026-04-04 12:14:30 | INFO | Poll interval: 30 seconds
2026-04-04 12:14:30 | INFO | ============================================================
2026-04-04 12:14:30 | INFO | Starting flip bot trading loop (poll every 30s)...
2026-04-04 12:14:30 | INFO | Fetched 100 markets for KXNBAGAME
2026-04-04 12:14:30 | INFO | Fetched 100 markets for KXNBAGAME
2026-04-04 12:14:30 | INFO | ------------------------------------------------------------
2026-04-04 12:14:30 | INFO | NBA GAME MARKETS STATUS:
2026-04-04 12:14:30 | INFO |   HOU: $0.58 [BUY ZONE] | GSW: $0.37 [BUY ZONE]
2026-04-04 12:14:30 | INFO |   SAC: $0.13 [BUY ZONE] | LAC: $0.85 [WAIT]
2026-04-04 12:14:30 | INFO |   LAL: $0.71 [WAIT] | DAL: $0.26 [BUY ZONE]
2026-04-04 12:14:30 | INFO |   MIN: $0.51 [BUY ZONE] | CHA: $0.48 [BUY ZONE]
2026-04-04 12:14:30 | INFO |   ORL: $0.59 [BUY ZONE] | NOP: $0.39 [BUY ZONE]
2026-04-04 12:14:30 | INFO |   UTA: $0.05 [BUY ZONE] | OKC: $0.95 [WAIT]
2026-04-04 12:14:30 | INFO |   IND: $0.07 [BUY ZONE] | CLE: $0.91 [WAIT]
2026-04-04 12:14:30 | INFO |   MIL: $0.65 [WAIT] | MEM: $0.32 [BUY ZONE]
2026-04-04 12:14:30 | INFO | ------------------------------------------------------------
2026-04-04 12:14:30 | INFO | Generated 19 trade signals
2026-04-04 12:14:30 | INFO | BUY HOU @ $0.5800 x $2.00 = $1.16 | Placed limit sell @ $0.85
2026-04-04 12:14:30 | INFO | TRADE: BUY HOU MARKET @ $0.5800 x $2.00 | yes_bid $0.58 < $0.60 → BUY
2026-04-04 12:14:30 | INFO | BUY GSW @ $0.3700 x $2.00 = $0.74 | Placed limit sell @ $0.85
2026-04-04 12:14:30 | INFO | TRADE: BUY GSW MARKET @ $0.3700 x $2.00 | yes_bid $0.37 < $0.60 → BUY
2026-04-04 12:14:30 | INFO | BUY SAC @ $0.1300 x $2.00 = $0.26 | Placed limit sell @ $0.85
2026-04-04 12:14:30 | INFO | TRADE: BUY SAC MARKET @ $0.1300 x $2.00 | yes_bid $0.13 < $0.60 → BUY
2026-04-04 12:14:30 | INFO | BUY DAL @ $0.2600 x $2.00 = $0.52 | Placed limit sell @ $0.85
2026-04-04 12:14:30 | INFO | TRADE: BUY DAL MARKET @ $0.2600 x $2.00 | yes_bid $0.26 < $0.60 → BUY
2026-04-04 12:14:30 | INFO | BUY MIN @ $0.5100 x $2.00 = $1.02 | Placed limit sell @ $0.85
2026-04-04 12:14:30 | INFO | TRADE: BUY MIN MARKET @ $0.5100 x $2.00 | yes_bid $0.51 < $0.60 → BUY
2026-04-04 12:14:30 | INFO | BUY CHA @ $0.4800 x $2.00 = $0.96 | Placed limit sell @ $0.85
2026-04-04 12:14:30 | INFO | TRADE: BUY CHA MARKET @ $0.4800 x $2.00 | yes_bid $0.48 < $0.60 → BUY
2026-04-04 12:14:30 | INFO | BUY ORL @ $0.5900 x $2.00 = $1.18 | Placed limit sell @ $0.85
2026-04-04 12:14:30 | INFO | TRADE: BUY ORL MARKET @ $0.5900 x $2.00 | yes_bid $0.59 < $0.60 → BUY
2026-04-04 12:14:30 | INFO | BUY NOP @ $0.3900 x $2.00 = $0.78 | Placed limit sell @ $0.85
2026-04-04 12:14:30 | INFO | TRADE: BUY NOP MARKET @ $0.3900 x $2.00 | yes_bid $0.39 < $0.60 → BUY
2026-04-04 12:14:30 | INFO | BUY UTA @ $0.0500 x $2.00 = $0.10 | Placed limit sell @ $0.85
2026-04-04 12:14:30 | INFO | TRADE: BUY UTA MARKET @ $0.0500 x $2.00 | yes_bid $0.05 < $0.60 → BUY
2026-04-04 12:14:30 | INFO | BUY IND @ $0.0700 x $2.00 = $0.14 | Placed limit sell @ $0.85
2026-04-04 12:14:30 | INFO | TRADE: BUY IND MARKET @ $0.0700 x $2.00 | yes_bid $0.07 < $0.60 → BUY
2026-04-04 12:14:30 | INFO | BUY MEM @ $0.3200 x $2.00 = $0.64 | Placed limit sell @ $0.85
2026-04-04 12:14:30 | INFO | TRADE: BUY MEM MARKET @ $0.3200 x $2.00 | yes_bid $0.32 < $0.60 → BUY
2026-04-04 12:14:30 | INFO | BUY CHI @ $0.1700 x $2.00 = $0.34 | Placed limit sell @ $0.85
2026-04-04 12:14:30 | INFO | TRADE: BUY CHI MARKET @ $0.1700 x $2.00 | yes_bid $0.17 < $0.60 → BUY
2026-04-04 12:14:30 | INFO | BUY TOR @ $0.1900 x $2.00 = $0.38 | Placed limit sell @ $0.85
2026-04-04 12:14:30 | INFO | TRADE: BUY TOR MARKET @ $0.1900 x $2.00 | yes_bid $0.19 < $0.60 → BUY
2026-04-04 12:14:30 | INFO | BUY WAS @ $0.3400 x $2.00 = $0.68 | Placed limit sell @ $0.85
2026-04-04 12:14:30 | INFO | TRADE: BUY WAS MARKET @ $0.3400 x $2.00 | yes_bid $0.34 < $0.60 → BUY
2026-04-04 12:14:30 | INFO | BUY PHI @ $0.4400 x $2.00 = $0.88 | Placed limit sell @ $0.85
2026-04-04 12:14:30 | INFO | TRADE: BUY PHI MARKET @ $0.4400 x $2.00 | yes_bid $0.44 < $0.60 → BUY
2026-04-04 12:14:30 | INFO | BUY DET @ $0.5600 x $2.00 = $1.12 | Placed limit sell @ $0.85
2026-04-04 12:14:30 | INFO | TRADE: BUY DET MARKET @ $0.5600 x $2.00 | yes_bid $0.56 < $0.60 → BUY
2026-04-04 12:14:30 | INFO | BUY SAS @ $0.5600 x $2.00 = $1.12 | Placed limit sell @ $0.85
2026-04-04 12:14:30 | INFO | TRADE: BUY SAS MARKET @ $0.5600 x $2.00 | yes_bid $0.56 < $0.60 → BUY
2026-04-04 12:14:30 | INFO | BUY DEN @ $0.4400 x $2.00 = $0.88 | Placed limit sell @ $0.85
2026-04-04 12:14:30 | INFO | TRADE: BUY DEN MARKET @ $0.4400 x $2.00 | yes_bid $0.44 < $0.60 → BUY
2026-04-04 12:14:30 | INFO | BUY WAS @ $0.0600 x $2.00 = $0.12 | Placed limit sell @ $0.85
2026-04-04 12:14:30 | INFO | TRADE: BUY WAS MARKET @ $0.0600 x $2.00 | yes_bid $0.06 < $0.60 → BUY
2026-04-04 12:15:00 | INFO | Fetched 100 markets for KXNBAGAME
2026-04-04 12:15:00 | INFO | Fetched 100 markets for KXNBAGAME
2026-04-04 12:15:00 | INFO | Checking 19 pending positions for finalized markets...
2026-04-04 12:15:01 | ERROR | API GET failed: https://api.elections.kalshi.com/trade-api/v2/markets/KXNBAGAME-26APR05MEMMIL-MEM | Error: 429 Client Error: Too Many Requests for url: https://api.elections.kalshi.com/trade-api/v2/markets/KXNBAGAME-26APR05MEMMIL-MEM
2026-04-04 12:15:01 | WARNING | Failed to fetch market KXNBAGAME-26APR05MEMMIL-MEM: 429 Client Error: Too Many Requests for url: https://api.elections.kalshi.com/trade-api/v2/markets/KXNBAGAME-26APR05MEMMIL-MEM
2026-04-04 12:15:01 | WARNING | Could not fetch market for KXNBAGAME-26APR05MEMMIL-MEM
2026-04-04 12:15:01 | ERROR | API GET failed: https://api.elections.kalshi.com/trade-api/v2/markets/KXNBAGAME-26APR05TORBOS-TOR | Error: 429 Client Error: Too Many Requests for url: https://api.elections.kalshi.com/trade-api/v2/markets/KXNBAGAME-26APR05TORBOS-TOR
2026-04-04 12:15:01 | WARNING | Failed to fetch market KXNBAGAME-26APR05TORBOS-TOR: 429 Client Error: Too Many Requests for url: https://api.elections.kalshi.com/trade-api/v2/markets/KXNBAGAME-26APR05TORBOS-TOR
2026-04-04 12:15:01 | WARNING | Could not fetch market for KXNBAGAME-26APR05TORBOS-TOR
2026-04-04 12:15:01 | ERROR | API GET failed: https://api.elections.kalshi.com/trade-api/v2/markets/KXNBAGAME-26APR05WASBKN-WAS | Error: 429 Client Error: Too Many Requests for url: https://api.elections.kalshi.com/trade-api/v2/markets/KXNBAGAME-26APR05WASBKN-WAS
2026-04-04 12:15:01 | WARNING | Failed to fetch market KXNBAGAME-26APR05WASBKN-WAS: 429 Client Error: Too Many Requests for url: https://api.elections.kalshi.com/trade-api/v2/markets/KXNBAGAME-26APR05WASBKN-WAS
2026-04-04 12:15:01 | WARNING | Could not fetch market for KXNBAGAME-26APR05WASBKN-WAS
2026-04-04 12:15:01 | ERROR | API GET failed: https://api.elections.kalshi.com/trade-api/v2/markets/KXNBAGAME-26APR04DETPHI-DET | Error: 429 Client Error: Too Many Requests for url: https://api.elections.kalshi.com/trade-api/v2/markets/KXNBAGAME-26APR04DETPHI-DET
2026-04-04 12:15:01 | WARNING | Failed to fetch market KXNBAGAME-26APR04DETPHI-DET: 429 Client Error: Too Many Requests for url: https://api.elections.kalshi.com/trade-api/v2/markets/KXNBAGAME-26APR04DETPHI-DET
2026-04-04 12:15:01 | WARNING | Could not fetch market for KXNBAGAME-26APR04DETPHI-DET
2026-04-04 12:15:01 | ERROR | API GET failed: https://api.elections.kalshi.com/trade-api/v2/markets/KXNBAGAME-26APR04SASDEN-DEN | Error: 429 Client Error: Too Many Requests for url: https://api.elections.kalshi.com/trade-api/v2/markets/KXNBAGAME-26APR04SASDEN-DEN
2026-04-04 12:15:01 | WARNING | Failed to fetch market KXNBAGAME-26APR04SASDEN-DEN: 429 Client Error: Too Many Requests for url: https://api.elections.kalshi.com/trade-api/v2/markets/KXNBAGAME-26APR04SASDEN-DEN
2026-04-04 12:15:01 | WARNING | Could not fetch market for KXNBAGAME-26APR04SASDEN-DEN
2026-04-04 12:15:01 | ERROR | API GET failed: https://api.elections.kalshi.com/trade-api/v2/markets/KXNBAGAME-26APR04WASMIA-WAS | Error: 429 Client Error: Too Many Requests for url: https://api.elections.kalshi.com/trade-api/v2/markets/KXNBAGAME-26APR04WASMIA-WAS
2026-04-04 12:15:01 | WARNING | Failed to fetch market KXNBAGAME-26APR04WASMIA-WAS: 429 Client Error: Too Many Requests for url: https://api.elections.kalshi.com/trade-api/v2/markets/KXNBAGAME-26APR04WASMIA-WAS
2026-04-04 12:15:01 | WARNING | Could not fetch market for KXNBAGAME-26APR04WASMIA-WAS
2026-04-04 12:15:01 | INFO | ------------------------------------------------------------
2026-04-04 12:15:01 | INFO | NBA GAME MARKETS STATUS:
2026-04-04 12:15:01 | INFO |   HOU: $0.58 [SELL @ $0.85] | GSW: $0.37 [SELL @ $0.85]
2026-04-04 12:15:01 | INFO |   SAC: $0.13 [SELL @ $0.85] | LAC: $0.85 [WAIT]
2026-04-04 12:15:01 | INFO |   LAL: $0.71 [WAIT] | DAL: $0.26 [SELL @ $0.85]
2026-04-04 12:15:01 | INFO |   MIN: $0.51 [SELL @ $0.85] | CHA: $0.48 [SELL @ $0.85]
2026-04-04 12:15:01 | INFO |   ORL: $0.59 [SELL @ $0.85] | NOP: $0.39 [SELL @ $0.85]
2026-04-04 12:15:01 | INFO |   UTA: $0.05 [SELL @ $0.85] | OKC: $0.95 [WAIT]
2026-04-04 12:15:01 | INFO |   IND: $0.07 [SELL @ $0.85] | CLE: $0.91 [WAIT]
2026-04-04 12:15:01 | INFO |   MIL: $0.65 [WAIT] | MEM: $0.32 [SELL @ $0.85]
2026-04-04 12:15:01 | INFO | ------------------------------------------------------------
2026-04-04 12:15:01 | ERROR | Error in trading loop: 'MarketPosition' object has no attribute 'status'
Traceback (most recent call last):
  File "/home/ubuntu/.openclaw/workspace/workers/flip/flipbot.py", line 636, in run
    open_positions = len([p for p in self.strategy.positions.values() if p.status == 'open'])
  File "/home/ubuntu/.openclaw/workspace/workers/flip/flipbot.py", line 636, in <listcomp>
    open_positions = len([p for p in self.strategy.positions.values() if p.status == 'open'])
AttributeError: 'MarketPosition' object has no attribute 'status'
2026-04-04 12:15:24 | INFO | ============================================================
2026-04-04 12:15:24 | INFO | SIMPLE FLIP BOT INITIALIZED - NBA GAME EDITION
2026-04-04 12:15:24 | INFO | Strategy: Buy <$0.60, Sell @$0.85, Buy back <$0.50
2026-04-04 12:15:24 | INFO | Paper mode: ON
2026-04-04 12:15:24 | INFO | Starting balance: $100.00
2026-04-04 12:15:24 | INFO | Max position size: $2.00 per side
2026-04-04 12:15:24 | INFO | Poll interval: 30 seconds
2026-04-04 12:15:24 | INFO | ============================================================
2026-04-04 12:15:24 | INFO | Starting flip bot trading loop (poll every 30s)...
2026-04-04 12:15:24 | INFO | Fetched 100 markets for KXNBAGAME
2026-04-04 12:15:24 | INFO | Fetched 100 markets for KXNBAGAME
2026-04-04 12:15:24 | INFO | ------------------------------------------------------------
2026-04-04 12:15:24 | INFO | NBA GAME MARKETS STATUS:
2026-04-04 12:15:24 | INFO |   HOU: $0.58 [BUY ZONE] | GSW: $0.37 [BUY ZONE]
2026-04-04 12:15:24 | INFO |   SAC: $0.13 [BUY ZONE] | LAC: $0.85 [WAIT]
2026-04-04 12:15:24 | INFO |   LAL: $0.71 [WAIT] | DAL: $0.26 [BUY ZONE]
2026-04-04 12:15:24 | INFO |   MIN: $0.51 [BUY ZONE] | CHA: $0.48 [BUY ZONE]
2026-04-04 12:15:24 | INFO |   ORL: $0.59 [BUY ZONE] | NOP: $0.39 [BUY ZONE]
2026-04-04 12:15:24 | INFO |   UTA: $0.05 [BUY ZONE] | OKC: $0.95 [WAIT]
2026-04-04 12:15:24 | INFO |   IND: $0.07 [BUY ZONE] | CLE: $0.91 [WAIT]
2026-04-04 12:15:24 | INFO |   MIL: $0.65 [WAIT] | MEM: $0.32 [BUY ZONE]
2026-04-04 12:15:24 | INFO | ------------------------------------------------------------
2026-04-04 12:15:24 | INFO | Generated 19 trade signals
2026-04-04 12:15:24 | INFO | BUY HOU @ $0.5800 x $2.00 = $1.16 | Placed limit sell @ $0.85
2026-04-04 12:15:24 | INFO | TRADE: BUY HOU MARKET @ $0.5800 x $2.00 | yes_bid $0.58 < $0.60 → BUY
2026-04-04 12:15:24 | INFO | BUY GSW @ $0.3700 x $2.00 = $0.74 | Placed limit sell @ $0.85
2026-04-04 12:15:24 | INFO | TRADE: BUY GSW MARKET @ $0.3700 x $2.00 | yes_bid $0.37 < $0.60 → BUY
2026-04-04 12:15:24 | INFO | BUY SAC @ $0.1300 x $2.00 = $0.26 | Placed limit sell @ $0.85
2026-04-04 12:15:24 | INFO | TRADE: BUY SAC MARKET @ $0.1300 x $2.00 | yes_bid $0.13 < $0.60 → BUY
2026-04-04 12:15:24 | INFO | BUY DAL @ $0.2600 x $2.00 = $0.52 | Placed limit sell @ $0.85
2026-04-04 12:15:24 | INFO | TRADE: BUY DAL MARKET @ $0.2600 x $2.00 | yes_bid $0.26 < $0.60 → BUY
2026-04-04 12:15:24 | INFO | BUY MIN @ $0.5100 x $2.00 = $1.02 | Placed limit sell @ $0.85
2026-04-04 12:15:24 | INFO | TRADE: BUY MIN MARKET @ $0.5100 x $2.00 | yes_bid $0.51 < $0.60 → BUY
2026-04-04 12:15:24 | INFO | BUY CHA @ $0.4800 x $2.00 = $0.96 | Placed limit sell @ $0.85
2026-04-04 12:15:24 | INFO | TRADE: BUY CHA MARKET @ $0.4800 x $2.00 | yes_bid $0.48 < $0.60 → BUY
2026-04-04 12:15:24 | INFO | BUY ORL @ $0.5900 x $2.00 = $1.18 | Placed limit sell @ $0.85
2026-04-04 12:15:24 | INFO | TRADE: BUY ORL MARKET @ $0.5900 x $2.00 | yes_bid $0.59 < $0.60 → BUY
2026-04-04 12:15:24 | INFO | BUY NOP @ $0.3900 x $2.00 = $0.78 | Placed limit sell @ $0.85
2026-04-04 12:15:24 | INFO | TRADE: BUY NOP MARKET @ $0.3900 x $2.00 | yes_bid $0.39 < $0.60 → BUY
2026-04-04 12:15:24 | INFO | BUY UTA @ $0.0500 x $2.00 = $0.10 | Placed limit sell @ $0.85
2026-04-04 12:15:24 | INFO | TRADE: BUY UTA MARKET @ $0.0500 x $2.00 | yes_bid $0.05 < $0.60 → BUY
2026-04-04 12:15:24 | INFO | BUY IND @ $0.0700 x $2.00 = $0.14 | Placed limit sell @ $0.85
2026-04-04 12:15:24 | INFO | TRADE: BUY IND MARKET @ $0.0700 x $2.00 | yes_bid $0.07 < $0.60 → BUY
2026-04-04 12:15:24 | INFO | BUY MEM @ $0.3200 x $2.00 = $0.64 | Placed limit sell @ $0.85
2026-04-04 12:15:24 | INFO | TRADE: BUY MEM MARKET @ $0.3200 x $2.00 | yes_bid $0.32 < $0.60 → BUY
2026-04-04 12:15:24 | INFO | BUY CHI @ $0.1700 x $2.00 = $0.34 | Placed limit sell @ $0.85
2026-04-04 12:15:24 | INFO | TRADE: BUY CHI MARKET @ $0.1700 x $2.00 | yes_bid $0.17 < $0.60 → BUY
2026-04-04 12:15:24 | INFO | BUY TOR @ $0.1900 x $2.00 = $0.38 | Placed limit sell @ $0.85
2026-04-04 12:15:24 | INFO | TRADE: BUY TOR MARKET @ $0.1900 x $2.00 | yes_bid $0.19 < $0.60 → BUY
2026-04-04 12:15:24 | INFO | BUY WAS @ $0.3400 x $2.00 = $0.68 | Placed limit sell @ $0.85
2026-04-04 12:15:24 | INFO | TRADE: BUY WAS MARKET @ $0.3400 x $2.00 | yes_bid $0.34 < $0.60 → BUY
2026-04-04 12:15:24 | INFO | BUY PHI @ $0.4400 x $2.00 = $0.88 | Placed limit sell @ $0.85
2026-04-04 12:15:24 | INFO | TRADE: BUY PHI MARKET @ $0.4400 x $2.00 | yes_bid $0.44 < $0.60 → BUY
2026-04-04 12:15:24 | INFO | BUY DET @ $0.5600 x $2.00 = $1.12 | Placed limit sell @ $0.85
2026-04-04 12:15:24 | INFO | TRADE: BUY DET MARKET @ $0.5600 x $2.00 | yes_bid $0.56 < $0.60 → BUY
2026-04-04 12:15:24 | INFO | BUY SAS @ $0.5600 x $2.00 = $1.12 | Placed limit sell @ $0.85
2026-04-04 12:15:24 | INFO | TRADE: BUY SAS MARKET @ $0.5600 x $2.00 | yes_bid $0.56 < $0.60 → BUY
2026-04-04 12:15:24 | INFO | BUY DEN @ $0.4400 x $2.00 = $0.88 | Placed limit sell @ $0.85
2026-04-04 12:15:24 | INFO | TRADE: BUY DEN MARKET @ $0.4400 x $2.00 | yes_bid $0.44 < $0.60 → BUY
2026-04-04 12:15:24 | INFO | BUY WAS @ $0.0600 x $2.00 = $0.12 | Placed limit sell @ $0.85
2026-04-04 12:15:24 | INFO | TRADE: BUY WAS MARKET @ $0.0600 x $2.00 | yes_bid $0.06 < $0.60 → BUY
2026-04-04 12:15:31 | INFO | Fetched 100 markets for KXNBAGAME
2026-04-04 12:15:31 | INFO | Fetched 100 markets for KXNBAGAME
2026-04-04 12:15:31 | INFO | Checking 19 pending positions for finalized markets...
2026-04-04 12:15:31 | INFO | ------------------------------------------------------------
2026-04-04 12:15:31 | INFO | NBA GAME MARKETS STATUS:
2026-04-04 12:15:31 | INFO |   HOU: $0.58 [SELL @ $0.85] | GSW: $0.37 [SELL @ $0.85]
2026-04-04 12:15:31 | INFO |   SAC: $0.13 [SELL @ $0.85] | LAC: $0.85 [WAIT]
2026-04-04 12:15:31 | INFO |   LAL: $0.71 [WAIT] | DAL: $0.26 [SELL @ $0.85]
2026-04-04 12:15:31 | INFO |   MIN: $0.51 [SELL @ $0.85] | CHA: $0.48 [SELL @ $0.85]
2026-04-04 12:15:31 | INFO |   ORL: $0.59 [SELL @ $0.85] | NOP: $0.39 [SELL @ $0.85]
2026-04-04 12:15:31 | INFO |   UTA: $0.05 [SELL @ $0.85] | OKC: $0.95 [WAIT]
2026-04-04 12:15:31 | INFO |   IND: $0.07 [SELL @ $0.85] | CLE: $0.91 [WAIT]
2026-04-04 12:15:31 | INFO |   MIL: $0.65 [WAIT] | MEM: $0.32 [SELL @ $0.85]
2026-04-04 12:15:31 | INFO | ------------------------------------------------------------
2026-04-04 12:15:31 | ERROR | Error in trading loop: 'MarketPosition' object has no attribute 'status'
Traceback (most recent call last):
  File "/home/ubuntu/.openclaw/workspace/workers/flip/flipbot.py", line 636, in run
    open_positions = len([p for p in self.strategy.positions.values() if p.has_position()])
  File "/home/ubuntu/.openclaw/workspace/workers/flip/flipbot.py", line 636, in <listcomp>
    open_positions = len([p for p in self.strategy.positions.values() if p.has_position()])
AttributeError: 'MarketPosition' object has no attribute 'status'
2026-04-04 12:15:54 | INFO | Fetched 100 markets for KXNBAGAME
2026-04-04 12:15:54 | INFO | Fetched 100 markets for KXNBAGAME
2026-04-04 12:15:54 | INFO | Checking 19 pending positions for finalized markets...
2026-04-04 12:15:55 | INFO | ------------------------------------------------------------
2026-04-04 12:15:55 | INFO | NBA GAME MARKETS STATUS:
2026-04-04 12:15:55 | INFO |   HOU: $0.58 [SELL @ $0.85] | GSW: $0.37 [SELL @ $0.85]
2026-04-04 12:15:55 | INFO |   SAC: $0.13 [SELL @ $0.85] | LAC: $0.85 [WAIT]
2026-04-04 12:15:55 | INFO |   LAL: $0.71 [WAIT] | DAL: $0.26 [SELL @ $0.85]
2026-04-04 12:15:55 | INFO |   MIN: $0.51 [SELL @ $0.85] | CHA: $0.48 [SELL @ $0.85]
2026-04-04 12:15:55 | INFO |   ORL: $0.59 [SELL @ $0.85] | NOP: $0.39 [SELL @ $0.85]
2026-04-04 12:15:55 | INFO |   UTA: $0.05 [SELL @ $0.85] | OKC: $0.95 [WAIT]
2026-04-04 12:15:55 | INFO |   IND: $0.07 [SELL @ $0.85] | CLE: $0.91 [WAIT]
2026-04-04 12:15:55 | INFO |   MIL: $0.65 [WAIT] | MEM: $0.32 [SELL @ $0.85]
2026-04-04 12:15:55 | INFO | ------------------------------------------------------------
2026-04-04 12:15:55 | ERROR | Error in trading loop: 'GamePair' object has no attribute 'markets'
Traceback (most recent call last):
  File "/home/ubuntu/.openclaw/workspace/workers/flip/flipbot.py", line 641, in run
    next_game = self._get_next_game_start([m for mp in game_pairs for m in mp.markets])
  File "/home/ubuntu/.openclaw/workspace/workers/flip/flipbot.py", line 641, in <listcomp>
    next_game = self._get_next_game_start([m for mp in game_pairs for m in mp.markets])
AttributeError: 'GamePair' object has no attribute 'markets'
2026-04-04 12:16:01 | INFO | Fetched 100 markets for KXNBAGAME
2026-04-04 12:16:01 | INFO | Fetched 100 markets for KXNBAGAME
2026-04-04 12:16:01 | INFO | Checking 19 pending positions for finalized markets...
2026-04-04 12:16:02 | INFO | ------------------------------------------------------------
2026-04-04 12:16:02 | INFO | NBA GAME MARKETS STATUS:
2026-04-04 12:16:02 | INFO |   HOU: $0.58 [SELL @ $0.85] | GSW: $0.37 [SELL @ $0.85]
2026-04-04 12:16:02 | INFO |   SAC: $0.13 [SELL @ $0.85] | LAC: $0.85 [WAIT]
2026-04-04 12:16:02 | INFO |   LAL: $0.71 [WAIT] | DAL: $0.26 [SELL @ $0.85]
2026-04-04 12:16:02 | INFO |   MIN: $0.51 [SELL @ $0.85] | CHA: $0.48 [SELL @ $0.85]
2026-04-04 12:16:02 | INFO |   ORL: $0.59 [SELL @ $0.85] | NOP: $0.39 [SELL @ $0.85]
2026-04-04 12:16:02 | INFO |   UTA: $0.05 [SELL @ $0.85] | OKC: $0.95 [WAIT]
2026-04-04 12:16:02 | INFO |   IND: $0.07 [SELL @ $0.85] | CLE: $0.91 [WAIT]
2026-04-04 12:16:02 | INFO |   MIL: $0.65 [WAIT] | MEM: $0.32 [SELL @ $0.85]
2026-04-04 12:16:02 | INFO | ------------------------------------------------------------
2026-04-04 12:16:02 | ERROR | Error in trading loop: 'MarketPosition' object has no attribute 'status'
Traceback (most recent call last):
  File "/home/ubuntu/.openclaw/workspace/workers/flip/flipbot.py", line 636, in run
    open_positions = len([p for p in self.strategy.positions.values() if p.has_position()])
  File "/home/ubuntu/.openclaw/workspace/workers/flip/flipbot.py", line 636, in <listcomp>
    open_positions = len([p for p in self.strategy.positions.values() if p.has_position()])
AttributeError: 'MarketPosition' object has no attribute 'status'
2026-04-04 12:16:25 | INFO | Fetched 100 markets for KXNBAGAME
2026-04-04 12:16:25 | INFO | Fetched 100 markets for KXNBAGAME
2026-04-04 12:16:25 | INFO | Checking 19 pending positions for finalized markets...
2026-04-04 12:16:25 | INFO | ------------------------------------------------------------
2026-04-04 12:16:25 | INFO | NBA GAME MARKETS STATUS:
2026-04-04 12:16:25 | INFO |   HOU: $0.58 [SELL @ $0.85] | GSW: $0.37 [SELL @ $0.85]
2026-04-04 12:16:25 | INFO |   SAC: $0.13 [SELL @ $0.85] | LAC: $0.85 [WAIT]
2026-04-04 12:16:25 | INFO |   LAL: $0.71 [WAIT] | DAL: $0.26 [SELL @ $0.85]
2026-04-04 12:16:25 | INFO |   MIN: $0.51 [SELL @ $0.85] | CHA: $0.48 [SELL @ $0.85]
2026-04-04 12:16:25 | INFO |   ORL: $0.59 [SELL @ $0.85] | NOP: $0.39 [SELL @ $0.85]
2026-04-04 12:16:25 | INFO |   UTA: $0.05 [SELL @ $0.85] | OKC: $0.95 [WAIT]
2026-04-04 12:16:25 | INFO |   IND: $0.07 [SELL @ $0.85] | CLE: $0.91 [WAIT]
2026-04-04 12:16:25 | INFO |   MIL: $0.65 [WAIT] | MEM: $0.32 [SELL @ $0.85]
2026-04-04 12:16:25 | INFO | ------------------------------------------------------------
2026-04-04 12:16:25 | ERROR | Error in trading loop: 'GamePair' object has no attribute 'markets'
Traceback (most recent call last):
  File "/home/ubuntu/.openclaw/workspace/workers/flip/flipbot.py", line 641, in run
    next_game = self._get_next_game_start([m for mp in game_pairs for m in mp.markets])
  File "/home/ubuntu/.openclaw/workspace/workers/flip/flipbot.py", line 641, in <listcomp>
    next_game = self._get_next_game_start([m for mp in game_pairs for m in mp.markets])
AttributeError: 'GamePair' object has no attribute 'markets'
2026-04-04 12:16:32 | INFO | Fetched 100 markets for KXNBAGAME
2026-04-04 12:16:32 | INFO | Fetched 100 markets for KXNBAGAME
2026-04-04 12:16:32 | INFO | Checking 19 pending positions for finalized markets...
2026-04-04 12:16:32 | INFO | ------------------------------------------------------------
2026-04-04 12:16:32 | INFO | NBA GAME MARKETS STATUS:
2026-04-04 12:16:32 | INFO |   HOU: $0.58 [SELL @ $0.85] | GSW: $0.37 [SELL @ $0.85]
2026-04-04 12:16:32 | INFO |   SAC: $0.13 [SELL @ $0.85] | LAC: $0.85 [WAIT]
2026-04-04 12:16:32 | INFO |   LAL: $0.71 [WAIT] | DAL: $0.26 [SELL @ $0.85]
2026-04-04 12:16:32 | INFO |   MIN: $0.51 [SELL @ $0.85] | CHA: $0.48 [SELL @ $0.85]
2026-04-04 12:16:32 | INFO |   ORL: $0.59 [SELL @ $0.85] | NOP: $0.39 [SELL @ $0.85]
2026-04-04 12:16:32 | INFO |   UTA: $0.05 [SELL @ $0.85] | OKC: $0.95 [WAIT]
2026-04-04 12:16:32 | INFO |   IND: $0.07 [SELL @ $0.85] | CLE: $0.91 [WAIT]
2026-04-04 12:16:32 | INFO |   MIL: $0.65 [WAIT] | MEM: $0.32 [SELL @ $0.85]
2026-04-04 12:16:32 | INFO | ------------------------------------------------------------
2026-04-04 12:16:32 | ERROR | Error in trading loop: 'MarketPosition' object has no attribute 'status'
Traceback (most recent call last):
  File "/home/ubuntu/.openclaw/workspace/workers/flip/flipbot.py", line 636, in run
    open_positions = len([p for p in self.strategy.positions.values() if p.has_position()])
  File "/home/ubuntu/.openclaw/workspace/workers/flip/flipbot.py", line 636, in <listcomp>
    open_positions = len([p for p in self.strategy.positions.values() if p.has_position()])
AttributeError: 'MarketPosition' object has no attribute 'status'
2026-04-04 12:16:54 | INFO | ============================================================
2026-04-04 12:16:54 | INFO | SIMPLE FLIP BOT INITIALIZED - NBA GAME EDITION
2026-04-04 12:16:54 | INFO | Strategy: Buy <$0.60, Sell @$0.85, Buy back <$0.50
2026-04-04 12:16:54 | INFO | Paper mode: ON
2026-04-04 12:16:54 | INFO | Starting balance: $100.00
2026-04-04 12:16:54 | INFO | Max position size: $2.00 per side
2026-04-04 12:16:54 | INFO | Poll interval: 30 seconds
2026-04-04 12:16:54 | INFO | ============================================================
2026-04-04 12:16:54 | INFO | Starting flip bot trading loop (poll every 30s)...
2026-04-04 12:16:54 | INFO | Fetched 100 markets for KXNBAGAME
2026-04-04 12:16:54 | INFO | Fetched 100 markets for KXNBAGAME
2026-04-04 12:16:54 | INFO | ------------------------------------------------------------
2026-04-04 12:16:54 | INFO | NBA GAME MARKETS STATUS:
2026-04-04 12:16:54 | INFO |   HOU: $0.58 [BUY ZONE] | GSW: $0.37 [BUY ZONE]
2026-04-04 12:16:54 | INFO |   SAC: $0.13 [BUY ZONE] | LAC: $0.85 [WAIT]
2026-04-04 12:16:54 | INFO |   LAL: $0.71 [WAIT] | DAL: $0.26 [BUY ZONE]
2026-04-04 12:16:54 | INFO |   MIN: $0.51 [BUY ZONE] | CHA: $0.48 [BUY ZONE]
2026-04-04 12:16:54 | INFO |   ORL: $0.59 [BUY ZONE] | NOP: $0.39 [BUY ZONE]
2026-04-04 12:16:54 | INFO |   UTA: $0.05 [BUY ZONE] | OKC: $0.95 [WAIT]
2026-04-04 12:16:54 | INFO |   IND: $0.07 [BUY ZONE] | CLE: $0.91 [WAIT]
2026-04-04 12:16:54 | INFO |   MIL: $0.65 [WAIT] | MEM: $0.32 [BUY ZONE]
2026-04-04 12:16:54 | INFO | ------------------------------------------------------------
2026-04-04 12:16:54 | INFO | Generated 19 trade signals
2026-04-04 12:16:54 | INFO | BUY HOU @ $0.5800 x $2.00 = $1.16 | Placed limit sell @ $0.85
2026-04-04 12:16:54 | INFO | TRADE: BUY HOU MARKET @ $0.5800 x $2.00 | yes_bid $0.58 < $0.60 → BUY
2026-04-04 12:16:54 | INFO | BUY GSW @ $0.3700 x $2.00 = $0.74 | Placed limit sell @ $0.85
2026-04-04 12:16:54 | INFO | TRADE: BUY GSW MARKET @ $0.3700 x $2.00 | yes_bid $0.37 < $0.60 → BUY
2026-04-04 12:16:54 | INFO | BUY SAC @ $0.1300 x $2.00 = $0.26 | Placed limit sell @ $0.85
2026-04-04 12:16:54 | INFO | TRADE: BUY SAC MARKET @ $0.1300 x $2.00 | yes_bid $0.13 < $0.60 → BUY
2026-04-04 12:16:54 | INFO | BUY DAL @ $0.2600 x $2.00 = $0.52 | Placed limit sell @ $0.85
2026-04-04 12:16:54 | INFO | TRADE: BUY DAL MARKET @ $0.2600 x $2.00 | yes_bid $0.26 < $0.60 → BUY
2026-04-04 12:16:54 | INFO | BUY MIN @ $0.5100 x $2.00 = $1.02 | Placed limit sell @ $0.85
2026-04-04 12:16:54 | INFO | TRADE: BUY MIN MARKET @ $0.5100 x $2.00 | yes_bid $0.51 < $0.60 → BUY
2026-04-04 12:16:54 | INFO | BUY CHA @ $0.4800 x $2.00 = $0.96 | Placed limit sell @ $0.85
2026-04-04 12:16:54 | INFO | TRADE: BUY CHA MARKET @ $0.4800 x $2.00 | yes_bid $0.48 < $0.60 → BUY
2026-04-04 12:16:54 | INFO | BUY ORL @ $0.5900 x $2.00 = $1.18 | Placed limit sell @ $0.85
2026-04-04 12:16:54 | INFO | TRADE: BUY ORL MARKET @ $0.5900 x $2.00 | yes_bid $0.59 < $0.60 → BUY
2026-04-04 12:16:54 | INFO | BUY NOP @ $0.3900 x $2.00 = $0.78 | Placed limit sell @ $0.85
2026-04-04 12:16:54 | INFO | TRADE: BUY NOP MARKET @ $0.3900 x $2.00 | yes_bid $0.39 < $0.60 → BUY
2026-04-04 12:16:54 | INFO | BUY UTA @ $0.0500 x $2.00 = $0.10 | Placed limit sell @ $0.85
2026-04-04 12:16:54 | INFO | TRADE: BUY UTA MARKET @ $0.0500 x $2.00 | yes_bid $0.05 < $0.60 → BUY
2026-04-04 12:16:54 | INFO | BUY IND @ $0.0700 x $2.00 = $0.14 | Placed limit sell @ $0.85
2026-04-04 12:16:54 | INFO | TRADE: BUY IND MARKET @ $0.0700 x $2.00 | yes_bid $0.07 < $0.60 → BUY
2026-04-04 12:16:54 | INFO | BUY MEM @ $0.3200 x $2.00 = $0.64 | Placed limit sell @ $0.85
2026-04-04 12:16:54 | INFO | TRADE: BUY MEM MARKET @ $0.3200 x $2.00 | yes_bid $0.32 < $0.60 → BUY
2026-04-04 12:16:54 | INFO | BUY CHI @ $0.1700 x $2.00 = $0.34 | Placed limit sell @ $0.85
2026-04-04 12:16:54 | INFO | TRADE: BUY CHI MARKET @ $0.1700 x $2.00 | yes_bid $0.17 < $0.60 → BUY
2026-04-04 12:16:54 | INFO | BUY TOR @ $0.1900 x $2.00 = $0.38 | Placed limit sell @ $0.85
2026-04-04 12:16:54 | INFO | TRADE: BUY TOR MARKET @ $0.1900 x $2.00 | yes_bid $0.19 < $0.60 → BUY
2026-04-04 12:16:54 | INFO | BUY WAS @ $0.3400 x $2.00 = $0.68 | Placed limit sell @ $0.85
2026-04-04 12:16:54 | INFO | TRADE: BUY WAS MARKET @ $0.3400 x $2.00 | yes_bid $0.34 < $0.60 → BUY
2026-04-04 12:16:54 | INFO | BUY PHI @ $0.4400 x $2.00 = $0.88 | Placed limit sell @ $0.85
2026-04-04 12:16:54 | INFO | TRADE: BUY PHI MARKET @ $0.4400 x $2.00 | yes_bid $0.44 < $0.60 → BUY
2026-04-04 12:16:54 | INFO | BUY DET @ $0.5600 x $2.00 = $1.12 | Placed limit sell @ $0.85
2026-04-04 12:16:54 | INFO | TRADE: BUY DET MARKET @ $0.5600 x $2.00 | yes_bid $0.56 < $0.60 → BUY
2026-04-04 12:16:54 | INFO | BUY SAS @ $0.5600 x $2.00 = $1.12 | Placed limit sell @ $0.85
2026-04-04 12:16:54 | INFO | TRADE: BUY SAS MARKET @ $0.5600 x $2.00 | yes_bid $0.56 < $0.60 → BUY
2026-04-04 12:16:54 | INFO | BUY DEN @ $0.4400 x $2.00 = $0.88 | Placed limit sell @ $0.85
2026-04-04 12:16:54 | INFO | TRADE: BUY DEN MARKET @ $0.4400 x $2.00 | yes_bid $0.44 < $0.60 → BUY
2026-04-04 12:16:54 | INFO | BUY WAS @ $0.0600 x $2.00 = $0.12 | Placed limit sell @ $0.85
2026-04-04 12:16:54 | INFO | TRADE: BUY WAS MARKET @ $0.0600 x $2.00 | yes_bid $0.06 < $0.60 → BUY
2026-04-04 12:16:55 | INFO | Fetched 100 markets for KXNBAGAME
2026-04-04 12:16:55 | INFO | Fetched 100 markets for KXNBAGAME
2026-04-04 12:16:55 | INFO | Checking 19 pending positions for finalized markets...
2026-04-04 12:16:56 | INFO | ------------------------------------------------------------
2026-04-04 12:16:56 | INFO | NBA GAME MARKETS STATUS:
2026-04-04 12:16:56 | INFO |   HOU: $0.58 [SELL @ $0.85] | GSW: $0.37 [SELL @ $0.85]
2026-04-04 12:16:56 | INFO |   SAC: $0.13 [SELL @ $0.85] | LAC: $0.85 [WAIT]
2026-04-04 12:16:56 | INFO |   LAL: $0.71 [WAIT] | DAL: $0.26 [SELL @ $0.85]
2026-04-04 12:16:56 | INFO |   MIN: $0.51 [SELL @ $0.85] | CHA: $0.48 [SELL @ $0.85]
2026-04-04 12:16:56 | INFO |   ORL: $0.59 [SELL @ $0.85] | NOP: $0.39 [SELL @ $0.85]
2026-04-04 12:16:56 | INFO |   UTA: $0.05 [SELL @ $0.85] | OKC: $0.95 [WAIT]
2026-04-04 12:16:56 | INFO |   IND: $0.07 [SELL @ $0.85] | CLE: $0.91 [WAIT]
2026-04-04 12:16:56 | INFO |   MIL: $0.65 [WAIT] | MEM: $0.32 [SELL @ $0.85]
2026-04-04 12:16:56 | INFO | ------------------------------------------------------------
2026-04-04 12:16:56 | ERROR | Error in trading loop: 'GamePair' object has no attribute 'markets'
Traceback (most recent call last):
  File "/home/ubuntu/.openclaw/workspace/workers/flip/flipbot.py", line 641, in run
    next_game = self._get_next_game_start([m for mp in game_pairs for m in mp.markets])
  File "/home/ubuntu/.openclaw/workspace/workers/flip/flipbot.py", line 641, in <listcomp>
    next_game = self._get_next_game_start([m for mp in game_pairs for m in mp.markets])
AttributeError: 'GamePair' object has no attribute 'markets'
2026-04-04 12:17:03 | INFO | Fetched 100 markets for KXNBAGAME
2026-04-04 12:17:03 | INFO | Fetched 100 markets for KXNBAGAME
2026-04-04 12:17:03 | INFO | Checking 19 pending positions for finalized markets...
2026-04-04 12:17:03 | INFO | ------------------------------------------------------------
2026-04-04 12:17:03 | INFO | NBA GAME MARKETS STATUS:
2026-04-04 12:17:03 | INFO |   HOU: $0.58 [SELL @ $0.85] | GSW: $0.37 [SELL @ $0.85]
2026-04-04 12:17:03 | INFO |   SAC: $0.13 [SELL @ $0.85] | LAC: $0.85 [WAIT]
2026-04-04 12:17:03 | INFO |   LAL: $0.71 [WAIT] | DAL: $0.26 [SELL @ $0.85]
2026-04-04 12:17:03 | INFO |   MIN: $0.51 [SELL @ $0.85] | CHA: $0.48 [SELL @ $0.85]
2026-04-04 12:17:03 | INFO |   ORL: $0.59 [SELL @ $0.85] | NOP: $0.39 [SELL @ $0.85]
2026-04-04 12:17:03 | INFO |   UTA: $0.05 [SELL @ $0.85] | OKC: $0.95 [WAIT]
2026-04-04 12:17:03 | INFO |   IND: $0.07 [SELL @ $0.85] | CLE: $0.91 [WAIT]
2026-04-04 12:17:03 | INFO |   MIL: $0.65 [WAIT] | MEM: $0.32 [SELL @ $0.85]
2026-04-04 12:17:03 | INFO | ------------------------------------------------------------
2026-04-04 12:17:03 | ERROR | Error in trading loop: 'MarketPosition' object has no attribute 'status'
Traceback (most recent call last):
  File "/home/ubuntu/.openclaw/workspace/workers/flip/flipbot.py", line 636, in run
    open_positions = len([p for p in self.strategy.positions.values() if p.has_position()])
  File "/home/ubuntu/.openclaw/workspace/workers/flip/flipbot.py", line 636, in <listcomp>
    open_positions = len([p for p in self.strategy.positions.values() if p.has_position()])
AttributeError: 'MarketPosition' object has no attribute 'status'
2026-04-04 12:17:24 | INFO | Fetched 100 markets for KXNBAGAME
2026-04-04 12:17:24 | INFO | Fetched 100 markets for KXNBAGAME
2026-04-04 12:17:24 | INFO | Checking 19 pending positions for finalized markets...
2026-04-04 12:17:24 | INFO | ------------------------------------------------------------
2026-04-04 12:17:24 | INFO | NBA GAME MARKETS STATUS:
2026-04-04 12:17:24 | INFO |   HOU: $0.58 [SELL @ $0.85] | GSW: $0.37 [SELL @ $0.85]
2026-04-04 12:17:24 | INFO |   SAC: $0.13 [SELL @ $0.85] | LAC: $0.85 [WAIT]
2026-04-04 12:17:24 | INFO |   LAL: $0.71 [WAIT] | DAL: $0.26 [SELL @ $0.85]
2026-04-04 12:17:24 | INFO |   MIN: $0.51 [SELL @ $0.85] | CHA: $0.48 [SELL @ $0.85]
2026-04-04 12:17:24 | INFO |   ORL: $0.59 [SELL @ $0.85] | NOP: $0.39 [SELL @ $0.85]
2026-04-04 12:17:24 | INFO |   UTA: $0.05 [SELL @ $0.85] | OKC: $0.95 [WAIT]
2026-04-04 12:17:24 | INFO |   IND: $0.07 [SELL @ $0.85] | CLE: $0.91 [WAIT]
2026-04-04 12:17:24 | INFO |   MIL: $0.65 [WAIT] | MEM: $0.32 [SELL @ $0.85]
2026-04-04 12:17:24 | INFO | ------------------------------------------------------------
2026-04-04 12:17:24 | ERROR | Error in trading loop: 'GamePair' object has no attribute 'markets'
Traceback (most recent call last):
  File "/home/ubuntu/.openclaw/workspace/workers/flip/flipbot.py", line 641, in run
    next_game = self._get_next_game_start([m for mp in game_pairs for m in mp.markets])
  File "/home/ubuntu/.openclaw/workspace/workers/flip/flipbot.py", line 641, in <listcomp>
    next_game = self._get_next_game_start([m for mp in game_pairs for m in mp.markets])
AttributeError: 'GamePair' object has no attribute 'markets'
2026-04-04 12:17:26 | INFO | Fetched 100 markets for KXNBAGAME
2026-04-04 12:17:26 | INFO | Fetched 100 markets for KXNBAGAME
2026-04-04 12:17:26 | INFO | Checking 19 pending positions for finalized markets...
2026-04-04 12:17:26 | INFO | ------------------------------------------------------------
2026-04-04 12:17:26 | INFO | NBA GAME MARKETS STATUS:
2026-04-04 12:17:26 | INFO |   HOU: $0.58 [SELL @ $0.85] | GSW: $0.37 [SELL @ $0.85]
2026-04-04 12:17:26 | INFO |   SAC: $0.13 [SELL @ $0.85] | LAC: $0.85 [WAIT]
2026-04-04 12:17:26 | INFO |   LAL: $0.71 [WAIT] | DAL: $0.26 [SELL @ $0.85]
2026-04-04 12:17:26 | INFO |   MIN: $0.51 [SELL @ $0.85] | CHA: $0.48 [SELL @ $0.85]
2026-04-04 12:17:26 | INFO |   ORL: $0.59 [SELL @ $0.85] | NOP: $0.39 [SELL @ $0.85]
2026-04-04 12:17:26 | INFO |   UTA: $0.05 [SELL @ $0.85] | OKC: $0.95 [WAIT]
2026-04-04 12:17:26 | INFO |   IND: $0.07 [SELL @ $0.85] | CLE: $0.91 [WAIT]
2026-04-04 12:17:26 | INFO |   MIL: $0.65 [WAIT] | MEM: $0.32 [SELL @ $0.85]
2026-04-04 12:17:26 | INFO | ------------------------------------------------------------
2026-04-04 12:17:26 | ERROR | Error in trading loop: 'GamePair' object has no attribute 'markets'
Traceback (most recent call last):
  File "/home/ubuntu/.openclaw/workspace/workers/flip/flipbot.py", line 641, in run
    next_game = self._get_next_game_start([m for mp in game_pairs for m in mp.markets])
  File "/home/ubuntu/.openclaw/workspace/workers/flip/flipbot.py", line 641, in <listcomp>
    next_game = self._get_next_game_start([m for mp in game_pairs for m in mp.markets])
AttributeError: 'GamePair' object has no attribute 'markets'
2026-04-04 12:17:33 | INFO | Fetched 100 markets for KXNBAGAME
2026-04-04 12:17:33 | INFO | Fetched 100 markets for KXNBAGAME
2026-04-04 12:17:33 | INFO | Checking 19 pending positions for finalized markets...
2026-04-04 12:17:34 | INFO | ------------------------------------------------------------
2026-04-04 12:17:34 | INFO | NBA GAME MARKETS STATUS:
2026-04-04 12:17:34 | INFO |   HOU: $0.58 [SELL @ $0.85] | GSW: $0.37 [SELL @ $0.85]
2026-04-04 12:17:34 | INFO |   SAC: $0.13 [SELL @ $0.85] | LAC: $0.85 [WAIT]
2026-04-04 12:17:34 | INFO |   LAL: $0.71 [WAIT] | DAL: $0.26 [SELL @ $0.85]
2026-04-04 12:17:34 | INFO |   MIN: $0.51 [SELL @ $0.85] | CHA: $0.48 [SELL @ $0.85]
2026-04-04 12:17:34 | INFO |   ORL: $0.59 [SELL @ $0.85] | NOP: $0.39 [SELL @ $0.85]
2026-04-04 12:17:34 | INFO |   UTA: $0.05 [SELL @ $0.85] | OKC: $0.95 [WAIT]
2026-04-04 12:17:34 | INFO |   IND: $0.07 [SELL @ $0.85] | CLE: $0.91 [WAIT]
2026-04-04 12:17:34 | INFO |   MIL: $0.65 [WAIT] | MEM: $0.32 [SELL @ $0.85]
2026-04-04 12:17:34 | INFO | ------------------------------------------------------------
2026-04-04 12:17:34 | ERROR | Error in trading loop: 'MarketPosition' object has no attribute 'status'
Traceback (most recent call last):
  File "/home/ubuntu/.openclaw/workspace/workers/flip/flipbot.py", line 636, in run
    open_positions = len([p for p in self.strategy.positions.values() if p.has_position()])
  File "/home/ubuntu/.openclaw/workspace/workers/flip/flipbot.py", line 636, in <listcomp>
    open_positions = len([p for p in self.strategy.positions.values() if p.has_position()])
AttributeError: 'MarketPosition' object has no attribute 'status'
2026-04-04 12:17:54 | INFO | Fetched 100 markets for KXNBAGAME
2026-04-04 12:17:54 | INFO | Fetched 100 markets for KXNBAGAME
2026-04-04 12:17:54 | INFO | Checking 19 pending positions for finalized markets...
2026-04-04 12:17:55 | INFO | ------------------------------------------------------------
2026-04-04 12:17:55 | INFO | NBA GAME MARKETS STATUS:
2026-04-04 12:17:55 | INFO |   HOU: $0.58 [SELL @ $0.85] | GSW: $0.37 [SELL @ $0.85]
2026-04-04 12:17:55 | INFO |   SAC: $0.13 [SELL @ $0.85] | LAC: $0.85 [WAIT]
2026-04-04 12:17:55 | INFO |   LAL: $0.71 [WAIT] | DAL: $0.26 [SELL @ $0.85]
2026-04-04 12:17:55 | INFO |   MIN: $0.51 [SELL @ $0.85] | CHA: $0.48 [SELL @ $0.85]
2026-04-04 12:17:55 | INFO |   ORL: $0.59 [SELL @ $0.85] | NOP: $0.39 [SELL @ $0.85]
2026-04-04 12:17:55 | INFO |   UTA: $0.05 [SELL @ $0.85] | OKC: $0.95 [WAIT]
2026-04-04 12:17:55 | INFO |   IND: $0.07 [SELL @ $0.85] | CLE: $0.91 [WAIT]
2026-04-04 12:17:55 | INFO |   MIL: $0.65 [WAIT] | MEM: $0.32 [SELL @ $0.85]
2026-04-04 12:17:55 | INFO | ------------------------------------------------------------
2026-04-04 12:17:55 | ERROR | Error in trading loop: 'GamePair' object has no attribute 'markets'
Traceback (most recent call last):
  File "/home/ubuntu/.openclaw/workspace/workers/flip/flipbot.py", line 641, in run
    next_game = self._get_next_game_start([m for mp in game_pairs for m in [mp.team_a_market, mp.team_b_market] if m])
  File "/home/ubuntu/.openclaw/workspace/workers/flip/flipbot.py", line 641, in <listcomp>
    next_game = self._get_next_game_start([m for mp in game_pairs for m in [mp.team_a_market, mp.team_b_market] if m])
AttributeError: 'GamePair' object has no attribute 'markets'
2026-04-04 12:17:56 | INFO | Fetched 100 markets for KXNBAGAME
2026-04-04 12:17:56 | INFO | Fetched 100 markets for KXNBAGAME
2026-04-04 12:17:56 | INFO | Checking 19 pending positions for finalized markets...
2026-04-04 12:17:57 | INFO | ------------------------------------------------------------
2026-04-04 12:17:57 | INFO | NBA GAME MARKETS STATUS:
2026-04-04 12:17:57 | INFO |   HOU: $0.58 [SELL @ $0.85] | GSW: $0.37 [SELL @ $0.85]
2026-04-04 12:17:57 | INFO |   SAC: $0.13 [SELL @ $0.85] | LAC: $0.85 [WAIT]
2026-04-04 12:17:57 | INFO |   LAL: $0.71 [WAIT] | DAL: $0.26 [SELL @ $0.85]
2026-04-04 12:17:57 | INFO |   MIN: $0.51 [SELL @ $0.85] | CHA: $0.48 [SELL @ $0.85]
2026-04-04 12:17:57 | INFO |   ORL: $0.59 [SELL @ $0.85] | NOP: $0.39 [SELL @ $0.85]
2026-04-04 12:17:57 | INFO |   UTA: $0.05 [SELL @ $0.85] | OKC: $0.95 [WAIT]
2026-04-04 12:17:57 | INFO |   IND: $0.07 [SELL @ $0.85] | CLE: $0.91 [WAIT]
2026-04-04 12:17:57 | INFO |   MIL: $0.65 [WAIT] | MEM: $0.32 [SELL @ $0.85]
2026-04-04 12:17:57 | INFO | ------------------------------------------------------------
2026-04-04 12:17:57 | ERROR | Error in trading loop: 'GamePair' object has no attribute 'markets'
Traceback (most recent call last):
  File "/home/ubuntu/.openclaw/workspace/workers/flip/flipbot.py", line 641, in run
    next_game = self._get_next_game_start([m for mp in game_pairs for m in [mp.team_a_market, mp.team_b_market] if m])
  File "/home/ubuntu/.openclaw/workspace/workers/flip/flipbot.py", line 641, in <listcomp>
    next_game = self._get_next_game_start([m for mp in game_pairs for m in [mp.team_a_market, mp.team_b_market] if m])
AttributeError: 'GamePair' object has no attribute 'markets'
2026-04-04 12:17:57 | INFO | ============================================================
2026-04-04 12:17:57 | INFO | SIMPLE FLIP BOT INITIALIZED - NBA GAME EDITION
2026-04-04 12:17:57 | INFO | Strategy: Buy <$0.60, Sell @$0.85, Buy back <$0.50
2026-04-04 12:17:57 | INFO | Paper mode: ON
2026-04-04 12:17:57 | INFO | Starting balance: $100.00
2026-04-04 12:17:57 | INFO | Max position size: $2.00 per side
2026-04-04 12:17:57 | INFO | Poll interval: 30 seconds
2026-04-04 12:17:57 | INFO | ============================================================
2026-04-04 12:17:57 | INFO | Starting flip bot trading loop (poll every 30s)...
2026-04-04 12:17:57 | INFO | Fetched 100 markets for KXNBAGAME
2026-04-04 12:17:57 | INFO | Fetched 100 markets for KXNBAGAME
2026-04-04 12:17:57 | INFO | ------------------------------------------------------------
2026-04-04 12:17:57 | INFO | NBA GAME MARKETS STATUS:
2026-04-04 12:17:57 | INFO |   HOU: $0.57 [BUY ZONE] | GSW: $0.37 [BUY ZONE]
2026-04-04 12:17:57 | INFO |   SAC: $0.13 [BUY ZONE] | LAC: $0.85 [WAIT]
2026-04-04 12:17:57 | INFO |   LAL: $0.71 [WAIT] | DAL: $0.26 [BUY ZONE]
2026-04-04 12:17:57 | INFO |   MIN: $0.51 [BUY ZONE] | CHA: $0.48 [BUY ZONE]
2026-04-04 12:17:57 | INFO |   ORL: $0.60 [WAIT] | NOP: $0.39 [BUY ZONE]
2026-04-04 12:17:57 | INFO |   UTA: $0.05 [BUY ZONE] | OKC: $0.95 [WAIT]
2026-04-04 12:17:57 | INFO |   IND: $0.07 [BUY ZONE] | CLE: $0.91 [WAIT]
2026-04-04 12:17:57 | INFO |   MIL: $0.65 [WAIT] | MEM: $0.32 [BUY ZONE]
2026-04-04 12:17:57 | INFO | ------------------------------------------------------------
2026-04-04 12:17:57 | INFO | Generated 18 trade signals
2026-04-04 12:17:57 | INFO | BUY HOU @ $0.5700 x $2.00 = $1.14 | Placed limit sell @ $0.85
2026-04-04 12:17:57 | INFO | TRADE: BUY HOU MARKET @ $0.5700 x $2.00 | yes_bid $0.57 < $0.60 → BUY
2026-04-04 12:17:57 | INFO | BUY GSW @ $0.3700 x $2.00 = $0.74 | Placed limit sell @ $0.85
2026-04-04 12:17:57 | INFO | TRADE: BUY GSW MARKET @ $0.3700 x $2.00 | yes_bid $0.37 < $0.60 → BUY
2026-04-04 12:17:57 | INFO | BUY SAC @ $0.1300 x $2.00 = $0.26 | Placed limit sell @ $0.85
2026-04-04 12:17:57 | INFO | TRADE: BUY SAC MARKET @ $0.1300 x $2.00 | yes_bid $0.13 < $0.60 → BUY
2026-04-04 12:17:57 | INFO | BUY DAL @ $0.2600 x $2.00 = $0.52 | Placed limit sell @ $0.85
2026-04-04 12:17:57 | INFO | TRADE: BUY DAL MARKET @ $0.2600 x $2.00 | yes_bid $0.26 < $0.60 → BUY
2026-04-04 12:17:57 | INFO | BUY MIN @ $0.5100 x $2.00 = $1.02 | Placed limit sell @ $0.85
2026-04-04 12:17:57 | INFO | TRADE: BUY MIN MARKET @ $0.5100 x $2.00 | yes_bid $0.51 < $0.60 → BUY
2026-04-04 12:17:57 | INFO | BUY CHA @ $0.4800 x $2.00 = $0.96 | Placed limit sell @ $0.85
2026-04-04 12:17:57 | INFO | TRADE: BUY CHA MARKET @ $0.4800 x $2.00 | yes_bid $0.48 < $0.60 → BUY
2026-04-04 12:17:57 | INFO | BUY NOP @ $0.3900 x $2.00 = $0.78 | Placed limit sell @ $0.85
2026-04-04 12:17:57 | INFO | TRADE: BUY NOP MARKET @ $0.3900 x $2.00 | yes_bid $0.39 < $0.60 → BUY
2026-04-04 12:17:57 | INFO | BUY UTA @ $0.0500 x $2.00 = $0.10 | Placed limit sell @ $0.85
2026-04-04 12:17:57 | INFO | TRADE: BUY UTA MARKET @ $0.0500 x $2.00 | yes_bid $0.05 < $0.60 → BUY
2026-04-04 12:17:57 | INFO | BUY IND @ $0.0700 x $2.00 = $0.14 | Placed limit sell @ $0.85
2026-04-04 12:17:57 | INFO | TRADE: BUY IND MARKET @ $0.0700 x $2.00 | yes_bid $0.07 < $0.60 → BUY
2026-04-04 12:17:57 | INFO | BUY MEM @ $0.3200 x $2.00 = $0.64 | Placed limit sell @ $0.85
2026-04-04 12:17:57 | INFO | TRADE: BUY MEM MARKET @ $0.3200 x $2.00 | yes_bid $0.32 < $0.60 → BUY
2026-04-04 12:17:57 | INFO | BUY CHI @ $0.1700 x $2.00 = $0.34 | Placed limit sell @ $0.85
2026-04-04 12:17:57 | INFO | TRADE: BUY CHI MARKET @ $0.1700 x $2.00 | yes_bid $0.17 < $0.60 → BUY
2026-04-04 12:17:57 | INFO | BUY TOR @ $0.1900 x $2.00 = $0.38 | Placed limit sell @ $0.85
2026-04-04 12:17:57 | INFO | TRADE: BUY TOR MARKET @ $0.1900 x $2.00 | yes_bid $0.19 < $0.60 → BUY
2026-04-04 12:17:57 | INFO | BUY WAS @ $0.3400 x $2.00 = $0.68 | Placed limit sell @ $0.85
2026-04-04 12:17:57 | INFO | TRADE: BUY WAS MARKET @ $0.3400 x $2.00 | yes_bid $0.34 < $0.60 → BUY
2026-04-04 12:17:57 | INFO | BUY PHI @ $0.4400 x $2.00 = $0.88 | Placed limit sell @ $0.85
2026-04-04 12:17:57 | INFO | TRADE: BUY PHI MARKET @ $0.4400 x $2.00 | yes_bid $0.44 < $0.60 → BUY
2026-04-04 12:17:57 | INFO | BUY DET @ $0.5600 x $2.00 = $1.12 | Placed limit sell @ $0.85
2026-04-04 12:17:57 | INFO | TRADE: BUY DET MARKET @ $0.5600 x $2.00 | yes_bid $0.56 < $0.60 → BUY
2026-04-04 12:17:57 | INFO | BUY SAS @ $0.5600 x $2.00 = $1.12 | Placed limit sell @ $0.85
2026-04-04 12:17:57 | INFO | TRADE: BUY SAS MARKET @ $0.5600 x $2.00 | yes_bid $0.56 < $0.60 → BUY
2026-04-04 12:17:57 | INFO | BUY DEN @ $0.4400 x $2.00 = $0.88 | Placed limit sell @ $0.85
2026-04-04 12:17:57 | INFO | TRADE: BUY DEN MARKET @ $0.4400 x $2.00 | yes_bid $0.44 < $0.60 → BUY
2026-04-04 12:17:57 | INFO | BUY WAS @ $0.0600 x $2.00 = $0.12 | Placed limit sell @ $0.85
2026-04-04 12:17:57 | INFO | TRADE: BUY WAS MARKET @ $0.0600 x $2.00 | yes_bid $0.06 < $0.60 → BUY
2026-04-04 12:18:04 | INFO | Fetched 100 markets for KXNBAGAME
2026-04-04 12:18:04 | INFO | Fetched 100 markets for KXNBAGAME
2026-04-04 12:18:04 | INFO | Checking 19 pending positions for finalized markets...
2026-04-04 12:18:04 | INFO | ------------------------------------------------------------
2026-04-04 12:18:04 | INFO | NBA GAME MARKETS STATUS:
2026-04-04 12:18:04 | INFO |   HOU: $0.57 [SELL @ $0.85] | GSW: $0.37 [SELL @ $0.85]
2026-04-04 12:18:04 | INFO |   SAC: $0.13 [SELL @ $0.85] | LAC: $0.85 [WAIT]
2026-04-04 12:18:04 | INFO |   LAL: $0.71 [WAIT] | DAL: $0.26 [SELL @ $0.85]
2026-04-04 12:18:04 | INFO |   MIN: $0.51 [SELL @ $0.85] | CHA: $0.48 [SELL @ $0.85]
2026-04-04 12:18:04 | INFO |   ORL: $0.60 [SELL @ $0.85] | NOP: $0.39 [SELL @ $0.85]
2026-04-04 12:18:04 | INFO |   UTA: $0.05 [SELL @ $0.85] | OKC: $0.95 [WAIT]
2026-04-04 12:18:04 | INFO |   IND: $0.07 [SELL @ $0.85] | CLE: $0.91 [WAIT]
2026-04-04 12:18:04 | INFO |   MIL: $0.65 [WAIT] | MEM: $0.32 [SELL @ $0.85]
2026-04-04 12:18:04 | INFO | ------------------------------------------------------------
2026-04-04 12:18:04 | ERROR | Error in trading loop: 'MarketPosition' object has no attribute 'status'
Traceback (most recent call last):
  File "/home/ubuntu/.openclaw/workspace/workers/flip/flipbot.py", line 636, in run
    open_positions = len([p for p in self.strategy.positions.values() if p.has_position()])
  File "/home/ubuntu/.openclaw/workspace/workers/flip/flipbot.py", line 636, in <listcomp>
    open_positions = len([p for p in self.strategy.positions.values() if p.has_position()])
AttributeError: 'MarketPosition' object has no attribute 'status'
2026-04-04 12:18:25 | INFO | Fetched 100 markets for KXNBAGAME
2026-04-04 12:18:25 | INFO | Fetched 100 markets for KXNBAGAME
2026-04-04 12:18:25 | INFO | Checking 19 pending positions for finalized markets...
2026-04-04 12:18:25 | INFO | ------------------------------------------------------------
2026-04-04 12:18:25 | INFO | NBA GAME MARKETS STATUS:
2026-04-04 12:18:25 | INFO |   HOU: $0.57 [SELL @ $0.85] | GSW: $0.37 [SELL @ $0.85]
2026-04-04 12:18:25 | INFO |   SAC: $0.13 [SELL @ $0.85] | LAC: $0.85 [WAIT]
2026-04-04 12:18:25 | INFO |   LAL: $0.71 [WAIT] | DAL: $0.26 [SELL @ $0.85]
2026-04-04 12:18:25 | INFO |   MIN: $0.51 [SELL @ $0.85] | CHA: $0.48 [SELL @ $0.85]
2026-04-04 12:18:25 | INFO |   ORL: $0.60 [SELL @ $0.85] | NOP: $0.39 [SELL @ $0.85]
2026-04-04 12:18:25 | INFO |   UTA: $0.05 [SELL @ $0.85] | OKC: $0.95 [WAIT]
2026-04-04 12:18:25 | INFO |   IND: $0.07 [SELL @ $0.85] | CLE: $0.91 [WAIT]
2026-04-04 12:18:25 | INFO |   MIL: $0.65 [WAIT] | MEM: $0.32 [SELL @ $0.85]
2026-04-04 12:18:25 | INFO | ------------------------------------------------------------
2026-04-04 12:18:25 | ERROR | Error in trading loop: 'GamePair' object has no attribute 'markets'
Traceback (most recent call last):
  File "/home/ubuntu/.openclaw/workspace/workers/flip/flipbot.py", line 641, in run
    next_game = self._get_next_game_start([m for mp in game_pairs for m in [mp.team_a_market, mp.team_b_market] if m])
  File "/home/ubuntu/.openclaw/workspace/workers/flip/flipbot.py", line 641, in <listcomp>
    next_game = self._get_next_game_start([m for mp in game_pairs for m in [mp.team_a_market, mp.team_b_market] if m])
AttributeError: 'GamePair' object has no attribute 'markets'
2026-04-04 12:18:27 | INFO | Fetched 100 markets for KXNBAGAME
2026-04-04 12:18:27 | INFO | Fetched 100 markets for KXNBAGAME
2026-04-04 12:18:27 | INFO | Checking 19 pending positions for finalized markets...
2026-04-04 12:18:27 | INFO | ------------------------------------------------------------
2026-04-04 12:18:27 | INFO | NBA GAME MARKETS STATUS:
2026-04-04 12:18:27 | INFO |   HOU: $0.57 [SELL @ $0.85] | GSW: $0.37 [SELL @ $0.85]
2026-04-04 12:18:27 | INFO |   SAC: $0.13 [SELL @ $0.85] | LAC: $0.85 [WAIT]
2026-04-04 12:18:27 | INFO |   LAL: $0.71 [WAIT] | DAL: $0.26 [SELL @ $0.85]
2026-04-04 12:18:27 | INFO |   MIN: $0.51 [SELL @ $0.85] | CHA: $0.48 [SELL @ $0.85]
2026-04-04 12:18:27 | INFO |   ORL: $0.60 [SELL @ $0.85] | NOP: $0.39 [SELL @ $0.85]
2026-04-04 12:18:27 | INFO |   UTA: $0.05 [SELL @ $0.85] | OKC: $0.95 [WAIT]
2026-04-04 12:18:27 | INFO |   IND: $0.07 [SELL @ $0.85] | CLE: $0.91 [WAIT]
2026-04-04 12:18:27 | INFO |   MIL: $0.65 [WAIT] | MEM: $0.32 [SELL @ $0.85]
2026-04-04 12:18:27 | INFO | ------------------------------------------------------------
2026-04-04 12:18:27 | ERROR | Error in trading loop: 'GamePair' object has no attribute 'markets'
Traceback (most recent call last):
  File "/home/ubuntu/.openclaw/workspace/workers/flip/flipbot.py", line 641, in run
    next_game = self._get_next_game_start([m for mp in game_pairs for m in [mp.team_a_market, mp.team_b_market] if m])
  File "/home/ubuntu/.openclaw/workspace/workers/flip/flipbot.py", line 641, in <listcomp>
    next_game = self._get_next_game_start([m for mp in game_pairs for m in [mp.team_a_market, mp.team_b_market] if m])
AttributeError: 'GamePair' object has no attribute 'markets'
2026-04-04 12:18:28 | INFO | Fetched 100 markets for KXNBAGAME
2026-04-04 12:18:28 | INFO | Fetched 100 markets for KXNBAGAME
2026-04-04 12:18:28 | INFO | Checking 18 pending positions for finalized markets...
2026-04-04 12:18:28 | INFO | ------------------------------------------------------------
2026-04-04 12:18:28 | INFO | NBA GAME MARKETS STATUS:
2026-04-04 12:18:28 | INFO |   HOU: $0.57 [SELL @ $0.85] | GSW: $0.37 [SELL @ $0.85]
2026-04-04 12:18:28 | INFO |   SAC: $0.13 [SELL @ $0.85] | LAC: $0.85 [WAIT]
2026-04-04 12:18:28 | INFO |   LAL: $0.71 [WAIT] | DAL: $0.26 [SELL @ $0.85]
2026-04-04 12:18:28 | INFO |   MIN: $0.51 [SELL @ $0.85] | CHA: $0.48 [SELL @ $0.85]
2026-04-04 12:18:28 | INFO |   ORL: $0.60 [WAIT] | NOP: $0.39 [SELL @ $0.85]
2026-04-04 12:18:28 | INFO |   UTA: $0.05 [SELL @ $0.85] | OKC: $0.95 [WAIT]
2026-04-04 12:18:28 | INFO |   IND: $0.07 [SELL @ $0.85] | CLE: $0.91 [WAIT]
2026-04-04 12:18:28 | INFO |   MIL: $0.65 [WAIT] | MEM: $0.32 [SELL @ $0.85]
2026-04-04 12:18:28 | INFO | ------------------------------------------------------------
2026-04-04 12:18:28 | INFO | 🎮 All fills done. Next game in 20561.5 min. Entering DORMANT mode (poll every 60s)
2026-04-04 12:18:34 | INFO | Fetched 100 markets for KXNBAGAME
2026-04-04 12:18:34 | INFO | Fetched 100 markets for KXNBAGAME
2026-04-04 12:18:34 | INFO | Checking 19 pending positions for finalized markets...
2026-04-04 12:18:35 | INFO | ------------------------------------------------------------
2026-04-04 12:18:35 | INFO | NBA GAME MARKETS STATUS:
2026-04-04 12:18:35 | INFO |   HOU: $0.57 [SELL @ $0.85] | GSW: $0.37 [SELL @ $0.85]
2026-04-04 12:18:35 | INFO |   SAC: $0.13 [SELL @ $0.85] | LAC: $0.85 [WAIT]
2026-04-04 12:18:35 | INFO |   LAL: $0.71 [WAIT] | DAL: $0.26 [SELL @ $0.85]
2026-04-04 12:18:35 | INFO |   MIN: $0.51 [SELL @ $0.85] | CHA: $0.48 [SELL @ $0.85]
2026-04-04 12:18:35 | INFO |   ORL: $0.60 [SELL @ $0.85] | NOP: $0.39 [SELL @ $0.85]
2026-04-04 12:18:35 | INFO |   UTA: $0.05 [SELL @ $0.85] | OKC: $0.95 [WAIT]
2026-04-04 12:18:35 | INFO |   IND: $0.07 [SELL @ $0.85] | CLE: $0.91 [WAIT]
2026-04-04 12:18:35 | INFO |   MIL: $0.65 [WAIT] | MEM: $0.32 [SELL @ $0.85]
2026-04-04 12:18:35 | INFO | ------------------------------------------------------------
2026-04-04 12:18:35 | ERROR | Error in trading loop: 'MarketPosition' object has no attribute 'status'
Traceback (most recent call last):
  File "/home/ubuntu/.openclaw/workspace/workers/flip/flipbot.py", line 636, in run
    open_positions = len([p for p in self.strategy.positions.values() if p.has_position()])
  File "/home/ubuntu/.openclaw/workspace/workers/flip/flipbot.py", line 636, in <listcomp>
    open_positions = len([p for p in self.strategy.positions.values() if p.has_position()])
AttributeError: 'MarketPosition' object has no attribute 'status'
2026-04-04 12:18:54 | INFO | ============================================================
2026-04-04 12:18:54 | INFO | SIMPLE FLIP BOT INITIALIZED - NBA GAME EDITION
2026-04-04 12:18:54 | INFO | Strategy: Buy <$0.60, Sell @$0.85, Buy back <$0.50
2026-04-04 12:18:54 | INFO | Paper mode: ON
2026-04-04 12:18:54 | INFO | Starting balance: $100.00
2026-04-04 12:18:54 | INFO | Max position size: $2.00 per side
2026-04-04 12:18:54 | INFO | Poll interval: 30 seconds
2026-04-04 12:18:54 | INFO | ============================================================
2026-04-04 12:18:54 | INFO | Starting flip bot trading loop (poll every 30s)...
2026-04-04 12:18:54 | INFO | Fetched 100 markets for KXNBAGAME
2026-04-04 12:18:54 | INFO | Fetched 100 markets for KXNBAGAME
2026-04-04 12:18:54 | INFO | ------------------------------------------------------------
2026-04-04 12:18:54 | INFO | NBA GAME MARKETS STATUS:
2026-04-04 12:18:54 | INFO |   HOU: $0.57 [BUY ZONE] | GSW: $0.37 [BUY ZONE]
2026-04-04 12:18:54 | INFO |   SAC: $0.13 [BUY ZONE] | LAC: $0.85 [WAIT]
2026-04-04 12:18:54 | INFO |   LAL: $0.71 [WAIT] | DAL: $0.26 [BUY ZONE]
2026-04-04 12:18:54 | INFO |   MIN: $0.51 [BUY ZONE] | CHA: $0.48 [BUY ZONE]
2026-04-04 12:18:54 | INFO |   ORL: $0.60 [WAIT] | NOP: $0.39 [BUY ZONE]
2026-04-04 12:18:54 | INFO |   UTA: $0.05 [BUY ZONE] | OKC: $0.95 [WAIT]
2026-04-04 12:18:54 | INFO |   IND: $0.07 [BUY ZONE] | CLE: $0.91 [WAIT]
2026-04-04 12:18:54 | INFO |   MIL: $0.65 [WAIT] | MEM: $0.32 [BUY ZONE]
2026-04-04 12:18:54 | INFO | ------------------------------------------------------------
2026-04-04 12:18:54 | INFO | Generated 18 trade signals
2026-04-04 12:18:54 | INFO | BUY HOU @ $0.5700 x $2.00 = $1.14 | Placed limit sell @ $0.85
2026-04-04 12:18:54 | INFO | TRADE: BUY HOU MARKET @ $0.5700 x $2.00 | yes_bid $0.57 < $0.60 → BUY
2026-04-04 12:18:54 | INFO | BUY GSW @ $0.3700 x $2.00 = $0.74 | Placed limit sell @ $0.85
2026-04-04 12:18:54 | INFO | TRADE: BUY GSW MARKET @ $0.3700 x $2.00 | yes_bid $0.37 < $0.60 → BUY
2026-04-04 12:18:54 | INFO | BUY SAC @ $0.1300 x $2.00 = $0.26 | Placed limit sell @ $0.85
2026-04-04 12:18:54 | INFO | TRADE: BUY SAC MARKET @ $0.1300 x $2.00 | yes_bid $0.13 < $0.60 → BUY
2026-04-04 12:18:54 | INFO | BUY DAL @ $0.2600 x $2.00 = $0.52 | Placed limit sell @ $0.85
2026-04-04 12:18:54 | INFO | TRADE: BUY DAL MARKET @ $0.2600 x $2.00 | yes_bid $0.26 < $0.60 → BUY
2026-04-04 12:18:54 | INFO | BUY MIN @ $0.5100 x $2.00 = $1.02 | Placed limit sell @ $0.85
2026-04-04 12:18:54 | INFO | TRADE: BUY MIN MARKET @ $0.5100 x $2.00 | yes_bid $0.51 < $0.60 → BUY
2026-04-04 12:18:54 | INFO | BUY CHA @ $0.4800 x $2.00 = $0.96 | Placed limit sell @ $0.85
2026-04-04 12:18:54 | INFO | TRADE: BUY CHA MARKET @ $0.4800 x $2.00 | yes_bid $0.48 < $0.60 → BUY
2026-04-04 12:18:54 | INFO | BUY NOP @ $0.3900 x $2.00 = $0.78 | Placed limit sell @ $0.85
2026-04-04 12:18:54 | INFO | TRADE: BUY NOP MARKET @ $0.3900 x $2.00 | yes_bid $0.39 < $0.60 → BUY
2026-04-04 12:18:54 | INFO | BUY UTA @ $0.0500 x $2.00 = $0.10 | Placed limit sell @ $0.85
2026-04-04 12:18:54 | INFO | TRADE: BUY UTA MARKET @ $0.0500 x $2.00 | yes_bid $0.05 < $0.60 → BUY
2026-04-04 12:18:54 | INFO | BUY IND @ $0.0700 x $2.00 = $0.14 | Placed limit sell @ $0.85
2026-04-04 12:18:54 | INFO | TRADE: BUY IND MARKET @ $0.0700 x $2.00 | yes_bid $0.07 < $0.60 → BUY
2026-04-04 12:18:54 | INFO | BUY MEM @ $0.3200 x $2.00 = $0.64 | Placed limit sell @ $0.85
2026-04-04 12:18:54 | INFO | TRADE: BUY MEM MARKET @ $0.3200 x $2.00 | yes_bid $0.32 < $0.60 → BUY
2026-04-04 12:18:54 | INFO | BUY CHI @ $0.1700 x $2.00 = $0.34 | Placed limit sell @ $0.85
2026-04-04 12:18:54 | INFO | TRADE: BUY CHI MARKET @ $0.1700 x $2.00 | yes_bid $0.17 < $0.60 → BUY
2026-04-04 12:18:54 | INFO | BUY TOR @ $0.1900 x $2.00 = $0.38 | Placed limit sell @ $0.85
2026-04-04 12:18:54 | INFO | TRADE: BUY TOR MARKET @ $0.1900 x $2.00 | yes_bid $0.19 < $0.60 → BUY
2026-04-04 12:18:54 | INFO | BUY WAS @ $0.3400 x $2.00 = $0.68 | Placed limit sell @ $0.85
2026-04-04 12:18:54 | INFO | TRADE: BUY WAS MARKET @ $0.3400 x $2.00 | yes_bid $0.34 < $0.60 → BUY
2026-04-04 12:18:54 | INFO | BUY PHI @ $0.4400 x $2.00 = $0.88 | Placed limit sell @ $0.85
2026-04-04 12:18:54 | INFO | TRADE: BUY PHI MARKET @ $0.4400 x $2.00 | yes_bid $0.44 < $0.60 → BUY
2026-04-04 12:18:54 | INFO | BUY DET @ $0.5600 x $2.00 = $1.12 | Placed limit sell @ $0.85
2026-04-04 12:18:54 | INFO | TRADE: BUY DET MARKET @ $0.5600 x $2.00 | yes_bid $0.56 < $0.60 → BUY
2026-04-04 12:18:54 | INFO | BUY SAS @ $0.5600 x $2.00 = $1.12 | Placed limit sell @ $0.85
2026-04-04 12:18:54 | INFO | TRADE: BUY SAS MARKET @ $0.5600 x $2.00 | yes_bid $0.56 < $0.60 → BUY
2026-04-04 12:18:54 | INFO | BUY DEN @ $0.4400 x $2.00 = $0.88 | Placed limit sell @ $0.85
2026-04-04 12:18:54 | INFO | TRADE: BUY DEN MARKET @ $0.4400 x $2.00 | yes_bid $0.44 < $0.60 → BUY
2026-04-04 12:18:54 | INFO | BUY WAS @ $0.0600 x $2.00 = $0.12 | Placed limit sell @ $0.85
2026-04-04 12:18:54 | INFO | TRADE: BUY WAS MARKET @ $0.0600 x $2.00 | yes_bid $0.06 < $0.60 → BUY
2026-04-04 12:18:55 | INFO | Fetched 100 markets for KXNBAGAME
2026-04-04 12:18:55 | INFO | Fetched 100 markets for KXNBAGAME
2026-04-04 12:18:55 | INFO | Checking 19 pending positions for finalized markets...
2026-04-04 12:18:56 | INFO | ------------------------------------------------------------
2026-04-04 12:18:56 | INFO | NBA GAME MARKETS STATUS:
2026-04-04 12:18:56 | INFO |   HOU: $0.57 [SELL @ $0.85] | GSW: $0.37 [SELL @ $0.85]
2026-04-04 12:18:56 | INFO |   SAC: $0.13 [SELL @ $0.85] | LAC: $0.85 [WAIT]
2026-04-04 12:18:56 | INFO |   LAL: $0.71 [WAIT] | DAL: $0.26 [SELL @ $0.85]
2026-04-04 12:18:56 | INFO |   MIN: $0.51 [SELL @ $0.85] | CHA: $0.48 [SELL @ $0.85]
2026-04-04 12:18:56 | INFO |   ORL: $0.60 [SELL @ $0.85] | NOP: $0.39 [SELL @ $0.85]
2026-04-04 12:18:56 | INFO |   UTA: $0.05 [SELL @ $0.85] | OKC: $0.95 [WAIT]
2026-04-04 12:18:56 | INFO |   IND: $0.07 [SELL @ $0.85] | CLE: $0.91 [WAIT]
2026-04-04 12:18:56 | INFO |   MIL: $0.65 [WAIT] | MEM: $0.32 [SELL @ $0.85]
2026-04-04 12:18:56 | INFO | ------------------------------------------------------------
2026-04-04 12:18:56 | ERROR | Error in trading loop: 'GamePair' object has no attribute 'markets'
Traceback (most recent call last):
  File "/home/ubuntu/.openclaw/workspace/workers/flip/flipbot.py", line 641, in run
    next_game = self._get_next_game_start([m for mp in game_pairs for m in [mp.team_a_market, mp.team_b_market] if m])
  File "/home/ubuntu/.openclaw/workspace/workers/flip/flipbot.py", line 641, in <listcomp>
    next_game = self._get_next_game_start([m for mp in game_pairs for m in [mp.team_a_market, mp.team_b_market] if m])
AttributeError: 'GamePair' object has no attribute 'markets'
2026-04-04 12:18:57 | INFO | Fetched 100 markets for KXNBAGAME
2026-04-04 12:18:57 | INFO | Fetched 100 markets for KXNBAGAME
2026-04-04 12:18:57 | INFO | Checking 19 pending positions for finalized markets...
2026-04-04 12:18:58 | INFO | ------------------------------------------------------------
2026-04-04 12:18:58 | INFO | NBA GAME MARKETS STATUS:
2026-04-04 12:18:58 | INFO |   HOU: $0.57 [SELL @ $0.85] | GSW: $0.37 [SELL @ $0.85]
2026-04-04 12:18:58 | INFO |   SAC: $0.13 [SELL @ $0.85] | LAC: $0.85 [WAIT]
2026-04-04 12:18:58 | INFO |   LAL: $0.71 [WAIT] | DAL: $0.26 [SELL @ $0.85]
2026-04-04 12:18:58 | INFO |   MIN: $0.51 [SELL @ $0.85] | CHA: $0.48 [SELL @ $0.85]
2026-04-04 12:18:58 | INFO |   ORL: $0.60 [SELL @ $0.85] | NOP: $0.39 [SELL @ $0.85]
2026-04-04 12:18:58 | INFO |   UTA: $0.05 [SELL @ $0.85] | OKC: $0.95 [WAIT]
2026-04-04 12:18:58 | INFO |   IND: $0.07 [SELL @ $0.85] | CLE: $0.91 [WAIT]
2026-04-04 12:18:58 | INFO |   MIL: $0.65 [WAIT] | MEM: $0.32 [SELL @ $0.85]
2026-04-04 12:18:58 | INFO | ------------------------------------------------------------
2026-04-04 12:18:58 | ERROR | Error in trading loop: 'GamePair' object has no attribute 'markets'
Traceback (most recent call last):
  File "/home/ubuntu/.openclaw/workspace/workers/flip/flipbot.py", line 641, in run
    next_game = self._get_next_game_start([m for mp in game_pairs for m in [mp.team_a_market, mp.team_b_market] if m])
  File "/home/ubuntu/.openclaw/workspace/workers/flip/flipbot.py", line 641, in <listcomp>
    next_game = self._get_next_game_start([m for mp in game_pairs for m in [mp.team_a_market, mp.team_b_market] if m])
AttributeError: 'GamePair' object has no attribute 'markets'
2026-04-04 12:19:05 | INFO | Fetched 100 markets for KXNBAGAME
2026-04-04 12:19:05 | INFO | Fetched 100 markets for KXNBAGAME
2026-04-04 12:19:05 | INFO | Checking 19 pending positions for finalized markets...
2026-04-04 12:19:05 | INFO | ------------------------------------------------------------
2026-04-04 12:19:05 | INFO | NBA GAME MARKETS STATUS:
2026-04-04 12:19:05 | INFO |   HOU: $0.57 [SELL @ $0.85] | GSW: $0.37 [SELL @ $0.85]
2026-04-04 12:19:05 | INFO |   SAC: $0.13 [SELL @ $0.85] | LAC: $0.85 [WAIT]
2026-04-04 12:19:05 | INFO |   LAL: $0.71 [WAIT] | DAL: $0.26 [SELL @ $0.85]
2026-04-04 12:19:05 | INFO |   MIN: $0.51 [SELL @ $0.85] | CHA: $0.48 [SELL @ $0.85]
2026-04-04 12:19:05 | INFO |   ORL: $0.60 [SELL @ $0.85] | NOP: $0.39 [SELL @ $0.85]
2026-04-04 12:19:05 | INFO |   UTA: $0.05 [SELL @ $0.85] | OKC: $0.95 [WAIT]
2026-04-04 12:19:05 | INFO |   IND: $0.07 [SELL @ $0.85] | CLE: $0.91 [WAIT]
2026-04-04 12:19:05 | INFO |   MIL: $0.65 [WAIT] | MEM: $0.32 [SELL @ $0.85]
2026-04-04 12:19:05 | INFO | ------------------------------------------------------------
2026-04-04 12:19:05 | ERROR | Error in trading loop: 'MarketPosition' object has no attribute 'status'
Traceback (most recent call last):
  File "/home/ubuntu/.openclaw/workspace/workers/flip/flipbot.py", line 636, in run
    open_positions = len([p for p in self.strategy.positions.values() if p.has_position()])
  File "/home/ubuntu/.openclaw/workspace/workers/flip/flipbot.py", line 636, in <listcomp>
    open_positions = len([p for p in self.strategy.positions.values() if p.has_position()])
AttributeError: 'MarketPosition' object has no attribute 'status'
2026-04-04 12:19:24 | INFO | Fetched 100 markets for KXNBAGAME
2026-04-04 12:19:24 | INFO | Fetched 100 markets for KXNBAGAME
2026-04-04 12:19:24 | INFO | Checking 18 pending positions for finalized markets...
2026-04-04 12:19:25 | INFO | ------------------------------------------------------------
2026-04-04 12:19:25 | INFO | NBA GAME MARKETS STATUS:
2026-04-04 12:19:25 | INFO |   HOU: $0.57 [SELL @ $0.85] | GSW: $0.37 [SELL @ $0.85]
2026-04-04 12:19:25 | INFO |   SAC: $0.13 [SELL @ $0.85] | LAC: $0.85 [WAIT]
2026-04-04 12:19:25 | INFO |   LAL: $0.71 [WAIT] | DAL: $0.26 [SELL @ $0.85]
2026-04-04 12:19:25 | INFO |   MIN: $0.51 [SELL @ $0.85] | CHA: $0.48 [SELL @ $0.85]
2026-04-04 12:19:25 | INFO |   ORL: $0.60 [WAIT] | NOP: $0.39 [SELL @ $0.85]
2026-04-04 12:19:25 | INFO |   UTA: $0.05 [SELL @ $0.85] | OKC: $0.95 [WAIT]
2026-04-04 12:19:25 | INFO |   IND: $0.07 [SELL @ $0.85] | CLE: $0.91 [WAIT]
2026-04-04 12:19:25 | INFO |   MIL: $0.65 [WAIT] | MEM: $0.32 [SELL @ $0.85]
2026-04-04 12:19:25 | INFO | ------------------------------------------------------------
2026-04-04 12:19:25 | INFO | 🎮 All fills done. Next game in 20560.6 min. Entering DORMANT mode (poll every 60s)
2026-04-04 12:19:26 | INFO | Fetched 100 markets for KXNBAGAME
2026-04-04 12:19:26 | INFO | Fetched 100 markets for KXNBAGAME
2026-04-04 12:19:26 | INFO | Checking 19 pending positions for finalized markets...
2026-04-04 12:19:26 | INFO | ------------------------------------------------------------
2026-04-04 12:19:26 | INFO | NBA GAME MARKETS STATUS:
2026-04-04 12:19:26 | INFO |   HOU: $0.57 [SELL @ $0.85] | GSW: $0.37 [SELL @ $0.85]
2026-04-04 12:19:26 | INFO |   SAC: $0.13 [SELL @ $0.85] | LAC: $0.85 [WAIT]
2026-04-04 12:19:26 | INFO |   LAL: $0.71 [WAIT] | DAL: $0.26 [SELL @ $0.85]
2026-04-04 12:19:26 | INFO |   MIN: $0.51 [SELL @ $0.85] | CHA: $0.48 [SELL @ $0.85]
2026-04-04 12:19:26 | INFO |   ORL: $0.60 [SELL @ $0.85] | NOP: $0.39 [SELL @ $0.85]
2026-04-04 12:19:26 | INFO |   UTA: $0.05 [SELL @ $0.85] | OKC: $0.95 [WAIT]
2026-04-04 12:19:26 | INFO |   IND: $0.07 [SELL @ $0.85] | CLE: $0.91 [WAIT]
2026-04-04 12:19:26 | INFO |   MIL: $0.65 [WAIT] | MEM: $0.32 [SELL @ $0.85]
2026-04-04 12:19:26 | INFO | ------------------------------------------------------------
2026-04-04 12:19:26 | ERROR | Error in trading loop: 'GamePair' object has no attribute 'markets'
Traceback (most recent call last):
  File "/home/ubuntu/.openclaw/workspace/workers/flip/flipbot.py", line 641, in run
    next_game = self._get_next_game_start([m for mp in game_pairs for m in [mp.team_a_market, mp.team_b_market] if m])
  File "/home/ubuntu/.openclaw/workspace/workers/flip/flipbot.py", line 641, in <listcomp>
    next_game = self._get_next_game_start([m for mp in game_pairs for m in [mp.team_a_market, mp.team_b_market] if m])
AttributeError: 'GamePair' object has no attribute 'markets'
2026-04-04 12:19:28 | INFO | Fetched 100 markets for KXNBAGAME
2026-04-04 12:19:28 | INFO | Fetched 100 markets for KXNBAGAME
2026-04-04 12:19:28 | INFO | Checking 19 pending positions for finalized markets...
2026-04-04 12:19:28 | INFO | Fetched 100 markets for KXNBAGAME
2026-04-04 12:19:28 | INFO | Fetched 100 markets for KXNBAGAME
2026-04-04 12:19:28 | INFO | Checking 18 pending positions for finalized markets...
2026-04-04 12:19:28 | ERROR | API GET failed: https://api.elections.kalshi.com/trade-api/v2/markets/KXNBAGAME-26APR04WASMIA-WAS | Error: 429 Client Error: Too Many Requests for url: https://api.elections.kalshi.com/trade-api/v2/markets/KXNBAGAME-26APR04WASMIA-WAS
2026-04-04 12:19:28 | WARNING | Failed to fetch market KXNBAGAME-26APR04WASMIA-WAS: 429 Client Error: Too Many Requests for url: https://api.elections.kalshi.com/trade-api/v2/markets/KXNBAGAME-26APR04WASMIA-WAS
2026-04-04 12:19:28 | WARNING | Could not fetch market for KXNBAGAME-26APR04WASMIA-WAS
2026-04-04 12:19:28 | INFO | ------------------------------------------------------------
2026-04-04 12:19:28 | INFO | NBA GAME MARKETS STATUS:
2026-04-04 12:19:28 | INFO |   HOU: $0.57 [SELL @ $0.85] | GSW: $0.37 [SELL @ $0.85]
2026-04-04 12:19:28 | INFO |   SAC: $0.13 [SELL @ $0.85] | LAC: $0.85 [WAIT]
2026-04-04 12:19:28 | INFO |   LAL: $0.71 [WAIT] | DAL: $0.26 [SELL @ $0.85]
2026-04-04 12:19:28 | INFO |   MIN: $0.51 [SELL @ $0.85] | CHA: $0.48 [SELL @ $0.85]
2026-04-04 12:19:28 | INFO |   ORL: $0.60 [SELL @ $0.85] | NOP: $0.39 [SELL @ $0.85]
2026-04-04 12:19:28 | INFO |   UTA: $0.05 [SELL @ $0.85] | OKC: $0.95 [WAIT]
2026-04-04 12:19:28 | INFO |   IND: $0.07 [SELL @ $0.85] | CLE: $0.91 [WAIT]
2026-04-04 12:19:28 | INFO |   MIL: $0.65 [WAIT] | MEM: $0.32 [SELL @ $0.85]
2026-04-04 12:19:28 | INFO | ------------------------------------------------------------
2026-04-04 12:19:28 | ERROR | Error in trading loop: 'GamePair' object has no attribute 'markets'
Traceback (most recent call last):
  File "/home/ubuntu/.openclaw/workspace/workers/flip/flipbot.py", line 641, in run
    next_game = self._get_next_game_start([m for mp in game_pairs for m in [mp.team_a_market, mp.team_b_market] if m])
  File "/home/ubuntu/.openclaw/workspace/workers/flip/flipbot.py", line 641, in <listcomp>
    next_game = self._get_next_game_start([m for mp in game_pairs for m in [mp.team_a_market, mp.team_b_market] if m])
AttributeError: 'GamePair' object has no attribute 'markets'
2026-04-04 12:19:28 | ERROR | API GET failed: https://api.elections.kalshi.com/trade-api/v2/markets/KXNBAGAME-26APR05PHXCHI-CHI | Error: 429 Client Error: Too Many Requests for url: https://api.elections.kalshi.com/trade-api/v2/markets/KXNBAGAME-26APR05PHXCHI-CHI
2026-04-04 12:19:28 | WARNING | Failed to fetch market KXNBAGAME-26APR05PHXCHI-CHI: 429 Client Error: Too Many Requests for url: https://api.elections.kalshi.com/trade-api/v2/markets/KXNBAGAME-26APR05PHXCHI-CHI
2026-04-04 12:19:28 | WARNING | Could not fetch market for KXNBAGAME-26APR05PHXCHI-CHI
2026-04-04 12:19:28 | ERROR | API GET failed: https://api.elections.kalshi.com/trade-api/v2/markets/KXNBAGAME-26APR05WASBKN-WAS | Error: 429 Client Error: Too Many Requests for url: https://api.elections.kalshi.com/trade-api/v2/markets/KXNBAGAME-26APR05WASBKN-WAS
2026-04-04 12:19:28 | WARNING | Failed to fetch market KXNBAGAME-26APR05WASBKN-WAS: 429 Client Error: Too Many Requests for url: https://api.elections.kalshi.com/trade-api/v2/markets/KXNBAGAME-26APR05WASBKN-WAS
2026-04-04 12:19:28 | WARNING | Could not fetch market for KXNBAGAME-26APR05WASBKN-WAS
2026-04-04 12:19:28 | ERROR | API GET failed: https://api.elections.kalshi.com/trade-api/v2/markets/KXNBAGAME-26APR04DETPHI-DET | Error: 429 Client Error: Too Many Requests for url: https://api.elections.kalshi.com/trade-api/v2/markets/KXNBAGAME-26APR04DETPHI-DET
2026-04-04 12:19:28 | WARNING | Failed to fetch market KXNBAGAME-26APR04DETPHI-DET: 429 Client Error: Too Many Requests for url: https://api.elections.kalshi.com/trade-api/v2/markets/KXNBAGAME-26APR04DETPHI-DET
2026-04-04 12:19:28 | WARNING | Could not fetch market for KXNBAGAME-26APR04DETPHI-DET
2026-04-04 12:19:28 | ERROR | API GET failed: https://api.elections.kalshi.com/trade-api/v2/markets/KXNBAGAME-26APR04SASDEN-SAS | Error: 429 Client Error: Too Many Requests for url: https://api.elections.kalshi.com/trade-api/v2/markets/KXNBAGAME-26APR04SASDEN-SAS
2026-04-04 12:19:28 | WARNING | Failed to fetch market KXNBAGAME-26APR04SASDEN-SAS: 429 Client Error: Too Many Requests for url: https://api.elections.kalshi.com/trade-api/v2/markets/KXNBAGAME-26APR04SASDEN-SAS
2026-04-04 12:19:28 | WARNING | Could not fetch market for KXNBAGAME-26APR04SASDEN-SAS
2026-04-04 12:19:29 | INFO | ------------------------------------------------------------
2026-04-04 12:19:29 | INFO | NBA GAME MARKETS STATUS:
2026-04-04 12:19:29 | INFO |   HOU: $0.57 [SELL @ $0.85] | GSW: $0.37 [SELL @ $0.85]
2026-04-04 12:19:29 | INFO |   SAC: $0.13 [SELL @ $0.85] | LAC: $0.85 [WAIT]
2026-04-04 12:19:29 | INFO |   LAL: $0.71 [WAIT] | DAL: $0.26 [SELL @ $0.85]
2026-04-04 12:19:29 | INFO |   MIN: $0.51 [SELL @ $0.85] | CHA: $0.48 [SELL @ $0.85]
2026-04-04 12:19:29 | INFO |   ORL: $0.60 [WAIT] | NOP: $0.39 [SELL @ $0.85]
2026-04-04 12:19:29 | INFO |   UTA: $0.05 [SELL @ $0.85] | OKC: $0.95 [WAIT]
2026-04-04 12:19:29 | INFO |   IND: $0.07 [SELL @ $0.85] | CLE: $0.91 [WAIT]
2026-04-04 12:19:29 | INFO |   MIL: $0.65 [WAIT] | MEM: $0.32 [SELL @ $0.85]
2026-04-04 12:19:29 | INFO | ------------------------------------------------------------
2026-04-04 12:19:35 | INFO | Fetched 100 markets for KXNBAGAME
2026-04-04 12:19:35 | INFO | Fetched 100 markets for KXNBAGAME
2026-04-04 12:19:35 | INFO | Checking 19 pending positions for finalized markets...
2026-04-04 12:19:36 | INFO | ------------------------------------------------------------
2026-04-04 12:19:36 | INFO | NBA GAME MARKETS STATUS:
2026-04-04 12:19:36 | INFO |   HOU: $0.57 [SELL @ $0.85] | GSW: $0.37 [SELL @ $0.85]
2026-04-04 12:19:36 | INFO |   SAC: $0.13 [SELL @ $0.85] | LAC: $0.85 [WAIT]
2026-04-04 12:19:36 | INFO |   LAL: $0.71 [WAIT] | DAL: $0.26 [SELL @ $0.85]
2026-04-04 12:19:36 | INFO |   MIN: $0.51 [SELL @ $0.85] | CHA: $0.48 [SELL @ $0.85]
2026-04-04 12:19:36 | INFO |   ORL: $0.60 [SELL @ $0.85] | NOP: $0.39 [SELL @ $0.85]
2026-04-04 12:19:36 | INFO |   UTA: $0.05 [SELL @ $0.85] | OKC: $0.95 [WAIT]
2026-04-04 12:19:36 | INFO |   IND: $0.07 [SELL @ $0.85] | CLE: $0.91 [WAIT]
2026-04-04 12:19:36 | INFO |   MIL: $0.65 [WAIT] | MEM: $0.32 [SELL @ $0.85]
2026-04-04 12:19:36 | INFO | ------------------------------------------------------------
2026-04-04 12:19:36 | ERROR | Error in trading loop: 'MarketPosition' object has no attribute 'status'
Traceback (most recent call last):
  File "/home/ubuntu/.openclaw/workspace/workers/flip/flipbot.py", line 636, in run
    open_positions = len([p for p in self.strategy.positions.values() if p.has_position()])
  File "/home/ubuntu/.openclaw/workspace/workers/flip/flipbot.py", line 636, in <listcomp>
    open_positions = len([p for p in self.strategy.positions.values() if p.has_position()])
AttributeError: 'MarketPosition' object has no attribute 'status'
2026-04-04 12:19:56 | INFO | Fetched 100 markets for KXNBAGAME
2026-04-04 12:19:56 | INFO | Fetched 100 markets for KXNBAGAME
2026-04-04 12:19:56 | INFO | Checking 19 pending positions for finalized markets...
2026-04-04 12:19:57 | INFO | ------------------------------------------------------------
2026-04-04 12:19:57 | INFO | NBA GAME MARKETS STATUS:
2026-04-04 12:19:57 | INFO |   HOU: $0.57 [SELL @ $0.85] | GSW: $0.37 [SELL @ $0.85]
2026-04-04 12:19:57 | INFO |   SAC: $0.13 [SELL @ $0.85] | LAC: $0.85 [WAIT]
2026-04-04 12:19:57 | INFO |   LAL: $0.71 [WAIT] | DAL: $0.26 [SELL @ $0.85]
2026-04-04 12:19:57 | INFO |   MIN: $0.51 [SELL @ $0.85] | CHA: $0.48 [SELL @ $0.85]
2026-04-04 12:19:57 | INFO |   ORL: $0.60 [SELL @ $0.85] | NOP: $0.39 [SELL @ $0.85]
2026-04-04 12:19:57 | INFO |   UTA: $0.05 [SELL @ $0.85] | OKC: $0.95 [WAIT]
2026-04-04 12:19:57 | INFO |   IND: $0.07 [SELL @ $0.85] | CLE: $0.91 [WAIT]
2026-04-04 12:19:57 | INFO |   MIL: $0.65 [WAIT] | MEM: $0.32 [SELL @ $0.85]
2026-04-04 12:19:57 | INFO | ------------------------------------------------------------
2026-04-04 12:19:57 | ERROR | Error in trading loop: 'GamePair' object has no attribute 'markets'
Traceback (most recent call last):
  File "/home/ubuntu/.openclaw/workspace/workers/flip/flipbot.py", line 641, in run
    next_game = self._get_next_game_start([m for mp in game_pairs for m in [mp.team_a_market, mp.team_b_market] if m])
  File "/home/ubuntu/.openclaw/workspace/workers/flip/flipbot.py", line 641, in <listcomp>
    next_game = self._get_next_game_start([m for mp in game_pairs for m in [mp.team_a_market, mp.team_b_market] if m])
AttributeError: 'GamePair' object has no attribute 'markets'
2026-04-04 12:19:58 | INFO | Fetched 100 markets for KXNBAGAME
2026-04-04 12:19:58 | INFO | Fetched 100 markets for KXNBAGAME
2026-04-04 12:19:58 | INFO | Checking 19 pending positions for finalized markets...
2026-04-04 12:19:59 | INFO | ------------------------------------------------------------
2026-04-04 12:19:59 | INFO | NBA GAME MARKETS STATUS:
2026-04-04 12:19:59 | INFO |   HOU: $0.57 [SELL @ $0.85] | GSW: $0.37 [SELL @ $0.85]
2026-04-04 12:19:59 | INFO |   SAC: $0.13 [SELL @ $0.85] | LAC: $0.85 [WAIT]
2026-04-04 12:19:59 | INFO |   LAL: $0.71 [WAIT] | DAL: $0.26 [SELL @ $0.85]
2026-04-04 12:19:59 | INFO |   MIN: $0.51 [SELL @ $0.85] | CHA: $0.48 [SELL @ $0.85]
2026-04-04 12:19:59 | INFO |   ORL: $0.60 [SELL @ $0.85] | NOP: $0.39 [SELL @ $0.85]
2026-04-04 12:19:59 | INFO |   UTA: $0.05 [SELL @ $0.85] | OKC: $0.95 [WAIT]
2026-04-04 12:19:59 | INFO |   IND: $0.07 [SELL @ $0.85] | CLE: $0.91 [WAIT]
2026-04-04 12:19:59 | INFO |   MIL: $0.65 [WAIT] | MEM: $0.32 [SELL @ $0.85]
2026-04-04 12:19:59 | INFO | ------------------------------------------------------------
2026-04-04 12:19:59 | ERROR | Error in trading loop: 'GamePair' object has no attribute 'markets'
Traceback (most recent call last):
  File "/home/ubuntu/.openclaw/workspace/workers/flip/flipbot.py", line 641, in run
    next_game = self._get_next_game_start([m for mp in game_pairs for m in [mp.team_a_market, mp.team_b_market] if m])
  File "/home/ubuntu/.openclaw/workspace/workers/flip/flipbot.py", line 641, in <listcomp>
    next_game = self._get_next_game_start([m for mp in game_pairs for m in [mp.team_a_market, mp.team_b_market] if m])
AttributeError: 'GamePair' object has no attribute 'markets'
2026-04-04 12:20:06 | INFO | Fetched 100 markets for KXNBAGAME
2026-04-04 12:20:06 | INFO | Fetched 100 markets for KXNBAGAME
2026-04-04 12:20:06 | INFO | Checking 19 pending positions for finalized markets...
2026-04-04 12:20:06 | INFO | ------------------------------------------------------------
2026-04-04 12:20:06 | INFO | NBA GAME MARKETS STATUS:
2026-04-04 12:20:06 | INFO |   HOU: $0.57 [SELL @ $0.85] | GSW: $0.37 [SELL @ $0.85]
2026-04-04 12:20:06 | INFO |   SAC: $0.13 [SELL @ $0.85] | LAC: $0.85 [WAIT]
2026-04-04 12:20:06 | INFO |   LAL: $0.71 [WAIT] | DAL: $0.26 [SELL @ $0.85]
2026-04-04 12:20:06 | INFO |   MIN: $0.51 [SELL @ $0.85] | CHA: $0.48 [SELL @ $0.85]
2026-04-04 12:20:06 | INFO |   ORL: $0.60 [SELL @ $0.85] | NOP: $0.39 [SELL @ $0.85]
2026-04-04 12:20:06 | INFO |   UTA: $0.05 [SELL @ $0.85] | OKC: $0.95 [WAIT]
2026-04-04 12:20:06 | INFO |   IND: $0.07 [SELL @ $0.85] | CLE: $0.91 [WAIT]
2026-04-04 12:20:06 | INFO |   MIL: $0.65 [WAIT] | MEM: $0.32 [SELL @ $0.85]
2026-04-04 12:20:06 | INFO | ------------------------------------------------------------
2026-04-04 12:20:06 | ERROR | Error in trading loop: 'MarketPosition' object has no attribute 'status'
Traceback (most recent call last):
  File "/home/ubuntu/.openclaw/workspace/workers/flip/flipbot.py", line 636, in run
    open_positions = len([p for p in self.strategy.positions.values() if p.has_position()])
  File "/home/ubuntu/.openclaw/workspace/workers/flip/flipbot.py", line 636, in <listcomp>
    open_positions = len([p for p in self.strategy.positions.values() if p.has_position()])
AttributeError: 'MarketPosition' object has no attribute 'status'
2026-04-04 12:20:16 | INFO | ============================================================
2026-04-04 12:20:16 | INFO | SIMPLE FLIP BOT INITIALIZED - NBA GAME EDITION
2026-04-04 12:20:16 | INFO | Strategy: Buy <$0.60, Sell @$0.85, Buy back <$0.50
2026-04-04 12:20:16 | INFO | Paper mode: ON
2026-04-04 12:20:16 | INFO | Starting balance: $100.00
2026-04-04 12:20:16 | INFO | Max position size: $2.00 per side
2026-04-04 12:20:16 | INFO | Poll interval: 30 seconds
2026-04-04 12:20:16 | INFO | ============================================================
2026-04-04 12:20:16 | INFO | Starting flip bot trading loop (poll every 30s)...
2026-04-04 12:20:16 | INFO | Fetched 100 markets for KXNBAGAME
2026-04-04 12:20:16 | INFO | Fetched 100 markets for KXNBAGAME
2026-04-04 12:20:16 | INFO | ------------------------------------------------------------
2026-04-04 12:20:16 | INFO | NBA GAME MARKETS STATUS:
2026-04-04 12:20:16 | INFO |   HOU: $0.57 [BUY ZONE] | GSW: $0.37 [BUY ZONE]
2026-04-04 12:20:16 | INFO |   SAC: $0.13 [BUY ZONE] | LAC: $0.85 [WAIT]
2026-04-04 12:20:16 | INFO |   LAL: $0.71 [WAIT] | DAL: $0.26 [BUY ZONE]
2026-04-04 12:20:16 | INFO |   MIN: $0.51 [BUY ZONE] | CHA: $0.48 [BUY ZONE]
2026-04-04 12:20:16 | INFO |   ORL: $0.60 [WAIT] | NOP: $0.39 [BUY ZONE]
2026-04-04 12:20:16 | INFO |   UTA: $0.05 [BUY ZONE] | OKC: $0.95 [WAIT]
2026-04-04 12:20:16 | INFO |   IND: $0.07 [BUY ZONE] | CLE: $0.91 [WAIT]
2026-04-04 12:20:16 | INFO |   MIL: $0.65 [WAIT] | MEM: $0.32 [BUY ZONE]
2026-04-04 12:20:16 | INFO | ------------------------------------------------------------
2026-04-04 12:20:16 | INFO | Generated 18 trade signals
2026-04-04 12:20:16 | INFO | BUY HOU @ $0.5700 x $2.00 = $1.14 | Placed limit sell @ $0.85
2026-04-04 12:20:16 | INFO | TRADE: BUY HOU MARKET @ $0.5700 x $2.00 | yes_bid $0.57 < $0.60 → BUY
2026-04-04 12:20:16 | INFO | BUY GSW @ $0.3700 x $2.00 = $0.74 | Placed limit sell @ $0.85
2026-04-04 12:20:16 | INFO | TRADE: BUY GSW MARKET @ $0.3700 x $2.00 | yes_bid $0.37 < $0.60 → BUY
2026-04-04 12:20:16 | INFO | BUY SAC @ $0.1300 x $2.00 = $0.26 | Placed limit sell @ $0.85
2026-04-04 12:20:16 | INFO | TRADE: BUY SAC MARKET @ $0.1300 x $2.00 | yes_bid $0.13 < $0.60 → BUY
2026-04-04 12:20:16 | INFO | BUY DAL @ $0.2600 x $2.00 = $0.52 | Placed limit sell @ $0.85
2026-04-04 12:20:16 | INFO | TRADE: BUY DAL MARKET @ $0.2600 x $2.00 | yes_bid $0.26 < $0.60 → BUY
2026-04-04 12:20:16 | INFO | BUY MIN @ $0.5100 x $2.00 = $1.02 | Placed limit sell @ $0.85
2026-04-04 12:20:16 | INFO | TRADE: BUY MIN MARKET @ $0.5100 x $2.00 | yes_bid $0.51 < $0.60 → BUY
2026-04-04 12:20:16 | INFO | BUY CHA @ $0.4800 x $2.00 = $0.96 | Placed limit sell @ $0.85
2026-04-04 12:20:16 | INFO | TRADE: BUY CHA MARKET @ $0.4800 x $2.00 | yes_bid $0.48 < $0.60 → BUY
2026-04-04 12:20:16 | INFO | BUY NOP @ $0.3900 x $2.00 = $0.78 | Placed limit sell @ $0.85
2026-04-04 12:20:16 | INFO | TRADE: BUY NOP MARKET @ $0.3900 x $2.00 | yes_bid $0.39 < $0.60 → BUY
2026-04-04 12:20:16 | INFO | BUY UTA @ $0.0500 x $2.00 = $0.10 | Placed limit sell @ $0.85
2026-04-04 12:20:16 | INFO | TRADE: BUY UTA MARKET @ $0.0500 x $2.00 | yes_bid $0.05 < $0.60 → BUY
2026-04-04 12:20:16 | INFO | BUY IND @ $0.0700 x $2.00 = $0.14 | Placed limit sell @ $0.85
2026-04-04 12:20:16 | INFO | TRADE: BUY IND MARKET @ $0.0700 x $2.00 | yes_bid $0.07 < $0.60 → BUY
2026-04-04 12:20:16 | INFO | BUY MEM @ $0.3200 x $2.00 = $0.64 | Placed limit sell @ $0.85
2026-04-04 12:20:16 | INFO | TRADE: BUY MEM MARKET @ $0.3200 x $2.00 | yes_bid $0.32 < $0.60 → BUY
2026-04-04 12:20:16 | INFO | BUY CHI @ $0.1700 x $2.00 = $0.34 | Placed limit sell @ $0.85
2026-04-04 12:20:16 | INFO | TRADE: BUY CHI MARKET @ $0.1700 x $2.00 | yes_bid $0.17 < $0.60 → BUY
2026-04-04 12:20:16 | INFO | BUY TOR @ $0.1900 x $2.00 = $0.38 | Placed limit sell @ $0.85
2026-04-04 12:20:16 | INFO | TRADE: BUY TOR MARKET @ $0.1900 x $2.00 | yes_bid $0.19 < $0.60 → BUY
2026-04-04 12:20:16 | INFO | BUY WAS @ $0.3400 x $2.00 = $0.68 | Placed limit sell @ $0.85
2026-04-04 12:20:16 | INFO | TRADE: BUY WAS MARKET @ $0.3400 x $2.00 | yes_bid $0.34 < $0.60 → BUY
2026-04-04 12:20:16 | INFO | BUY PHI @ $0.4400 x $2.00 = $0.88 | Placed limit sell @ $0.85
2026-04-04 12:20:16 | INFO | TRADE: BUY PHI MARKET @ $0.4400 x $2.00 | yes_bid $0.44 < $0.60 → BUY
2026-04-04 12:20:16 | INFO | BUY DET @ $0.5600 x $2.00 = $1.12 | Placed limit sell @ $0.85
2026-04-04 12:20:16 | INFO | TRADE: BUY DET MARKET @ $0.5600 x $2.00 | yes_bid $0.56 < $0.60 → BUY
2026-04-04 12:20:16 | INFO | BUY SAS @ $0.5600 x $2.00 = $1.12 | Placed limit sell @ $0.85
2026-04-04 12:20:16 | INFO | TRADE: BUY SAS MARKET @ $0.5600 x $2.00 | yes_bid $0.56 < $0.60 → BUY
2026-04-04 12:20:16 | INFO | BUY DEN @ $0.4400 x $2.00 = $0.88 | Placed limit sell @ $0.85
2026-04-04 12:20:16 | INFO | TRADE: BUY DEN MARKET @ $0.4400 x $2.00 | yes_bid $0.44 < $0.60 → BUY
2026-04-04 12:20:16 | INFO | BUY WAS @ $0.0600 x $2.00 = $0.12 | Placed limit sell @ $0.85
2026-04-04 12:20:16 | INFO | TRADE: BUY WAS MARKET @ $0.0600 x $2.00 | yes_bid $0.06 < $0.60 → BUY
2026-04-04 12:20:46 | INFO | Fetched 100 markets for KXNBAGAME
2026-04-04 12:20:46 | INFO | Fetched 100 markets for KXNBAGAME
2026-04-04 12:20:46 | INFO | Checking 18 pending positions for finalized markets...
2026-04-04 12:20:47 | INFO | ------------------------------------------------------------
2026-04-04 12:20:47 | INFO | NBA GAME MARKETS STATUS:
2026-04-04 12:20:47 | INFO |   HOU: $0.57 [SELL @ $0.85] | GSW: $0.37 [SELL @ $0.85]
2026-04-04 12:20:47 | INFO |   SAC: $0.13 [SELL @ $0.85] | LAC: $0.85 [WAIT]
2026-04-04 12:20:47 | INFO |   LAL: $0.71 [WAIT] | DAL: $0.26 [SELL @ $0.85]
2026-04-04 12:20:47 | INFO |   MIN: $0.51 [SELL @ $0.85] | CHA: $0.48 [SELL @ $0.85]
2026-04-04 12:20:47 | INFO |   ORL: $0.60 [WAIT] | NOP: $0.39 [SELL @ $0.85]
2026-04-04 12:20:47 | INFO |   UTA: $0.05 [SELL @ $0.85] | OKC: $0.95 [WAIT]
2026-04-04 12:20:47 | INFO |   IND: $0.07 [SELL @ $0.85] | CLE: $0.91 [WAIT]
2026-04-04 12:20:47 | INFO |   MIL: $0.65 [WAIT] | MEM: $0.32 [SELL @ $0.85]
2026-04-04 12:20:47 | INFO | ------------------------------------------------------------
2026-04-04 12:20:47 | INFO | 🎮 All fills done. Next game in 20559.2 min. Entering DORMANT mode (poll every 60s)
2026-04-04 12:21:47 | INFO | Fetched 100 markets for KXNBAGAME
2026-04-04 12:21:47 | INFO | Fetched 100 markets for KXNBAGAME
2026-04-04 12:21:47 | INFO | Checking 18 pending positions for finalized markets...
2026-04-04 12:21:47 | INFO | ------------------------------------------------------------
2026-04-04 12:21:47 | INFO | NBA GAME MARKETS STATUS:
2026-04-04 12:21:47 | INFO |   HOU: $0.57 [SELL @ $0.85] | GSW: $0.37 [SELL @ $0.85]
2026-04-04 12:21:47 | INFO |   SAC: $0.13 [SELL @ $0.85] | LAC: $0.85 [WAIT]
2026-04-04 12:21:47 | INFO |   LAL: $0.71 [WAIT] | DAL: $0.26 [SELL @ $0.85]
2026-04-04 12:21:47 | INFO |   MIN: $0.51 [SELL @ $0.85] | CHA: $0.48 [SELL @ $0.85]
2026-04-04 12:21:47 | INFO |   ORL: $0.60 [WAIT] | NOP: $0.39 [SELL @ $0.85]
2026-04-04 12:21:47 | INFO |   UTA: $0.05 [SELL @ $0.85] | OKC: $0.95 [WAIT]
2026-04-04 12:21:47 | INFO |   IND: $0.07 [SELL @ $0.85] | CLE: $0.91 [WAIT]
2026-04-04 12:21:47 | INFO |   MIL: $0.65 [WAIT] | MEM: $0.32 [SELL @ $0.85]
2026-04-04 12:21:47 | INFO | ------------------------------------------------------------
2026-04-04 12:22:47 | INFO | Fetched 100 markets for KXNBAGAME
2026-04-04 12:22:47 | INFO | Fetched 100 markets for KXNBAGAME
2026-04-04 12:22:47 | INFO | Checking 18 pending positions for finalized markets...
2026-04-04 12:22:48 | INFO | ------------------------------------------------------------
2026-04-04 12:22:48 | INFO | NBA GAME MARKETS STATUS:
2026-04-04 12:22:48 | INFO |   HOU: $0.57 [SELL @ $0.85] | GSW: $0.37 [SELL @ $0.85]
2026-04-04 12:22:48 | INFO |   SAC: $0.13 [SELL @ $0.85] | LAC: $0.85 [WAIT]
2026-04-04 12:22:48 | INFO |   LAL: $0.71 [WAIT] | DAL: $0.26 [SELL @ $0.85]
2026-04-04 12:22:48 | INFO |   MIN: $0.51 [SELL @ $0.85] | CHA: $0.48 [SELL @ $0.85]
2026-04-04 12:22:48 | INFO |   ORL: $0.60 [WAIT] | NOP: $0.39 [SELL @ $0.85]
2026-04-04 12:22:48 | INFO |   UTA: $0.05 [SELL @ $0.85] | OKC: $0.95 [WAIT]
2026-04-04 12:22:48 | INFO |   IND: $0.07 [SELL @ $0.85] | CLE: $0.91 [WAIT]
2026-04-04 12:22:48 | INFO |   MIL: $0.65 [WAIT] | MEM: $0.32 [SELL @ $0.85]
2026-04-04 12:22:48 | INFO | ------------------------------------------------------------
2026-04-04 12:23:48 | INFO | Fetched 100 markets for KXNBAGAME
2026-04-04 12:23:48 | INFO | Fetched 100 markets for KXNBAGAME
2026-04-04 12:23:48 | INFO | Checking 18 pending positions for finalized markets...
2026-04-04 12:23:48 | INFO | ------------------------------------------------------------
2026-04-04 12:23:48 | INFO | NBA GAME MARKETS STATUS:
2026-04-04 12:23:48 | INFO |   HOU: $0.57 [SELL @ $0.85] | GSW: $0.37 [SELL @ $0.85]
2026-04-04 12:23:48 | INFO |   SAC: $0.13 [SELL @ $0.85] | LAC: $0.85 [WAIT]
2026-04-04 12:23:48 | INFO |   LAL: $0.71 [WAIT] | DAL: $0.26 [SELL @ $0.85]
2026-04-04 12:23:48 | INFO |   MIN: $0.51 [SELL @ $0.85] | CHA: $0.48 [SELL @ $0.85]
2026-04-04 12:23:48 | INFO |   ORL: $0.60 [WAIT] | NOP: $0.36 [SELL @ $0.85]
2026-04-04 12:23:48 | INFO |   UTA: $0.05 [SELL @ $0.85] | OKC: $0.95 [WAIT]
2026-04-04 12:23:48 | INFO |   IND: $0.07 [SELL @ $0.85] | CLE: $0.91 [WAIT]
2026-04-04 12:23:48 | INFO |   MIL: $0.65 [WAIT] | MEM: $0.32 [SELL @ $0.85]
2026-04-04 12:23:48 | INFO | ------------------------------------------------------------
2026-04-04 12:24:48 | INFO | Fetched 100 markets for KXNBAGAME
2026-04-04 12:24:48 | INFO | Fetched 100 markets for KXNBAGAME
2026-04-04 12:24:48 | INFO | Checking 18 pending positions for finalized markets...
2026-04-04 12:24:49 | INFO | ------------------------------------------------------------
2026-04-04 12:24:49 | INFO | NBA GAME MARKETS STATUS:
2026-04-04 12:24:49 | INFO |   HOU: $0.57 [SELL @ $0.85] | GSW: $0.37 [SELL @ $0.85]
2026-04-04 12:24:49 | INFO |   SAC: $0.13 [SELL @ $0.85] | LAC: $0.85 [WAIT]
2026-04-04 12:24:49 | INFO |   LAL: $0.71 [WAIT] | DAL: $0.26 [SELL @ $0.85]
2026-04-04 12:24:49 | INFO |   MIN: $0.51 [SELL @ $0.85] | CHA: $0.48 [SELL @ $0.85]
2026-04-04 12:24:49 | INFO |   ORL: $0.60 [WAIT] | NOP: $0.36 [SELL @ $0.85]
2026-04-04 12:24:49 | INFO |   UTA: $0.05 [SELL @ $0.85] | OKC: $0.95 [WAIT]
2026-04-04 12:24:49 | INFO |   IND: $0.07 [SELL @ $0.85] | CLE: $0.91 [WAIT]
2026-04-04 12:24:49 | INFO |   MIL: $0.65 [WAIT] | MEM: $0.32 [SELL @ $0.85]
2026-04-04 12:24:49 | INFO | ------------------------------------------------------------
2026-04-04 12:25:49 | INFO | Fetched 100 markets for KXNBAGAME
2026-04-04 12:25:49 | INFO | Fetched 100 markets for KXNBAGAME
2026-04-04 12:25:49 | INFO | Checking 18 pending positions for finalized markets...
2026-04-04 12:25:49 | INFO | ------------------------------------------------------------
2026-04-04 12:25:49 | INFO | NBA GAME MARKETS STATUS:
2026-04-04 12:25:49 | INFO |   HOU: $0.57 [SELL @ $0.85] | GSW: $0.38 [SELL @ $0.85]
2026-04-04 12:25:49 | INFO |   SAC: $0.13 [SELL @ $0.85] | LAC: $0.85 [WAIT]
2026-04-04 12:25:49 | INFO |   LAL: $0.71 [WAIT] | DAL: $0.26 [SELL @ $0.85]
2026-04-04 12:25:49 | INFO |   MIN: $0.51 [SELL @ $0.85] | CHA: $0.48 [SELL @ $0.85]
2026-04-04 12:25:49 | INFO |   ORL: $0.60 [WAIT] | NOP: $0.36 [SELL @ $0.85]
2026-04-04 12:25:49 | INFO |   UTA: $0.05 [SELL @ $0.85] | OKC: $0.95 [WAIT]
2026-04-04 12:25:49 | INFO |   IND: $0.07 [SELL @ $0.85] | CLE: $0.91 [WAIT]
2026-04-04 12:25:49 | INFO |   MIL: $0.65 [WAIT] | MEM: $0.32 [SELL @ $0.85]
2026-04-04 12:25:49 | INFO | ------------------------------------------------------------
2026-04-04 12:25:49 | INFO | ==================================================
2026-04-04 12:25:49 | INFO | SIMPLE FLIP BOT STATS
2026-04-04 12:25:49 | INFO | Runtime: 5.6 minutes
2026-04-04 12:25:49 | INFO | Balance: $88.18
2026-04-04 12:25:49 | INFO | Total positions: 18
2026-04-04 12:25:49 | INFO | Position states: {'pending_sell': 18}
2026-04-04 12:25:49 | INFO | Total trades: 18 (18 buys, 0 sells)
2026-04-04 12:25:49 | INFO | Session PnL: $0.00
2026-04-04 12:25:49 | INFO | ==================================================
2026-04-04 12:26:49 | INFO | Fetched 100 markets for KXNBAGAME
2026-04-04 12:26:49 | INFO | Fetched 100 markets for KXNBAGAME
2026-04-04 12:26:49 | INFO | Checking 18 pending positions for finalized markets...
2026-04-04 12:26:50 | INFO | ------------------------------------------------------------
2026-04-04 12:26:50 | INFO | NBA GAME MARKETS STATUS:
2026-04-04 12:26:50 | INFO |   HOU: $0.57 [SELL @ $0.85] | GSW: $0.38 [SELL @ $0.85]
2026-04-04 12:26:50 | INFO |   SAC: $0.13 [SELL @ $0.85] | LAC: $0.85 [WAIT]
2026-04-04 12:26:50 | INFO |   LAL: $0.71 [WAIT] | DAL: $0.26 [SELL @ $0.85]
2026-04-04 12:26:50 | INFO |   MIN: $0.51 [SELL @ $0.85] | CHA: $0.48 [SELL @ $0.85]
2026-04-04 12:26:50 | INFO |   ORL: $0.60 [WAIT] | NOP: $0.36 [SELL @ $0.85]
2026-04-04 12:26:50 | INFO |   UTA: $0.05 [SELL @ $0.85] | OKC: $0.95 [WAIT]
2026-04-04 12:26:50 | INFO |   IND: $0.07 [SELL @ $0.85] | CLE: $0.91 [WAIT]
2026-04-04 12:26:50 | INFO |   MIL: $0.65 [WAIT] | MEM: $0.32 [SELL @ $0.85]
2026-04-04 12:26:50 | INFO | ------------------------------------------------------------
2026-04-04 12:27:50 | INFO | Fetched 100 markets for KXNBAGAME
2026-04-04 12:27:50 | INFO | Fetched 100 markets for KXNBAGAME
2026-04-04 12:27:50 | INFO | Checking 18 pending positions for finalized markets...
2026-04-04 12:27:50 | INFO | ------------------------------------------------------------
2026-04-04 12:27:50 | INFO | NBA GAME MARKETS STATUS:
2026-04-04 12:27:50 | INFO |   HOU: $0.57 [SELL @ $0.85] | GSW: $0.38 [SELL @ $0.85]
2026-04-04 12:27:50 | INFO |   SAC: $0.13 [SELL @ $0.85] | LAC: $0.85 [WAIT]
2026-04-04 12:27:50 | INFO |   LAL: $0.71 [WAIT] | DAL: $0.26 [SELL @ $0.85]
2026-04-04 12:27:50 | INFO |   MIN: $0.51 [SELL @ $0.85] | CHA: $0.48 [SELL @ $0.85]
2026-04-04 12:27:50 | INFO |   ORL: $0.60 [WAIT] | NOP: $0.37 [SELL @ $0.85]
2026-04-04 12:27:50 | INFO |   UTA: $0.05 [SELL @ $0.85] | OKC: $0.95 [WAIT]
2026-04-04 12:27:50 | INFO |   IND: $0.07 [SELL @ $0.85] | CLE: $0.91 [WAIT]
2026-04-04 12:27:50 | INFO |   MIL: $0.67 [WAIT] | MEM: $0.32 [SELL @ $0.85]
2026-04-04 12:27:50 | INFO | ------------------------------------------------------------
2026-04-04 12:28:50 | INFO | Fetched 100 markets for KXNBAGAME
2026-04-04 12:28:50 | INFO | Fetched 100 markets for KXNBAGAME
2026-04-04 12:28:50 | INFO | Checking 18 pending positions for finalized markets...
2026-04-04 12:28:51 | INFO | ------------------------------------------------------------
2026-04-04 12:28:51 | INFO | NBA GAME MARKETS STATUS:
2026-04-04 12:28:51 | INFO |   HOU: $0.57 [SELL @ $0.85] | GSW: $0.37 [SELL @ $0.85]
2026-04-04 12:28:51 | INFO |   SAC: $0.13 [SELL @ $0.85] | LAC: $0.85 [WAIT]
2026-04-04 12:28:51 | INFO |   LAL: $0.71 [WAIT] | DAL: $0.26 [SELL @ $0.85]
2026-04-04 12:28:51 | INFO |   MIN: $0.51 [SELL @ $0.85] | CHA: $0.48 [SELL @ $0.85]
2026-04-04 12:28:51 | INFO |   ORL: $0.60 [WAIT] | NOP: $0.37 [SELL @ $0.85]
2026-04-04 12:28:51 | INFO |   UTA: $0.05 [SELL @ $0.85] | OKC: $0.95 [WAIT]
2026-04-04 12:28:51 | INFO |   IND: $0.07 [SELL @ $0.85] | CLE: $0.91 [WAIT]
2026-04-04 12:28:51 | INFO |   MIL: $0.67 [WAIT] | MEM: $0.32 [SELL @ $0.85]
2026-04-04 12:28:51 | INFO | ------------------------------------------------------------
2026-04-04 12:29:51 | INFO | Fetched 100 markets for KXNBAGAME
2026-04-04 12:29:51 | INFO | Fetched 100 markets for KXNBAGAME
2026-04-04 12:29:51 | INFO | Checking 18 pending positions for finalized markets...
2026-04-04 12:29:51 | INFO | ------------------------------------------------------------
2026-04-04 12:29:51 | INFO | NBA GAME MARKETS STATUS:
2026-04-04 12:29:51 | INFO |   HOU: $0.57 [SELL @ $0.85] | GSW: $0.37 [SELL @ $0.85]
2026-04-04 12:29:51 | INFO |   SAC: $0.13 [SELL @ $0.85] | LAC: $0.85 [WAIT]
2026-04-04 12:29:51 | INFO |   LAL: $0.71 [WAIT] | DAL: $0.26 [SELL @ $0.85]
2026-04-04 12:29:51 | INFO |   MIN: $0.51 [SELL @ $0.85] | CHA: $0.48 [SELL @ $0.85]
2026-04-04 12:29:51 | INFO |   ORL: $0.60 [WAIT] | NOP: $0.37 [SELL @ $0.85]
2026-04-04 12:29:51 | INFO |   UTA: $0.05 [SELL @ $0.85] | OKC: $0.95 [WAIT]
2026-04-04 12:29:51 | INFO |   IND: $0.07 [SELL @ $0.85] | CLE: $0.91 [WAIT]
2026-04-04 12:29:51 | INFO |   MIL: $0.67 [WAIT] | MEM: $0.32 [SELL @ $0.85]
2026-04-04 12:29:51 | INFO | ------------------------------------------------------------
2026-04-04 12:30:51 | INFO | Fetched 100 markets for KXNBAGAME
2026-04-04 12:30:51 | INFO | Fetched 100 markets for KXNBAGAME
2026-04-04 12:30:51 | INFO | Checking 18 pending positions for finalized markets...
2026-04-04 12:30:52 | INFO | ------------------------------------------------------------
2026-04-04 12:30:52 | INFO | NBA GAME MARKETS STATUS:
2026-04-04 12:30:52 | INFO |   HOU: $0.57 [SELL @ $0.85] | GSW: $0.37 [SELL @ $0.85]
2026-04-04 12:30:52 | INFO |   SAC: $0.13 [SELL @ $0.85] | LAC: $0.85 [WAIT]
2026-04-04 12:30:52 | INFO |   LAL: $0.71 [WAIT] | DAL: $0.26 [SELL @ $0.85]
2026-04-04 12:30:52 | INFO |   MIN: $0.51 [SELL @ $0.85] | CHA: $0.48 [SELL @ $0.85]
2026-04-04 12:30:52 | INFO |   ORL: $0.60 [WAIT] | NOP: $0.37 [SELL @ $0.85]
2026-04-04 12:30:52 | INFO |   UTA: $0.05 [SELL @ $0.85] | OKC: $0.95 [WAIT]
2026-04-04 12:30:52 | INFO |   IND: $0.07 [SELL @ $0.85] | CLE: $0.91 [WAIT]
2026-04-04 12:30:52 | INFO |   MIL: $0.67 [WAIT] | MEM: $0.32 [SELL @ $0.85]
2026-04-04 12:30:52 | INFO | ------------------------------------------------------------
2026-04-04 12:30:52 | INFO | ==================================================
2026-04-04 12:30:52 | INFO | SIMPLE FLIP BOT STATS
2026-04-04 12:30:52 | INFO | Runtime: 10.6 minutes
2026-04-04 12:30:52 | INFO | Balance: $88.18
2026-04-04 12:30:52 | INFO | Total positions: 18
2026-04-04 12:30:52 | INFO | Position states: {'pending_sell': 18}
2026-04-04 12:30:52 | INFO | Total trades: 18 (18 buys, 0 sells)
2026-04-04 12:30:52 | INFO | Session PnL: $0.00
2026-04-04 12:30:52 | INFO | ==================================================
2026-04-04 12:31:52 | INFO | Fetched 100 markets for KXNBAGAME
2026-04-04 12:31:52 | INFO | Fetched 100 markets for KXNBAGAME
2026-04-04 12:31:52 | INFO | Checking 18 pending positions for finalized markets...
2026-04-04 12:31:52 | INFO | ------------------------------------------------------------
2026-04-04 12:31:52 | INFO | NBA GAME MARKETS STATUS:
2026-04-04 12:31:52 | INFO |   HOU: $0.57 [SELL @ $0.85] | GSW: $0.37 [SELL @ $0.85]
2026-04-04 12:31:52 | INFO |   SAC: $0.13 [SELL @ $0.85] | LAC: $0.85 [WAIT]
2026-04-04 12:31:52 | INFO |   LAL: $0.71 [WAIT] | DAL: $0.26 [SELL @ $0.85]
2026-04-04 12:31:52 | INFO |   MIN: $0.51 [SELL @ $0.85] | CHA: $0.48 [SELL @ $0.85]
2026-04-04 12:31:52 | INFO |   ORL: $0.60 [WAIT] | NOP: $0.36 [SELL @ $0.85]
2026-04-04 12:31:52 | INFO |   UTA: $0.05 [SELL @ $0.85] | OKC: $0.95 [WAIT]
2026-04-04 12:31:52 | INFO |   IND: $0.07 [SELL @ $0.85] | CLE: $0.91 [WAIT]
2026-04-04 12:31:52 | INFO |   MIL: $0.67 [WAIT] | MEM: $0.32 [SELL @ $0.85]
2026-04-04 12:31:52 | INFO | ------------------------------------------------------------
2026-04-04 12:32:52 | INFO | Fetched 100 markets for KXNBAGAME
2026-04-04 12:32:52 | INFO | Fetched 100 markets for KXNBAGAME
2026-04-04 12:32:52 | INFO | Checking 18 pending positions for finalized markets...
2026-04-04 12:32:53 | INFO | ------------------------------------------------------------
2026-04-04 12:32:53 | INFO | NBA GAME MARKETS STATUS:
2026-04-04 12:32:53 | INFO |   HOU: $0.57 [SELL @ $0.85] | GSW: $0.37 [SELL @ $0.85]
2026-04-04 12:32:53 | INFO |   SAC: $0.13 [SELL @ $0.85] | LAC: $0.85 [WAIT]
2026-04-04 12:32:53 | INFO |   LAL: $0.71 [WAIT] | DAL: $0.26 [SELL @ $0.85]
2026-04-04 12:32:53 | INFO |   MIN: $0.51 [SELL @ $0.85] | CHA: $0.48 [SELL @ $0.85]
2026-04-04 12:32:53 | INFO |   ORL: $0.60 [WAIT] | NOP: $0.36 [SELL @ $0.85]
2026-04-04 12:32:53 | INFO |   UTA: $0.05 [SELL @ $0.85] | OKC: $0.95 [WAIT]
2026-04-04 12:32:53 | INFO |   IND: $0.07 [SELL @ $0.85] | CLE: $0.91 [WAIT]
2026-04-04 12:32:53 | INFO |   MIL: $0.67 [WAIT] | MEM: $0.32 [SELL @ $0.85]
2026-04-04 12:32:53 | INFO | ------------------------------------------------------------
2026-04-04 12:33:53 | INFO | Fetched 100 markets for KXNBAGAME
2026-04-04 12:33:53 | INFO | Fetched 100 markets for KXNBAGAME
2026-04-04 12:33:53 | INFO | Checking 18 pending positions for finalized markets...
2026-04-04 12:33:53 | INFO | ------------------------------------------------------------
2026-04-04 12:33:53 | INFO | NBA GAME MARKETS STATUS:
2026-04-04 12:33:53 | INFO |   HOU: $0.57 [SELL @ $0.85] | GSW: $0.37 [SELL @ $0.85]
2026-04-04 12:33:53 | INFO |   SAC: $0.13 [SELL @ $0.85] | LAC: $0.85 [WAIT]
2026-04-04 12:33:53 | INFO |   LAL: $0.71 [WAIT] | DAL: $0.26 [SELL @ $0.85]
2026-04-04 12:33:53 | INFO |   MIN: $0.51 [SELL @ $0.85] | CHA: $0.48 [SELL @ $0.85]
2026-04-04 12:33:53 | INFO |   ORL: $0.60 [WAIT] | NOP: $0.36 [SELL @ $0.85]
2026-04-04 12:33:53 | INFO |   UTA: $0.05 [SELL @ $0.85] | OKC: $0.95 [WAIT]
2026-04-04 12:33:53 | INFO |   IND: $0.07 [SELL @ $0.85] | CLE: $0.91 [WAIT]
2026-04-04 12:33:53 | INFO |   MIL: $0.67 [WAIT] | MEM: $0.32 [SELL @ $0.85]
2026-04-04 12:33:53 | INFO | ------------------------------------------------------------
2026-04-04 12:34:53 | INFO | Fetched 100 markets for KXNBAGAME
2026-04-04 12:34:53 | INFO | Fetched 100 markets for KXNBAGAME
2026-04-04 12:34:53 | INFO | Checking 18 pending positions for finalized markets...
2026-04-04 12:34:54 | INFO | ------------------------------------------------------------
2026-04-04 12:34:54 | INFO | NBA GAME MARKETS STATUS:
2026-04-04 12:34:54 | INFO |   HOU: $0.57 [SELL @ $0.85] | GSW: $0.37 [SELL @ $0.85]
2026-04-04 12:34:54 | INFO |   SAC: $0.13 [SELL @ $0.85] | LAC: $0.85 [WAIT]
2026-04-04 12:34:54 | INFO |   LAL: $0.71 [WAIT] | DAL: $0.26 [SELL @ $0.85]
2026-04-04 12:34:54 | INFO |   MIN: $0.51 [SELL @ $0.85] | CHA: $0.48 [SELL @ $0.85]
2026-04-04 12:34:54 | INFO |   ORL: $0.60 [WAIT] | NOP: $0.36 [SELL @ $0.85]
2026-04-04 12:34:54 | INFO |   UTA: $0.05 [SELL @ $0.85] | OKC: $0.95 [WAIT]
2026-04-04 12:34:54 | INFO |   IND: $0.07 [SELL @ $0.85] | CLE: $0.91 [WAIT]
2026-04-04 12:34:54 | INFO |   MIL: $0.67 [WAIT] | MEM: $0.32 [SELL @ $0.85]
2026-04-04 12:34:54 | INFO | ------------------------------------------------------------
2026-04-04 12:35:54 | INFO | Fetched 100 markets for KXNBAGAME
2026-04-04 12:35:54 | INFO | Fetched 100 markets for KXNBAGAME
2026-04-04 12:35:54 | INFO | Checking 18 pending positions for finalized markets...
2026-04-04 12:35:54 | INFO | ------------------------------------------------------------
2026-04-04 12:35:54 | INFO | NBA GAME MARKETS STATUS:
2026-04-04 12:35:54 | INFO |   HOU: $0.57 [SELL @ $0.85] | GSW: $0.37 [SELL @ $0.85]
2026-04-04 12:35:54 | INFO |   SAC: $0.13 [SELL @ $0.85] | LAC: $0.85 [WAIT]
2026-04-04 12:35:54 | INFO |   LAL: $0.71 [WAIT] | DAL: $0.26 [SELL @ $0.85]
2026-04-04 12:35:54 | INFO |   MIN: $0.51 [SELL @ $0.85] | CHA: $0.48 [SELL @ $0.85]
2026-04-04 12:35:54 | INFO |   ORL: $0.60 [WAIT] | NOP: $0.37 [SELL @ $0.85]
2026-04-04 12:35:54 | INFO |   UTA: $0.05 [SELL @ $0.85] | OKC: $0.95 [WAIT]
2026-04-04 12:35:54 | INFO |   IND: $0.07 [SELL @ $0.85] | CLE: $0.91 [WAIT]
2026-04-04 12:35:54 | INFO |   MIL: $0.67 [WAIT] | MEM: $0.32 [SELL @ $0.85]
2026-04-04 12:35:54 | INFO | ------------------------------------------------------------
2026-04-04 12:35:54 | INFO | ==================================================
2026-04-04 12:35:54 | INFO | SIMPLE FLIP BOT STATS
2026-04-04 12:35:54 | INFO | Runtime: 15.6 minutes
2026-04-04 12:35:54 | INFO | Balance: $88.18
2026-04-04 12:35:54 | INFO | Total positions: 18
2026-04-04 12:35:54 | INFO | Position states: {'pending_sell': 18}
2026-04-04 12:35:54 | INFO | Total trades: 18 (18 buys, 0 sells)
2026-04-04 12:35:54 | INFO | Session PnL: $0.00
2026-04-04 12:35:54 | INFO | ==================================================
2026-04-04 12:36:54 | INFO | Fetched 100 markets for KXNBAGAME
2026-04-04 12:36:54 | INFO | Fetched 100 markets for KXNBAGAME
2026-04-04 12:36:54 | INFO | Checking 18 pending positions for finalized markets...
2026-04-04 12:36:55 | INFO | ------------------------------------------------------------
2026-04-04 12:36:55 | INFO | NBA GAME MARKETS STATUS:
2026-04-04 12:36:55 | INFO |   HOU: $0.57 [SELL @ $0.85] | GSW: $0.37 [SELL @ $0.85]
2026-04-04 12:36:55 | INFO |   SAC: $0.13 [SELL @ $0.85] | LAC: $0.85 [WAIT]
2026-04-04 12:36:55 | INFO |   LAL: $0.71 [WAIT] | DAL: $0.26 [SELL @ $0.85]
2026-04-04 12:36:55 | INFO |   MIN: $0.51 [SELL @ $0.85] | CHA: $0.48 [SELL @ $0.85]
2026-04-04 12:36:55 | INFO |   ORL: $0.60 [WAIT] | NOP: $0.37 [SELL @ $0.85]
2026-04-04 12:36:55 | INFO |   UTA: $0.05 [SELL @ $0.85] | OKC: $0.95 [WAIT]
2026-04-04 12:36:55 | INFO |   IND: $0.07 [SELL @ $0.85] | CLE: $0.91 [WAIT]
2026-04-04 12:36:55 | INFO |   MIL: $0.67 [WAIT] | MEM: $0.32 [SELL @ $0.85]
2026-04-04 12:36:55 | INFO | ------------------------------------------------------------
2026-04-04 12:37:55 | INFO | Fetched 100 markets for KXNBAGAME
2026-04-04 12:37:55 | INFO | Fetched 100 markets for KXNBAGAME
2026-04-04 12:37:55 | INFO | Checking 18 pending positions for finalized markets...
2026-04-04 12:37:55 | INFO | ------------------------------------------------------------
2026-04-04 12:37:55 | INFO | NBA GAME MARKETS STATUS:
2026-04-04 12:37:55 | INFO |   HOU: $0.57 [SELL @ $0.85] | GSW: $0.37 [SELL @ $0.85]
2026-04-04 12:37:55 | INFO |   SAC: $0.13 [SELL @ $0.85] | LAC: $0.85 [WAIT]
2026-04-04 12:37:55 | INFO |   LAL: $0.71 [WAIT] | DAL: $0.26 [SELL @ $0.85]
2026-04-04 12:37:55 | INFO |   MIN: $0.51 [SELL @ $0.85] | CHA: $0.48 [SELL @ $0.85]
2026-04-04 12:37:55 | INFO |   ORL: $0.60 [WAIT] | NOP: $0.37 [SELL @ $0.85]
2026-04-04 12:37:55 | INFO |   UTA: $0.05 [SELL @ $0.85] | OKC: $0.95 [WAIT]
2026-04-04 12:37:55 | INFO |   IND: $0.07 [SELL @ $0.85] | CLE: $0.91 [WAIT]
2026-04-04 12:37:55 | INFO |   MIL: $0.67 [WAIT] | MEM: $0.32 [SELL @ $0.85]
2026-04-04 12:37:55 | INFO | ------------------------------------------------------------
2026-04-04 12:38:55 | INFO | Fetched 100 markets for KXNBAGAME
2026-04-04 12:38:55 | INFO | Fetched 100 markets for KXNBAGAME
2026-04-04 12:38:55 | INFO | Checking 18 pending positions for finalized markets...
2026-04-04 12:38:56 | INFO | ------------------------------------------------------------
2026-04-04 12:38:56 | INFO | NBA GAME MARKETS STATUS:
2026-04-04 12:38:56 | INFO |   HOU: $0.57 [SELL @ $0.85] | GSW: $0.37 [SELL @ $0.85]
2026-04-04 12:38:56 | INFO |   SAC: $0.13 [SELL @ $0.85] | LAC: $0.85 [WAIT]
2026-04-04 12:38:56 | INFO |   LAL: $0.71 [WAIT] | DAL: $0.26 [SELL @ $0.85]
2026-04-04 12:38:56 | INFO |   MIN: $0.51 [SELL @ $0.85] | CHA: $0.48 [SELL @ $0.85]
2026-04-04 12:38:56 | INFO |   ORL: $0.60 [WAIT] | NOP: $0.37 [SELL @ $0.85]
2026-04-04 12:38:56 | INFO |   UTA: $0.05 [SELL @ $0.85] | OKC: $0.95 [WAIT]
2026-04-04 12:38:56 | INFO |   IND: $0.07 [SELL @ $0.85] | CLE: $0.91 [WAIT]
2026-04-04 12:38:56 | INFO |   MIL: $0.67 [WAIT] | MEM: $0.32 [SELL @ $0.85]
2026-04-04 12:38:56 | INFO | ------------------------------------------------------------
2026-04-04 12:39:56 | INFO | Fetched 100 markets for KXNBAGAME
2026-04-04 12:39:56 | INFO | Fetched 100 markets for KXNBAGAME
2026-04-04 12:39:56 | INFO | Checking 18 pending positions for finalized markets...
2026-04-04 12:39:56 | INFO | ------------------------------------------------------------
2026-04-04 12:39:56 | INFO | NBA GAME MARKETS STATUS:
2026-04-04 12:39:56 | INFO |   HOU: $0.57 [SELL @ $0.85] | GSW: $0.37 [SELL @ $0.85]
2026-04-04 12:39:56 | INFO |   SAC: $0.13 [SELL @ $0.85] | LAC: $0.85 [WAIT]
2026-04-04 12:39:56 | INFO |   LAL: $0.71 [WAIT] | DAL: $0.26 [SELL @ $0.85]
2026-04-04 12:39:56 | INFO |   MIN: $0.51 [SELL @ $0.85] | CHA: $0.48 [SELL @ $0.85]
2026-04-04 12:39:56 | INFO |   ORL: $0.60 [WAIT] | NOP: $0.37 [SELL @ $0.85]
2026-04-04 12:39:56 | INFO |   UTA: $0.05 [SELL @ $0.85] | OKC: $0.95 [WAIT]
2026-04-04 12:39:56 | INFO |   IND: $0.07 [SELL @ $0.85] | CLE: $0.91 [WAIT]
2026-04-04 12:39:56 | INFO |   MIL: $0.67 [WAIT] | MEM: $0.32 [SELL @ $0.85]
2026-04-04 12:39:56 | INFO | ------------------------------------------------------------
2026-04-04 12:40:56 | INFO | Fetched 100 markets for KXNBAGAME
2026-04-04 12:40:56 | INFO | Fetched 100 markets for KXNBAGAME
2026-04-04 12:40:56 | INFO | Checking 18 pending positions for finalized markets...
2026-04-04 12:40:57 | INFO | ------------------------------------------------------------
2026-04-04 12:40:57 | INFO | NBA GAME MARKETS STATUS:
2026-04-04 12:40:57 | INFO |   HOU: $0.57 [SELL @ $0.85] | GSW: $0.37 [SELL @ $0.85]
2026-04-04 12:40:57 | INFO |   SAC: $0.13 [SELL @ $0.85] | LAC: $0.85 [WAIT]
2026-04-04 12:40:57 | INFO |   LAL: $0.71 [WAIT] | DAL: $0.26 [SELL @ $0.85]
2026-04-04 12:40:57 | INFO |   MIN: $0.51 [SELL @ $0.85] | CHA: $0.48 [SELL @ $0.85]
2026-04-04 12:40:57 | INFO |   ORL: $0.60 [WAIT] | NOP: $0.35 [SELL @ $0.85]
2026-04-04 12:40:57 | INFO |   UTA: $0.05 [SELL @ $0.85] | OKC: $0.95 [WAIT]
2026-04-04 12:40:57 | INFO |   IND: $0.07 [SELL @ $0.85] | CLE: $0.91 [WAIT]
2026-04-04 12:40:57 | INFO |   MIL: $0.67 [WAIT] | MEM: $0.32 [SELL @ $0.85]
2026-04-04 12:40:57 | INFO | ------------------------------------------------------------
2026-04-04 12:40:57 | INFO | ==================================================
2026-04-04 12:40:57 | INFO | SIMPLE FLIP BOT STATS
2026-04-04 12:40:57 | INFO | Runtime: 20.7 minutes
2026-04-04 12:40:57 | INFO | Balance: $88.18
2026-04-04 12:40:57 | INFO | Total positions: 18
2026-04-04 12:40:57 | INFO | Position states: {'pending_sell': 18}
2026-04-04 12:40:57 | INFO | Total trades: 18 (18 buys, 0 sells)
2026-04-04 12:40:57 | INFO | Session PnL: $0.00
2026-04-04 12:40:57 | INFO | ==================================================
2026-04-04 12:41:57 | INFO | Fetched 100 markets for KXNBAGAME
2026-04-04 12:41:57 | INFO | Fetched 100 markets for KXNBAGAME
2026-04-04 12:41:57 | INFO | Checking 18 pending positions for finalized markets...
2026-04-04 12:41:57 | INFO | ------------------------------------------------------------
2026-04-04 12:41:57 | INFO | NBA GAME MARKETS STATUS:
2026-04-04 12:41:57 | INFO |   HOU: $0.57 [SELL @ $0.85] | GSW: $0.37 [SELL @ $0.85]
2026-04-04 12:41:57 | INFO |   SAC: $0.13 [SELL @ $0.85] | LAC: $0.85 [WAIT]
2026-04-04 12:41:57 | INFO |   LAL: $0.71 [WAIT] | DAL: $0.26 [SELL @ $0.85]
2026-04-04 12:41:57 | INFO |   MIN: $0.51 [SELL @ $0.85] | CHA: $0.48 [SELL @ $0.85]
2026-04-04 12:41:57 | INFO |   ORL: $0.60 [WAIT] | NOP: $0.35 [SELL @ $0.85]
2026-04-04 12:41:57 | INFO |   UTA: $0.05 [SELL @ $0.85] | OKC: $0.95 [WAIT]
2026-04-04 12:41:57 | INFO |   IND: $0.07 [SELL @ $0.85] | CLE: $0.91 [WAIT]
2026-04-04 12:41:57 | INFO |   MIL: $0.67 [WAIT] | MEM: $0.32 [SELL @ $0.85]
2026-04-04 12:41:57 | INFO | ------------------------------------------------------------
2026-04-04 12:42:58 | INFO | Fetched 100 markets for KXNBAGAME
2026-04-04 12:42:58 | INFO | Fetched 100 markets for KXNBAGAME
2026-04-04 12:42:58 | INFO | Checking 18 pending positions for finalized markets...
2026-04-04 12:42:58 | INFO | ------------------------------------------------------------
2026-04-04 12:42:58 | INFO | NBA GAME MARKETS STATUS:
2026-04-04 12:42:58 | INFO |   HOU: $0.57 [SELL @ $0.85] | GSW: $0.37 [SELL @ $0.85]
2026-04-04 12:42:58 | INFO |   SAC: $0.14 [SELL @ $0.85] | LAC: $0.85 [WAIT]
2026-04-04 12:42:58 | INFO |   LAL: $0.71 [WAIT] | DAL: $0.26 [SELL @ $0.85]
2026-04-04 12:42:58 | INFO |   MIN: $0.51 [SELL @ $0.85] | CHA: $0.48 [SELL @ $0.85]
2026-04-04 12:42:58 | INFO |   ORL: $0.60 [WAIT] | NOP: $0.35 [SELL @ $0.85]
2026-04-04 12:42:58 | INFO |   UTA: $0.05 [SELL @ $0.85] | OKC: $0.95 [WAIT]
2026-04-04 12:42:58 | INFO |   IND: $0.07 [SELL @ $0.85] | CLE: $0.91 [WAIT]
2026-04-04 12:42:58 | INFO |   MIL: $0.67 [WAIT] | MEM: $0.32 [SELL @ $0.85]
2026-04-04 12:42:58 | INFO | ------------------------------------------------------------
2026-04-04 12:43:58 | INFO | Fetched 100 markets for KXNBAGAME
2026-04-04 12:43:58 | INFO | Fetched 100 markets for KXNBAGAME
2026-04-04 12:43:58 | INFO | Checking 18 pending positions for finalized markets...
2026-04-04 12:43:58 | INFO | ------------------------------------------------------------
2026-04-04 12:43:58 | INFO | NBA GAME MARKETS STATUS:
2026-04-04 12:43:58 | INFO |   HOU: $0.57 [SELL @ $0.85] | GSW: $0.37 [SELL @ $0.85]
2026-04-04 12:43:58 | INFO |   SAC: $0.14 [SELL @ $0.85] | LAC: $0.85 [WAIT]
2026-04-04 12:43:58 | INFO |   LAL: $0.71 [WAIT] | DAL: $0.26 [SELL @ $0.85]
2026-04-04 12:43:58 | INFO |   MIN: $0.51 [SELL @ $0.85] | CHA: $0.48 [SELL @ $0.85]
2026-04-04 12:43:58 | INFO |   ORL: $0.60 [WAIT] | NOP: $0.35 [SELL @ $0.85]
2026-04-04 12:43:58 | INFO |   UTA: $0.05 [SELL @ $0.85] | OKC: $0.95 [WAIT]
2026-04-04 12:43:58 | INFO |   IND: $0.07 [SELL @ $0.85] | CLE: $0.91 [WAIT]
2026-04-04 12:43:58 | INFO |   MIL: $0.67 [WAIT] | MEM: $0.32 [SELL @ $0.85]
2026-04-04 12:43:58 | INFO | ------------------------------------------------------------
2026-04-04 12:44:59 | INFO | Fetched 100 markets for KXNBAGAME
2026-04-04 12:44:59 | INFO | Fetched 100 markets for KXNBAGAME
2026-04-04 12:44:59 | INFO | Checking 18 pending positions for finalized markets...
2026-04-04 12:44:59 | INFO | ------------------------------------------------------------
2026-04-04 12:44:59 | INFO | NBA GAME MARKETS STATUS:
2026-04-04 12:44:59 | INFO |   HOU: $0.57 [SELL @ $0.85] | GSW: $0.37 [SELL @ $0.85]
2026-04-04 12:44:59 | INFO |   SAC: $0.14 [SELL @ $0.85] | LAC: $0.85 [WAIT]
2026-04-04 12:44:59 | INFO |   LAL: $0.71 [WAIT] | DAL: $0.26 [SELL @ $0.85]
2026-04-04 12:44:59 | INFO |   MIN: $0.51 [SELL @ $0.85] | CHA: $0.48 [SELL @ $0.85]
2026-04-04 12:44:59 | INFO |   ORL: $0.60 [WAIT] | NOP: $0.35 [SELL @ $0.85]
2026-04-04 12:44:59 | INFO |   UTA: $0.05 [SELL @ $0.85] | OKC: $0.95 [WAIT]
2026-04-04 12:44:59 | INFO |   IND: $0.07 [SELL @ $0.85] | CLE: $0.91 [WAIT]
2026-04-04 12:44:59 | INFO |   MIL: $0.67 [WAIT] | MEM: $0.32 [SELL @ $0.85]
2026-04-04 12:44:59 | INFO | ------------------------------------------------------------
2026-04-04 12:45:59 | INFO | Fetched 100 markets for KXNBAGAME
2026-04-04 12:45:59 | INFO | Fetched 100 markets for KXNBAGAME
2026-04-04 12:45:59 | INFO | Checking 18 pending positions for finalized markets...
2026-04-04 12:46:00 | INFO | ------------------------------------------------------------
2026-04-04 12:46:00 | INFO | NBA GAME MARKETS STATUS:
2026-04-04 12:46:00 | INFO |   HOU: $0.57 [SELL @ $0.85] | GSW: $0.37 [SELL @ $0.85]
2026-04-04 12:46:00 | INFO |   SAC: $0.14 [SELL @ $0.85] | LAC: $0.85 [WAIT]
2026-04-04 12:46:00 | INFO |   LAL: $0.71 [WAIT] | DAL: $0.26 [SELL @ $0.85]
2026-04-04 12:46:00 | INFO |   MIN: $0.51 [SELL @ $0.85] | CHA: $0.48 [SELL @ $0.85]
2026-04-04 12:46:00 | INFO |   ORL: $0.60 [WAIT] | NOP: $0.35 [SELL @ $0.85]
2026-04-04 12:46:00 | INFO |   UTA: $0.05 [SELL @ $0.85] | OKC: $0.95 [WAIT]
2026-04-04 12:46:00 | INFO |   IND: $0.07 [SELL @ $0.85] | CLE: $0.91 [WAIT]
2026-04-04 12:46:00 | INFO |   MIL: $0.67 [WAIT] | MEM: $0.32 [SELL @ $0.85]
2026-04-04 12:46:00 | INFO | ------------------------------------------------------------
2026-04-04 12:46:00 | INFO | ==================================================
2026-04-04 12:46:00 | INFO | SIMPLE FLIP BOT STATS
2026-04-04 12:46:00 | INFO | Runtime: 25.7 minutes
2026-04-04 12:46:00 | INFO | Balance: $88.18
2026-04-04 12:46:00 | INFO | Total positions: 18
2026-04-04 12:46:00 | INFO | Position states: {'pending_sell': 18}
2026-04-04 12:46:00 | INFO | Total trades: 18 (18 buys, 0 sells)
2026-04-04 12:46:00 | INFO | Session PnL: $0.00
2026-04-04 12:46:00 | INFO | ==================================================
2026-04-04 12:47:00 | INFO | Fetched 100 markets for KXNBAGAME
2026-04-04 12:47:00 | INFO | Fetched 100 markets for KXNBAGAME
2026-04-04 12:47:00 | INFO | Checking 18 pending positions for finalized markets...
2026-04-04 12:47:00 | INFO | ------------------------------------------------------------
2026-04-04 12:47:00 | INFO | NBA GAME MARKETS STATUS:
2026-04-04 12:47:00 | INFO |   HOU: $0.57 [SELL @ $0.85] | GSW: $0.37 [SELL @ $0.85]
2026-04-04 12:47:00 | INFO |   SAC: $0.14 [SELL @ $0.85] | LAC: $0.85 [WAIT]
2026-04-04 12:47:00 | INFO |   LAL: $0.71 [WAIT] | DAL: $0.26 [SELL @ $0.85]
2026-04-04 12:47:00 | INFO |   MIN: $0.51 [SELL @ $0.85] | CHA: $0.48 [SELL @ $0.85]
2026-04-04 12:47:00 | INFO |   ORL: $0.60 [WAIT] | NOP: $0.35 [SELL @ $0.85]
2026-04-04 12:47:00 | INFO |   UTA: $0.05 [SELL @ $0.85] | OKC: $0.95 [WAIT]
2026-04-04 12:47:00 | INFO |   IND: $0.08 [SELL @ $0.85] | CLE: $0.91 [WAIT]
2026-04-04 12:47:00 | INFO |   MIL: $0.67 [WAIT] | MEM: $0.32 [SELL @ $0.85]
2026-04-04 12:47:00 | INFO | ------------------------------------------------------------
2026-04-04 12:48:00 | INFO | Fetched 100 markets for KXNBAGAME
2026-04-04 12:48:00 | INFO | Fetched 100 markets for KXNBAGAME
2026-04-04 12:48:00 | INFO | Checking 18 pending positions for finalized markets...
2026-04-04 12:48:01 | INFO | ------------------------------------------------------------
2026-04-04 12:48:01 | INFO | NBA GAME MARKETS STATUS:
2026-04-04 12:48:01 | INFO |   HOU: $0.57 [SELL @ $0.85] | GSW: $0.37 [SELL @ $0.85]
2026-04-04 12:48:01 | INFO |   SAC: $0.14 [SELL @ $0.85] | LAC: $0.85 [WAIT]
2026-04-04 12:48:01 | INFO |   LAL: $0.71 [WAIT] | DAL: $0.26 [SELL @ $0.85]
2026-04-04 12:48:01 | INFO |   MIN: $0.51 [SELL @ $0.85] | CHA: $0.48 [SELL @ $0.85]
2026-04-04 12:48:01 | INFO |   ORL: $0.60 [WAIT] | NOP: $0.35 [SELL @ $0.85]
2026-04-04 12:48:01 | INFO |   UTA: $0.05 [SELL @ $0.85] | OKC: $0.95 [WAIT]
2026-04-04 12:48:01 | INFO |   IND: $0.08 [SELL @ $0.85] | CLE: $0.91 [WAIT]
2026-04-04 12:48:01 | INFO |   MIL: $0.67 [WAIT] | MEM: $0.32 [SELL @ $0.85]
2026-04-04 12:48:01 | INFO | ------------------------------------------------------------
2026-04-04 12:49:01 | INFO | Fetched 100 markets for KXNBAGAME
2026-04-04 12:49:01 | INFO | Fetched 100 markets for KXNBAGAME
2026-04-04 12:49:01 | INFO | Checking 18 pending positions for finalized markets...
2026-04-04 12:49:01 | INFO | ------------------------------------------------------------
2026-04-04 12:49:01 | INFO | NBA GAME MARKETS STATUS:
2026-04-04 12:49:01 | INFO |   HOU: $0.57 [SELL @ $0.85] | GSW: $0.37 [SELL @ $0.85]
2026-04-04 12:49:01 | INFO |   SAC: $0.14 [SELL @ $0.85] | LAC: $0.85 [WAIT]
2026-04-04 12:49:01 | INFO |   LAL: $0.71 [WAIT] | DAL: $0.26 [SELL @ $0.85]
2026-04-04 12:49:01 | INFO |   MIN: $0.51 [SELL @ $0.85] | CHA: $0.48 [SELL @ $0.85]
2026-04-04 12:49:01 | INFO |   ORL: $0.60 [WAIT] | NOP: $0.35 [SELL @ $0.85]
2026-04-04 12:49:01 | INFO |   UTA: $0.05 [SELL @ $0.85] | OKC: $0.95 [WAIT]
2026-04-04 12:49:01 | INFO |   IND: $0.08 [SELL @ $0.85] | CLE: $0.91 [WAIT]
2026-04-04 12:49:01 | INFO |   MIL: $0.67 [WAIT] | MEM: $0.32 [SELL @ $0.85]
2026-04-04 12:49:01 | INFO | ------------------------------------------------------------
2026-04-04 12:50:01 | INFO | Fetched 100 markets for KXNBAGAME
2026-04-04 12:50:01 | INFO | Fetched 100 markets for KXNBAGAME
2026-04-04 12:50:01 | INFO | Checking 18 pending positions for finalized markets...
2026-04-04 12:50:02 | INFO | ------------------------------------------------------------
2026-04-04 12:50:02 | INFO | NBA GAME MARKETS STATUS:
2026-04-04 12:50:02 | INFO |   HOU: $0.57 [SELL @ $0.85] | GSW: $0.37 [SELL @ $0.85]
2026-04-04 12:50:02 | INFO |   SAC: $0.14 [SELL @ $0.85] | LAC: $0.85 [WAIT]
2026-04-04 12:50:02 | INFO |   LAL: $0.72 [WAIT] | DAL: $0.26 [SELL @ $0.85]
2026-04-04 12:50:02 | INFO |   MIN: $0.51 [SELL @ $0.85] | CHA: $0.48 [SELL @ $0.85]
2026-04-04 12:50:02 | INFO |   ORL: $0.60 [WAIT] | NOP: $0.35 [SELL @ $0.85]
2026-04-04 12:50:02 | INFO |   UTA: $0.05 [SELL @ $0.85] | OKC: $0.95 [WAIT]
2026-04-04 12:50:02 | INFO |   IND: $0.08 [SELL @ $0.85] | CLE: $0.91 [WAIT]
2026-04-04 12:50:02 | INFO |   MIL: $0.67 [WAIT] | MEM: $0.32 [SELL @ $0.85]
2026-04-04 12:50:02 | INFO | ------------------------------------------------------------
2026-04-04 12:51:02 | INFO | Fetched 100 markets for KXNBAGAME
2026-04-04 12:51:02 | INFO | Fetched 100 markets for KXNBAGAME
2026-04-04 12:51:02 | INFO | Checking 18 pending positions for finalized markets...
2026-04-04 12:51:03 | INFO | ------------------------------------------------------------
2026-04-04 12:51:03 | INFO | NBA GAME MARKETS STATUS:
2026-04-04 12:51:03 | INFO |   HOU: $0.57 [SELL @ $0.85] | GSW: $0.37 [SELL @ $0.85]
2026-04-04 12:51:03 | INFO |   SAC: $0.14 [SELL @ $0.85] | LAC: $0.85 [WAIT]
2026-04-04 12:51:03 | INFO |   LAL: $0.72 [WAIT] | DAL: $0.25 [SELL @ $0.85]
2026-04-04 12:51:03 | INFO |   MIN: $0.51 [SELL @ $0.85] | CHA: $0.48 [SELL @ $0.85]
2026-04-04 12:51:03 | INFO |   ORL: $0.60 [WAIT] | NOP: $0.35 [SELL @ $0.85]
2026-04-04 12:51:03 | INFO |   UTA: $0.05 [SELL @ $0.85] | OKC: $0.95 [WAIT]
2026-04-04 12:51:03 | INFO |   IND: $0.08 [SELL @ $0.85] | CLE: $0.91 [WAIT]
2026-04-04 12:51:03 | INFO |   MIL: $0.67 [WAIT] | MEM: $0.32 [SELL @ $0.85]
2026-04-04 12:51:03 | INFO | ------------------------------------------------------------
2026-04-04 12:51:03 | INFO | ==================================================
2026-04-04 12:51:03 | INFO | SIMPLE FLIP BOT STATS
2026-04-04 12:51:03 | INFO | Runtime: 30.8 minutes
2026-04-04 12:51:03 | INFO | Balance: $88.18
2026-04-04 12:51:03 | INFO | Total positions: 18
2026-04-04 12:51:03 | INFO | Position states: {'pending_sell': 18}
2026-04-04 12:51:03 | INFO | Total trades: 18 (18 buys, 0 sells)
2026-04-04 12:51:03 | INFO | Session PnL: $0.00
2026-04-04 12:51:03 | INFO | ==================================================
2026-04-04 12:52:03 | INFO | Fetched 100 markets for KXNBAGAME
2026-04-04 12:52:03 | INFO | Fetched 100 markets for KXNBAGAME
2026-04-04 12:52:03 | INFO | Checking 18 pending positions for finalized markets...
2026-04-04 12:52:03 | INFO | ------------------------------------------------------------
2026-04-04 12:52:03 | INFO | NBA GAME MARKETS STATUS:
2026-04-04 12:52:03 | INFO |   HOU: $0.57 [SELL @ $0.85] | GSW: $0.37 [SELL @ $0.85]
2026-04-04 12:52:03 | INFO |   SAC: $0.14 [SELL @ $0.85] | LAC: $0.85 [WAIT]
2026-04-04 12:52:03 | INFO |   LAL: $0.72 [WAIT] | DAL: $0.25 [SELL @ $0.85]
2026-04-04 12:52:03 | INFO |   MIN: $0.51 [SELL @ $0.85] | CHA: $0.48 [SELL @ $0.85]
2026-04-04 12:52:03 | INFO |   ORL: $0.60 [WAIT] | NOP: $0.35 [SELL @ $0.85]
2026-04-04 12:52:03 | INFO |   UTA: $0.05 [SELL @ $0.85] | OKC: $0.95 [WAIT]
2026-04-04 12:52:03 | INFO |   IND: $0.08 [SELL @ $0.85] | CLE: $0.91 [WAIT]
2026-04-04 12:52:03 | INFO |   MIL: $0.67 [WAIT] | MEM: $0.32 [SELL @ $0.85]
2026-04-04 12:52:03 | INFO | ------------------------------------------------------------
2026-04-04 12:53:03 | INFO | Fetched 100 markets for KXNBAGAME
2026-04-04 12:53:03 | INFO | Fetched 100 markets for KXNBAGAME
2026-04-04 12:53:03 | INFO | Checking 18 pending positions for finalized markets...
2026-04-04 12:53:03 | INFO | ------------------------------------------------------------
2026-04-04 12:53:03 | INFO | NBA GAME MARKETS STATUS:
2026-04-04 12:53:03 | INFO |   HOU: $0.57 [SELL @ $0.85] | GSW: $0.37 [SELL @ $0.85]
2026-04-04 12:53:03 | INFO |   SAC: $0.14 [SELL @ $0.85] | LAC: $0.85 [WAIT]
2026-04-04 12:53:03 | INFO |   LAL: $0.72 [WAIT] | DAL: $0.25 [SELL @ $0.85]
2026-04-04 12:53:03 | INFO |   MIN: $0.51 [SELL @ $0.85] | CHA: $0.48 [SELL @ $0.85]
2026-04-04 12:53:03 | INFO |   ORL: $0.60 [WAIT] | NOP: $0.35 [SELL @ $0.85]
2026-04-04 12:53:03 | INFO |   UTA: $0.05 [SELL @ $0.85] | OKC: $0.95 [WAIT]
2026-04-04 12:53:03 | INFO |   IND: $0.08 [SELL @ $0.85] | CLE: $0.91 [WAIT]
2026-04-04 12:53:03 | INFO |   MIL: $0.67 [WAIT] | MEM: $0.32 [SELL @ $0.85]
2026-04-04 12:53:03 | INFO | ------------------------------------------------------------
2026-04-04 12:54:04 | INFO | Fetched 100 markets for KXNBAGAME
2026-04-04 12:54:04 | INFO | Fetched 100 markets for KXNBAGAME
2026-04-04 12:54:04 | INFO | Checking 18 pending positions for finalized markets...
2026-04-04 12:54:04 | INFO | ------------------------------------------------------------
2026-04-04 12:54:04 | INFO | NBA GAME MARKETS STATUS:
2026-04-04 12:54:04 | INFO |   HOU: $0.57 [SELL @ $0.85] | GSW: $0.37 [SELL @ $0.85]
2026-04-04 12:54:04 | INFO |   SAC: $0.14 [SELL @ $0.85] | LAC: $0.85 [WAIT]
2026-04-04 12:54:04 | INFO |   LAL: $0.72 [WAIT] | DAL: $0.25 [SELL @ $0.85]
2026-04-04 12:54:04 | INFO |   MIN: $0.51 [SELL @ $0.85] | CHA: $0.48 [SELL @ $0.85]
2026-04-04 12:54:04 | INFO |   ORL: $0.60 [WAIT] | NOP: $0.35 [SELL @ $0.85]
2026-04-04 12:54:04 | INFO |   UTA: $0.05 [SELL @ $0.85] | OKC: $0.95 [WAIT]
2026-04-04 12:54:04 | INFO |   IND: $0.08 [SELL @ $0.85] | CLE: $0.91 [WAIT]
2026-04-04 12:54:04 | INFO |   MIL: $0.67 [WAIT] | MEM: $0.32 [SELL @ $0.85]
2026-04-04 12:54:04 | INFO | ------------------------------------------------------------
2026-04-04 12:55:04 | INFO | Fetched 100 markets for KXNBAGAME
2026-04-04 12:55:04 | INFO | Fetched 100 markets for KXNBAGAME
2026-04-04 12:55:04 | INFO | Checking 18 pending positions for finalized markets...
2026-04-04 12:55:05 | INFO | ------------------------------------------------------------
2026-04-04 12:55:05 | INFO | NBA GAME MARKETS STATUS:
2026-04-04 12:55:05 | INFO |   HOU: $0.57 [SELL @ $0.85] | GSW: $0.37 [SELL @ $0.85]
2026-04-04 12:55:05 | INFO |   SAC: $0.14 [SELL @ $0.85] | LAC: $0.85 [WAIT]
2026-04-04 12:55:05 | INFO |   LAL: $0.72 [WAIT] | DAL: $0.25 [SELL @ $0.85]
2026-04-04 12:55:05 | INFO |   MIN: $0.51 [SELL @ $0.85] | CHA: $0.48 [SELL @ $0.85]
2026-04-04 12:55:05 | INFO |   ORL: $0.60 [WAIT] | NOP: $0.35 [SELL @ $0.85]
2026-04-04 12:55:05 | INFO |   UTA: $0.05 [SELL @ $0.85] | OKC: $0.95 [WAIT]
2026-04-04 12:55:05 | INFO |   IND: $0.08 [SELL @ $0.85] | CLE: $0.91 [WAIT]
2026-04-04 12:55:05 | INFO |   MIL: $0.67 [WAIT] | MEM: $0.32 [SELL @ $0.85]
2026-04-04 12:55:05 | INFO | ------------------------------------------------------------
2026-04-04 12:56:05 | INFO | Fetched 100 markets for KXNBAGAME
2026-04-04 12:56:05 | INFO | Fetched 100 markets for KXNBAGAME
2026-04-04 12:56:05 | INFO | Checking 18 pending positions for finalized markets...
2026-04-04 12:56:05 | INFO | ------------------------------------------------------------
2026-04-04 12:56:05 | INFO | NBA GAME MARKETS STATUS:
2026-04-04 12:56:05 | INFO |   HOU: $0.57 [SELL @ $0.85] | GSW: $0.37 [SELL @ $0.85]
2026-04-04 12:56:05 | INFO |   SAC: $0.14 [SELL @ $0.85] | LAC: $0.85 [WAIT]
2026-04-04 12:56:05 | INFO |   LAL: $0.72 [WAIT] | DAL: $0.25 [SELL @ $0.85]
2026-04-04 12:56:05 | INFO |   MIN: $0.51 [SELL @ $0.85] | CHA: $0.48 [SELL @ $0.85]
2026-04-04 12:56:05 | INFO |   ORL: $0.60 [WAIT] | NOP: $0.35 [SELL @ $0.85]
2026-04-04 12:56:05 | INFO |   UTA: $0.05 [SELL @ $0.85] | OKC: $0.95 [WAIT]
2026-04-04 12:56:05 | INFO |   IND: $0.08 [SELL @ $0.85] | CLE: $0.91 [WAIT]
2026-04-04 12:56:05 | INFO |   MIL: $0.67 [WAIT] | MEM: $0.32 [SELL @ $0.85]
2026-04-04 12:56:05 | INFO | ------------------------------------------------------------
2026-04-04 12:56:05 | INFO | ==================================================
2026-04-04 12:56:05 | INFO | SIMPLE FLIP BOT STATS
2026-04-04 12:56:05 | INFO | Runtime: 35.8 minutes
2026-04-04 12:56:05 | INFO | Balance: $88.18
2026-04-04 12:56:05 | INFO | Total positions: 18
2026-04-04 12:56:05 | INFO | Position states: {'pending_sell': 18}
2026-04-04 12:56:05 | INFO | Total trades: 18 (18 buys, 0 sells)
2026-04-04 12:56:05 | INFO | Session PnL: $0.00
2026-04-04 12:56:05 | INFO | ==================================================
2026-04-04 12:57:05 | INFO | Fetched 100 markets for KXNBAGAME
2026-04-04 12:57:05 | INFO | Fetched 100 markets for KXNBAGAME
2026-04-04 12:57:05 | INFO | Checking 18 pending positions for finalized markets...
2026-04-04 12:57:06 | INFO | ------------------------------------------------------------
2026-04-04 12:57:06 | INFO | NBA GAME MARKETS STATUS:
2026-04-04 12:57:06 | INFO |   HOU: $0.57 [SELL @ $0.85] | GSW: $0.37 [SELL @ $0.85]
2026-04-04 12:57:06 | INFO |   SAC: $0.14 [SELL @ $0.85] | LAC: $0.85 [WAIT]
2026-04-04 12:57:06 | INFO |   LAL: $0.72 [WAIT] | DAL: $0.25 [SELL @ $0.85]
2026-04-04 12:57:06 | INFO |   MIN: $0.51 [SELL @ $0.85] | CHA: $0.48 [SELL @ $0.85]
2026-04-04 12:57:06 | INFO |   ORL: $0.60 [WAIT] | NOP: $0.35 [SELL @ $0.85]
2026-04-04 12:57:06 | INFO |   UTA: $0.05 [SELL @ $0.85] | OKC: $0.95 [WAIT]
2026-04-04 12:57:06 | INFO |   IND: $0.08 [SELL @ $0.85] | CLE: $0.91 [WAIT]
2026-04-04 12:57:06 | INFO |   MIL: $0.67 [WAIT] | MEM: $0.32 [SELL @ $0.85]
2026-04-04 12:57:06 | INFO | ------------------------------------------------------------
2026-04-04 12:58:06 | INFO | Fetched 100 markets for KXNBAGAME
2026-04-04 12:58:06 | INFO | Fetched 100 markets for KXNBAGAME
2026-04-04 12:58:06 | INFO | Checking 18 pending positions for finalized markets...
2026-04-04 12:58:06 | INFO | ------------------------------------------------------------
2026-04-04 12:58:06 | INFO | NBA GAME MARKETS STATUS:
2026-04-04 12:58:06 | INFO |   HOU: $0.57 [SELL @ $0.85] | GSW: $0.37 [SELL @ $0.85]
2026-04-04 12:58:06 | INFO |   SAC: $0.14 [SELL @ $0.85] | LAC: $0.85 [WAIT]
2026-04-04 12:58:06 | INFO |   LAL: $0.72 [WAIT] | DAL: $0.25 [SELL @ $0.85]
2026-04-04 12:58:06 | INFO |   MIN: $0.51 [SELL @ $0.85] | CHA: $0.48 [SELL @ $0.85]
2026-04-04 12:58:06 | INFO |   ORL: $0.60 [WAIT] | NOP: $0.35 [SELL @ $0.85]
2026-04-04 12:58:06 | INFO |   UTA: $0.05 [SELL @ $0.85] | OKC: $0.95 [WAIT]
2026-04-04 12:58:06 | INFO |   IND: $0.08 [SELL @ $0.85] | CLE: $0.91 [WAIT]
2026-04-04 12:58:06 | INFO |   MIL: $0.67 [WAIT] | MEM: $0.32 [SELL @ $0.85]
2026-04-04 12:58:06 | INFO | ------------------------------------------------------------
2026-04-04 12:59:06 | INFO | Fetched 100 markets for KXNBAGAME
2026-04-04 12:59:06 | INFO | Fetched 100 markets for KXNBAGAME
2026-04-04 12:59:06 | INFO | Checking 18 pending positions for finalized markets...
2026-04-04 12:59:07 | INFO | ------------------------------------------------------------
2026-04-04 12:59:07 | INFO | NBA GAME MARKETS STATUS:
2026-04-04 12:59:07 | INFO |   HOU: $0.57 [SELL @ $0.85] | GSW: $0.37 [SELL @ $0.85]
2026-04-04 12:59:07 | INFO |   SAC: $0.14 [SELL @ $0.85] | LAC: $0.85 [WAIT]
2026-04-04 12:59:07 | INFO |   LAL: $0.72 [WAIT] | DAL: $0.25 [SELL @ $0.85]
2026-04-04 12:59:07 | INFO |   MIN: $0.51 [SELL @ $0.85] | CHA: $0.48 [SELL @ $0.85]
2026-04-04 12:59:07 | INFO |   ORL: $0.60 [WAIT] | NOP: $0.35 [SELL @ $0.85]
2026-04-04 12:59:07 | INFO |   UTA: $0.05 [SELL @ $0.85] | OKC: $0.95 [WAIT]
2026-04-04 12:59:07 | INFO |   IND: $0.08 [SELL @ $0.85] | CLE: $0.91 [WAIT]
2026-04-04 12:59:07 | INFO |   MIL: $0.67 [WAIT] | MEM: $0.32 [SELL @ $0.85]
2026-04-04 12:59:07 | INFO | ------------------------------------------------------------
2026-04-04 13:00:07 | INFO | Fetched 100 markets for KXNBAGAME
2026-04-04 13:00:07 | INFO | Fetched 100 markets for KXNBAGAME
2026-04-04 13:00:07 | INFO | Checking 18 pending positions for finalized markets...
2026-04-04 13:00:07 | INFO | ------------------------------------------------------------
2026-04-04 13:00:07 | INFO | NBA GAME MARKETS STATUS:
2026-04-04 13:00:07 | INFO |   HOU: $0.57 [SELL @ $0.85] | GSW: $0.37 [SELL @ $0.85]
2026-04-04 13:00:07 | INFO |   SAC: $0.14 [SELL @ $0.85] | LAC: $0.85 [WAIT]
2026-04-04 13:00:07 | INFO |   LAL: $0.72 [WAIT] | DAL: $0.25 [SELL @ $0.85]
2026-04-04 13:00:07 | INFO |   MIN: $0.51 [SELL @ $0.85] | CHA: $0.48 [SELL @ $0.85]
2026-04-04 13:00:07 | INFO |   ORL: $0.60 [WAIT] | NOP: $0.35 [SELL @ $0.85]
2026-04-04 13:00:07 | INFO |   UTA: $0.05 [SELL @ $0.85] | OKC: $0.95 [WAIT]
2026-04-04 13:00:07 | INFO |   IND: $0.08 [SELL @ $0.85] | CLE: $0.91 [WAIT]
2026-04-04 13:00:07 | INFO |   MIL: $0.67 [WAIT] | MEM: $0.32 [SELL @ $0.85]
2026-04-04 13:00:07 | INFO | ------------------------------------------------------------
2026-04-04 13:01:07 | INFO | Fetched 100 markets for KXNBAGAME
2026-04-04 13:01:07 | INFO | Fetched 100 markets for KXNBAGAME
2026-04-04 13:01:07 | INFO | Checking 18 pending positions for finalized markets...
2026-04-04 13:01:08 | INFO | ------------------------------------------------------------
2026-04-04 13:01:08 | INFO | NBA GAME MARKETS STATUS:
2026-04-04 13:01:08 | INFO |   HOU: $0.57 [SELL @ $0.85] | GSW: $0.37 [SELL @ $0.85]
2026-04-04 13:01:08 | INFO |   SAC: $0.14 [SELL @ $0.85] | LAC: $0.85 [WAIT]
2026-04-04 13:01:08 | INFO |   LAL: $0.72 [WAIT] | DAL: $0.25 [SELL @ $0.85]
2026-04-04 13:01:08 | INFO |   MIN: $0.51 [SELL @ $0.85] | CHA: $0.48 [SELL @ $0.85]
2026-04-04 13:01:08 | INFO |   ORL: $0.60 [WAIT] | NOP: $0.35 [SELL @ $0.85]
2026-04-04 13:01:08 | INFO |   UTA: $0.05 [SELL @ $0.85] | OKC: $0.95 [WAIT]
2026-04-04 13:01:08 | INFO |   IND: $0.08 [SELL @ $0.85] | CLE: $0.91 [WAIT]
2026-04-04 13:01:08 | INFO |   MIL: $0.67 [WAIT] | MEM: $0.32 [SELL @ $0.85]
2026-04-04 13:01:08 | INFO | ------------------------------------------------------------
2026-04-04 13:01:08 | INFO | ==================================================
2026-04-04 13:01:08 | INFO | SIMPLE FLIP BOT STATS
2026-04-04 13:01:08 | INFO | Runtime: 40.9 minutes
2026-04-04 13:01:08 | INFO | Balance: $88.18
2026-04-04 13:01:08 | INFO | Total positions: 18
2026-04-04 13:01:08 | INFO | Position states: {'pending_sell': 18}
2026-04-04 13:01:08 | INFO | Total trades: 18 (18 buys, 0 sells)
2026-04-04 13:01:08 | INFO | Session PnL: $0.00
2026-04-04 13:01:08 | INFO | ==================================================
2026-04-04 13:02:08 | INFO | Fetched 100 markets for KXNBAGAME
2026-04-04 13:02:08 | INFO | Fetched 100 markets for KXNBAGAME
2026-04-04 13:02:08 | INFO | Checking 18 pending positions for finalized markets...
2026-04-04 13:02:08 | INFO | ------------------------------------------------------------
2026-04-04 13:02:08 | INFO | NBA GAME MARKETS STATUS:
2026-04-04 13:02:08 | INFO |   HOU: $0.57 [SELL @ $0.85] | GSW: $0.37 [SELL @ $0.85]
2026-04-04 13:02:08 | INFO |   SAC: $0.14 [SELL @ $0.85] | LAC: $0.85 [WAIT]
2026-04-04 13:02:08 | INFO |   LAL: $0.72 [WAIT] | DAL: $0.25 [SELL @ $0.85]
2026-04-04 13:02:08 | INFO |   MIN: $0.51 [SELL @ $0.85] | CHA: $0.48 [SELL @ $0.85]
2026-04-04 13:02:08 | INFO |   ORL: $0.60 [WAIT] | NOP: $0.35 [SELL @ $0.85]
2026-04-04 13:02:08 | INFO |   UTA: $0.05 [SELL @ $0.85] | OKC: $0.95 [WAIT]
2026-04-04 13:02:08 | INFO |   IND: $0.08 [SELL @ $0.85] | CLE: $0.91 [WAIT]
2026-04-04 13:02:08 | INFO |   MIL: $0.67 [WAIT] | MEM: $0.32 [SELL @ $0.85]
2026-04-04 13:02:08 | INFO | ------------------------------------------------------------
2026-04-04 13:03:08 | INFO | Fetched 96 markets for KXNBAGAME
2026-04-04 13:03:08 | INFO | Fetched 96 markets for KXNBAGAME
2026-04-04 13:03:08 | INFO | Checking 18 pending positions for finalized markets...
2026-04-04 13:03:09 | INFO | ------------------------------------------------------------
2026-04-04 13:03:09 | INFO | NBA GAME MARKETS STATUS:
2026-04-04 13:03:09 | INFO |   HOU: $0.57 [SELL @ $0.85] | GSW: $0.37 [SELL @ $0.85]
2026-04-04 13:03:09 | INFO |   SAC: $0.14 [SELL @ $0.85] | LAC: $0.85 [WAIT]
2026-04-04 13:03:09 | INFO |   LAL: $0.72 [WAIT] | DAL: $0.25 [SELL @ $0.85]
2026-04-04 13:03:09 | INFO |   MIN: $0.51 [SELL @ $0.85] | CHA: $0.48 [SELL @ $0.85]
2026-04-04 13:03:09 | INFO |   ORL: $0.60 [WAIT] | NOP: $0.33 [SELL @ $0.85]
2026-04-04 13:03:09 | INFO |   UTA: $0.05 [SELL @ $0.85] | OKC: $0.95 [WAIT]
2026-04-04 13:03:09 | INFO |   IND: $0.08 [SELL @ $0.85] | CLE: $0.91 [WAIT]
2026-04-04 13:03:09 | INFO |   MIL: $0.67 [WAIT] | MEM: $0.32 [SELL @ $0.85]
2026-04-04 13:03:09 | INFO | ------------------------------------------------------------
2026-04-04 13:04:09 | INFO | Fetched 96 markets for KXNBAGAME
2026-04-04 13:04:09 | INFO | Fetched 96 markets for KXNBAGAME
2026-04-04 13:04:09 | INFO | Checking 18 pending positions for finalized markets...
2026-04-04 13:04:09 | INFO | ------------------------------------------------------------
2026-04-04 13:04:09 | INFO | NBA GAME MARKETS STATUS:
2026-04-04 13:04:09 | INFO |   HOU: $0.57 [SELL @ $0.85] | GSW: $0.37 [SELL @ $0.85]
2026-04-04 13:04:09 | INFO |   SAC: $0.14 [SELL @ $0.85] | LAC: $0.85 [WAIT]
2026-04-04 13:04:09 | INFO |   LAL: $0.72 [WAIT] | DAL: $0.25 [SELL @ $0.85]
2026-04-04 13:04:09 | INFO |   MIN: $0.51 [SELL @ $0.85] | CHA: $0.48 [SELL @ $0.85]
2026-04-04 13:04:09 | INFO |   ORL: $0.60 [WAIT] | NOP: $0.33 [SELL @ $0.85]
2026-04-04 13:04:09 | INFO |   UTA: $0.05 [SELL @ $0.85] | OKC: $0.95 [WAIT]
2026-04-04 13:04:09 | INFO |   IND: $0.08 [SELL @ $0.85] | CLE: $0.91 [WAIT]
2026-04-04 13:04:09 | INFO |   MIL: $0.67 [WAIT] | MEM: $0.32 [SELL @ $0.85]
2026-04-04 13:04:09 | INFO | ------------------------------------------------------------
2026-04-04 13:05:09 | INFO | Fetched 96 markets for KXNBAGAME
2026-04-04 13:05:09 | INFO | Fetched 96 markets for KXNBAGAME
2026-04-04 13:05:09 | INFO | Checking 18 pending positions for finalized markets...
2026-04-04 13:05:10 | INFO | ------------------------------------------------------------
2026-04-04 13:05:10 | INFO | NBA GAME MARKETS STATUS:
2026-04-04 13:05:10 | INFO |   HOU: $0.57 [SELL @ $0.85] | GSW: $0.29 [SELL @ $0.85]
2026-04-04 13:05:10 | INFO |   SAC: $0.14 [SELL @ $0.85] | LAC: $0.85 [WAIT]
2026-04-04 13:05:10 | INFO |   LAL: $0.72 [WAIT] | DAL: $0.25 [SELL @ $0.85]
2026-04-04 13:05:10 | INFO |   MIN: $0.50 [SELL @ $0.85] | CHA: $0.48 [SELL @ $0.85]
2026-04-04 13:05:10 | INFO |   ORL: $0.60 [WAIT] | NOP: $0.33 [SELL @ $0.85]
2026-04-04 13:05:10 | INFO |   UTA: $0.05 [SELL @ $0.85] | OKC: $0.95 [WAIT]
2026-04-04 13:05:10 | INFO |   IND: $0.08 [SELL @ $0.85] | CLE: $0.91 [WAIT]
2026-04-04 13:05:10 | INFO |   MIL: $0.67 [WAIT] | MEM: $0.32 [SELL @ $0.85]
2026-04-04 13:05:10 | INFO | ------------------------------------------------------------
2026-04-04 13:06:10 | INFO | Fetched 100 markets for KXNBAGAME
2026-04-04 13:06:10 | INFO | NEW MARKET detected but OUT OF BUY ZONE: KXNBAGAME-26APR06NYKATL-NYK @ $0.02
2026-04-04 13:06:10 | INFO | NEW MARKET detected but OUT OF BUY ZONE: KXNBAGAME-26APR06NYKATL-ATL @ $0.75
2026-04-04 13:06:10 | INFO | NEW MARKET detected but OUT OF BUY ZONE: KXNBAGAME-26APR06DETORL-ORL @ $0.02
2026-04-04 13:06:10 | INFO | NEW MARKET detected but OUT OF BUY ZONE: KXNBAGAME-26APR06DETORL-DET @ $0.02
2026-04-04 13:06:10 | INFO | Fetched 100 markets for KXNBAGAME
2026-04-04 13:06:10 | INFO | Checking 18 pending positions for finalized markets...
2026-04-04 13:06:10 | INFO | ------------------------------------------------------------
2026-04-04 13:06:10 | INFO | NBA GAME MARKETS STATUS:
2026-04-04 13:06:10 | INFO |   NYK: $0.02 [BUY ZONE] | ATL: $0.75 [WAIT]
2026-04-04 13:06:10 | INFO |   ORL: $0.02 [BUY ZONE] | DET: $0.02 [BUY ZONE]
2026-04-04 13:06:10 | INFO |   HOU: $0.57 [SELL @ $0.85] | GSW: $0.37 [SELL @ $0.85]
2026-04-04 13:06:10 | INFO |   SAC: $0.14 [SELL @ $0.85] | LAC: $0.85 [WAIT]
2026-04-04 13:06:10 | INFO |   LAL: $0.72 [WAIT] | DAL: $0.25 [SELL @ $0.85]
2026-04-04 13:06:10 | INFO |   MIN: $0.51 [SELL @ $0.85] | CHA: $0.48 [SELL @ $0.85]
2026-04-04 13:06:10 | INFO |   ORL: $0.60 [WAIT] | NOP: $0.37 [SELL @ $0.85]
2026-04-04 13:06:10 | INFO |   UTA: $0.05 [SELL @ $0.85] | OKC: $0.95 [WAIT]
2026-04-04 13:06:10 | INFO | ------------------------------------------------------------
2026-04-04 13:06:10 | INFO | ==================================================
2026-04-04 13:06:10 | INFO | SIMPLE FLIP BOT STATS
2026-04-04 13:06:10 | INFO | Runtime: 45.9 minutes
2026-04-04 13:06:10 | INFO | Balance: $88.18
2026-04-04 13:06:10 | INFO | Total positions: 18
2026-04-04 13:06:10 | INFO | Position states: {'pending_sell': 18}
2026-04-04 13:06:10 | INFO | Total trades: 18 (18 buys, 0 sells)
2026-04-04 13:06:10 | INFO | Session PnL: $0.00
2026-04-04 13:06:10 | INFO | ==================================================
2026-04-04 13:07:10 | INFO | Fetched 100 markets for KXNBAGAME
2026-04-04 13:07:10 | INFO | Fetched 100 markets for KXNBAGAME
2026-04-04 13:07:10 | INFO | Checking 18 pending positions for finalized markets...
2026-04-04 13:07:11 | INFO | ------------------------------------------------------------
2026-04-04 13:07:11 | INFO | NBA GAME MARKETS STATUS:
2026-04-04 13:07:11 | INFO |   NYK: $0.13 [BUY ZONE] | ATL: $0.79 [WAIT]
2026-04-04 13:07:11 | INFO |   ORL: $0.13 [BUY ZONE] | DET: $0.13 [BUY ZONE]
2026-04-04 13:07:11 | INFO |   HOU: $0.57 [SELL @ $0.85] | GSW: $0.37 [SELL @ $0.85]
2026-04-04 13:07:11 | INFO |   SAC: $0.14 [SELL @ $0.85] | LAC: $0.85 [WAIT]
2026-04-04 13:07:11 | INFO |   LAL: $0.72 [WAIT] | DAL: $0.25 [SELL @ $0.85]
2026-04-04 13:07:11 | INFO |   MIN: $0.51 [SELL @ $0.85] | CHA: $0.48 [SELL @ $0.85]
2026-04-04 13:07:11 | INFO |   ORL: $0.60 [WAIT] | NOP: $0.37 [SELL @ $0.85]
2026-04-04 13:07:11 | INFO |   UTA: $0.05 [SELL @ $0.85] | OKC: $0.95 [WAIT]
2026-04-04 13:07:11 | INFO | ------------------------------------------------------------
2026-04-04 13:08:11 | INFO | Fetched 100 markets for KXNBAGAME
2026-04-04 13:08:11 | INFO | Fetched 100 markets for KXNBAGAME
2026-04-04 13:08:11 | INFO | Checking 18 pending positions for finalized markets...
2026-04-04 13:08:11 | INFO | ------------------------------------------------------------
2026-04-04 13:08:11 | INFO | NBA GAME MARKETS STATUS:
2026-04-04 13:08:11 | INFO |   NYK: $0.13 [BUY ZONE] | ATL: $0.79 [WAIT]
2026-04-04 13:08:11 | INFO |   ORL: $0.13 [BUY ZONE] | DET: $0.13 [BUY ZONE]
2026-04-04 13:08:11 | INFO |   HOU: $0.57 [SELL @ $0.85] | GSW: $0.37 [SELL @ $0.85]
2026-04-04 13:08:11 | INFO |   SAC: $0.14 [SELL @ $0.85] | LAC: $0.85 [WAIT]
2026-04-04 13:08:11 | INFO |   LAL: $0.72 [WAIT] | DAL: $0.25 [SELL @ $0.85]
2026-04-04 13:08:11 | INFO |   MIN: $0.51 [SELL @ $0.85] | CHA: $0.48 [SELL @ $0.85]
2026-04-04 13:08:11 | INFO |   ORL: $0.60 [WAIT] | NOP: $0.37 [SELL @ $0.85]
2026-04-04 13:08:11 | INFO |   UTA: $0.05 [SELL @ $0.85] | OKC: $0.95 [WAIT]
2026-04-04 13:08:11 | INFO | ------------------------------------------------------------
2026-04-04 13:09:11 | INFO | Fetched 100 markets for KXNBAGAME
2026-04-04 13:09:11 | INFO | Fetched 100 markets for KXNBAGAME
2026-04-04 13:09:11 | INFO | Checking 18 pending positions for finalized markets...
2026-04-04 13:09:12 | INFO | ------------------------------------------------------------
2026-04-04 13:09:12 | INFO | NBA GAME MARKETS STATUS:
2026-04-04 13:09:12 | INFO |   NYK: $0.13 [BUY ZONE] | ATL: $0.81 [WAIT]
2026-04-04 13:09:12 | INFO |   ORL: $0.13 [BUY ZONE] | DET: $0.13 [BUY ZONE]
2026-04-04 13:09:12 | INFO |   HOU: $0.57 [SELL @ $0.85] | GSW: $0.37 [SELL @ $0.85]
2026-04-04 13:09:12 | INFO |   SAC: $0.14 [SELL @ $0.85] | LAC: $0.85 [WAIT]
2026-04-04 13:09:12 | INFO |   LAL: $0.72 [WAIT] | DAL: $0.25 [SELL @ $0.85]
2026-04-04 13:09:12 | INFO |   MIN: $0.51 [SELL @ $0.85] | CHA: $0.48 [SELL @ $0.85]
2026-04-04 13:09:12 | INFO |   ORL: $0.60 [WAIT] | NOP: $0.37 [SELL @ $0.85]
2026-04-04 13:09:12 | INFO |   UTA: $0.05 [SELL @ $0.85] | OKC: $0.95 [WAIT]
2026-04-04 13:09:12 | INFO | ------------------------------------------------------------
2026-04-04 13:10:12 | INFO | Fetched 100 markets for KXNBAGAME
2026-04-04 13:10:12 | INFO | Fetched 100 markets for KXNBAGAME
2026-04-04 13:10:12 | INFO | Checking 18 pending positions for finalized markets...
2026-04-04 13:10:12 | INFO | ------------------------------------------------------------
2026-04-04 13:10:12 | INFO | NBA GAME MARKETS STATUS:
2026-04-04 13:10:12 | INFO |   NYK: $0.13 [BUY ZONE] | ATL: $0.79 [WAIT]
2026-04-04 13:10:12 | INFO |   ORL: $0.13 [BUY ZONE] | DET: $0.13 [BUY ZONE]
2026-04-04 13:10:12 | INFO |   HOU: $0.57 [SELL @ $0.85] | GSW: $0.37 [SELL @ $0.85]
2026-04-04 13:10:12 | INFO |   SAC: $0.14 [SELL @ $0.85] | LAC: $0.85 [WAIT]
2026-04-04 13:10:12 | INFO |   LAL: $0.72 [WAIT] | DAL: $0.25 [SELL @ $0.85]
2026-04-04 13:10:12 | INFO |   MIN: $0.51 [SELL @ $0.85] | CHA: $0.48 [SELL @ $0.85]
2026-04-04 13:10:12 | INFO |   ORL: $0.60 [WAIT] | NOP: $0.37 [SELL @ $0.85]
2026-04-04 13:10:12 | INFO |   UTA: $0.05 [SELL @ $0.85] | OKC: $0.95 [WAIT]
2026-04-04 13:10:12 | INFO | ------------------------------------------------------------
2026-04-04 13:11:13 | INFO | Fetched 100 markets for KXNBAGAME
2026-04-04 13:11:13 | INFO | Fetched 100 markets for KXNBAGAME
2026-04-04 13:11:13 | INFO | Checking 18 pending positions for finalized markets...
2026-04-04 13:11:13 | INFO | ------------------------------------------------------------
2026-04-04 13:11:13 | INFO | NBA GAME MARKETS STATUS:
2026-04-04 13:11:13 | INFO |   NYK: $0.13 [BUY ZONE] | ATL: $0.81 [WAIT]
2026-04-04 13:11:13 | INFO |   ORL: $0.13 [BUY ZONE] | DET: $0.13 [BUY ZONE]
2026-04-04 13:11:13 | INFO |   HOU: $0.57 [SELL @ $0.85] | GSW: $0.33 [SELL @ $0.85]
2026-04-04 13:11:13 | INFO |   SAC: $0.14 [SELL @ $0.85] | LAC: $0.85 [WAIT]
2026-04-04 13:11:13 | INFO |   LAL: $0.72 [WAIT] | DAL: $0.25 [SELL @ $0.85]
2026-04-04 13:11:13 | INFO |   MIN: $0.50 [SELL @ $0.85] | CHA: $0.48 [SELL @ $0.85]
2026-04-04 13:11:13 | INFO |   ORL: $0.60 [WAIT] | NOP: $0.37 [SELL @ $0.85]
2026-04-04 13:11:13 | INFO |   UTA: $0.05 [SELL @ $0.85] | OKC: $0.95 [WAIT]
2026-04-04 13:11:13 | INFO | ------------------------------------------------------------
2026-04-04 13:11:13 | INFO | ==================================================
2026-04-04 13:11:13 | INFO | SIMPLE FLIP BOT STATS
2026-04-04 13:11:13 | INFO | Runtime: 50.9 minutes
2026-04-04 13:11:13 | INFO | Balance: $88.18
2026-04-04 13:11:13 | INFO | Total positions: 18
2026-04-04 13:11:13 | INFO | Position states: {'pending_sell': 18}
2026-04-04 13:11:13 | INFO | Total trades: 18 (18 buys, 0 sells)
2026-04-04 13:11:13 | INFO | Session PnL: $0.00
2026-04-04 13:11:13 | INFO | ==================================================
2026-04-04 13:12:13 | INFO | Fetched 100 markets for KXNBAGAME
2026-04-04 13:12:13 | INFO | Fetched 100 markets for KXNBAGAME
2026-04-04 13:12:13 | INFO | Checking 18 pending positions for finalized markets...
2026-04-04 13:12:14 | INFO | ------------------------------------------------------------
2026-04-04 13:12:14 | INFO | NBA GAME MARKETS STATUS:
2026-04-04 13:12:14 | INFO |   NYK: $0.13 [BUY ZONE] | ATL: $0.79 [WAIT]
2026-04-04 13:12:14 | INFO |   ORL: $0.13 [BUY ZONE] | DET: $0.13 [BUY ZONE]
2026-04-04 13:12:14 | INFO |   HOU: $0.57 [SELL @ $0.85] | GSW: $0.33 [SELL @ $0.85]
2026-04-04 13:12:14 | INFO |   SAC: $0.14 [SELL @ $0.85] | LAC: $0.85 [WAIT]
2026-04-04 13:12:14 | INFO |   LAL: $0.72 [WAIT] | DAL: $0.25 [SELL @ $0.85]
2026-04-04 13:12:14 | INFO |   MIN: $0.50 [SELL @ $0.85] | CHA: $0.48 [SELL @ $0.85]
2026-04-04 13:12:14 | INFO |   ORL: $0.61 [WAIT] | NOP: $0.37 [SELL @ $0.85]
2026-04-04 13:12:14 | INFO |   UTA: $0.05 [SELL @ $0.85] | OKC: $0.95 [WAIT]
2026-04-04 13:12:14 | INFO | ------------------------------------------------------------
2026-04-04 13:13:14 | INFO | Fetched 100 markets for KXNBAGAME
2026-04-04 13:13:14 | INFO | Fetched 100 markets for KXNBAGAME
2026-04-04 13:13:14 | INFO | Checking 18 pending positions for finalized markets...
2026-04-04 13:13:14 | INFO | ------------------------------------------------------------
2026-04-04 13:13:14 | INFO | NBA GAME MARKETS STATUS:
2026-04-04 13:13:14 | INFO |   NYK: $0.13 [BUY ZONE] | ATL: $0.15 [BUY ZONE]
2026-04-04 13:13:14 | INFO |   ORL: $0.13 [BUY ZONE] | DET: $0.13 [BUY ZONE]
2026-04-04 13:13:14 | INFO |   HOU: $0.57 [SELL @ $0.85] | GSW: $0.37 [SELL @ $0.85]
2026-04-04 13:13:14 | INFO |   SAC: $0.14 [SELL @ $0.85] | LAC: $0.85 [WAIT]
2026-04-04 13:13:14 | INFO |   LAL: $0.72 [WAIT] | DAL: $0.25 [SELL @ $0.85]
2026-04-04 13:13:14 | INFO |   MIN: $0.50 [SELL @ $0.85] | CHA: $0.48 [SELL @ $0.85]
2026-04-04 13:13:14 | INFO |   ORL: $0.61 [WAIT] | NOP: $0.37 [SELL @ $0.85]
2026-04-04 13:13:14 | INFO |   UTA: $0.05 [SELL @ $0.85] | OKC: $0.95 [WAIT]
2026-04-04 13:13:14 | INFO | ------------------------------------------------------------
2026-04-04 13:14:14 | INFO | Fetched 100 markets for KXNBAGAME
2026-04-04 13:14:14 | INFO | Fetched 100 markets for KXNBAGAME
2026-04-04 13:14:14 | INFO | Checking 18 pending positions for finalized markets...
2026-04-04 13:14:15 | INFO | ------------------------------------------------------------
2026-04-04 13:14:15 | INFO | NBA GAME MARKETS STATUS:
2026-04-04 13:14:15 | INFO |   NYK: $0.13 [BUY ZONE] | ATL: $0.15 [BUY ZONE]
2026-04-04 13:14:15 | INFO |   ORL: $0.13 [BUY ZONE] | DET: $0.13 [BUY ZONE]
2026-04-04 13:14:15 | INFO |   HOU: $0.57 [SELL @ $0.85] | GSW: $0.37 [SELL @ $0.85]
2026-04-04 13:14:15 | INFO |   SAC: $0.14 [SELL @ $0.85] | LAC: $0.85 [WAIT]
2026-04-04 13:14:15 | INFO |   LAL: $0.72 [WAIT] | DAL: $0.25 [SELL @ $0.85]
2026-04-04 13:14:15 | INFO |   MIN: $0.50 [SELL @ $0.85] | CHA: $0.48 [SELL @ $0.85]
2026-04-04 13:14:15 | INFO |   ORL: $0.61 [WAIT] | NOP: $0.37 [SELL @ $0.85]
2026-04-04 13:14:15 | INFO |   UTA: $0.05 [SELL @ $0.85] | OKC: $0.95 [WAIT]
2026-04-04 13:14:15 | INFO | ------------------------------------------------------------
2026-04-04 13:15:15 | INFO | Fetched 100 markets for KXNBAGAME
2026-04-04 13:15:15 | INFO | Fetched 100 markets for KXNBAGAME
2026-04-04 13:15:15 | INFO | Checking 18 pending positions for finalized markets...
2026-04-04 13:15:15 | INFO | ------------------------------------------------------------
2026-04-04 13:15:15 | INFO | NBA GAME MARKETS STATUS:
2026-04-04 13:15:15 | INFO |   NYK: $0.13 [BUY ZONE] | ATL: $0.15 [BUY ZONE]
2026-04-04 13:15:15 | INFO |   ORL: $0.13 [BUY ZONE] | DET: $0.13 [BUY ZONE]
2026-04-04 13:15:15 | INFO |   HOU: $0.57 [SELL @ $0.85] | GSW: $0.37 [SELL @ $0.85]
2026-04-04 13:15:15 | INFO |   SAC: $0.14 [SELL @ $0.85] | LAC: $0.85 [WAIT]
2026-04-04 13:15:15 | INFO |   LAL: $0.72 [WAIT] | DAL: $0.25 [SELL @ $0.85]
2026-04-04 13:15:15 | INFO |   MIN: $0.50 [SELL @ $0.85] | CHA: $0.48 [SELL @ $0.85]
2026-04-04 13:15:15 | INFO |   ORL: $0.61 [WAIT] | NOP: $0.37 [SELL @ $0.85]
2026-04-04 13:15:15 | INFO |   UTA: $0.05 [SELL @ $0.85] | OKC: $0.95 [WAIT]
2026-04-04 13:15:15 | INFO | ------------------------------------------------------------
2026-04-04 13:16:15 | INFO | Fetched 100 markets for KXNBAGAME
2026-04-04 13:16:15 | INFO | Fetched 100 markets for KXNBAGAME
2026-04-04 13:16:15 | INFO | Checking 18 pending positions for finalized markets...
2026-04-04 13:16:16 | INFO | ------------------------------------------------------------
2026-04-04 13:16:16 | INFO | NBA GAME MARKETS STATUS:
2026-04-04 13:16:16 | INFO |   NYK: $0.15 [BUY ZONE] | ATL: $0.14 [BUY ZONE]
2026-04-04 13:16:16 | INFO |   ORL: $0.13 [BUY ZONE] | DET: $0.13 [BUY ZONE]
2026-04-04 13:16:16 | INFO |   HOU: $0.57 [SELL @ $0.85] | GSW: $0.37 [SELL @ $0.85]
2026-04-04 13:16:16 | INFO |   SAC: $0.14 [SELL @ $0.85] | LAC: $0.85 [WAIT]
2026-04-04 13:16:16 | INFO |   LAL: $0.72 [WAIT] | DAL: $0.25 [SELL @ $0.85]
2026-04-04 13:16:16 | INFO |   MIN: $0.50 [SELL @ $0.85] | CHA: $0.48 [SELL @ $0.85]
2026-04-04 13:16:16 | INFO |   ORL: $0.61 [WAIT] | NOP: $0.37 [SELL @ $0.85]
2026-04-04 13:16:16 | INFO |   UTA: $0.05 [SELL @ $0.85] | OKC: $0.95 [WAIT]
2026-04-04 13:16:16 | INFO | ------------------------------------------------------------
2026-04-04 13:16:16 | INFO | ==================================================
2026-04-04 13:16:16 | INFO | SIMPLE FLIP BOT STATS
2026-04-04 13:16:16 | INFO | Runtime: 56.0 minutes
2026-04-04 13:16:16 | INFO | Balance: $88.18
2026-04-04 13:16:16 | INFO | Total positions: 18
2026-04-04 13:16:16 | INFO | Position states: {'pending_sell': 18}
2026-04-04 13:16:16 | INFO | Total trades: 18 (18 buys, 0 sells)
2026-04-04 13:16:16 | INFO | Session PnL: $0.00
2026-04-04 13:16:16 | INFO | ==================================================
2026-04-04 13:17:16 | INFO | Fetched 100 markets for KXNBAGAME
2026-04-04 13:17:16 | INFO | Fetched 100 markets for KXNBAGAME
2026-04-04 13:17:16 | INFO | Checking 18 pending positions for finalized markets...
2026-04-04 13:17:16 | INFO | ------------------------------------------------------------
2026-04-04 13:17:16 | INFO | NBA GAME MARKETS STATUS:
2026-04-04 13:17:16 | INFO |   NYK: $0.13 [BUY ZONE] | ATL: $0.14 [BUY ZONE]
2026-04-04 13:17:16 | INFO |   ORL: $0.13 [BUY ZONE] | DET: $0.13 [BUY ZONE]
2026-04-04 13:17:16 | INFO |   HOU: $0.57 [SELL @ $0.85] | GSW: $0.37 [SELL @ $0.85]
2026-04-04 13:17:16 | INFO |   SAC: $0.14 [SELL @ $0.85] | LAC: $0.85 [WAIT]
2026-04-04 13:17:16 | INFO |   LAL: $0.72 [WAIT] | DAL: $0.25 [SELL @ $0.85]
2026-04-04 13:17:16 | INFO |   MIN: $0.50 [SELL @ $0.85] | CHA: $0.48 [SELL @ $0.85]
2026-04-04 13:17:16 | INFO |   ORL: $0.61 [WAIT] | NOP: $0.37 [SELL @ $0.85]
2026-04-04 13:17:16 | INFO |   UTA: $0.05 [SELL @ $0.85] | OKC: $0.95 [WAIT]
2026-04-04 13:17:16 | INFO | ------------------------------------------------------------
2026-04-04 13:18:16 | INFO | Fetched 100 markets for KXNBAGAME
2026-04-04 13:18:16 | INFO | Fetched 100 markets for KXNBAGAME
2026-04-04 13:18:16 | INFO | Checking 18 pending positions for finalized markets...
2026-04-04 13:18:17 | INFO | ------------------------------------------------------------
2026-04-04 13:18:17 | INFO | NBA GAME MARKETS STATUS:
2026-04-04 13:18:17 | INFO |   NYK: $0.13 [BUY ZONE] | ATL: $0.14 [BUY ZONE]
2026-04-04 13:18:17 | INFO |   ORL: $0.13 [BUY ZONE] | DET: $0.13 [BUY ZONE]
2026-04-04 13:18:17 | INFO |   HOU: $0.57 [SELL @ $0.85] | GSW: $0.37 [SELL @ $0.85]
2026-04-04 13:18:17 | INFO |   SAC: $0.14 [SELL @ $0.85] | LAC: $0.85 [WAIT]
2026-04-04 13:18:17 | INFO |   LAL: $0.72 [WAIT] | DAL: $0.25 [SELL @ $0.85]
2026-04-04 13:18:17 | INFO |   MIN: $0.51 [SELL @ $0.85] | CHA: $0.48 [SELL @ $0.85]
2026-04-04 13:18:17 | INFO |   ORL: $0.61 [WAIT] | NOP: $0.37 [SELL @ $0.85]
2026-04-04 13:18:17 | INFO |   UTA: $0.05 [SELL @ $0.85] | OKC: $0.95 [WAIT]
2026-04-04 13:18:17 | INFO | ------------------------------------------------------------
2026-04-04 13:19:17 | INFO | Fetched 100 markets for KXNBAGAME
2026-04-04 13:19:17 | INFO | Fetched 100 markets for KXNBAGAME
2026-04-04 13:19:17 | INFO | Checking 18 pending positions for finalized markets...
2026-04-04 13:19:17 | INFO | ------------------------------------------------------------
2026-04-04 13:19:17 | INFO | NBA GAME MARKETS STATUS:
2026-04-04 13:19:17 | INFO |   NYK: $0.13 [BUY ZONE] | ATL: $0.14 [BUY ZONE]
2026-04-04 13:19:17 | INFO |   ORL: $0.13 [BUY ZONE] | DET: $0.13 [BUY ZONE]
2026-04-04 13:19:17 | INFO |   HOU: $0.57 [SELL @ $0.85] | GSW: $0.37 [SELL @ $0.85]
2026-04-04 13:19:17 | INFO |   SAC: $0.14 [SELL @ $0.85] | LAC: $0.85 [WAIT]
2026-04-04 13:19:17 | INFO |   LAL: $0.72 [WAIT] | DAL: $0.25 [SELL @ $0.85]
2026-04-04 13:19:17 | INFO |   MIN: $0.51 [SELL @ $0.85] | CHA: $0.48 [SELL @ $0.85]
2026-04-04 13:19:17 | INFO |   ORL: $0.61 [WAIT] | NOP: $0.37 [SELL @ $0.85]
2026-04-04 13:19:17 | INFO |   UTA: $0.05 [SELL @ $0.85] | OKC: $0.95 [WAIT]
2026-04-04 13:19:17 | INFO | ------------------------------------------------------------
2026-04-04 13:20:18 | INFO | Fetched 100 markets for KXNBAGAME
2026-04-04 13:20:18 | INFO | Fetched 100 markets for KXNBAGAME
2026-04-04 13:20:18 | INFO | Checking 18 pending positions for finalized markets...
2026-04-04 13:20:18 | INFO | ------------------------------------------------------------
2026-04-04 13:20:18 | INFO | NBA GAME MARKETS STATUS:
2026-04-04 13:20:18 | INFO |   NYK: $0.13 [BUY ZONE] | ATL: $0.14 [BUY ZONE]
2026-04-04 13:20:18 | INFO |   ORL: $0.13 [BUY ZONE] | DET: $0.13 [BUY ZONE]
2026-04-04 13:20:18 | INFO |   HOU: $0.57 [SELL @ $0.85] | GSW: $0.37 [SELL @ $0.85]
2026-04-04 13:20:18 | INFO |   SAC: $0.13 [SELL @ $0.85] | LAC: $0.85 [WAIT]
2026-04-04 13:20:18 | INFO |   LAL: $0.72 [WAIT] | DAL: $0.25 [SELL @ $0.85]
2026-04-04 13:20:18 | INFO |   MIN: $0.51 [SELL @ $0.85] | CHA: $0.48 [SELL @ $0.85]
2026-04-04 13:20:18 | INFO |   ORL: $0.61 [WAIT] | NOP: $0.37 [SELL @ $0.85]
2026-04-04 13:20:18 | INFO |   UTA: $0.05 [SELL @ $0.85] | OKC: $0.95 [WAIT]
2026-04-04 13:20:18 | INFO | ------------------------------------------------------------
2026-04-04 13:21:18 | INFO | Fetched 100 markets for KXNBAGAME
2026-04-04 13:21:18 | INFO | Fetched 100 markets for KXNBAGAME
2026-04-04 13:21:18 | INFO | Checking 18 pending positions for finalized markets...
2026-04-04 13:21:18 | INFO | ------------------------------------------------------------
2026-04-04 13:21:18 | INFO | NBA GAME MARKETS STATUS:
2026-04-04 13:21:18 | INFO |   NYK: $0.13 [BUY ZONE] | ATL: $0.14 [BUY ZONE]
2026-04-04 13:21:18 | INFO |   ORL: $0.13 [BUY ZONE] | DET: $0.13 [BUY ZONE]
2026-04-04 13:21:18 | INFO |   HOU: $0.59 [SELL @ $0.85] | GSW: $0.38 [SELL @ $0.85]
2026-04-04 13:21:18 | INFO |   SAC: $0.13 [SELL @ $0.85] | LAC: $0.85 [WAIT]
2026-04-04 13:21:18 | INFO |   LAL: $0.72 [WAIT] | DAL: $0.25 [SELL @ $0.85]
2026-04-04 13:21:18 | INFO |   MIN: $0.51 [SELL @ $0.85] | CHA: $0.48 [SELL @ $0.85]
2026-04-04 13:21:18 | INFO |   ORL: $0.61 [WAIT] | NOP: $0.37 [SELL @ $0.85]
2026-04-04 13:21:18 | INFO |   UTA: $0.05 [SELL @ $0.85] | OKC: $0.95 [WAIT]
2026-04-04 13:21:18 | INFO | ------------------------------------------------------------
2026-04-04 13:21:18 | INFO | ==================================================
2026-04-04 13:21:18 | INFO | SIMPLE FLIP BOT STATS
2026-04-04 13:21:18 | INFO | Runtime: 61.0 minutes
2026-04-04 13:21:18 | INFO | Balance: $88.18
2026-04-04 13:21:18 | INFO | Total positions: 18
2026-04-04 13:21:18 | INFO | Position states: {'pending_sell': 18}
2026-04-04 13:21:18 | INFO | Total trades: 18 (18 buys, 0 sells)
2026-04-04 13:21:18 | INFO | Session PnL: $0.00
2026-04-04 13:21:18 | INFO | ==================================================
2026-04-04 13:22:18 | INFO | Fetched 100 markets for KXNBAGAME
2026-04-04 13:22:18 | INFO | Fetched 100 markets for KXNBAGAME
2026-04-04 13:22:18 | INFO | Checking 18 pending positions for finalized markets...
2026-04-04 13:22:19 | INFO | ------------------------------------------------------------
2026-04-04 13:22:19 | INFO | NBA GAME MARKETS STATUS:
2026-04-04 13:22:19 | INFO |   NYK: $0.13 [BUY ZONE] | ATL: $0.15 [BUY ZONE]
2026-04-04 13:22:19 | INFO |   ORL: $0.13 [BUY ZONE] | DET: $0.15 [BUY ZONE]
2026-04-04 13:22:19 | INFO |   HOU: $0.57 [SELL @ $0.85] | GSW: $0.34 [SELL @ $0.85]
2026-04-04 13:22:19 | INFO |   SAC: $0.13 [SELL @ $0.85] | LAC: $0.85 [WAIT]
2026-04-04 13:22:19 | INFO |   LAL: $0.72 [WAIT] | DAL: $0.25 [SELL @ $0.85]
2026-04-04 13:22:19 | INFO |   MIN: $0.51 [SELL @ $0.85] | CHA: $0.48 [SELL @ $0.85]
2026-04-04 13:22:19 | INFO |   ORL: $0.61 [WAIT] | NOP: $0.37 [SELL @ $0.85]
2026-04-04 13:22:19 | INFO |   UTA: $0.05 [SELL @ $0.85] | OKC: $0.95 [WAIT]
2026-04-04 13:22:19 | INFO | ------------------------------------------------------------
2026-04-04 13:23:19 | INFO | Fetched 100 markets for KXNBAGAME
2026-04-04 13:23:19 | INFO | Fetched 100 markets for KXNBAGAME
2026-04-04 13:23:19 | INFO | Checking 18 pending positions for finalized markets...
2026-04-04 13:23:19 | INFO | ------------------------------------------------------------
2026-04-04 13:23:19 | INFO | NBA GAME MARKETS STATUS:
2026-04-04 13:23:19 | INFO |   NYK: $0.13 [BUY ZONE] | ATL: $0.15 [BUY ZONE]
2026-04-04 13:23:19 | INFO |   ORL: $0.13 [BUY ZONE] | DET: $0.14 [BUY ZONE]
2026-04-04 13:23:19 | INFO |   HOU: $0.57 [SELL @ $0.85] | GSW: $0.34 [SELL @ $0.85]
2026-04-04 13:23:19 | INFO |   SAC: $0.13 [SELL @ $0.85] | LAC: $0.85 [WAIT]
2026-04-04 13:23:19 | INFO |   LAL: $0.72 [WAIT] | DAL: $0.25 [SELL @ $0.85]
2026-04-04 13:23:19 | INFO |   MIN: $0.51 [SELL @ $0.85] | CHA: $0.48 [SELL @ $0.85]
2026-04-04 13:23:19 | INFO |   ORL: $0.61 [WAIT] | NOP: $0.37 [SELL @ $0.85]
2026-04-04 13:23:19 | INFO |   UTA: $0.05 [SELL @ $0.85] | OKC: $0.95 [WAIT]
2026-04-04 13:23:19 | INFO | ------------------------------------------------------------
2026-04-04 13:24:19 | INFO | Fetched 100 markets for KXNBAGAME
2026-04-04 13:24:19 | INFO | Fetched 100 markets for KXNBAGAME
2026-04-04 13:24:19 | INFO | Checking 18 pending positions for finalized markets...
2026-04-04 13:24:20 | INFO | ------------------------------------------------------------
2026-04-04 13:24:20 | INFO | NBA GAME MARKETS STATUS:
2026-04-04 13:24:20 | INFO |   NYK: $0.13 [BUY ZONE] | ATL: $0.15 [BUY ZONE]
2026-04-04 13:24:20 | INFO |   ORL: $0.14 [BUY ZONE] | DET: $0.15 [BUY ZONE]
2026-04-04 13:24:20 | INFO |   HOU: $0.57 [SELL @ $0.85] | GSW: $0.36 [SELL @ $0.85]
2026-04-04 13:24:20 | INFO |   SAC: $0.13 [SELL @ $0.85] | LAC: $0.85 [WAIT]
2026-04-04 13:24:20 | INFO |   LAL: $0.72 [WAIT] | DAL: $0.25 [SELL @ $0.85]
2026-04-04 13:24:20 | INFO |   MIN: $0.51 [SELL @ $0.85] | CHA: $0.48 [SELL @ $0.85]
2026-04-04 13:24:20 | INFO |   ORL: $0.61 [WAIT] | NOP: $0.37 [SELL @ $0.85]
2026-04-04 13:24:20 | INFO |   UTA: $0.05 [SELL @ $0.85] | OKC: $0.95 [WAIT]
2026-04-04 13:24:20 | INFO | ------------------------------------------------------------
2026-04-04 13:25:20 | INFO | Fetched 100 markets for KXNBAGAME
2026-04-04 13:25:20 | INFO | Fetched 100 markets for KXNBAGAME
2026-04-04 13:25:20 | INFO | Checking 18 pending positions for finalized markets...
2026-04-04 13:25:20 | INFO | ------------------------------------------------------------
2026-04-04 13:25:20 | INFO | NBA GAME MARKETS STATUS:
2026-04-04 13:25:20 | INFO |   NYK: $0.13 [BUY ZONE] | ATL: $0.15 [BUY ZONE]
2026-04-04 13:25:20 | INFO |   ORL: $0.13 [BUY ZONE] | DET: $0.15 [BUY ZONE]
2026-04-04 13:25:20 | INFO |   HOU: $0.57 [SELL @ $0.85] | GSW: $0.36 [SELL @ $0.85]
2026-04-04 13:25:20 | INFO |   SAC: $0.13 [SELL @ $0.85] | LAC: $0.85 [WAIT]
2026-04-04 13:25:20 | INFO |   LAL: $0.72 [WAIT] | DAL: $0.25 [SELL @ $0.85]
2026-04-04 13:25:20 | INFO |   MIN: $0.51 [SELL @ $0.85] | CHA: $0.48 [SELL @ $0.85]
2026-04-04 13:25:20 | INFO |   ORL: $0.61 [WAIT] | NOP: $0.37 [SELL @ $0.85]
2026-04-04 13:25:20 | INFO |   UTA: $0.05 [SELL @ $0.85] | OKC: $0.95 [WAIT]
2026-04-04 13:25:20 | INFO | ------------------------------------------------------------
2026-04-04 13:26:20 | INFO | Fetched 100 markets for KXNBAGAME
2026-04-04 13:26:20 | INFO | Fetched 100 markets for KXNBAGAME
2026-04-04 13:26:20 | INFO | Checking 18 pending positions for finalized markets...
2026-04-04 13:26:21 | INFO | ------------------------------------------------------------
2026-04-04 13:26:21 | INFO | NBA GAME MARKETS STATUS:
2026-04-04 13:26:21 | INFO |   NYK: $0.13 [BUY ZONE] | ATL: $0.15 [BUY ZONE]
2026-04-04 13:26:21 | INFO |   ORL: $0.13 [BUY ZONE] | DET: $0.15 [BUY ZONE]
2026-04-04 13:26:21 | INFO |   HOU: $0.57 [SELL @ $0.85] | GSW: $0.36 [SELL @ $0.85]
2026-04-04 13:26:21 | INFO |   SAC: $0.13 [SELL @ $0.85] | LAC: $0.85 [WAIT]
2026-04-04 13:26:21 | INFO |   LAL: $0.72 [WAIT] | DAL: $0.25 [SELL @ $0.85]
2026-04-04 13:26:21 | INFO |   MIN: $0.51 [SELL @ $0.85] | CHA: $0.48 [SELL @ $0.85]
2026-04-04 13:26:21 | INFO |   ORL: $0.61 [WAIT] | NOP: $0.37 [SELL @ $0.85]
2026-04-04 13:26:21 | INFO |   UTA: $0.05 [SELL @ $0.85] | OKC: $0.95 [WAIT]
2026-04-04 13:26:21 | INFO | ------------------------------------------------------------
2026-04-04 13:26:21 | INFO | ==================================================
2026-04-04 13:26:21 | INFO | SIMPLE FLIP BOT STATS
2026-04-04 13:26:21 | INFO | Runtime: 66.1 minutes
2026-04-04 13:26:21 | INFO | Balance: $88.18
2026-04-04 13:26:21 | INFO | Total positions: 18
2026-04-04 13:26:21 | INFO | Position states: {'pending_sell': 18}
2026-04-04 13:26:21 | INFO | Total trades: 18 (18 buys, 0 sells)
2026-04-04 13:26:21 | INFO | Session PnL: $0.00
2026-04-04 13:26:21 | INFO | ==================================================
2026-04-04 13:27:21 | INFO | Fetched 100 markets for KXNBAGAME
2026-04-04 13:27:21 | INFO | Fetched 100 markets for KXNBAGAME
2026-04-04 13:27:21 | INFO | Checking 18 pending positions for finalized markets...
2026-04-04 13:27:21 | INFO | ------------------------------------------------------------
2026-04-04 13:27:21 | INFO | NBA GAME MARKETS STATUS:
2026-04-04 13:27:21 | INFO |   NYK: $0.13 [BUY ZONE] | ATL: $0.15 [BUY ZONE]
2026-04-04 13:27:21 | INFO |   ORL: $0.13 [BUY ZONE] | DET: $0.15 [BUY ZONE]
2026-04-04 13:27:21 | INFO |   HOU: $0.57 [SELL @ $0.85] | GSW: $0.36 [SELL @ $0.85]
2026-04-04 13:27:21 | INFO |   SAC: $0.13 [SELL @ $0.85] | LAC: $0.85 [WAIT]
2026-04-04 13:27:21 | INFO |   LAL: $0.72 [WAIT] | DAL: $0.25 [SELL @ $0.85]
2026-04-04 13:27:21 | INFO |   MIN: $0.51 [SELL @ $0.85] | CHA: $0.48 [SELL @ $0.85]
2026-04-04 13:27:21 | INFO |   ORL: $0.61 [WAIT] | NOP: $0.37 [SELL @ $0.85]
2026-04-04 13:27:21 | INFO |   UTA: $0.05 [SELL @ $0.85] | OKC: $0.95 [WAIT]
2026-04-04 13:27:21 | INFO | ------------------------------------------------------------
2026-04-04 13:28:21 | INFO | Fetched 100 markets for KXNBAGAME
2026-04-04 13:28:21 | INFO | Fetched 100 markets for KXNBAGAME
2026-04-04 13:28:21 | INFO | Checking 18 pending positions for finalized markets...
2026-04-04 13:28:22 | INFO | ------------------------------------------------------------
2026-04-04 13:28:22 | INFO | NBA GAME MARKETS STATUS:
2026-04-04 13:28:22 | INFO |   NYK: $0.13 [BUY ZONE] | ATL: $0.15 [BUY ZONE]
2026-04-04 13:28:22 | INFO |   ORL: $0.13 [BUY ZONE] | DET: $0.14 [BUY ZONE]
2026-04-04 13:28:22 | INFO |   HOU: $0.57 [SELL @ $0.85] | GSW: $0.36 [SELL @ $0.85]
2026-04-04 13:28:22 | INFO |   SAC: $0.13 [SELL @ $0.85] | LAC: $0.85 [WAIT]
2026-04-04 13:28:22 | INFO |   LAL: $0.72 [WAIT] | DAL: $0.25 [SELL @ $0.85]
2026-04-04 13:28:22 | INFO |   MIN: $0.51 [SELL @ $0.85] | CHA: $0.48 [SELL @ $0.85]
2026-04-04 13:28:22 | INFO |   ORL: $0.61 [WAIT] | NOP: $0.37 [SELL @ $0.85]
2026-04-04 13:28:22 | INFO |   UTA: $0.05 [SELL @ $0.85] | OKC: $0.95 [WAIT]
2026-04-04 13:28:22 | INFO | ------------------------------------------------------------
2026-04-04 13:29:22 | INFO | Fetched 100 markets for KXNBAGAME
2026-04-04 13:29:22 | INFO | Fetched 100 markets for KXNBAGAME
2026-04-04 13:29:22 | INFO | Checking 18 pending positions for finalized markets...
2026-04-04 13:29:22 | INFO | ------------------------------------------------------------
2026-04-04 13:29:22 | INFO | NBA GAME MARKETS STATUS:
2026-04-04 13:29:22 | INFO |   NYK: $0.13 [BUY ZONE] | ATL: $0.14 [BUY ZONE]
2026-04-04 13:29:22 | INFO |   ORL: $0.13 [BUY ZONE] | DET: $0.13 [BUY ZONE]
2026-04-04 13:29:22 | INFO |   HOU: $0.57 [SELL @ $0.85] | GSW: $0.36 [SELL @ $0.85]
2026-04-04 13:29:22 | INFO |   SAC: $0.13 [SELL @ $0.85] | LAC: $0.85 [WAIT]
2026-04-04 13:29:22 | INFO |   LAL: $0.72 [WAIT] | DAL: $0.25 [SELL @ $0.85]
2026-04-04 13:29:22 | INFO |   MIN: $0.51 [SELL @ $0.85] | CHA: $0.48 [SELL @ $0.85]
2026-04-04 13:29:22 | INFO |   ORL: $0.61 [WAIT] | NOP: $0.37 [SELL @ $0.85]
2026-04-04 13:29:22 | INFO |   UTA: $0.05 [SELL @ $0.85] | OKC: $0.95 [WAIT]
2026-04-04 13:29:22 | INFO | ------------------------------------------------------------
2026-04-04 13:30:22 | INFO | Fetched 100 markets for KXNBAGAME
2026-04-04 13:30:22 | INFO | Fetched 100 markets for KXNBAGAME
2026-04-04 13:30:22 | INFO | Checking 18 pending positions for finalized markets...
2026-04-04 13:30:23 | INFO | ------------------------------------------------------------
2026-04-04 13:30:23 | INFO | NBA GAME MARKETS STATUS:
2026-04-04 13:30:23 | INFO |   NYK: $0.13 [BUY ZONE] | ATL: $0.14 [BUY ZONE]
2026-04-04 13:30:23 | INFO |   ORL: $0.13 [BUY ZONE] | DET: $0.13 [BUY ZONE]
2026-04-04 13:30:23 | INFO |   HOU: $0.57 [SELL @ $0.85] | GSW: $0.36 [SELL @ $0.85]
2026-04-04 13:30:23 | INFO |   SAC: $0.13 [SELL @ $0.85] | LAC: $0.85 [WAIT]
2026-04-04 13:30:23 | INFO |   LAL: $0.72 [WAIT] | DAL: $0.25 [SELL @ $0.85]
2026-04-04 13:30:23 | INFO |   MIN: $0.51 [SELL @ $0.85] | CHA: $0.48 [SELL @ $0.85]
2026-04-04 13:30:23 | INFO |   ORL: $0.61 [WAIT] | NOP: $0.37 [SELL @ $0.85]
2026-04-04 13:30:23 | INFO |   UTA: $0.05 [SELL @ $0.85] | OKC: $0.95 [WAIT]
2026-04-04 13:30:23 | INFO | ------------------------------------------------------------
2026-04-04 13:31:23 | INFO | Fetched 100 markets for KXNBAGAME
2026-04-04 13:31:23 | INFO | Fetched 100 markets for KXNBAGAME
2026-04-04 13:31:23 | INFO | Checking 18 pending positions for finalized markets...
2026-04-04 13:31:23 | INFO | ------------------------------------------------------------
2026-04-04 13:31:23 | INFO | NBA GAME MARKETS STATUS:
2026-04-04 13:31:23 | INFO |   NYK: $0.13 [BUY ZONE] | ATL: $0.14 [BUY ZONE]
2026-04-04 13:31:23 | INFO |   ORL: $0.14 [BUY ZONE] | DET: $0.13 [BUY ZONE]
2026-04-04 13:31:23 | INFO |   HOU: $0.58 [SELL @ $0.85] | GSW: $0.37 [SELL @ $0.85]
2026-04-04 13:31:23 | INFO |   SAC: $0.13 [SELL @ $0.85] | LAC: $0.85 [WAIT]
2026-04-04 13:31:23 | INFO |   LAL: $0.72 [WAIT] | DAL: $0.25 [SELL @ $0.85]
2026-04-04 13:31:23 | INFO |   MIN: $0.51 [SELL @ $0.85] | CHA: $0.48 [SELL @ $0.85]
2026-04-04 13:31:23 | INFO |   ORL: $0.61 [WAIT] | NOP: $0.37 [SELL @ $0.85]
2026-04-04 13:31:23 | INFO |   UTA: $0.05 [SELL @ $0.85] | OKC: $0.95 [WAIT]
2026-04-04 13:31:23 | INFO | ------------------------------------------------------------
2026-04-04 13:31:23 | INFO | ==================================================
2026-04-04 13:31:23 | INFO | SIMPLE FLIP BOT STATS
2026-04-04 13:31:23 | INFO | Runtime: 71.1 minutes
2026-04-04 13:31:23 | INFO | Balance: $88.18
2026-04-04 13:31:23 | INFO | Total positions: 18
2026-04-04 13:31:23 | INFO | Position states: {'pending_sell': 18}
2026-04-04 13:31:23 | INFO | Total trades: 18 (18 buys, 0 sells)
2026-04-04 13:31:23 | INFO | Session PnL: $0.00
2026-04-04 13:31:23 | INFO | ==================================================
2026-04-04 13:32:23 | INFO | Fetched 100 markets for KXNBAGAME
2026-04-04 13:32:23 | INFO | Fetched 100 markets for KXNBAGAME
2026-04-04 13:32:23 | INFO | Checking 18 pending positions for finalized markets...
2026-04-04 13:32:24 | INFO | ------------------------------------------------------------
2026-04-04 13:32:24 | INFO | NBA GAME MARKETS STATUS:
2026-04-04 13:32:24 | INFO |   NYK: $0.13 [BUY ZONE] | ATL: $0.14 [BUY ZONE]
2026-04-04 13:32:24 | INFO |   ORL: $0.13 [BUY ZONE] | DET: $0.13 [BUY ZONE]
2026-04-04 13:32:24 | INFO |   HOU: $0.58 [SELL @ $0.85] | GSW: $0.39 [SELL @ $0.85]
2026-04-04 13:32:24 | INFO |   SAC: $0.13 [SELL @ $0.85] | LAC: $0.85 [WAIT]
2026-04-04 13:32:24 | INFO |   LAL: $0.72 [WAIT] | DAL: $0.25 [SELL @ $0.85]
2026-04-04 13:32:24 | INFO |   MIN: $0.51 [SELL @ $0.85] | CHA: $0.48 [SELL @ $0.85]
2026-04-04 13:32:24 | INFO |   ORL: $0.61 [WAIT] | NOP: $0.37 [SELL @ $0.85]
2026-04-04 13:32:24 | INFO |   UTA: $0.05 [SELL @ $0.85] | OKC: $0.95 [WAIT]
2026-04-04 13:32:24 | INFO | ------------------------------------------------------------
2026-04-04 13:33:24 | INFO | Fetched 100 markets for KXNBAGAME
2026-04-04 13:33:24 | INFO | Fetched 100 markets for KXNBAGAME
2026-04-04 13:33:24 | INFO | Checking 18 pending positions for finalized markets...
2026-04-04 13:33:24 | INFO | ------------------------------------------------------------
2026-04-04 13:33:24 | INFO | NBA GAME MARKETS STATUS:
2026-04-04 13:33:24 | INFO |   NYK: $0.13 [BUY ZONE] | ATL: $0.14 [BUY ZONE]
2026-04-04 13:33:24 | INFO |   ORL: $0.13 [BUY ZONE] | DET: $0.13 [BUY ZONE]
2026-04-04 13:33:24 | INFO |   HOU: $0.58 [SELL @ $0.85] | GSW: $0.39 [SELL @ $0.85]
2026-04-04 13:33:24 | INFO |   SAC: $0.13 [SELL @ $0.85] | LAC: $0.85 [WAIT]
2026-04-04 13:33:24 | INFO |   LAL: $0.72 [WAIT] | DAL: $0.25 [SELL @ $0.85]
2026-04-04 13:33:24 | INFO |   MIN: $0.51 [SELL @ $0.85] | CHA: $0.48 [SELL @ $0.85]
2026-04-04 13:33:24 | INFO |   ORL: $0.61 [WAIT] | NOP: $0.37 [SELL @ $0.85]
2026-04-04 13:33:24 | INFO |   UTA: $0.05 [SELL @ $0.85] | OKC: $0.95 [WAIT]
2026-04-04 13:33:24 | INFO | ------------------------------------------------------------
2026-04-04 13:34:24 | INFO | Fetched 100 markets for KXNBAGAME
2026-04-04 13:34:24 | INFO | Fetched 100 markets for KXNBAGAME
2026-04-04 13:34:24 | INFO | Checking 18 pending positions for finalized markets...
2026-04-04 13:34:25 | INFO | ------------------------------------------------------------
2026-04-04 13:34:25 | INFO | NBA GAME MARKETS STATUS:
2026-04-04 13:34:25 | INFO |   NYK: $0.13 [BUY ZONE] | ATL: $0.14 [BUY ZONE]
2026-04-04 13:34:25 | INFO |   ORL: $0.13 [BUY ZONE] | DET: $0.13 [BUY ZONE]
2026-04-04 13:34:25 | INFO |   HOU: $0.58 [SELL @ $0.85] | GSW: $0.39 [SELL @ $0.85]
2026-04-04 13:34:25 | INFO |   SAC: $0.13 [SELL @ $0.85] | LAC: $0.85 [WAIT]
2026-04-04 13:34:25 | INFO |   LAL: $0.72 [WAIT] | DAL: $0.25 [SELL @ $0.85]
2026-04-04 13:34:25 | INFO |   MIN: $0.51 [SELL @ $0.85] | CHA: $0.48 [SELL @ $0.85]
2026-04-04 13:34:25 | INFO |   ORL: $0.61 [WAIT] | NOP: $0.37 [SELL @ $0.85]
2026-04-04 13:34:25 | INFO |   UTA: $0.05 [SELL @ $0.85] | OKC: $0.95 [WAIT]
2026-04-04 13:34:25 | INFO | ------------------------------------------------------------
2026-04-04 13:35:25 | INFO | Fetched 100 markets for KXNBAGAME
2026-04-04 13:35:25 | INFO | Fetched 100 markets for KXNBAGAME
2026-04-04 13:35:25 | INFO | Checking 18 pending positions for finalized markets...
2026-04-04 13:35:25 | INFO | ------------------------------------------------------------
2026-04-04 13:35:25 | INFO | NBA GAME MARKETS STATUS:
2026-04-04 13:35:25 | INFO |   NYK: $0.14 [BUY ZONE] | ATL: $0.14 [BUY ZONE]
2026-04-04 13:35:25 | INFO |   ORL: $0.14 [BUY ZONE] | DET: $0.13 [BUY ZONE]
2026-04-04 13:35:25 | INFO |   HOU: $0.58 [SELL @ $0.85] | GSW: $0.39 [SELL @ $0.85]
2026-04-04 13:35:25 | INFO |   SAC: $0.13 [SELL @ $0.85] | LAC: $0.85 [WAIT]
2026-04-04 13:35:25 | INFO |   LAL: $0.72 [WAIT] | DAL: $0.25 [SELL @ $0.85]
2026-04-04 13:35:25 | INFO |   MIN: $0.51 [SELL @ $0.85] | CHA: $0.48 [SELL @ $0.85]
2026-04-04 13:35:25 | INFO |   ORL: $0.61 [WAIT] | NOP: $0.37 [SELL @ $0.85]
2026-04-04 13:35:25 | INFO |   UTA: $0.05 [SELL @ $0.85] | OKC: $0.95 [WAIT]
2026-04-04 13:35:25 | INFO | ------------------------------------------------------------
2026-04-04 13:36:25 | INFO | Fetched 100 markets for KXNBAGAME
2026-04-04 13:36:25 | INFO | Fetched 100 markets for KXNBAGAME
2026-04-04 13:36:25 | INFO | Checking 18 pending positions for finalized markets...
2026-04-04 13:36:26 | INFO | ------------------------------------------------------------
2026-04-04 13:36:26 | INFO | NBA GAME MARKETS STATUS:
2026-04-04 13:36:26 | INFO |   NYK: $0.15 [BUY ZONE] | ATL: $0.14 [BUY ZONE]
2026-04-04 13:36:26 | INFO |   ORL: $0.14 [BUY ZONE] | DET: $0.13 [BUY ZONE]
2026-04-04 13:36:26 | INFO |   HOU: $0.58 [SELL @ $0.85] | GSW: $0.39 [SELL @ $0.85]
2026-04-04 13:36:26 | INFO |   SAC: $0.13 [SELL @ $0.85] | LAC: $0.85 [WAIT]
2026-04-04 13:36:26 | INFO |   LAL: $0.72 [WAIT] | DAL: $0.25 [SELL @ $0.85]
2026-04-04 13:36:26 | INFO |   MIN: $0.51 [SELL @ $0.85] | CHA: $0.48 [SELL @ $0.85]
2026-04-04 13:36:26 | INFO |   ORL: $0.61 [WAIT] | NOP: $0.37 [SELL @ $0.85]
2026-04-04 13:36:26 | INFO |   UTA: $0.05 [SELL @ $0.85] | OKC: $0.95 [WAIT]
2026-04-04 13:36:26 | INFO | ------------------------------------------------------------
2026-04-04 13:36:26 | INFO | ==================================================
2026-04-04 13:36:26 | INFO | SIMPLE FLIP BOT STATS
2026-04-04 13:36:26 | INFO | Runtime: 76.2 minutes
2026-04-04 13:36:26 | INFO | Balance: $88.18
2026-04-04 13:36:26 | INFO | Total positions: 18
2026-04-04 13:36:26 | INFO | Position states: {'pending_sell': 18}
2026-04-04 13:36:26 | INFO | Total trades: 18 (18 buys, 0 sells)
2026-04-04 13:36:26 | INFO | Session PnL: $0.00
2026-04-04 13:36:26 | INFO | ==================================================
2026-04-04 13:37:26 | INFO | Fetched 100 markets for KXNBAGAME
2026-04-04 13:37:26 | INFO | Fetched 100 markets for KXNBAGAME
2026-04-04 13:37:26 | INFO | Checking 18 pending positions for finalized markets...
2026-04-04 13:37:26 | INFO | ------------------------------------------------------------
2026-04-04 13:37:26 | INFO | NBA GAME MARKETS STATUS:
2026-04-04 13:37:26 | INFO |   NYK: $0.14 [BUY ZONE] | ATL: $0.14 [BUY ZONE]
2026-04-04 13:37:26 | INFO |   ORL: $0.13 [BUY ZONE] | DET: $0.13 [BUY ZONE]
2026-04-04 13:37:26 | INFO |   HOU: $0.58 [SELL @ $0.85] | GSW: $0.39 [SELL @ $0.85]
2026-04-04 13:37:26 | INFO |   SAC: $0.13 [SELL @ $0.85] | LAC: $0.85 [WAIT]
2026-04-04 13:37:26 | INFO |   LAL: $0.72 [WAIT] | DAL: $0.25 [SELL @ $0.85]
2026-04-04 13:37:26 | INFO |   MIN: $0.51 [SELL @ $0.85] | CHA: $0.48 [SELL @ $0.85]
2026-04-04 13:37:26 | INFO |   ORL: $0.61 [WAIT] | NOP: $0.37 [SELL @ $0.85]
2026-04-04 13:37:26 | INFO |   UTA: $0.05 [SELL @ $0.85] | OKC: $0.95 [WAIT]
2026-04-04 13:37:26 | INFO | ------------------------------------------------------------
2026-04-04 13:38:26 | INFO | Fetched 100 markets for KXNBAGAME
2026-04-04 13:38:26 | INFO | Fetched 100 markets for KXNBAGAME
2026-04-04 13:38:26 | INFO | Checking 18 pending positions for finalized markets...
2026-04-04 13:38:27 | INFO | ------------------------------------------------------------
2026-04-04 13:38:27 | INFO | NBA GAME MARKETS STATUS:
2026-04-04 13:38:27 | INFO |   NYK: $0.14 [BUY ZONE] | ATL: $0.14 [BUY ZONE]
2026-04-04 13:38:27 | INFO |   ORL: $0.14 [BUY ZONE] | DET: $0.16 [BUY ZONE]
2026-04-04 13:38:27 | INFO |   HOU: $0.58 [SELL @ $0.85] | GSW: $0.39 [SELL @ $0.85]
2026-04-04 13:38:27 | INFO |   SAC: $0.13 [SELL @ $0.85] | LAC: $0.85 [WAIT]
2026-04-04 13:38:27 | INFO |   LAL: $0.72 [WAIT] | DAL: $0.25 [SELL @ $0.85]
2026-04-04 13:38:27 | INFO |   MIN: $0.51 [SELL @ $0.85] | CHA: $0.48 [SELL @ $0.85]
2026-04-04 13:38:27 | INFO |   ORL: $0.61 [WAIT] | NOP: $0.37 [SELL @ $0.85]
2026-04-04 13:38:27 | INFO |   UTA: $0.05 [SELL @ $0.85] | OKC: $0.95 [WAIT]
2026-04-04 13:38:27 | INFO | ------------------------------------------------------------
2026-04-04 13:39:27 | INFO | Fetched 100 markets for KXNBAGAME
2026-04-04 13:39:27 | INFO | Fetched 100 markets for KXNBAGAME
2026-04-04 13:39:27 | INFO | Checking 18 pending positions for finalized markets...
2026-04-04 13:39:27 | INFO | ------------------------------------------------------------
2026-04-04 13:39:27 | INFO | NBA GAME MARKETS STATUS:
2026-04-04 13:39:27 | INFO |   NYK: $0.15 [BUY ZONE] | ATL: $0.15 [BUY ZONE]
2026-04-04 13:39:27 | INFO |   ORL: $0.13 [BUY ZONE] | DET: $0.16 [BUY ZONE]
2026-04-04 13:39:27 | INFO |   HOU: $0.58 [SELL @ $0.85] | GSW: $0.39 [SELL @ $0.85]
2026-04-04 13:39:27 | INFO |   SAC: $0.13 [SELL @ $0.85] | LAC: $0.85 [WAIT]
2026-04-04 13:39:27 | INFO |   LAL: $0.72 [WAIT] | DAL: $0.25 [SELL @ $0.85]
2026-04-04 13:39:27 | INFO |   MIN: $0.51 [SELL @ $0.85] | CHA: $0.48 [SELL @ $0.85]
2026-04-04 13:39:27 | INFO |   ORL: $0.61 [WAIT] | NOP: $0.37 [SELL @ $0.85]
2026-04-04 13:39:27 | INFO |   UTA: $0.05 [SELL @ $0.85] | OKC: $0.95 [WAIT]
2026-04-04 13:39:27 | INFO | ------------------------------------------------------------
2026-04-04 13:40:27 | INFO | Fetched 100 markets for KXNBAGAME
2026-04-04 13:40:27 | INFO | Fetched 100 markets for KXNBAGAME
2026-04-04 13:40:27 | INFO | Checking 18 pending positions for finalized markets...
2026-04-04 13:40:28 | INFO | ------------------------------------------------------------
2026-04-04 13:40:28 | INFO | NBA GAME MARKETS STATUS:
2026-04-04 13:40:28 | INFO |   NYK: $0.14 [BUY ZONE] | ATL: $0.15 [BUY ZONE]
2026-04-04 13:40:28 | INFO |   ORL: $0.13 [BUY ZONE] | DET: $0.15 [BUY ZONE]
2026-04-04 13:40:28 | INFO |   HOU: $0.58 [SELL @ $0.85] | GSW: $0.39 [SELL @ $0.85]
2026-04-04 13:40:28 | INFO |   SAC: $0.13 [SELL @ $0.85] | LAC: $0.85 [WAIT]
2026-04-04 13:40:28 | INFO |   LAL: $0.72 [WAIT] | DAL: $0.25 [SELL @ $0.85]
2026-04-04 13:40:28 | INFO |   MIN: $0.51 [SELL @ $0.85] | CHA: $0.48 [SELL @ $0.85]
2026-04-04 13:40:28 | INFO |   ORL: $0.61 [WAIT] | NOP: $0.37 [SELL @ $0.85]
2026-04-04 13:40:28 | INFO |   UTA: $0.05 [SELL @ $0.85] | OKC: $0.95 [WAIT]
2026-04-04 13:40:28 | INFO | ------------------------------------------------------------
2026-04-04 13:41:28 | INFO | Fetched 100 markets for KXNBAGAME
2026-04-04 13:41:28 | INFO | Fetched 100 markets for KXNBAGAME
2026-04-04 13:41:28 | INFO | Checking 18 pending positions for finalized markets...
2026-04-04 13:41:28 | INFO | ------------------------------------------------------------
2026-04-04 13:41:28 | INFO | NBA GAME MARKETS STATUS:
2026-04-04 13:41:28 | INFO |   NYK: $0.14 [BUY ZONE] | ATL: $0.15 [BUY ZONE]
2026-04-04 13:41:28 | INFO |   ORL: $0.13 [BUY ZONE] | DET: $0.16 [BUY ZONE]
2026-04-04 13:41:28 | INFO |   HOU: $0.58 [SELL @ $0.85] | GSW: $0.39 [SELL @ $0.85]
2026-04-04 13:41:28 | INFO |   SAC: $0.13 [SELL @ $0.85] | LAC: $0.85 [WAIT]
2026-04-04 13:41:28 | INFO |   LAL: $0.72 [WAIT] | DAL: $0.25 [SELL @ $0.85]
2026-04-04 13:41:28 | INFO |   MIN: $0.51 [SELL @ $0.85] | CHA: $0.48 [SELL @ $0.85]
2026-04-04 13:41:28 | INFO |   ORL: $0.60 [WAIT] | NOP: $0.37 [SELL @ $0.85]
2026-04-04 13:41:28 | INFO |   UTA: $0.05 [SELL @ $0.85] | OKC: $0.95 [WAIT]
2026-04-04 13:41:28 | INFO | ------------------------------------------------------------
2026-04-04 13:41:28 | INFO | ==================================================
2026-04-04 13:41:28 | INFO | SIMPLE FLIP BOT STATS
2026-04-04 13:41:28 | INFO | Runtime: 81.2 minutes
2026-04-04 13:41:28 | INFO | Balance: $88.18
2026-04-04 13:41:28 | INFO | Total positions: 18
2026-04-04 13:41:28 | INFO | Position states: {'pending_sell': 18}
2026-04-04 13:41:28 | INFO | Total trades: 18 (18 buys, 0 sells)
2026-04-04 13:41:28 | INFO | Session PnL: $0.00
2026-04-04 13:41:28 | INFO | ==================================================
2026-04-04 13:42:28 | INFO | Fetched 100 markets for KXNBAGAME
2026-04-04 13:42:28 | INFO | Fetched 100 markets for KXNBAGAME
2026-04-04 13:42:28 | INFO | Checking 18 pending positions for finalized markets...
2026-04-04 13:42:29 | INFO | ------------------------------------------------------------
2026-04-04 13:42:29 | INFO | NBA GAME MARKETS STATUS:
2026-04-04 13:42:29 | INFO |   NYK: $0.16 [BUY ZONE] | ATL: $0.16 [BUY ZONE]
2026-04-04 13:42:29 | INFO |   ORL: $0.14 [BUY ZONE] | DET: $0.17 [BUY ZONE]
2026-04-04 13:42:29 | INFO |   HOU: $0.58 [SELL @ $0.85] | GSW: $0.39 [SELL @ $0.85]
2026-04-04 13:42:29 | INFO |   SAC: $0.13 [SELL @ $0.85] | LAC: $0.85 [WAIT]
2026-04-04 13:42:29 | INFO |   LAL: $0.72 [WAIT] | DAL: $0.25 [SELL @ $0.85]
2026-04-04 13:42:29 | INFO |   MIN: $0.51 [SELL @ $0.85] | CHA: $0.48 [SELL @ $0.85]
2026-04-04 13:42:29 | INFO |   ORL: $0.60 [WAIT] | NOP: $0.37 [SELL @ $0.85]
2026-04-04 13:42:29 | INFO |   UTA: $0.05 [SELL @ $0.85] | OKC: $0.95 [WAIT]
2026-04-04 13:42:29 | INFO | ------------------------------------------------------------
2026-04-04 13:43:29 | INFO | Fetched 100 markets for KXNBAGAME
2026-04-04 13:43:29 | INFO | Fetched 100 markets for KXNBAGAME
2026-04-04 13:43:29 | INFO | Checking 18 pending positions for finalized markets...
2026-04-04 13:43:29 | INFO | ------------------------------------------------------------
2026-04-04 13:43:29 | INFO | NBA GAME MARKETS STATUS:
2026-04-04 13:43:29 | INFO |   NYK: $0.20 [BUY ZONE] | ATL: $0.17 [BUY ZONE]
2026-04-04 13:43:29 | INFO |   ORL: $0.15 [BUY ZONE] | DET: $0.21 [BUY ZONE]
2026-04-04 13:43:29 | INFO |   HOU: $0.58 [SELL @ $0.85] | GSW: $0.39 [SELL @ $0.85]
2026-04-04 13:43:29 | INFO |   SAC: $0.13 [SELL @ $0.85] | LAC: $0.85 [WAIT]
2026-04-04 13:43:29 | INFO |   LAL: $0.72 [WAIT] | DAL: $0.25 [SELL @ $0.85]
2026-04-04 13:43:29 | INFO |   MIN: $0.51 [SELL @ $0.85] | CHA: $0.48 [SELL @ $0.85]
2026-04-04 13:43:29 | INFO |   ORL: $0.60 [WAIT] | NOP: $0.37 [SELL @ $0.85]
2026-04-04 13:43:29 | INFO |   UTA: $0.05 [SELL @ $0.85] | OKC: $0.95 [WAIT]
2026-04-04 13:43:29 | INFO | ------------------------------------------------------------
2026-04-04 13:44:29 | INFO | Fetched 100 markets for KXNBAGAME
2026-04-04 13:44:29 | INFO | Fetched 100 markets for KXNBAGAME
2026-04-04 13:44:29 | INFO | Checking 18 pending positions for finalized markets...
2026-04-04 13:44:30 | INFO | ------------------------------------------------------------
2026-04-04 13:44:30 | INFO | NBA GAME MARKETS STATUS:
2026-04-04 13:44:30 | INFO |   NYK: $0.33 [BUY ZONE] | ATL: $0.33 [BUY ZONE]
2026-04-04 13:44:30 | INFO |   ORL: $0.18 [BUY ZONE] | DET: $0.34 [BUY ZONE]
2026-04-04 13:44:30 | INFO |   HOU: $0.58 [SELL @ $0.85] | GSW: $0.39 [SELL @ $0.85]
2026-04-04 13:44:30 | INFO |   SAC: $0.13 [SELL @ $0.85] | LAC: $0.85 [WAIT]
2026-04-04 13:44:30 | INFO |   LAL: $0.72 [WAIT] | DAL: $0.25 [SELL @ $0.85]
2026-04-04 13:44:30 | INFO |   MIN: $0.51 [SELL @ $0.85] | CHA: $0.48 [SELL @ $0.85]
2026-04-04 13:44:30 | INFO |   ORL: $0.60 [WAIT] | NOP: $0.37 [SELL @ $0.85]
2026-04-04 13:44:30 | INFO |   UTA: $0.05 [SELL @ $0.85] | OKC: $0.95 [WAIT]
2026-04-04 13:44:30 | INFO | ------------------------------------------------------------
2026-04-04 13:45:30 | INFO | Fetched 100 markets for KXNBAGAME
2026-04-04 13:45:30 | INFO | Fetched 100 markets for KXNBAGAME
2026-04-04 13:45:30 | INFO | Checking 18 pending positions for finalized markets...
2026-04-04 13:45:30 | INFO | ------------------------------------------------------------
2026-04-04 13:45:30 | INFO | NBA GAME MARKETS STATUS:
2026-04-04 13:45:30 | INFO |   NYK: $0.34 [BUY ZONE] | ATL: $0.34 [BUY ZONE]
2026-04-04 13:45:30 | INFO |   ORL: $0.21 [BUY ZONE] | DET: $0.42 [BUY ZONE]
2026-04-04 13:45:30 | INFO |   HOU: $0.58 [SELL @ $0.85] | GSW: $0.39 [SELL @ $0.85]
2026-04-04 13:45:30 | INFO |   SAC: $0.13 [SELL @ $0.85] | LAC: $0.85 [WAIT]
2026-04-04 13:45:30 | INFO |   LAL: $0.72 [WAIT] | DAL: $0.25 [SELL @ $0.85]
2026-04-04 13:45:30 | INFO |   MIN: $0.51 [SELL @ $0.85] | CHA: $0.48 [SELL @ $0.85]
2026-04-04 13:45:30 | INFO |   ORL: $0.60 [WAIT] | NOP: $0.37 [SELL @ $0.85]
2026-04-04 13:45:30 | INFO |   UTA: $0.05 [SELL @ $0.85] | OKC: $0.95 [WAIT]
2026-04-04 13:45:30 | INFO | ------------------------------------------------------------
2026-04-04 13:46:30 | INFO | Fetched 100 markets for KXNBAGAME
2026-04-04 13:46:30 | INFO | Fetched 100 markets for KXNBAGAME
2026-04-04 13:46:30 | INFO | Checking 18 pending positions for finalized markets...
2026-04-04 13:46:31 | INFO | ------------------------------------------------------------
2026-04-04 13:46:31 | INFO | NBA GAME MARKETS STATUS:
2026-04-04 13:46:31 | INFO |   NYK: $0.30 [BUY ZONE] | ATL: $0.30 [BUY ZONE]
2026-04-04 13:46:31 | INFO |   ORL: $0.20 [BUY ZONE] | DET: $0.40 [BUY ZONE]
2026-04-04 13:46:31 | INFO |   HOU: $0.57 [SELL @ $0.85] | GSW: $0.39 [SELL @ $0.85]
2026-04-04 13:46:31 | INFO |   SAC: $0.13 [SELL @ $0.85] | LAC: $0.85 [WAIT]
2026-04-04 13:46:31 | INFO |   LAL: $0.72 [WAIT] | DAL: $0.25 [SELL @ $0.85]
2026-04-04 13:46:31 | INFO |   MIN: $0.51 [SELL @ $0.85] | CHA: $0.48 [SELL @ $0.85]
2026-04-04 13:46:31 | INFO |   ORL: $0.60 [WAIT] | NOP: $0.37 [SELL @ $0.85]
2026-04-04 13:46:31 | INFO |   UTA: $0.05 [SELL @ $0.85] | OKC: $0.95 [WAIT]
2026-04-04 13:46:31 | INFO | ------------------------------------------------------------
2026-04-04 13:46:31 | INFO | ==================================================
2026-04-04 13:46:31 | INFO | SIMPLE FLIP BOT STATS
2026-04-04 13:46:31 | INFO | Runtime: 86.2 minutes
2026-04-04 13:46:31 | INFO | Balance: $88.18
2026-04-04 13:46:31 | INFO | Total positions: 18
2026-04-04 13:46:31 | INFO | Position states: {'pending_sell': 18}
2026-04-04 13:46:31 | INFO | Total trades: 18 (18 buys, 0 sells)
2026-04-04 13:46:31 | INFO | Session PnL: $0.00
2026-04-04 13:46:31 | INFO | ==================================================
2026-04-04 13:47:31 | INFO | Fetched 100 markets for KXNBAGAME
2026-04-04 13:47:31 | INFO | Fetched 100 markets for KXNBAGAME
2026-04-04 13:47:31 | INFO | Checking 18 pending positions for finalized markets...
2026-04-04 13:47:31 | INFO | ------------------------------------------------------------
2026-04-04 13:47:31 | INFO | NBA GAME MARKETS STATUS:
2026-04-04 13:47:31 | INFO |   NYK: $0.30 [BUY ZONE] | ATL: $0.30 [BUY ZONE]
2026-04-04 13:47:31 | INFO |   ORL: $0.20 [BUY ZONE] | DET: $0.40 [BUY ZONE]
2026-04-04 13:47:31 | INFO |   HOU: $0.57 [SELL @ $0.85] | GSW: $0.39 [SELL @ $0.85]
2026-04-04 13:47:31 | INFO |   SAC: $0.13 [SELL @ $0.85] | LAC: $0.85 [WAIT]
2026-04-04 13:47:31 | INFO |   LAL: $0.72 [WAIT] | DAL: $0.25 [SELL @ $0.85]
2026-04-04 13:47:31 | INFO |   MIN: $0.51 [SELL @ $0.85] | CHA: $0.48 [SELL @ $0.85]
2026-04-04 13:47:31 | INFO |   ORL: $0.60 [WAIT] | NOP: $0.37 [SELL @ $0.85]
2026-04-04 13:47:31 | INFO |   UTA: $0.05 [SELL @ $0.85] | OKC: $0.95 [WAIT]
2026-04-04 13:47:31 | INFO | ------------------------------------------------------------
2026-04-04 13:48:31 | INFO | Fetched 100 markets for KXNBAGAME
2026-04-04 13:48:31 | INFO | Fetched 100 markets for KXNBAGAME
2026-04-04 13:48:31 | INFO | Checking 18 pending positions for finalized markets...
2026-04-04 13:48:32 | INFO | ------------------------------------------------------------
2026-04-04 13:48:32 | INFO | NBA GAME MARKETS STATUS:
2026-04-04 13:48:32 | INFO |   NYK: $0.30 [BUY ZONE] | ATL: $0.30 [BUY ZONE]
2026-04-04 13:48:32 | INFO |   ORL: $0.20 [BUY ZONE] | DET: $0.40 [BUY ZONE]
2026-04-04 13:48:32 | INFO |   HOU: $0.57 [SELL @ $0.85] | GSW: $0.39 [SELL @ $0.85]
2026-04-04 13:48:32 | INFO |   SAC: $0.13 [SELL @ $0.85] | LAC: $0.85 [WAIT]
2026-04-04 13:48:32 | INFO |   LAL: $0.72 [WAIT] | DAL: $0.25 [SELL @ $0.85]
2026-04-04 13:48:32 | INFO |   MIN: $0.51 [SELL @ $0.85] | CHA: $0.48 [SELL @ $0.85]
2026-04-04 13:48:32 | INFO |   ORL: $0.60 [WAIT] | NOP: $0.37 [SELL @ $0.85]
2026-04-04 13:48:32 | INFO |   UTA: $0.05 [SELL @ $0.85] | OKC: $0.95 [WAIT]
2026-04-04 13:48:32 | INFO | ------------------------------------------------------------
2026-04-04 13:49:32 | INFO | Fetched 100 markets for KXNBAGAME
2026-04-04 13:49:32 | INFO | Fetched 100 markets for KXNBAGAME
2026-04-04 13:49:32 | INFO | Checking 18 pending positions for finalized markets...
2026-04-04 13:49:32 | INFO | ------------------------------------------------------------
2026-04-04 13:49:32 | INFO | NBA GAME MARKETS STATUS:
2026-04-04 13:49:32 | INFO |   NYK: $0.31 [BUY ZONE] | ATL: $0.31 [BUY ZONE]
2026-04-04 13:49:32 | INFO |   ORL: $0.21 [BUY ZONE] | DET: $0.41 [BUY ZONE]
2026-04-04 13:49:32 | INFO |   HOU: $0.57 [SELL @ $0.85] | GSW: $0.40 [SELL @ $0.85]
2026-04-04 13:49:32 | INFO |   SAC: $0.13 [SELL @ $0.85] | LAC: $0.85 [WAIT]
2026-04-04 13:49:32 | INFO |   LAL: $0.72 [WAIT] | DAL: $0.25 [SELL @ $0.85]
2026-04-04 13:49:32 | INFO |   MIN: $0.51 [SELL @ $0.85] | CHA: $0.48 [SELL @ $0.85]
2026-04-04 13:49:32 | INFO |   ORL: $0.60 [WAIT] | NOP: $0.37 [SELL @ $0.85]
2026-04-04 13:49:32 | INFO |   UTA: $0.05 [SELL @ $0.85] | OKC: $0.95 [WAIT]
2026-04-04 13:49:32 | INFO | ------------------------------------------------------------
2026-04-04 13:50:32 | INFO | Fetched 100 markets for KXNBAGAME
2026-04-04 13:50:32 | INFO | Fetched 100 markets for KXNBAGAME
2026-04-04 13:50:32 | INFO | Checking 18 pending positions for finalized markets...
2026-04-04 13:50:33 | INFO | ------------------------------------------------------------
2026-04-04 13:50:33 | INFO | NBA GAME MARKETS STATUS:
2026-04-04 13:50:33 | INFO |   NYK: $0.32 [BUY ZONE] | ATL: $0.32 [BUY ZONE]
2026-04-04 13:50:33 | INFO |   ORL: $0.22 [BUY ZONE] | DET: $0.42 [BUY ZONE]
2026-04-04 13:50:33 | INFO |   HOU: $0.57 [SELL @ $0.85] | GSW: $0.40 [SELL @ $0.85]
2026-04-04 13:50:33 | INFO |   SAC: $0.13 [SELL @ $0.85] | LAC: $0.85 [WAIT]
2026-04-04 13:50:33 | INFO |   LAL: $0.72 [WAIT] | DAL: $0.25 [SELL @ $0.85]
2026-04-04 13:50:33 | INFO |   MIN: $0.51 [SELL @ $0.85] | CHA: $0.48 [SELL @ $0.85]
2026-04-04 13:50:33 | INFO |   ORL: $0.60 [WAIT] | NOP: $0.37 [SELL @ $0.85]
2026-04-04 13:50:33 | INFO |   UTA: $0.05 [SELL @ $0.85] | OKC: $0.95 [WAIT]
2026-04-04 13:50:33 | INFO | ------------------------------------------------------------
2026-04-04 13:51:33 | INFO | Fetched 100 markets for KXNBAGAME
2026-04-04 13:51:33 | INFO | Fetched 100 markets for KXNBAGAME
2026-04-04 13:51:33 | INFO | Checking 18 pending positions for finalized markets...
2026-04-04 13:51:33 | INFO | ------------------------------------------------------------
2026-04-04 13:51:33 | INFO | NBA GAME MARKETS STATUS:
2026-04-04 13:51:33 | INFO |   NYK: $0.35 [BUY ZONE] | ATL: $0.35 [BUY ZONE]
2026-04-04 13:51:33 | INFO |   ORL: $0.25 [BUY ZONE] | DET: $0.45 [BUY ZONE]
2026-04-04 13:51:33 | INFO |   HOU: $0.57 [SELL @ $0.85] | GSW: $0.40 [SELL @ $0.85]
2026-04-04 13:51:33 | INFO |   SAC: $0.13 [SELL @ $0.85] | LAC: $0.85 [WAIT]
2026-04-04 13:51:33 | INFO |   LAL: $0.72 [WAIT] | DAL: $0.25 [SELL @ $0.85]
2026-04-04 13:51:33 | INFO |   MIN: $0.51 [SELL @ $0.85] | CHA: $0.48 [SELL @ $0.85]
2026-04-04 13:51:33 | INFO |   ORL: $0.60 [WAIT] | NOP: $0.37 [SELL @ $0.85]
2026-04-04 13:51:33 | INFO |   UTA: $0.05 [SELL @ $0.85] | OKC: $0.95 [WAIT]
2026-04-04 13:51:33 | INFO | ------------------------------------------------------------
2026-04-04 13:51:33 | INFO | ==================================================
2026-04-04 13:51:33 | INFO | SIMPLE FLIP BOT STATS
2026-04-04 13:51:33 | INFO | Runtime: 91.3 minutes
2026-04-04 13:51:33 | INFO | Balance: $88.18
2026-04-04 13:51:33 | INFO | Total positions: 18
2026-04-04 13:51:33 | INFO | Position states: {'pending_sell': 18}
2026-04-04 13:51:33 | INFO | Total trades: 18 (18 buys, 0 sells)
2026-04-04 13:51:33 | INFO | Session PnL: $0.00
2026-04-04 13:51:33 | INFO | ==================================================
2026-04-04 13:52:33 | INFO | Fetched 100 markets for KXNBAGAME
2026-04-04 13:52:33 | INFO | Fetched 100 markets for KXNBAGAME
2026-04-04 13:52:33 | INFO | Checking 18 pending positions for finalized markets...
2026-04-04 13:52:34 | INFO | ------------------------------------------------------------
2026-04-04 13:52:34 | INFO | NBA GAME MARKETS STATUS:
2026-04-04 13:52:34 | INFO |   NYK: $0.39 [BUY ZONE] | ATL: $0.40 [BUY ZONE]
2026-04-04 13:52:34 | INFO |   ORL: $0.29 [BUY ZONE] | DET: $0.49 [BUY ZONE]
2026-04-04 13:52:34 | INFO |   HOU: $0.57 [SELL @ $0.85] | GSW: $0.40 [SELL @ $0.85]
2026-04-04 13:52:34 | INFO |   SAC: $0.13 [SELL @ $0.85] | LAC: $0.85 [WAIT]
2026-04-04 13:52:34 | INFO |   LAL: $0.72 [WAIT] | DAL: $0.25 [SELL @ $0.85]
2026-04-04 13:52:34 | INFO |   MIN: $0.51 [SELL @ $0.85] | CHA: $0.48 [SELL @ $0.85]
2026-04-04 13:52:34 | INFO |   ORL: $0.60 [WAIT] | NOP: $0.37 [SELL @ $0.85]
2026-04-04 13:52:34 | INFO |   UTA: $0.05 [SELL @ $0.85] | OKC: $0.95 [WAIT]
2026-04-04 13:52:34 | INFO | ------------------------------------------------------------
2026-04-04 13:53:34 | INFO | Fetched 100 markets for KXNBAGAME
2026-04-04 13:53:34 | INFO | Fetched 100 markets for KXNBAGAME
2026-04-04 13:53:34 | INFO | Checking 18 pending positions for finalized markets...
2026-04-04 13:53:34 | INFO | ------------------------------------------------------------
2026-04-04 13:53:34 | INFO | NBA GAME MARKETS STATUS:
2026-04-04 13:53:34 | INFO |   NYK: $0.42 [BUY ZONE] | ATL: $0.43 [BUY ZONE]
2026-04-04 13:53:34 | INFO |   ORL: $0.32 [BUY ZONE] | DET: $0.52 [BUY ZONE]
2026-04-04 13:53:34 | INFO |   HOU: $0.57 [SELL @ $0.85] | GSW: $0.40 [SELL @ $0.85]
2026-04-04 13:53:34 | INFO |   SAC: $0.13 [SELL @ $0.85] | LAC: $0.85 [WAIT]
2026-04-04 13:53:34 | INFO |   LAL: $0.72 [WAIT] | DAL: $0.25 [SELL @ $0.85]
2026-04-04 13:53:34 | INFO |   MIN: $0.51 [SELL @ $0.85] | CHA: $0.48 [SELL @ $0.85]
2026-04-04 13:53:34 | INFO |   ORL: $0.60 [WAIT] | NOP: $0.37 [SELL @ $0.85]
2026-04-04 13:53:34 | INFO |   UTA: $0.05 [SELL @ $0.85] | OKC: $0.95 [WAIT]
2026-04-04 13:53:34 | INFO | ------------------------------------------------------------
2026-04-04 13:54:35 | INFO | Fetched 100 markets for KXNBAGAME
2026-04-04 13:54:35 | INFO | Fetched 100 markets for KXNBAGAME
2026-04-04 13:54:35 | INFO | Checking 18 pending positions for finalized markets...
2026-04-04 13:54:35 | INFO | ------------------------------------------------------------
2026-04-04 13:54:35 | INFO | NBA GAME MARKETS STATUS:
2026-04-04 13:54:35 | INFO |   NYK: $0.43 [BUY ZONE] | ATL: $0.45 [BUY ZONE]
2026-04-04 13:54:35 | INFO |   ORL: $0.33 [BUY ZONE] | DET: $0.52 [BUY ZONE]
2026-04-04 13:54:35 | INFO |   HOU: $0.57 [SELL @ $0.85] | GSW: $0.40 [SELL @ $0.85]
2026-04-04 13:54:35 | INFO |   SAC: $0.13 [SELL @ $0.85] | LAC: $0.85 [WAIT]
2026-04-04 13:54:35 | INFO |   LAL: $0.72 [WAIT] | DAL: $0.25 [SELL @ $0.85]
2026-04-04 13:54:35 | INFO |   MIN: $0.51 [SELL @ $0.85] | CHA: $0.48 [SELL @ $0.85]
2026-04-04 13:54:35 | INFO |   ORL: $0.60 [WAIT] | NOP: $0.37 [SELL @ $0.85]
2026-04-04 13:54:35 | INFO |   UTA: $0.05 [SELL @ $0.85] | OKC: $0.95 [WAIT]
2026-04-04 13:54:35 | INFO | ------------------------------------------------------------
2026-04-04 13:55:35 | INFO | Fetched 100 markets for KXNBAGAME
2026-04-04 13:55:35 | INFO | Fetched 100 markets for KXNBAGAME
2026-04-04 13:55:35 | INFO | Checking 18 pending positions for finalized markets...
2026-04-04 13:55:36 | INFO | ------------------------------------------------------------
2026-04-04 13:55:36 | INFO | NBA GAME MARKETS STATUS:
2026-04-04 13:55:36 | INFO |   NYK: $0.45 [BUY ZONE] | ATL: $0.45 [BUY ZONE]
2026-04-04 13:55:36 | INFO |   ORL: $0.33 [BUY ZONE] | DET: $0.56 [BUY ZONE]
2026-04-04 13:55:36 | INFO |   HOU: $0.57 [SELL @ $0.85] | GSW: $0.40 [SELL @ $0.85]
2026-04-04 13:55:36 | INFO |   SAC: $0.13 [SELL @ $0.85] | LAC: $0.85 [WAIT]
2026-04-04 13:55:36 | INFO |   LAL: $0.72 [WAIT] | DAL: $0.25 [SELL @ $0.85]
2026-04-04 13:55:36 | INFO |   MIN: $0.51 [SELL @ $0.85] | CHA: $0.48 [SELL @ $0.85]
2026-04-04 13:55:36 | INFO |   ORL: $0.60 [WAIT] | NOP: $0.37 [SELL @ $0.85]
2026-04-04 13:55:36 | INFO |   UTA: $0.05 [SELL @ $0.85] | OKC: $0.95 [WAIT]
2026-04-04 13:55:36 | INFO | ------------------------------------------------------------
2026-04-04 13:56:36 | INFO | Fetched 100 markets for KXNBAGAME
2026-04-04 13:56:36 | INFO | Fetched 100 markets for KXNBAGAME
2026-04-04 13:56:36 | INFO | Checking 18 pending positions for finalized markets...
2026-04-04 13:56:36 | INFO | ------------------------------------------------------------
2026-04-04 13:56:36 | INFO | NBA GAME MARKETS STATUS:
2026-04-04 13:56:36 | INFO |   NYK: $0.45 [BUY ZONE] | ATL: $0.47 [BUY ZONE]
2026-04-04 13:56:36 | INFO |   ORL: $0.33 [BUY ZONE] | DET: $0.58 [BUY ZONE]
2026-04-04 13:56:36 | INFO |   HOU: $0.57 [SELL @ $0.85] | GSW: $0.40 [SELL @ $0.85]
2026-04-04 13:56:36 | INFO |   SAC: $0.13 [SELL @ $0.85] | LAC: $0.85 [WAIT]
2026-04-04 13:56:36 | INFO |   LAL: $0.72 [WAIT] | DAL: $0.25 [SELL @ $0.85]
2026-04-04 13:56:36 | INFO |   MIN: $0.51 [SELL @ $0.85] | CHA: $0.48 [SELL @ $0.85]
2026-04-04 13:56:36 | INFO |   ORL: $0.60 [WAIT] | NOP: $0.37 [SELL @ $0.85]
2026-04-04 13:56:36 | INFO |   UTA: $0.05 [SELL @ $0.85] | OKC: $0.95 [WAIT]
2026-04-04 13:56:36 | INFO | ------------------------------------------------------------
2026-04-04 13:56:36 | INFO | ==================================================
2026-04-04 13:56:36 | INFO | SIMPLE FLIP BOT STATS
2026-04-04 13:56:36 | INFO | Runtime: 96.3 minutes
2026-04-04 13:56:36 | INFO | Balance: $88.18
2026-04-04 13:56:36 | INFO | Total positions: 18
2026-04-04 13:56:36 | INFO | Position states: {'pending_sell': 18}
2026-04-04 13:56:36 | INFO | Total trades: 18 (18 buys, 0 sells)
2026-04-04 13:56:36 | INFO | Session PnL: $0.00
2026-04-04 13:56:36 | INFO | ==================================================
2026-04-04 13:57:36 | INFO | Fetched 100 markets for KXNBAGAME
2026-04-04 13:57:36 | INFO | Fetched 100 markets for KXNBAGAME
2026-04-04 13:57:36 | INFO | Checking 18 pending positions for finalized markets...
2026-04-04 13:57:37 | INFO | ------------------------------------------------------------
2026-04-04 13:57:37 | INFO | NBA GAME MARKETS STATUS:
2026-04-04 13:57:37 | INFO |   NYK: $0.45 [BUY ZONE] | ATL: $0.47 [BUY ZONE]
2026-04-04 13:57:37 | INFO |   ORL: $0.33 [BUY ZONE] | DET: $0.58 [BUY ZONE]
2026-04-04 13:57:37 | INFO |   HOU: $0.57 [SELL @ $0.85] | GSW: $0.40 [SELL @ $0.85]
2026-04-04 13:57:37 | INFO |   SAC: $0.13 [SELL @ $0.85] | LAC: $0.85 [WAIT]
2026-04-04 13:57:37 | INFO |   LAL: $0.72 [WAIT] | DAL: $0.25 [SELL @ $0.85]
2026-04-04 13:57:37 | INFO |   MIN: $0.51 [SELL @ $0.85] | CHA: $0.48 [SELL @ $0.85]
2026-04-04 13:57:37 | INFO |   ORL: $0.60 [WAIT] | NOP: $0.37 [SELL @ $0.85]
2026-04-04 13:57:37 | INFO |   UTA: $0.05 [SELL @ $0.85] | OKC: $0.95 [WAIT]
2026-04-04 13:57:37 | INFO | ------------------------------------------------------------
2026-04-04 13:58:37 | INFO | Fetched 100 markets for KXNBAGAME
2026-04-04 13:58:37 | INFO | Fetched 100 markets for KXNBAGAME
2026-04-04 13:58:37 | INFO | Checking 18 pending positions for finalized markets...
2026-04-04 13:58:37 | INFO | ------------------------------------------------------------
2026-04-04 13:58:37 | INFO | NBA GAME MARKETS STATUS:
2026-04-04 13:58:37 | INFO |   NYK: $0.45 [BUY ZONE] | ATL: $0.47 [BUY ZONE]
2026-04-04 13:58:37 | INFO |   ORL: $0.33 [BUY ZONE] | DET: $0.58 [BUY ZONE]
2026-04-04 13:58:37 | INFO |   HOU: $0.57 [SELL @ $0.85] | GSW: $0.40 [SELL @ $0.85]
2026-04-04 13:58:37 | INFO |   SAC: $0.13 [SELL @ $0.85] | LAC: $0.85 [WAIT]
2026-04-04 13:58:37 | INFO |   LAL: $0.72 [WAIT] | DAL: $0.25 [SELL @ $0.85]
2026-04-04 13:58:37 | INFO |   MIN: $0.51 [SELL @ $0.85] | CHA: $0.48 [SELL @ $0.85]
2026-04-04 13:58:37 | INFO |   ORL: $0.60 [WAIT] | NOP: $0.37 [SELL @ $0.85]
2026-04-04 13:58:37 | INFO |   UTA: $0.05 [SELL @ $0.85] | OKC: $0.95 [WAIT]
2026-04-04 13:58:37 | INFO | ------------------------------------------------------------
2026-04-04 13:59:37 | INFO | Fetched 100 markets for KXNBAGAME
2026-04-04 13:59:37 | INFO | Fetched 100 markets for KXNBAGAME
2026-04-04 13:59:37 | INFO | Checking 18 pending positions for finalized markets...
2026-04-04 13:59:38 | INFO | ------------------------------------------------------------
2026-04-04 13:59:38 | INFO | NBA GAME MARKETS STATUS:
2026-04-04 13:59:38 | INFO |   NYK: $0.45 [BUY ZONE] | ATL: $0.47 [BUY ZONE]
2026-04-04 13:59:38 | INFO |   ORL: $0.33 [BUY ZONE] | DET: $0.58 [BUY ZONE]
2026-04-04 13:59:38 | INFO |   HOU: $0.57 [SELL @ $0.85] | GSW: $0.40 [SELL @ $0.85]
2026-04-04 13:59:38 | INFO |   SAC: $0.13 [SELL @ $0.85] | LAC: $0.85 [WAIT]
2026-04-04 13:59:38 | INFO |   LAL: $0.72 [WAIT] | DAL: $0.25 [SELL @ $0.85]
2026-04-04 13:59:38 | INFO |   MIN: $0.51 [SELL @ $0.85] | CHA: $0.48 [SELL @ $0.85]
2026-04-04 13:59:38 | INFO |   ORL: $0.60 [WAIT] | NOP: $0.37 [SELL @ $0.85]
2026-04-04 13:59:38 | INFO |   UTA: $0.05 [SELL @ $0.85] | OKC: $0.95 [WAIT]
2026-04-04 13:59:38 | INFO | ------------------------------------------------------------
2026-04-04 14:00:38 | INFO | Fetched 100 markets for KXNBAGAME
2026-04-04 14:00:38 | INFO | Fetched 100 markets for KXNBAGAME
2026-04-04 14:00:38 | INFO | Checking 18 pending positions for finalized markets...
2026-04-04 14:00:38 | INFO | ------------------------------------------------------------
2026-04-04 14:00:38 | INFO | NBA GAME MARKETS STATUS:
2026-04-04 14:00:38 | INFO |   NYK: $0.45 [BUY ZONE] | ATL: $0.47 [BUY ZONE]
2026-04-04 14:00:38 | INFO |   ORL: $0.33 [BUY ZONE] | DET: $0.58 [BUY ZONE]
2026-04-04 14:00:38 | INFO |   HOU: $0.57 [SELL @ $0.85] | GSW: $0.40 [SELL @ $0.85]
2026-04-04 14:00:38 | INFO |   SAC: $0.13 [SELL @ $0.85] | LAC: $0.85 [WAIT]
2026-04-04 14:00:38 | INFO |   LAL: $0.72 [WAIT] | DAL: $0.25 [SELL @ $0.85]
2026-04-04 14:00:38 | INFO |   MIN: $0.51 [SELL @ $0.85] | CHA: $0.48 [SELL @ $0.85]
2026-04-04 14:00:38 | INFO |   ORL: $0.60 [WAIT] | NOP: $0.37 [SELL @ $0.85]
2026-04-04 14:00:38 | INFO |   UTA: $0.05 [SELL @ $0.85] | OKC: $0.95 [WAIT]
2026-04-04 14:00:38 | INFO | ------------------------------------------------------------
2026-04-04 14:01:38 | INFO | Fetched 100 markets for KXNBAGAME
2026-04-04 14:01:38 | INFO | Fetched 100 markets for KXNBAGAME
2026-04-04 14:01:38 | INFO | Checking 18 pending positions for finalized markets...
2026-04-04 14:01:39 | INFO | ------------------------------------------------------------
2026-04-04 14:01:39 | INFO | NBA GAME MARKETS STATUS:
2026-04-04 14:01:39 | INFO |   NYK: $0.47 [BUY ZONE] | ATL: $0.47 [BUY ZONE]
2026-04-04 14:01:39 | INFO |   ORL: $0.33 [BUY ZONE] | DET: $0.58 [BUY ZONE]
2026-04-04 14:01:39 | INFO |   HOU: $0.57 [SELL @ $0.85] | GSW: $0.40 [SELL @ $0.85]
2026-04-04 14:01:39 | INFO |   SAC: $0.13 [SELL @ $0.85] | LAC: $0.85 [WAIT]
2026-04-04 14:01:39 | INFO |   LAL: $0.72 [WAIT] | DAL: $0.25 [SELL @ $0.85]
2026-04-04 14:01:39 | INFO |   MIN: $0.51 [SELL @ $0.85] | CHA: $0.48 [SELL @ $0.85]
2026-04-04 14:01:39 | INFO |   ORL: $0.60 [WAIT] | NOP: $0.37 [SELL @ $0.85]
2026-04-04 14:01:39 | INFO |   UTA: $0.05 [SELL @ $0.85] | OKC: $0.95 [WAIT]
2026-04-04 14:01:39 | INFO | ------------------------------------------------------------
2026-04-04 14:01:39 | INFO | ==================================================
2026-04-04 14:01:39 | INFO | SIMPLE FLIP BOT STATS
2026-04-04 14:01:39 | INFO | Runtime: 101.4 minutes
2026-04-04 14:01:39 | INFO | Balance: $88.18
2026-04-04 14:01:39 | INFO | Total positions: 18
2026-04-04 14:01:39 | INFO | Position states: {'pending_sell': 18}
2026-04-04 14:01:39 | INFO | Total trades: 18 (18 buys, 0 sells)
2026-04-04 14:01:39 | INFO | Session PnL: $0.00
2026-04-04 14:01:39 | INFO | ==================================================
2026-04-04 14:02:39 | INFO | Fetched 100 markets for KXNBAGAME
2026-04-04 14:02:39 | INFO | Fetched 100 markets for KXNBAGAME
2026-04-04 14:02:39 | INFO | Checking 18 pending positions for finalized markets...
2026-04-04 14:02:39 | INFO | ------------------------------------------------------------
2026-04-04 14:02:39 | INFO | NBA GAME MARKETS STATUS:
2026-04-04 14:02:39 | INFO |   NYK: $0.47 [BUY ZONE] | ATL: $0.47 [BUY ZONE]
2026-04-04 14:02:39 | INFO |   ORL: $0.33 [BUY ZONE] | DET: $0.58 [BUY ZONE]
2026-04-04 14:02:39 | INFO |   HOU: $0.57 [SELL @ $0.85] | GSW: $0.40 [SELL @ $0.85]
2026-04-04 14:02:39 | INFO |   SAC: $0.13 [SELL @ $0.85] | LAC: $0.85 [WAIT]
2026-04-04 14:02:39 | INFO |   LAL: $0.72 [WAIT] | DAL: $0.25 [SELL @ $0.85]
2026-04-04 14:02:39 | INFO |   MIN: $0.51 [SELL @ $0.85] | CHA: $0.48 [SELL @ $0.85]
2026-04-04 14:02:39 | INFO |   ORL: $0.60 [WAIT] | NOP: $0.37 [SELL @ $0.85]
2026-04-04 14:02:39 | INFO |   UTA: $0.05 [SELL @ $0.85] | OKC: $0.95 [WAIT]
2026-04-04 14:02:39 | INFO | ------------------------------------------------------------
2026-04-04 14:03:39 | INFO | Fetched 100 markets for KXNBAGAME
2026-04-04 14:03:39 | INFO | Fetched 100 markets for KXNBAGAME
2026-04-04 14:03:39 | INFO | Checking 18 pending positions for finalized markets...
2026-04-04 14:03:40 | INFO | ------------------------------------------------------------
2026-04-04 14:03:40 | INFO | NBA GAME MARKETS STATUS:
2026-04-04 14:03:40 | INFO |   NYK: $0.47 [BUY ZONE] | ATL: $0.47 [BUY ZONE]
2026-04-04 14:03:40 | INFO |   ORL: $0.33 [BUY ZONE] | DET: $0.58 [BUY ZONE]
2026-04-04 14:03:40 | INFO |   HOU: $0.57 [SELL @ $0.85] | GSW: $0.40 [SELL @ $0.85]
2026-04-04 14:03:40 | INFO |   SAC: $0.13 [SELL @ $0.85] | LAC: $0.85 [WAIT]
2026-04-04 14:03:40 | INFO |   LAL: $0.72 [WAIT] | DAL: $0.25 [SELL @ $0.85]
2026-04-04 14:03:40 | INFO |   MIN: $0.51 [SELL @ $0.85] | CHA: $0.48 [SELL @ $0.85]
2026-04-04 14:03:40 | INFO |   ORL: $0.60 [WAIT] | NOP: $0.37 [SELL @ $0.85]
2026-04-04 14:03:40 | INFO |   UTA: $0.05 [SELL @ $0.85] | OKC: $0.95 [WAIT]
2026-04-04 14:03:40 | INFO | ------------------------------------------------------------
2026-04-04 14:04:40 | INFO | Fetched 100 markets for KXNBAGAME
2026-04-04 14:04:40 | INFO | Fetched 100 markets for KXNBAGAME
2026-04-04 14:04:40 | INFO | Checking 18 pending positions for finalized markets...
2026-04-04 14:04:40 | INFO | ------------------------------------------------------------
2026-04-04 14:04:40 | INFO | NBA GAME MARKETS STATUS:
2026-04-04 14:04:40 | INFO |   NYK: $0.47 [BUY ZONE] | ATL: $0.47 [BUY ZONE]
2026-04-04 14:04:40 | INFO |   ORL: $0.33 [BUY ZONE] | DET: $0.58 [BUY ZONE]
2026-04-04 14:04:40 | INFO |   HOU: $0.57 [SELL @ $0.85] | GSW: $0.40 [SELL @ $0.85]
2026-04-04 14:04:40 | INFO |   SAC: $0.13 [SELL @ $0.85] | LAC: $0.85 [WAIT]
2026-04-04 14:04:40 | INFO |   LAL: $0.72 [WAIT] | DAL: $0.25 [SELL @ $0.85]
2026-04-04 14:04:40 | INFO |   MIN: $0.51 [SELL @ $0.85] | CHA: $0.48 [SELL @ $0.85]
2026-04-04 14:04:40 | INFO |   ORL: $0.60 [WAIT] | NOP: $0.37 [SELL @ $0.85]
2026-04-04 14:04:40 | INFO |   UTA: $0.05 [SELL @ $0.85] | OKC: $0.95 [WAIT]
2026-04-04 14:04:40 | INFO | ------------------------------------------------------------
2026-04-04 14:05:40 | INFO | Fetched 100 markets for KXNBAGAME
2026-04-04 14:05:40 | INFO | Fetched 100 markets for KXNBAGAME
2026-04-04 14:05:40 | INFO | Checking 18 pending positions for finalized markets...
2026-04-04 14:05:41 | INFO | ------------------------------------------------------------
2026-04-04 14:05:41 | INFO | NBA GAME MARKETS STATUS:
2026-04-04 14:05:41 | INFO |   NYK: $0.47 [BUY ZONE] | ATL: $0.47 [BUY ZONE]
2026-04-04 14:05:41 | INFO |   ORL: $0.33 [BUY ZONE] | DET: $0.58 [BUY ZONE]
2026-04-04 14:05:41 | INFO |   HOU: $0.57 [SELL @ $0.85] | GSW: $0.40 [SELL @ $0.85]
2026-04-04 14:05:41 | INFO |   SAC: $0.13 [SELL @ $0.85] | LAC: $0.85 [WAIT]
2026-04-04 14:05:41 | INFO |   LAL: $0.72 [WAIT] | DAL: $0.25 [SELL @ $0.85]
2026-04-04 14:05:41 | INFO |   MIN: $0.51 [SELL @ $0.85] | CHA: $0.48 [SELL @ $0.85]
2026-04-04 14:05:41 | INFO |   ORL: $0.60 [WAIT] | NOP: $0.37 [SELL @ $0.85]
2026-04-04 14:05:41 | INFO |   UTA: $0.05 [SELL @ $0.85] | OKC: $0.95 [WAIT]
2026-04-04 14:05:41 | INFO | ------------------------------------------------------------
2026-04-04 14:06:41 | INFO | Fetched 100 markets for KXNBAGAME
2026-04-04 14:06:41 | INFO | Fetched 100 markets for KXNBAGAME
2026-04-04 14:06:41 | INFO | Checking 18 pending positions for finalized markets...
2026-04-04 14:06:42 | INFO | ------------------------------------------------------------
2026-04-04 14:06:42 | INFO | NBA GAME MARKETS STATUS:
2026-04-04 14:06:42 | INFO |   NYK: $0.47 [BUY ZONE] | ATL: $0.47 [BUY ZONE]
2026-04-04 14:06:42 | INFO |   ORL: $0.33 [BUY ZONE] | DET: $0.58 [BUY ZONE]
2026-04-04 14:06:42 | INFO |   HOU: $0.57 [SELL @ $0.85] | GSW: $0.40 [SELL @ $0.85]
2026-04-04 14:06:42 | INFO |   SAC: $0.13 [SELL @ $0.85] | LAC: $0.85 [WAIT]
2026-04-04 14:06:42 | INFO |   LAL: $0.72 [WAIT] | DAL: $0.25 [SELL @ $0.85]
2026-04-04 14:06:42 | INFO |   MIN: $0.51 [SELL @ $0.85] | CHA: $0.48 [SELL @ $0.85]
2026-04-04 14:06:42 | INFO |   ORL: $0.60 [WAIT] | NOP: $0.37 [SELL @ $0.85]
2026-04-04 14:06:42 | INFO |   UTA: $0.05 [SELL @ $0.85] | OKC: $0.95 [WAIT]
2026-04-04 14:06:42 | INFO | ------------------------------------------------------------
2026-04-04 14:06:42 | INFO | ==================================================
2026-04-04 14:06:42 | INFO | SIMPLE FLIP BOT STATS
2026-04-04 14:06:42 | INFO | Runtime: 106.4 minutes
2026-04-04 14:06:42 | INFO | Balance: $88.18
2026-04-04 14:06:42 | INFO | Total positions: 18
2026-04-04 14:06:42 | INFO | Position states: {'pending_sell': 18}
2026-04-04 14:06:42 | INFO | Total trades: 18 (18 buys, 0 sells)
2026-04-04 14:06:42 | INFO | Session PnL: $0.00
2026-04-04 14:06:42 | INFO | ==================================================
2026-04-04 14:07:42 | INFO | Fetched 100 markets for KXNBAGAME
2026-04-04 14:07:42 | INFO | Fetched 100 markets for KXNBAGAME
2026-04-04 14:07:42 | INFO | Checking 18 pending positions for finalized markets...
2026-04-04 14:07:42 | INFO | ------------------------------------------------------------
2026-04-04 14:07:42 | INFO | NBA GAME MARKETS STATUS:
2026-04-04 14:07:42 | INFO |   NYK: $0.47 [BUY ZONE] | ATL: $0.47 [BUY ZONE]
2026-04-04 14:07:42 | INFO |   ORL: $0.35 [BUY ZONE] | DET: $0.59 [BUY ZONE]
2026-04-04 14:07:42 | INFO |   HOU: $0.57 [SELL @ $0.85] | GSW: $0.40 [SELL @ $0.85]
2026-04-04 14:07:42 | INFO |   SAC: $0.13 [SELL @ $0.85] | LAC: $0.85 [WAIT]
2026-04-04 14:07:42 | INFO |   LAL: $0.72 [WAIT] | DAL: $0.25 [SELL @ $0.85]
2026-04-04 14:07:42 | INFO |   MIN: $0.51 [SELL @ $0.85] | CHA: $0.48 [SELL @ $0.85]
2026-04-04 14:07:42 | INFO |   ORL: $0.60 [WAIT] | NOP: $0.37 [SELL @ $0.85]
2026-04-04 14:07:42 | INFO |   UTA: $0.05 [SELL @ $0.85] | OKC: $0.95 [WAIT]
2026-04-04 14:07:42 | INFO | ------------------------------------------------------------
2026-04-04 14:08:42 | INFO | Fetched 100 markets for KXNBAGAME
2026-04-04 14:08:42 | INFO | Fetched 100 markets for KXNBAGAME
2026-04-04 14:08:42 | INFO | Checking 18 pending positions for finalized markets...
2026-04-04 14:08:43 | INFO | ------------------------------------------------------------
2026-04-04 14:08:43 | INFO | NBA GAME MARKETS STATUS:
2026-04-04 14:08:43 | INFO |   NYK: $0.47 [BUY ZONE] | ATL: $0.47 [BUY ZONE]
2026-04-04 14:08:43 | INFO |   ORL: $0.35 [BUY ZONE] | DET: $0.59 [BUY ZONE]
2026-04-04 14:08:43 | INFO |   HOU: $0.57 [SELL @ $0.85] | GSW: $0.40 [SELL @ $0.85]
2026-04-04 14:08:43 | INFO |   SAC: $0.13 [SELL @ $0.85] | LAC: $0.85 [WAIT]
2026-04-04 14:08:43 | INFO |   LAL: $0.72 [WAIT] | DAL: $0.25 [SELL @ $0.85]
2026-04-04 14:08:43 | INFO |   MIN: $0.51 [SELL @ $0.85] | CHA: $0.48 [SELL @ $0.85]
2026-04-04 14:08:43 | INFO |   ORL: $0.60 [WAIT] | NOP: $0.37 [SELL @ $0.85]
2026-04-04 14:08:43 | INFO |   UTA: $0.05 [SELL @ $0.85] | OKC: $0.95 [WAIT]
2026-04-04 14:08:43 | INFO | ------------------------------------------------------------
2026-04-04 14:09:43 | INFO | Fetched 100 markets for KXNBAGAME
2026-04-04 14:09:43 | INFO | Fetched 100 markets for KXNBAGAME
2026-04-04 14:09:43 | INFO | Checking 18 pending positions for finalized markets...
2026-04-04 14:09:43 | INFO | ------------------------------------------------------------
2026-04-04 14:09:43 | INFO | NBA GAME MARKETS STATUS:
2026-04-04 14:09:43 | INFO |   NYK: $0.47 [BUY ZONE] | ATL: $0.47 [BUY ZONE]
2026-04-04 14:09:43 | INFO |   ORL: $0.35 [BUY ZONE] | DET: $0.59 [BUY ZONE]
2026-04-04 14:09:43 | INFO |   HOU: $0.58 [SELL @ $0.85] | GSW: $0.39 [SELL @ $0.85]
2026-04-04 14:09:43 | INFO |   SAC: $0.13 [SELL @ $0.85] | LAC: $0.85 [WAIT]
2026-04-04 14:09:43 | INFO |   LAL: $0.72 [WAIT] | DAL: $0.25 [SELL @ $0.85]
2026-04-04 14:09:43 | INFO |   MIN: $0.51 [SELL @ $0.85] | CHA: $0.48 [SELL @ $0.85]
2026-04-04 14:09:43 | INFO |   ORL: $0.60 [WAIT] | NOP: $0.37 [SELL @ $0.85]
2026-04-04 14:09:43 | INFO |   UTA: $0.05 [SELL @ $0.85] | OKC: $0.95 [WAIT]
2026-04-04 14:09:43 | INFO | ------------------------------------------------------------
2026-04-04 14:10:43 | INFO | Fetched 100 markets for KXNBAGAME
2026-04-04 14:10:43 | INFO | Fetched 100 markets for KXNBAGAME
2026-04-04 14:10:43 | INFO | Checking 18 pending positions for finalized markets...
2026-04-04 14:10:44 | INFO | ------------------------------------------------------------
2026-04-04 14:10:44 | INFO | NBA GAME MARKETS STATUS:
2026-04-04 14:10:44 | INFO |   NYK: $0.48 [BUY ZONE] | ATL: $0.48 [BUY ZONE]
2026-04-04 14:10:44 | INFO |   ORL: $0.36 [BUY ZONE] | DET: $0.60 [WAIT]
2026-04-04 14:10:44 | INFO |   HOU: $0.58 [SELL @ $0.85] | GSW: $0.39 [SELL @ $0.85]
2026-04-04 14:10:44 | INFO |   SAC: $0.13 [SELL @ $0.85] | LAC: $0.85 [WAIT]
2026-04-04 14:10:44 | INFO |   LAL: $0.72 [WAIT] | DAL: $0.25 [SELL @ $0.85]
2026-04-04 14:10:44 | INFO |   MIN: $0.51 [SELL @ $0.85] | CHA: $0.48 [SELL @ $0.85]
2026-04-04 14:10:44 | INFO |   ORL: $0.60 [WAIT] | NOP: $0.37 [SELL @ $0.85]
2026-04-04 14:10:44 | INFO |   UTA: $0.05 [SELL @ $0.85] | OKC: $0.95 [WAIT]
2026-04-04 14:10:44 | INFO | ------------------------------------------------------------
2026-04-04 14:11:44 | INFO | Fetched 100 markets for KXNBAGAME
2026-04-04 14:11:44 | INFO | Fetched 100 markets for KXNBAGAME
2026-04-04 14:11:44 | INFO | Checking 18 pending positions for finalized markets...
2026-04-04 14:11:44 | INFO | ------------------------------------------------------------
2026-04-04 14:11:44 | INFO | NBA GAME MARKETS STATUS:
2026-04-04 14:11:44 | INFO |   NYK: $0.47 [BUY ZONE] | ATL: $0.47 [BUY ZONE]
2026-04-04 14:11:44 | INFO |   ORL: $0.40 [BUY ZONE] | DET: $0.59 [BUY ZONE]
2026-04-04 14:11:44 | INFO |   HOU: $0.57 [SELL @ $0.85] | GSW: $0.37 [SELL @ $0.85]
2026-04-04 14:11:44 | INFO |   SAC: $0.13 [SELL @ $0.85] | LAC: $0.85 [WAIT]
2026-04-04 14:11:44 | INFO |   LAL: $0.72 [WAIT] | DAL: $0.25 [SELL @ $0.85]
2026-04-04 14:11:44 | INFO |   MIN: $0.51 [SELL @ $0.85] | CHA: $0.48 [SELL @ $0.85]
2026-04-04 14:11:44 | INFO |   ORL: $0.61 [WAIT] | NOP: $0.37 [SELL @ $0.85]
2026-04-04 14:11:44 | INFO |   UTA: $0.05 [SELL @ $0.85] | OKC: $0.95 [WAIT]
2026-04-04 14:11:44 | INFO | ------------------------------------------------------------
2026-04-04 14:11:44 | INFO | ==================================================
2026-04-04 14:11:44 | INFO | SIMPLE FLIP BOT STATS
2026-04-04 14:11:44 | INFO | Runtime: 111.5 minutes
2026-04-04 14:11:44 | INFO | Balance: $88.18
2026-04-04 14:11:44 | INFO | Total positions: 18
2026-04-04 14:11:44 | INFO | Position states: {'pending_sell': 18}
2026-04-04 14:11:44 | INFO | Total trades: 18 (18 buys, 0 sells)
2026-04-04 14:11:44 | INFO | Session PnL: $0.00
2026-04-04 14:11:44 | INFO | ==================================================
2026-04-04 14:12:44 | INFO | Fetched 100 markets for KXNBAGAME
2026-04-04 14:12:44 | INFO | Fetched 100 markets for KXNBAGAME
2026-04-04 14:12:44 | INFO | Checking 18 pending positions for finalized markets...
2026-04-04 14:12:45 | INFO | ------------------------------------------------------------
2026-04-04 14:12:45 | INFO | NBA GAME MARKETS STATUS:
2026-04-04 14:12:45 | INFO |   NYK: $0.47 [BUY ZONE] | ATL: $0.47 [BUY ZONE]
2026-04-04 14:12:45 | INFO |   ORL: $0.40 [BUY ZONE] | DET: $0.59 [BUY ZONE]
2026-04-04 14:12:45 | INFO |   HOU: $0.57 [SELL @ $0.85] | GSW: $0.36 [SELL @ $0.85]
2026-04-04 14:12:45 | INFO |   SAC: $0.13 [SELL @ $0.85] | LAC: $0.85 [WAIT]
2026-04-04 14:12:45 | INFO |   LAL: $0.72 [WAIT] | DAL: $0.25 [SELL @ $0.85]
2026-04-04 14:12:45 | INFO |   MIN: $0.51 [SELL @ $0.85] | CHA: $0.48 [SELL @ $0.85]
2026-04-04 14:12:45 | INFO |   ORL: $0.61 [WAIT] | NOP: $0.37 [SELL @ $0.85]
2026-04-04 14:12:45 | INFO |   UTA: $0.05 [SELL @ $0.85] | OKC: $0.95 [WAIT]
2026-04-04 14:12:45 | INFO | ------------------------------------------------------------
2026-04-04 14:13:45 | INFO | Fetched 100 markets for KXNBAGAME
2026-04-04 14:13:45 | INFO | Fetched 100 markets for KXNBAGAME
2026-04-04 14:13:45 | INFO | Checking 18 pending positions for finalized markets...
2026-04-04 14:13:45 | INFO | ------------------------------------------------------------
2026-04-04 14:13:45 | INFO | NBA GAME MARKETS STATUS:
2026-04-04 14:13:45 | INFO |   NYK: $0.47 [BUY ZONE] | ATL: $0.47 [BUY ZONE]
2026-04-04 14:13:45 | INFO |   ORL: $0.40 [BUY ZONE] | DET: $0.59 [BUY ZONE]
2026-04-04 14:13:45 | INFO |   HOU: $0.57 [SELL @ $0.85] | GSW: $0.36 [SELL @ $0.85]
2026-04-04 14:13:45 | INFO |   SAC: $0.13 [SELL @ $0.85] | LAC: $0.85 [WAIT]
2026-04-04 14:13:45 | INFO |   LAL: $0.72 [WAIT] | DAL: $0.25 [SELL @ $0.85]
2026-04-04 14:13:45 | INFO |   MIN: $0.51 [SELL @ $0.85] | CHA: $0.48 [SELL @ $0.85]
2026-04-04 14:13:45 | INFO |   ORL: $0.61 [WAIT] | NOP: $0.37 [SELL @ $0.85]
2026-04-04 14:13:45 | INFO |   UTA: $0.05 [SELL @ $0.85] | OKC: $0.95 [WAIT]
2026-04-04 14:13:45 | INFO | ------------------------------------------------------------
2026-04-04 14:14:46 | INFO | Fetched 100 markets for KXNBAGAME
2026-04-04 14:14:46 | INFO | Fetched 100 markets for KXNBAGAME
2026-04-04 14:14:46 | INFO | Checking 18 pending positions for finalized markets...
2026-04-04 14:14:46 | INFO | ------------------------------------------------------------
2026-04-04 14:14:46 | INFO | NBA GAME MARKETS STATUS:
2026-04-04 14:14:46 | INFO |   NYK: $0.47 [BUY ZONE] | ATL: $0.47 [BUY ZONE]
2026-04-04 14:14:46 | INFO |   ORL: $0.38 [BUY ZONE] | DET: $0.59 [BUY ZONE]
2026-04-04 14:14:46 | INFO |   HOU: $0.58 [SELL @ $0.85] | GSW: $0.39 [SELL @ $0.85]
2026-04-04 14:14:46 | INFO |   SAC: $0.13 [SELL @ $0.85] | LAC: $0.85 [WAIT]
2026-04-04 14:14:46 | INFO |   LAL: $0.72 [WAIT] | DAL: $0.25 [SELL @ $0.85]
2026-04-04 14:14:46 | INFO |   MIN: $0.51 [SELL @ $0.85] | CHA: $0.48 [SELL @ $0.85]
2026-04-04 14:14:46 | INFO |   ORL: $0.61 [WAIT] | NOP: $0.37 [SELL @ $0.85]
2026-04-04 14:14:46 | INFO |   UTA: $0.05 [SELL @ $0.85] | OKC: $0.95 [WAIT]
2026-04-04 14:14:46 | INFO | ------------------------------------------------------------
2026-04-04 14:15:46 | INFO | Fetched 100 markets for KXNBAGAME
2026-04-04 14:15:46 | INFO | Fetched 100 markets for KXNBAGAME
2026-04-04 14:15:46 | INFO | Checking 18 pending positions for finalized markets...
2026-04-04 14:15:46 | INFO | ------------------------------------------------------------
2026-04-04 14:15:46 | INFO | NBA GAME MARKETS STATUS:
2026-04-04 14:15:46 | INFO |   NYK: $0.48 [BUY ZONE] | ATL: $0.48 [BUY ZONE]
2026-04-04 14:15:46 | INFO |   ORL: $0.38 [BUY ZONE] | DET: $0.59 [BUY ZONE]
2026-04-04 14:15:46 | INFO |   HOU: $0.58 [SELL @ $0.85] | GSW: $0.39 [SELL @ $0.85]
2026-04-04 14:15:46 | INFO |   SAC: $0.13 [SELL @ $0.85] | LAC: $0.85 [WAIT]
2026-04-04 14:15:46 | INFO |   LAL: $0.72 [WAIT] | DAL: $0.25 [SELL @ $0.85]
2026-04-04 14:15:46 | INFO |   MIN: $0.51 [SELL @ $0.85] | CHA: $0.48 [SELL @ $0.85]
2026-04-04 14:15:46 | INFO |   ORL: $0.61 [WAIT] | NOP: $0.37 [SELL @ $0.85]
2026-04-04 14:15:46 | INFO |   UTA: $0.05 [SELL @ $0.85] | OKC: $0.95 [WAIT]
2026-04-04 14:15:46 | INFO | ------------------------------------------------------------
2026-04-04 14:16:46 | INFO | Fetched 100 markets for KXNBAGAME
2026-04-04 14:16:46 | INFO | Fetched 100 markets for KXNBAGAME
2026-04-04 14:16:46 | INFO | Checking 18 pending positions for finalized markets...
2026-04-04 14:16:47 | INFO | ------------------------------------------------------------
2026-04-04 14:16:47 | INFO | NBA GAME MARKETS STATUS:
2026-04-04 14:16:47 | INFO |   NYK: $0.48 [BUY ZONE] | ATL: $0.48 [BUY ZONE]
2026-04-04 14:16:47 | INFO |   ORL: $0.38 [BUY ZONE] | DET: $0.59 [BUY ZONE]
2026-04-04 14:16:47 | INFO |   HOU: $0.58 [SELL @ $0.85] | GSW: $0.39 [SELL @ $0.85]
2026-04-04 14:16:47 | INFO |   SAC: $0.13 [SELL @ $0.85] | LAC: $0.85 [WAIT]
2026-04-04 14:16:47 | INFO |   LAL: $0.72 [WAIT] | DAL: $0.25 [SELL @ $0.85]
2026-04-04 14:16:47 | INFO |   MIN: $0.51 [SELL @ $0.85] | CHA: $0.48 [SELL @ $0.85]
2026-04-04 14:16:47 | INFO |   ORL: $0.61 [WAIT] | NOP: $0.37 [SELL @ $0.85]
2026-04-04 14:16:47 | INFO |   UTA: $0.05 [SELL @ $0.85] | OKC: $0.95 [WAIT]
2026-04-04 14:16:47 | INFO | ------------------------------------------------------------
2026-04-04 14:16:47 | INFO | ==================================================
2026-04-04 14:16:47 | INFO | SIMPLE FLIP BOT STATS
2026-04-04 14:16:47 | INFO | Runtime: 116.5 minutes
2026-04-04 14:16:47 | INFO | Balance: $88.18
2026-04-04 14:16:47 | INFO | Total positions: 18
2026-04-04 14:16:47 | INFO | Position states: {'pending_sell': 18}
2026-04-04 14:16:47 | INFO | Total trades: 18 (18 buys, 0 sells)
2026-04-04 14:16:47 | INFO | Session PnL: $0.00
2026-04-04 14:16:47 | INFO | ==================================================
2026-04-04 14:17:47 | INFO | Fetched 100 markets for KXNBAGAME
2026-04-04 14:17:47 | INFO | Fetched 100 markets for KXNBAGAME
2026-04-04 14:17:47 | INFO | Checking 18 pending positions for finalized markets...
2026-04-04 14:17:47 | INFO | ------------------------------------------------------------
2026-04-04 14:17:47 | INFO | NBA GAME MARKETS STATUS:
2026-04-04 14:17:47 | INFO |   NYK: $0.48 [BUY ZONE] | ATL: $0.48 [BUY ZONE]
2026-04-04 14:17:47 | INFO |   ORL: $0.38 [BUY ZONE] | DET: $0.59 [BUY ZONE]
2026-04-04 14:17:47 | INFO |   HOU: $0.58 [SELL @ $0.85] | GSW: $0.39 [SELL @ $0.85]
2026-04-04 14:17:47 | INFO |   SAC: $0.13 [SELL @ $0.85] | LAC: $0.85 [WAIT]
2026-04-04 14:17:47 | INFO |   LAL: $0.72 [WAIT] | DAL: $0.25 [SELL @ $0.85]
2026-04-04 14:17:47 | INFO |   MIN: $0.51 [SELL @ $0.85] | CHA: $0.48 [SELL @ $0.85]
2026-04-04 14:17:47 | INFO |   ORL: $0.61 [WAIT] | NOP: $0.37 [SELL @ $0.85]
2026-04-04 14:17:47 | INFO |   UTA: $0.05 [SELL @ $0.85] | OKC: $0.95 [WAIT]
2026-04-04 14:17:47 | INFO | ------------------------------------------------------------
2026-04-04 14:18:47 | INFO | Fetched 100 markets for KXNBAGAME
2026-04-04 14:18:47 | INFO | Fetched 100 markets for KXNBAGAME
2026-04-04 14:18:47 | INFO | Checking 18 pending positions for finalized markets...
2026-04-04 14:18:48 | INFO | ------------------------------------------------------------
2026-04-04 14:18:48 | INFO | NBA GAME MARKETS STATUS:
2026-04-04 14:18:48 | INFO |   NYK: $0.48 [BUY ZONE] | ATL: $0.48 [BUY ZONE]
2026-04-04 14:18:48 | INFO |   ORL: $0.38 [BUY ZONE] | DET: $0.59 [BUY ZONE]
2026-04-04 14:18:48 | INFO |   HOU: $0.58 [SELL @ $0.85] | GSW: $0.39 [SELL @ $0.85]
2026-04-04 14:18:48 | INFO |   SAC: $0.13 [SELL @ $0.85] | LAC: $0.85 [WAIT]
2026-04-04 14:18:48 | INFO |   LAL: $0.72 [WAIT] | DAL: $0.25 [SELL @ $0.85]
2026-04-04 14:18:48 | INFO |   MIN: $0.51 [SELL @ $0.85] | CHA: $0.48 [SELL @ $0.85]
2026-04-04 14:18:48 | INFO |   ORL: $0.61 [WAIT] | NOP: $0.37 [SELL @ $0.85]
2026-04-04 14:18:48 | INFO |   UTA: $0.05 [SELL @ $0.85] | OKC: $0.95 [WAIT]
2026-04-04 14:18:48 | INFO | ------------------------------------------------------------
2026-04-04 14:19:48 | INFO | Fetched 100 markets for KXNBAGAME
2026-04-04 14:19:48 | INFO | Fetched 100 markets for KXNBAGAME
2026-04-04 14:19:48 | INFO | Checking 18 pending positions for finalized markets...
2026-04-04 14:19:48 | INFO | ------------------------------------------------------------
2026-04-04 14:19:48 | INFO | NBA GAME MARKETS STATUS:
2026-04-04 14:19:48 | INFO |   NYK: $0.48 [BUY ZONE] | ATL: $0.48 [BUY ZONE]
2026-04-04 14:19:48 | INFO |   ORL: $0.38 [BUY ZONE] | DET: $0.59 [BUY ZONE]
2026-04-04 14:19:48 | INFO |   HOU: $0.58 [SELL @ $0.85] | GSW: $0.39 [SELL @ $0.85]
2026-04-04 14:19:48 | INFO |   SAC: $0.13 [SELL @ $0.85] | LAC: $0.85 [WAIT]
2026-04-04 14:19:48 | INFO |   LAL: $0.72 [WAIT] | DAL: $0.25 [SELL @ $0.85]
2026-04-04 14:19:48 | INFO |   MIN: $0.51 [SELL @ $0.85] | CHA: $0.48 [SELL @ $0.85]
2026-04-04 14:19:48 | INFO |   ORL: $0.61 [WAIT] | NOP: $0.37 [SELL @ $0.85]
2026-04-04 14:19:48 | INFO |   UTA: $0.05 [SELL @ $0.85] | OKC: $0.95 [WAIT]
2026-04-04 14:19:48 | INFO | ------------------------------------------------------------
2026-04-04 14:20:48 | INFO | Fetched 100 markets for KXNBAGAME
2026-04-04 14:20:48 | INFO | Fetched 100 markets for KXNBAGAME
2026-04-04 14:20:48 | INFO | Checking 18 pending positions for finalized markets...
2026-04-04 14:20:49 | INFO | ------------------------------------------------------------
2026-04-04 14:20:49 | INFO | NBA GAME MARKETS STATUS:
2026-04-04 14:20:49 | INFO |   NYK: $0.48 [BUY ZONE] | ATL: $0.48 [BUY ZONE]
2026-04-04 14:20:49 | INFO |   ORL: $0.38 [BUY ZONE] | DET: $0.59 [BUY ZONE]
2026-04-04 14:20:49 | INFO |   HOU: $0.58 [SELL @ $0.85] | GSW: $0.39 [SELL @ $0.85]
2026-04-04 14:20:49 | INFO |   SAC: $0.13 [SELL @ $0.85] | LAC: $0.85 [WAIT]
2026-04-04 14:20:49 | INFO |   LAL: $0.72 [WAIT] | DAL: $0.25 [SELL @ $0.85]
2026-04-04 14:20:49 | INFO |   MIN: $0.51 [SELL @ $0.85] | CHA: $0.48 [SELL @ $0.85]
2026-04-04 14:20:49 | INFO |   ORL: $0.61 [WAIT] | NOP: $0.37 [SELL @ $0.85]
2026-04-04 14:20:49 | INFO |   UTA: $0.05 [SELL @ $0.85] | OKC: $0.95 [WAIT]
2026-04-04 14:20:49 | INFO | ------------------------------------------------------------
2026-04-04 14:21:49 | INFO | Fetched 100 markets for KXNBAGAME
2026-04-04 14:21:49 | INFO | Fetched 100 markets for KXNBAGAME
2026-04-04 14:21:49 | INFO | Checking 18 pending positions for finalized markets...
2026-04-04 14:21:49 | INFO | ------------------------------------------------------------
2026-04-04 14:21:49 | INFO | NBA GAME MARKETS STATUS:
2026-04-04 14:21:49 | INFO |   NYK: $0.48 [BUY ZONE] | ATL: $0.48 [BUY ZONE]
2026-04-04 14:21:49 | INFO |   ORL: $0.38 [BUY ZONE] | DET: $0.59 [BUY ZONE]
2026-04-04 14:21:49 | INFO |   HOU: $0.58 [SELL @ $0.85] | GSW: $0.39 [SELL @ $0.85]
2026-04-04 14:21:49 | INFO |   SAC: $0.13 [SELL @ $0.85] | LAC: $0.85 [WAIT]
2026-04-04 14:21:49 | INFO |   LAL: $0.72 [WAIT] | DAL: $0.25 [SELL @ $0.85]
2026-04-04 14:21:49 | INFO |   MIN: $0.51 [SELL @ $0.85] | CHA: $0.48 [SELL @ $0.85]
2026-04-04 14:21:49 | INFO |   ORL: $0.61 [WAIT] | NOP: $0.37 [SELL @ $0.85]
2026-04-04 14:21:49 | INFO |   UTA: $0.05 [SELL @ $0.85] | OKC: $0.95 [WAIT]
2026-04-04 14:21:49 | INFO | ------------------------------------------------------------
2026-04-04 14:21:49 | INFO | ==================================================
2026-04-04 14:21:49 | INFO | SIMPLE FLIP BOT STATS
2026-04-04 14:21:49 | INFO | Runtime: 121.6 minutes
2026-04-04 14:21:49 | INFO | Balance: $88.18
2026-04-04 14:21:49 | INFO | Total positions: 18
2026-04-04 14:21:49 | INFO | Position states: {'pending_sell': 18}
2026-04-04 14:21:49 | INFO | Total trades: 18 (18 buys, 0 sells)
2026-04-04 14:21:49 | INFO | Session PnL: $0.00
2026-04-04 14:21:49 | INFO | ==================================================
2026-04-04 14:22:49 | INFO | Fetched 100 markets for KXNBAGAME
2026-04-04 14:22:49 | INFO | Fetched 100 markets for KXNBAGAME
2026-04-04 14:22:49 | INFO | Checking 18 pending positions for finalized markets...
2026-04-04 14:22:50 | INFO | ------------------------------------------------------------
2026-04-04 14:22:50 | INFO | NBA GAME MARKETS STATUS:
2026-04-04 14:22:50 | INFO |   NYK: $0.48 [BUY ZONE] | ATL: $0.48 [BUY ZONE]
2026-04-04 14:22:50 | INFO |   ORL: $0.38 [BUY ZONE] | DET: $0.59 [BUY ZONE]
2026-04-04 14:22:50 | INFO |   HOU: $0.58 [SELL @ $0.85] | GSW: $0.39 [SELL @ $0.85]
2026-04-04 14:22:50 | INFO |   SAC: $0.13 [SELL @ $0.85] | LAC: $0.85 [WAIT]
2026-04-04 14:22:50 | INFO |   LAL: $0.72 [WAIT] | DAL: $0.25 [SELL @ $0.85]
2026-04-04 14:22:50 | INFO |   MIN: $0.51 [SELL @ $0.85] | CHA: $0.48 [SELL @ $0.85]
2026-04-04 14:22:50 | INFO |   ORL: $0.61 [WAIT] | NOP: $0.37 [SELL @ $0.85]
2026-04-04 14:22:50 | INFO |   UTA: $0.05 [SELL @ $0.85] | OKC: $0.95 [WAIT]
2026-04-04 14:22:50 | INFO | ------------------------------------------------------------
2026-04-04 14:23:50 | INFO | Fetched 100 markets for KXNBAGAME
2026-04-04 14:23:50 | INFO | Fetched 100 markets for KXNBAGAME
2026-04-04 14:23:50 | INFO | Checking 18 pending positions for finalized markets...
2026-04-04 14:23:51 | INFO | ------------------------------------------------------------
2026-04-04 14:23:51 | INFO | NBA GAME MARKETS STATUS:
2026-04-04 14:23:51 | INFO |   NYK: $0.48 [BUY ZONE] | ATL: $0.48 [BUY ZONE]
2026-04-04 14:23:51 | INFO |   ORL: $0.38 [BUY ZONE] | DET: $0.59 [BUY ZONE]
2026-04-04 14:23:51 | INFO |   HOU: $0.58 [SELL @ $0.85] | GSW: $0.39 [SELL @ $0.85]
2026-04-04 14:23:51 | INFO |   SAC: $0.13 [SELL @ $0.85] | LAC: $0.85 [WAIT]
2026-04-04 14:23:51 | INFO |   LAL: $0.72 [WAIT] | DAL: $0.25 [SELL @ $0.85]
2026-04-04 14:23:51 | INFO |   MIN: $0.51 [SELL @ $0.85] | CHA: $0.48 [SELL @ $0.85]
2026-04-04 14:23:51 | INFO |   ORL: $0.61 [WAIT] | NOP: $0.37 [SELL @ $0.85]
2026-04-04 14:23:51 | INFO |   UTA: $0.05 [SELL @ $0.85] | OKC: $0.95 [WAIT]
2026-04-04 14:23:51 | INFO | ------------------------------------------------------------
2026-04-04 14:24:51 | INFO | Fetched 100 markets for KXNBAGAME
2026-04-04 14:24:51 | INFO | Fetched 100 markets for KXNBAGAME
2026-04-04 14:24:51 | INFO | Checking 18 pending positions for finalized markets...
2026-04-04 14:24:51 | INFO | ------------------------------------------------------------
2026-04-04 14:24:51 | INFO | NBA GAME MARKETS STATUS:
2026-04-04 14:24:51 | INFO |   NYK: $0.48 [BUY ZONE] | ATL: $0.48 [BUY ZONE]
2026-04-04 14:24:51 | INFO |   ORL: $0.38 [BUY ZONE] | DET: $0.59 [BUY ZONE]
2026-04-04 14:24:51 | INFO |   HOU: $0.58 [SELL @ $0.85] | GSW: $0.39 [SELL @ $0.85]
2026-04-04 14:24:51 | INFO |   SAC: $0.13 [SELL @ $0.85] | LAC: $0.85 [WAIT]
2026-04-04 14:24:51 | INFO |   LAL: $0.72 [WAIT] | DAL: $0.25 [SELL @ $0.85]
2026-04-04 14:24:51 | INFO |   MIN: $0.51 [SELL @ $0.85] | CHA: $0.48 [SELL @ $0.85]
2026-04-04 14:24:51 | INFO |   ORL: $0.61 [WAIT] | NOP: $0.37 [SELL @ $0.85]
2026-04-04 14:24:51 | INFO |   UTA: $0.05 [SELL @ $0.85] | OKC: $0.95 [WAIT]
2026-04-04 14:24:51 | INFO | ------------------------------------------------------------
2026-04-04 14:25:51 | INFO | Fetched 100 markets for KXNBAGAME
2026-04-04 14:25:51 | INFO | Fetched 100 markets for KXNBAGAME
2026-04-04 14:25:51 | INFO | Checking 18 pending positions for finalized markets...
2026-04-04 14:25:52 | INFO | ------------------------------------------------------------
2026-04-04 14:25:52 | INFO | NBA GAME MARKETS STATUS:
2026-04-04 14:25:52 | INFO |   NYK: $0.48 [BUY ZONE] | ATL: $0.48 [BUY ZONE]
2026-04-04 14:25:52 | INFO |   ORL: $0.38 [BUY ZONE] | DET: $0.59 [BUY ZONE]
2026-04-04 14:25:52 | INFO |   HOU: $0.58 [SELL @ $0.85] | GSW: $0.39 [SELL @ $0.85]
2026-04-04 14:25:52 | INFO |   SAC: $0.13 [SELL @ $0.85] | LAC: $0.85 [WAIT]
2026-04-04 14:25:52 | INFO |   LAL: $0.72 [WAIT] | DAL: $0.25 [SELL @ $0.85]
2026-04-04 14:25:52 | INFO |   MIN: $0.51 [SELL @ $0.85] | CHA: $0.48 [SELL @ $0.85]
2026-04-04 14:25:52 | INFO |   ORL: $0.61 [WAIT] | NOP: $0.37 [SELL @ $0.85]
2026-04-04 14:25:52 | INFO |   UTA: $0.05 [SELL @ $0.85] | OKC: $0.95 [WAIT]
2026-04-04 14:25:52 | INFO | ------------------------------------------------------------
2026-04-04 14:26:52 | INFO | Fetched 100 markets for KXNBAGAME
2026-04-04 14:26:52 | INFO | Fetched 100 markets for KXNBAGAME
2026-04-04 14:26:52 | INFO | Checking 18 pending positions for finalized markets...
2026-04-04 14:26:52 | INFO | ------------------------------------------------------------
2026-04-04 14:26:52 | INFO | NBA GAME MARKETS STATUS:
2026-04-04 14:26:52 | INFO |   NYK: $0.48 [BUY ZONE] | ATL: $0.48 [BUY ZONE]
2026-04-04 14:26:52 | INFO |   ORL: $0.38 [BUY ZONE] | DET: $0.59 [BUY ZONE]
2026-04-04 14:26:52 | INFO |   HOU: $0.58 [SELL @ $0.85] | GSW: $0.39 [SELL @ $0.85]
2026-04-04 14:26:52 | INFO |   SAC: $0.13 [SELL @ $0.85] | LAC: $0.85 [WAIT]
2026-04-04 14:26:52 | INFO |   LAL: $0.72 [WAIT] | DAL: $0.25 [SELL @ $0.85]
2026-04-04 14:26:52 | INFO |   MIN: $0.51 [SELL @ $0.85] | CHA: $0.48 [SELL @ $0.85]
2026-04-04 14:26:52 | INFO |   ORL: $0.61 [WAIT] | NOP: $0.37 [SELL @ $0.85]
2026-04-04 14:26:52 | INFO |   UTA: $0.05 [SELL @ $0.85] | OKC: $0.95 [WAIT]
2026-04-04 14:26:52 | INFO | ------------------------------------------------------------
2026-04-04 14:26:52 | INFO | ==================================================
2026-04-04 14:26:52 | INFO | SIMPLE FLIP BOT STATS
2026-04-04 14:26:52 | INFO | Runtime: 126.6 minutes
2026-04-04 14:26:52 | INFO | Balance: $88.18
2026-04-04 14:26:52 | INFO | Total positions: 18
2026-04-04 14:26:52 | INFO | Position states: {'pending_sell': 18}
2026-04-04 14:26:52 | INFO | Total trades: 18 (18 buys, 0 sells)
2026-04-04 14:26:52 | INFO | Session PnL: $0.00
2026-04-04 14:26:52 | INFO | ==================================================
2026-04-04 14:27:52 | INFO | Fetched 100 markets for KXNBAGAME
2026-04-04 14:27:52 | INFO | Fetched 100 markets for KXNBAGAME
2026-04-04 14:27:52 | INFO | Checking 18 pending positions for finalized markets...
2026-04-04 14:27:53 | INFO | ------------------------------------------------------------
2026-04-04 14:27:53 | INFO | NBA GAME MARKETS STATUS:
2026-04-04 14:27:53 | INFO |   NYK: $0.48 [BUY ZONE] | ATL: $0.48 [BUY ZONE]
2026-04-04 14:27:53 | INFO |   ORL: $0.38 [BUY ZONE] | DET: $0.59 [BUY ZONE]
2026-04-04 14:27:53 | INFO |   HOU: $0.58 [SELL @ $0.85] | GSW: $0.39 [SELL @ $0.85]
2026-04-04 14:27:53 | INFO |   SAC: $0.13 [SELL @ $0.85] | LAC: $0.85 [WAIT]
2026-04-04 14:27:53 | INFO |   LAL: $0.72 [WAIT] | DAL: $0.25 [SELL @ $0.85]
2026-04-04 14:27:53 | INFO |   MIN: $0.51 [SELL @ $0.85] | CHA: $0.48 [SELL @ $0.85]
2026-04-04 14:27:53 | INFO |   ORL: $0.61 [WAIT] | NOP: $0.37 [SELL @ $0.85]
2026-04-04 14:27:53 | INFO |   UTA: $0.05 [SELL @ $0.85] | OKC: $0.95 [WAIT]
2026-04-04 14:27:53 | INFO | ------------------------------------------------------------
2026-04-04 14:28:53 | INFO | Fetched 100 markets for KXNBAGAME
2026-04-04 14:28:53 | INFO | Fetched 100 markets for KXNBAGAME
2026-04-04 14:28:53 | INFO | Checking 18 pending positions for finalized markets...
2026-04-04 14:28:53 | INFO | ------------------------------------------------------------
2026-04-04 14:28:53 | INFO | NBA GAME MARKETS STATUS:
2026-04-04 14:28:53 | INFO |   NYK: $0.48 [BUY ZONE] | ATL: $0.48 [BUY ZONE]
2026-04-04 14:28:53 | INFO |   ORL: $0.38 [BUY ZONE] | DET: $0.59 [BUY ZONE]
2026-04-04 14:28:53 | INFO |   HOU: $0.59 [SELL @ $0.85] | GSW: $0.39 [SELL @ $0.85]
2026-04-04 14:28:53 | INFO |   SAC: $0.13 [SELL @ $0.85] | LAC: $0.85 [WAIT]
2026-04-04 14:28:53 | INFO |   LAL: $0.72 [WAIT] | DAL: $0.25 [SELL @ $0.85]
2026-04-04 14:28:53 | INFO |   MIN: $0.51 [SELL @ $0.85] | CHA: $0.48 [SELL @ $0.85]
2026-04-04 14:28:53 | INFO |   ORL: $0.61 [WAIT] | NOP: $0.37 [SELL @ $0.85]
2026-04-04 14:28:53 | INFO |   UTA: $0.05 [SELL @ $0.85] | OKC: $0.95 [WAIT]
2026-04-04 14:28:53 | INFO | ------------------------------------------------------------
2026-04-04 14:29:53 | INFO | Fetched 100 markets for KXNBAGAME
2026-04-04 14:29:53 | INFO | Fetched 100 markets for KXNBAGAME
2026-04-04 14:29:53 | INFO | Checking 18 pending positions for finalized markets...
2026-04-04 14:29:54 | INFO | ------------------------------------------------------------
2026-04-04 14:29:54 | INFO | NBA GAME MARKETS STATUS:
2026-04-04 14:29:54 | INFO |   NYK: $0.48 [BUY ZONE] | ATL: $0.48 [BUY ZONE]
2026-04-04 14:29:54 | INFO |   ORL: $0.38 [BUY ZONE] | DET: $0.59 [BUY ZONE]
2026-04-04 14:29:54 | INFO |   HOU: $0.59 [SELL @ $0.85] | GSW: $0.39 [SELL @ $0.85]
2026-04-04 14:29:54 | INFO |   SAC: $0.13 [SELL @ $0.85] | LAC: $0.85 [WAIT]
2026-04-04 14:29:54 | INFO |   LAL: $0.72 [WAIT] | DAL: $0.25 [SELL @ $0.85]
2026-04-04 14:29:54 | INFO |   MIN: $0.51 [SELL @ $0.85] | CHA: $0.48 [SELL @ $0.85]
2026-04-04 14:29:54 | INFO |   ORL: $0.61 [WAIT] | NOP: $0.37 [SELL @ $0.85]
2026-04-04 14:29:54 | INFO |   UTA: $0.05 [SELL @ $0.85] | OKC: $0.95 [WAIT]
2026-04-04 14:29:54 | INFO | ------------------------------------------------------------
2026-04-04 14:30:54 | INFO | Fetched 100 markets for KXNBAGAME
2026-04-04 14:30:54 | INFO | Fetched 100 markets for KXNBAGAME
2026-04-04 14:30:54 | INFO | Checking 18 pending positions for finalized markets...
2026-04-04 14:30:54 | INFO | ------------------------------------------------------------
2026-04-04 14:30:54 | INFO | NBA GAME MARKETS STATUS:
2026-04-04 14:30:54 | INFO |   NYK: $0.48 [BUY ZONE] | ATL: $0.48 [BUY ZONE]
2026-04-04 14:30:54 | INFO |   ORL: $0.38 [BUY ZONE] | DET: $0.59 [BUY ZONE]
2026-04-04 14:30:54 | INFO |   HOU: $0.58 [SELL @ $0.85] | GSW: $0.39 [SELL @ $0.85]
2026-04-04 14:30:54 | INFO |   SAC: $0.13 [SELL @ $0.85] | LAC: $0.85 [WAIT]
2026-04-04 14:30:54 | INFO |   LAL: $0.72 [WAIT] | DAL: $0.25 [SELL @ $0.85]
2026-04-04 14:30:54 | INFO |   MIN: $0.51 [SELL @ $0.85] | CHA: $0.48 [SELL @ $0.85]
2026-04-04 14:30:54 | INFO |   ORL: $0.61 [WAIT] | NOP: $0.37 [SELL @ $0.85]
2026-04-04 14:30:54 | INFO |   UTA: $0.05 [SELL @ $0.85] | OKC: $0.95 [WAIT]
2026-04-04 14:30:54 | INFO | ------------------------------------------------------------
2026-04-04 14:31:54 | INFO | Fetched 100 markets for KXNBAGAME
2026-04-04 14:31:54 | INFO | Fetched 100 markets for KXNBAGAME
2026-04-04 14:31:54 | INFO | Checking 18 pending positions for finalized markets...
2026-04-04 14:31:55 | INFO | ------------------------------------------------------------
2026-04-04 14:31:55 | INFO | NBA GAME MARKETS STATUS:
2026-04-04 14:31:55 | INFO |   NYK: $0.48 [BUY ZONE] | ATL: $0.48 [BUY ZONE]
2026-04-04 14:31:55 | INFO |   ORL: $0.38 [BUY ZONE] | DET: $0.59 [BUY ZONE]
2026-04-04 14:31:55 | INFO |   HOU: $0.58 [SELL @ $0.85] | GSW: $0.39 [SELL @ $0.85]
2026-04-04 14:31:55 | INFO |   SAC: $0.13 [SELL @ $0.85] | LAC: $0.85 [WAIT]
2026-04-04 14:31:55 | INFO |   LAL: $0.72 [WAIT] | DAL: $0.25 [SELL @ $0.85]
2026-04-04 14:31:55 | INFO |   MIN: $0.51 [SELL @ $0.85] | CHA: $0.48 [SELL @ $0.85]
2026-04-04 14:31:55 | INFO |   ORL: $0.61 [WAIT] | NOP: $0.37 [SELL @ $0.85]
2026-04-04 14:31:55 | INFO |   UTA: $0.05 [SELL @ $0.85] | OKC: $0.95 [WAIT]
2026-04-04 14:31:55 | INFO | ------------------------------------------------------------
2026-04-04 14:31:55 | INFO | ==================================================
2026-04-04 14:31:55 | INFO | SIMPLE FLIP BOT STATS
2026-04-04 14:31:55 | INFO | Runtime: 131.6 minutes
2026-04-04 14:31:55 | INFO | Balance: $88.18
2026-04-04 14:31:55 | INFO | Total positions: 18
2026-04-04 14:31:55 | INFO | Position states: {'pending_sell': 18}
2026-04-04 14:31:55 | INFO | Total trades: 18 (18 buys, 0 sells)
2026-04-04 14:31:55 | INFO | Session PnL: $0.00
2026-04-04 14:31:55 | INFO | ==================================================
2026-04-04 14:32:55 | INFO | Fetched 100 markets for KXNBAGAME
2026-04-04 14:32:55 | INFO | Fetched 100 markets for KXNBAGAME
2026-04-04 14:32:55 | INFO | Checking 18 pending positions for finalized markets...
2026-04-04 14:32:55 | INFO | ------------------------------------------------------------
2026-04-04 14:32:55 | INFO | NBA GAME MARKETS STATUS:
2026-04-04 14:32:55 | INFO |   NYK: $0.48 [BUY ZONE] | ATL: $0.48 [BUY ZONE]
2026-04-04 14:32:55 | INFO |   ORL: $0.38 [BUY ZONE] | DET: $0.59 [BUY ZONE]
2026-04-04 14:32:55 | INFO |   HOU: $0.58 [SELL @ $0.85] | GSW: $0.39 [SELL @ $0.85]
2026-04-04 14:32:55 | INFO |   SAC: $0.13 [SELL @ $0.85] | LAC: $0.85 [WAIT]
2026-04-04 14:32:55 | INFO |   LAL: $0.72 [WAIT] | DAL: $0.25 [SELL @ $0.85]
2026-04-04 14:32:55 | INFO |   MIN: $0.51 [SELL @ $0.85] | CHA: $0.48 [SELL @ $0.85]
2026-04-04 14:32:55 | INFO |   ORL: $0.61 [WAIT] | NOP: $0.37 [SELL @ $0.85]
2026-04-04 14:32:55 | INFO |   UTA: $0.05 [SELL @ $0.85] | OKC: $0.95 [WAIT]
2026-04-04 14:32:55 | INFO | ------------------------------------------------------------
2026-04-04 14:33:55 | INFO | Fetched 100 markets for KXNBAGAME
2026-04-04 14:33:55 | INFO | Fetched 100 markets for KXNBAGAME
2026-04-04 14:33:55 | INFO | Checking 18 pending positions for finalized markets...
2026-04-04 14:33:56 | INFO | ------------------------------------------------------------
2026-04-04 14:33:56 | INFO | NBA GAME MARKETS STATUS:
2026-04-04 14:33:56 | INFO |   NYK: $0.48 [BUY ZONE] | ATL: $0.48 [BUY ZONE]
2026-04-04 14:33:56 | INFO |   ORL: $0.38 [BUY ZONE] | DET: $0.59 [BUY ZONE]
2026-04-04 14:33:56 | INFO |   HOU: $0.58 [SELL @ $0.85] | GSW: $0.39 [SELL @ $0.85]
2026-04-04 14:33:56 | INFO |   SAC: $0.13 [SELL @ $0.85] | LAC: $0.85 [WAIT]
2026-04-04 14:33:56 | INFO |   LAL: $0.72 [WAIT] | DAL: $0.26 [SELL @ $0.85]
2026-04-04 14:33:56 | INFO |   MIN: $0.51 [SELL @ $0.85] | CHA: $0.48 [SELL @ $0.85]
2026-04-04 14:33:56 | INFO |   ORL: $0.61 [WAIT] | NOP: $0.37 [SELL @ $0.85]
2026-04-04 14:33:56 | INFO |   UTA: $0.05 [SELL @ $0.85] | OKC: $0.95 [WAIT]
2026-04-04 14:33:56 | INFO | ------------------------------------------------------------
2026-04-04 14:34:56 | INFO | Fetched 100 markets for KXNBAGAME
2026-04-04 14:34:56 | INFO | Fetched 100 markets for KXNBAGAME
2026-04-04 14:34:56 | INFO | Checking 18 pending positions for finalized markets...
2026-04-04 14:34:56 | ERROR | API GET failed: https://api.elections.kalshi.com/trade-api/v2/markets/KXNBAGAME-26APR05PHXCHI-CHI | Error: 429 Client Error: Too Many Requests for url: https://api.elections.kalshi.com/trade-api/v2/markets/KXNBAGAME-26APR05PHXCHI-CHI
2026-04-04 14:34:56 | WARNING | Failed to fetch market KXNBAGAME-26APR05PHXCHI-CHI: 429 Client Error: Too Many Requests for url: https://api.elections.kalshi.com/trade-api/v2/markets/KXNBAGAME-26APR05PHXCHI-CHI
2026-04-04 14:34:56 | WARNING | Could not fetch market for KXNBAGAME-26APR05PHXCHI-CHI
2026-04-04 14:34:56 | ERROR | API GET failed: https://api.elections.kalshi.com/trade-api/v2/markets/KXNBAGAME-26APR05WASBKN-WAS | Error: 429 Client Error: Too Many Requests for url: https://api.elections.kalshi.com/trade-api/v2/markets/KXNBAGAME-26APR05WASBKN-WAS
2026-04-04 14:34:56 | WARNING | Failed to fetch market KXNBAGAME-26APR05WASBKN-WAS: 429 Client Error: Too Many Requests for url: https://api.elections.kalshi.com/trade-api/v2/markets/KXNBAGAME-26APR05WASBKN-WAS
2026-04-04 14:34:56 | WARNING | Could not fetch market for KXNBAGAME-26APR05WASBKN-WAS
2026-04-04 14:34:56 | ERROR | API GET failed: https://api.elections.kalshi.com/trade-api/v2/markets/KXNBAGAME-26APR04DETPHI-PHI | Error: 429 Client Error: Too Many Requests for url: https://api.elections.kalshi.com/trade-api/v2/markets/KXNBAGAME-26APR04DETPHI-PHI
2026-04-04 14:34:56 | WARNING | Failed to fetch market KXNBAGAME-26APR04DETPHI-PHI: 429 Client Error: Too Many Requests for url: https://api.elections.kalshi.com/trade-api/v2/markets/KXNBAGAME-26APR04DETPHI-PHI
2026-04-04 14:34:56 | WARNING | Could not fetch market for KXNBAGAME-26APR04DETPHI-PHI
2026-04-04 14:34:56 | ERROR | API GET failed: https://api.elections.kalshi.com/trade-api/v2/markets/KXNBAGAME-26APR04SASDEN-SAS | Error: 429 Client Error: Too Many Requests for url: https://api.elections.kalshi.com/trade-api/v2/markets/KXNBAGAME-26APR04SASDEN-SAS
2026-04-04 14:34:56 | WARNING | Failed to fetch market KXNBAGAME-26APR04SASDEN-SAS: 429 Client Error: Too Many Requests for url: https://api.elections.kalshi.com/trade-api/v2/markets/KXNBAGAME-26APR04SASDEN-SAS
2026-04-04 14:34:56 | WARNING | Could not fetch market for KXNBAGAME-26APR04SASDEN-SAS
2026-04-04 14:34:56 | ERROR | API GET failed: https://api.elections.kalshi.com/trade-api/v2/markets/KXNBAGAME-26APR04WASMIA-WAS | Error: 429 Client Error: Too Many Requests for url: https://api.elections.kalshi.com/trade-api/v2/markets/KXNBAGAME-26APR04WASMIA-WAS
2026-04-04 14:34:56 | WARNING | Failed to fetch market KXNBAGAME-26APR04WASMIA-WAS: 429 Client Error: Too Many Requests for url: https://api.elections.kalshi.com/trade-api/v2/markets/KXNBAGAME-26APR04WASMIA-WAS
2026-04-04 14:34:56 | WARNING | Could not fetch market for KXNBAGAME-26APR04WASMIA-WAS
2026-04-04 14:34:56 | INFO | ------------------------------------------------------------
2026-04-04 14:34:56 | INFO | NBA GAME MARKETS STATUS:
2026-04-04 14:34:56 | INFO |   NYK: $0.48 [BUY ZONE] | ATL: $0.48 [BUY ZONE]
2026-04-04 14:34:56 | INFO |   ORL: $0.38 [BUY ZONE] | DET: $0.59 [BUY ZONE]
2026-04-04 14:34:56 | INFO |   HOU: $0.58 [SELL @ $0.85] | GSW: $0.39 [SELL @ $0.85]
2026-04-04 14:34:56 | INFO |   SAC: $0.13 [SELL @ $0.85] | LAC: $0.85 [WAIT]
2026-04-04 14:34:56 | INFO |   LAL: $0.72 [WAIT] | DAL: $0.26 [SELL @ $0.85]
2026-04-04 14:34:56 | INFO |   MIN: $0.51 [SELL @ $0.85] | CHA: $0.48 [SELL @ $0.85]
2026-04-04 14:34:56 | INFO |   ORL: $0.61 [WAIT] | NOP: $0.37 [SELL @ $0.85]
2026-04-04 14:34:56 | INFO |   UTA: $0.05 [SELL @ $0.85] | OKC: $0.95 [WAIT]
2026-04-04 14:34:56 | INFO | ------------------------------------------------------------
2026-04-04 14:35:56 | INFO | Fetched 100 markets for KXNBAGAME
2026-04-04 14:35:56 | INFO | Fetched 100 markets for KXNBAGAME
2026-04-04 14:35:56 | INFO | Checking 18 pending positions for finalized markets...
2026-04-04 14:35:57 | INFO | ------------------------------------------------------------
2026-04-04 14:35:57 | INFO | NBA GAME MARKETS STATUS:
2026-04-04 14:35:57 | INFO |   NYK: $0.48 [BUY ZONE] | ATL: $0.48 [BUY ZONE]
2026-04-04 14:35:57 | INFO |   ORL: $0.38 [BUY ZONE] | DET: $0.59 [BUY ZONE]
2026-04-04 14:35:57 | INFO |   HOU: $0.58 [SELL @ $0.85] | GSW: $0.39 [SELL @ $0.85]
2026-04-04 14:35:57 | INFO |   SAC: $0.13 [SELL @ $0.85] | LAC: $0.85 [WAIT]
2026-04-04 14:35:57 | INFO |   LAL: $0.72 [WAIT] | DAL: $0.26 [SELL @ $0.85]
2026-04-04 14:35:57 | INFO |   MIN: $0.51 [SELL @ $0.85] | CHA: $0.48 [SELL @ $0.85]
2026-04-04 14:35:57 | INFO |   ORL: $0.61 [WAIT] | NOP: $0.37 [SELL @ $0.85]
2026-04-04 14:35:57 | INFO |   UTA: $0.05 [SELL @ $0.85] | OKC: $0.95 [WAIT]
2026-04-04 14:35:57 | INFO | ------------------------------------------------------------
2026-04-04 14:36:57 | INFO | Fetched 100 markets for KXNBAGAME
2026-04-04 14:36:57 | INFO | Fetched 100 markets for KXNBAGAME
2026-04-04 14:36:57 | INFO | Checking 18 pending positions for finalized markets...
2026-04-04 14:36:57 | INFO | ------------------------------------------------------------
2026-04-04 14:36:57 | INFO | NBA GAME MARKETS STATUS:
2026-04-04 14:36:57 | INFO |   NYK: $0.48 [BUY ZONE] | ATL: $0.48 [BUY ZONE]
2026-04-04 14:36:57 | INFO |   ORL: $0.38 [BUY ZONE] | DET: $0.59 [BUY ZONE]
2026-04-04 14:36:57 | INFO |   HOU: $0.58 [SELL @ $0.85] | GSW: $0.39 [SELL @ $0.85]
2026-04-04 14:36:57 | INFO |   SAC: $0.13 [SELL @ $0.85] | LAC: $0.85 [WAIT]
2026-04-04 14:36:57 | INFO |   LAL: $0.72 [WAIT] | DAL: $0.26 [SELL @ $0.85]
2026-04-04 14:36:57 | INFO |   MIN: $0.51 [SELL @ $0.85] | CHA: $0.48 [SELL @ $0.85]
2026-04-04 14:36:57 | INFO |   ORL: $0.61 [WAIT] | NOP: $0.37 [SELL @ $0.85]
2026-04-04 14:36:57 | INFO |   UTA: $0.05 [SELL @ $0.85] | OKC: $0.95 [WAIT]
2026-04-04 14:36:57 | INFO | ------------------------------------------------------------
2026-04-04 14:36:57 | INFO | ==================================================
2026-04-04 14:36:57 | INFO | SIMPLE FLIP BOT STATS
2026-04-04 14:36:57 | INFO | Runtime: 136.7 minutes
2026-04-04 14:36:57 | INFO | Balance: $88.18
2026-04-04 14:36:57 | INFO | Total positions: 18
2026-04-04 14:36:57 | INFO | Position states: {'pending_sell': 18}
2026-04-04 14:36:57 | INFO | Total trades: 18 (18 buys, 0 sells)
2026-04-04 14:36:57 | INFO | Session PnL: $0.00
2026-04-04 14:36:57 | INFO | ==================================================
2026-04-04 14:37:57 | INFO | Fetched 100 markets for KXNBAGAME
2026-04-04 14:37:57 | INFO | Fetched 100 markets for KXNBAGAME
2026-04-04 14:37:57 | INFO | Checking 18 pending positions for finalized markets...
2026-04-04 14:37:58 | INFO | ------------------------------------------------------------
2026-04-04 14:37:58 | INFO | NBA GAME MARKETS STATUS:
2026-04-04 14:37:58 | INFO |   NYK: $0.48 [BUY ZONE] | ATL: $0.48 [BUY ZONE]
2026-04-04 14:37:58 | INFO |   ORL: $0.38 [BUY ZONE] | DET: $0.59 [BUY ZONE]
2026-04-04 14:37:58 | INFO |   HOU: $0.58 [SELL @ $0.85] | GSW: $0.39 [SELL @ $0.85]
2026-04-04 14:37:58 | INFO |   SAC: $0.13 [SELL @ $0.85] | LAC: $0.85 [WAIT]
2026-04-04 14:37:58 | INFO |   LAL: $0.72 [WAIT] | DAL: $0.26 [SELL @ $0.85]
2026-04-04 14:37:58 | INFO |   MIN: $0.51 [SELL @ $0.85] | CHA: $0.48 [SELL @ $0.85]
2026-04-04 14:37:58 | INFO |   ORL: $0.61 [WAIT] | NOP: $0.37 [SELL @ $0.85]
2026-04-04 14:37:58 | INFO |   UTA: $0.05 [SELL @ $0.85] | OKC: $0.95 [WAIT]
2026-04-04 14:37:58 | INFO | ------------------------------------------------------------
2026-04-04 14:38:58 | INFO | Fetched 100 markets for KXNBAGAME
2026-04-04 14:38:58 | INFO | Fetched 100 markets for KXNBAGAME
2026-04-04 14:38:58 | INFO | Checking 18 pending positions for finalized markets...
2026-04-04 14:38:58 | INFO | ------------------------------------------------------------
2026-04-04 14:38:58 | INFO | NBA GAME MARKETS STATUS:
2026-04-04 14:38:58 | INFO |   NYK: $0.48 [BUY ZONE] | ATL: $0.48 [BUY ZONE]
2026-04-04 14:38:58 | INFO |   ORL: $0.38 [BUY ZONE] | DET: $0.59 [BUY ZONE]
2026-04-04 14:38:58 | INFO |   HOU: $0.58 [SELL @ $0.85] | GSW: $0.39 [SELL @ $0.85]
2026-04-04 14:38:58 | INFO |   SAC: $0.13 [SELL @ $0.85] | LAC: $0.85 [WAIT]
2026-04-04 14:38:58 | INFO |   LAL: $0.72 [WAIT] | DAL: $0.26 [SELL @ $0.85]
2026-04-04 14:38:58 | INFO |   MIN: $0.51 [SELL @ $0.85] | CHA: $0.48 [SELL @ $0.85]
2026-04-04 14:38:58 | INFO |   ORL: $0.61 [WAIT] | NOP: $0.37 [SELL @ $0.85]
2026-04-04 14:38:58 | INFO |   UTA: $0.05 [SELL @ $0.85] | OKC: $0.95 [WAIT]
2026-04-04 14:38:58 | INFO | ------------------------------------------------------------
2026-04-04 14:39:58 | INFO | Fetched 100 markets for KXNBAGAME
2026-04-04 14:39:58 | INFO | Fetched 100 markets for KXNBAGAME
2026-04-04 14:39:58 | INFO | Checking 18 pending positions for finalized markets...
2026-04-04 14:39:59 | INFO | ------------------------------------------------------------
2026-04-04 14:39:59 | INFO | NBA GAME MARKETS STATUS:
2026-04-04 14:39:59 | INFO |   NYK: $0.48 [BUY ZONE] | ATL: $0.48 [BUY ZONE]
2026-04-04 14:39:59 | INFO |   ORL: $0.38 [BUY ZONE] | DET: $0.59 [BUY ZONE]
2026-04-04 14:39:59 | INFO |   HOU: $0.58 [SELL @ $0.85] | GSW: $0.39 [SELL @ $0.85]
2026-04-04 14:39:59 | INFO |   SAC: $0.13 [SELL @ $0.85] | LAC: $0.85 [WAIT]
2026-04-04 14:39:59 | INFO |   LAL: $0.72 [WAIT] | DAL: $0.26 [SELL @ $0.85]
2026-04-04 14:39:59 | INFO |   MIN: $0.51 [SELL @ $0.85] | CHA: $0.48 [SELL @ $0.85]
2026-04-04 14:39:59 | INFO |   ORL: $0.61 [WAIT] | NOP: $0.37 [SELL @ $0.85]
2026-04-04 14:39:59 | INFO |   UTA: $0.05 [SELL @ $0.85] | OKC: $0.95 [WAIT]
2026-04-04 14:39:59 | INFO | ------------------------------------------------------------
2026-04-04 14:40:59 | INFO | Fetched 100 markets for KXNBAGAME
2026-04-04 14:40:59 | INFO | Fetched 100 markets for KXNBAGAME
2026-04-04 14:40:59 | INFO | Checking 18 pending positions for finalized markets...
2026-04-04 14:40:59 | INFO | ------------------------------------------------------------
2026-04-04 14:40:59 | INFO | NBA GAME MARKETS STATUS:
2026-04-04 14:40:59 | INFO |   NYK: $0.48 [BUY ZONE] | ATL: $0.48 [BUY ZONE]
2026-04-04 14:40:59 | INFO |   ORL: $0.38 [BUY ZONE] | DET: $0.59 [BUY ZONE]
2026-04-04 14:40:59 | INFO |   HOU: $0.58 [SELL @ $0.85] | GSW: $0.39 [SELL @ $0.85]
2026-04-04 14:40:59 | INFO |   SAC: $0.13 [SELL @ $0.85] | LAC: $0.85 [WAIT]
2026-04-04 14:40:59 | INFO |   LAL: $0.72 [WAIT] | DAL: $0.26 [SELL @ $0.85]
2026-04-04 14:40:59 | INFO |   MIN: $0.51 [SELL @ $0.85] | CHA: $0.48 [SELL @ $0.85]
2026-04-04 14:40:59 | INFO |   ORL: $0.61 [WAIT] | NOP: $0.37 [SELL @ $0.85]
2026-04-04 14:40:59 | INFO |   UTA: $0.05 [SELL @ $0.85] | OKC: $0.95 [WAIT]
2026-04-04 14:40:59 | INFO | ------------------------------------------------------------
2026-04-04 14:42:00 | INFO | Fetched 100 markets for KXNBAGAME
2026-04-04 14:42:00 | INFO | Fetched 100 markets for KXNBAGAME
2026-04-04 14:42:00 | INFO | Checking 18 pending positions for finalized markets...
2026-04-04 14:42:00 | INFO | ------------------------------------------------------------
2026-04-04 14:42:00 | INFO | NBA GAME MARKETS STATUS:
2026-04-04 14:42:00 | INFO |   NYK: $0.48 [BUY ZONE] | ATL: $0.48 [BUY ZONE]
2026-04-04 14:42:00 | INFO |   ORL: $0.38 [BUY ZONE] | DET: $0.59 [BUY ZONE]
2026-04-04 14:42:00 | INFO |   HOU: $0.58 [SELL @ $0.85] | GSW: $0.39 [SELL @ $0.85]
2026-04-04 14:42:00 | INFO |   SAC: $0.13 [SELL @ $0.85] | LAC: $0.85 [WAIT]
2026-04-04 14:42:00 | INFO |   LAL: $0.72 [WAIT] | DAL: $0.26 [SELL @ $0.85]
2026-04-04 14:42:00 | INFO |   MIN: $0.51 [SELL @ $0.85] | CHA: $0.48 [SELL @ $0.85]
2026-04-04 14:42:00 | INFO |   ORL: $0.61 [WAIT] | NOP: $0.37 [SELL @ $0.85]
2026-04-04 14:42:00 | INFO |   UTA: $0.05 [SELL @ $0.85] | OKC: $0.95 [WAIT]
2026-04-04 14:42:00 | INFO | ------------------------------------------------------------
2026-04-04 14:42:00 | INFO | ==================================================
2026-04-04 14:42:00 | INFO | SIMPLE FLIP BOT STATS
2026-04-04 14:42:00 | INFO | Runtime: 141.7 minutes
2026-04-04 14:42:00 | INFO | Balance: $88.18
2026-04-04 14:42:00 | INFO | Total positions: 18
2026-04-04 14:42:00 | INFO | Position states: {'pending_sell': 18}
2026-04-04 14:42:00 | INFO | Total trades: 18 (18 buys, 0 sells)
2026-04-04 14:42:00 | INFO | Session PnL: $0.00
2026-04-04 14:42:00 | INFO | ==================================================
2026-04-04 14:43:00 | INFO | Fetched 100 markets for KXNBAGAME
2026-04-04 14:43:00 | INFO | Fetched 100 markets for KXNBAGAME
2026-04-04 14:43:00 | INFO | Checking 18 pending positions for finalized markets...
2026-04-04 14:43:01 | INFO | ------------------------------------------------------------
2026-04-04 14:43:01 | INFO | NBA GAME MARKETS STATUS:
2026-04-04 14:43:01 | INFO |   NYK: $0.48 [BUY ZONE] | ATL: $0.48 [BUY ZONE]
2026-04-04 14:43:01 | INFO |   ORL: $0.38 [BUY ZONE] | DET: $0.59 [BUY ZONE]
2026-04-04 14:43:01 | INFO |   HOU: $0.58 [SELL @ $0.85] | GSW: $0.39 [SELL @ $0.85]
2026-04-04 14:43:01 | INFO |   SAC: $0.13 [SELL @ $0.85] | LAC: $0.85 [WAIT]
2026-04-04 14:43:01 | INFO |   LAL: $0.72 [WAIT] | DAL: $0.26 [SELL @ $0.85]
2026-04-04 14:43:01 | INFO |   MIN: $0.51 [SELL @ $0.85] | CHA: $0.48 [SELL @ $0.85]
2026-04-04 14:43:01 | INFO |   ORL: $0.61 [WAIT] | NOP: $0.37 [SELL @ $0.85]
2026-04-04 14:43:01 | INFO |   UTA: $0.05 [SELL @ $0.85] | OKC: $0.95 [WAIT]
2026-04-04 14:43:01 | INFO | ------------------------------------------------------------
2026-04-04 14:44:01 | INFO | Fetched 100 markets for KXNBAGAME
2026-04-04 14:44:01 | INFO | Fetched 100 markets for KXNBAGAME
2026-04-04 14:44:01 | INFO | Checking 18 pending positions for finalized markets...
2026-04-04 14:44:01 | INFO | ------------------------------------------------------------
2026-04-04 14:44:01 | INFO | NBA GAME MARKETS STATUS:
2026-04-04 14:44:01 | INFO |   NYK: $0.48 [BUY ZONE] | ATL: $0.48 [BUY ZONE]
2026-04-04 14:44:01 | INFO |   ORL: $0.38 [BUY ZONE] | DET: $0.59 [BUY ZONE]
2026-04-04 14:44:01 | INFO |   HOU: $0.58 [SELL @ $0.85] | GSW: $0.39 [SELL @ $0.85]
2026-04-04 14:44:01 | INFO |   SAC: $0.13 [SELL @ $0.85] | LAC: $0.85 [WAIT]
2026-04-04 14:44:01 | INFO |   LAL: $0.72 [WAIT] | DAL: $0.26 [SELL @ $0.85]
2026-04-04 14:44:01 | INFO |   MIN: $0.51 [SELL @ $0.85] | CHA: $0.48 [SELL @ $0.85]
2026-04-04 14:44:01 | INFO |   ORL: $0.61 [WAIT] | NOP: $0.37 [SELL @ $0.85]
2026-04-04 14:44:01 | INFO |   UTA: $0.05 [SELL @ $0.85] | OKC: $0.95 [WAIT]
2026-04-04 14:44:01 | INFO | ------------------------------------------------------------
2026-04-04 14:45:01 | INFO | Fetched 100 markets for KXNBAGAME
2026-04-04 14:45:01 | INFO | Fetched 100 markets for KXNBAGAME
2026-04-04 14:45:01 | INFO | Checking 18 pending positions for finalized markets...
2026-04-04 14:45:02 | INFO | ------------------------------------------------------------
2026-04-04 14:45:02 | INFO | NBA GAME MARKETS STATUS:
2026-04-04 14:45:02 | INFO |   NYK: $0.47 [BUY ZONE] | ATL: $0.47 [BUY ZONE]
2026-04-04 14:45:02 | INFO |   ORL: $0.35 [BUY ZONE] | DET: $0.59 [BUY ZONE]
2026-04-04 14:45:02 | INFO |   HOU: $0.58 [SELL @ $0.85] | GSW: $0.38 [SELL @ $0.85]
2026-04-04 14:45:02 | INFO |   SAC: $0.13 [SELL @ $0.85] | LAC: $0.85 [WAIT]
2026-04-04 14:45:02 | INFO |   LAL: $0.72 [WAIT] | DAL: $0.26 [SELL @ $0.85]
2026-04-04 14:45:02 | INFO |   MIN: $0.51 [SELL @ $0.85] | CHA: $0.48 [SELL @ $0.85]
2026-04-04 14:45:02 | INFO |   ORL: $0.61 [WAIT] | NOP: $0.37 [SELL @ $0.85]
2026-04-04 14:45:02 | INFO |   UTA: $0.05 [SELL @ $0.85] | OKC: $0.95 [WAIT]
2026-04-04 14:45:02 | INFO | ------------------------------------------------------------
2026-04-04 14:46:02 | INFO | Fetched 100 markets for KXNBAGAME
2026-04-04 14:46:02 | INFO | Fetched 100 markets for KXNBAGAME
2026-04-04 14:46:02 | INFO | Checking 18 pending positions for finalized markets...
2026-04-04 14:46:02 | INFO | ------------------------------------------------------------
2026-04-04 14:46:02 | INFO | NBA GAME MARKETS STATUS:
2026-04-04 14:46:02 | INFO |   NYK: $0.47 [BUY ZONE] | ATL: $0.47 [BUY ZONE]
2026-04-04 14:46:02 | INFO |   ORL: $0.36 [BUY ZONE] | DET: $0.59 [BUY ZONE]
2026-04-04 14:46:02 | INFO |   HOU: $0.58 [SELL @ $0.85] | GSW: $0.38 [SELL @ $0.85]
2026-04-04 14:46:02 | INFO |   SAC: $0.13 [SELL @ $0.85] | LAC: $0.85 [WAIT]
2026-04-04 14:46:02 | INFO |   LAL: $0.72 [WAIT] | DAL: $0.26 [SELL @ $0.85]
2026-04-04 14:46:02 | INFO |   MIN: $0.51 [SELL @ $0.85] | CHA: $0.48 [SELL @ $0.85]
2026-04-04 14:46:02 | INFO |   ORL: $0.61 [WAIT] | NOP: $0.37 [SELL @ $0.85]
2026-04-04 14:46:02 | INFO |   UTA: $0.05 [SELL @ $0.85] | OKC: $0.95 [WAIT]
2026-04-04 14:46:02 | INFO | ------------------------------------------------------------
2026-04-04 14:47:02 | INFO | Fetched 100 markets for KXNBAGAME
2026-04-04 14:47:02 | INFO | Fetched 100 markets for KXNBAGAME
2026-04-04 14:47:02 | INFO | Checking 18 pending positions for finalized markets...
2026-04-04 14:47:03 | INFO | ------------------------------------------------------------
2026-04-04 14:47:03 | INFO | NBA GAME MARKETS STATUS:
2026-04-04 14:47:03 | INFO |   NYK: $0.47 [BUY ZONE] | ATL: $0.47 [BUY ZONE]
2026-04-04 14:47:03 | INFO |   ORL: $0.36 [BUY ZONE] | DET: $0.60 [WAIT]
2026-04-04 14:47:03 | INFO |   HOU: $0.58 [SELL @ $0.85] | GSW: $0.39 [SELL @ $0.85]
2026-04-04 14:47:03 | INFO |   SAC: $0.13 [SELL @ $0.85] | LAC: $0.85 [WAIT]
2026-04-04 14:47:03 | INFO |   LAL: $0.72 [WAIT] | DAL: $0.26 [SELL @ $0.85]
2026-04-04 14:47:03 | INFO |   MIN: $0.51 [SELL @ $0.85] | CHA: $0.48 [SELL @ $0.85]
2026-04-04 14:47:03 | INFO |   ORL: $0.61 [WAIT] | NOP: $0.37 [SELL @ $0.85]
2026-04-04 14:47:03 | INFO |   UTA: $0.05 [SELL @ $0.85] | OKC: $0.95 [WAIT]
2026-04-04 14:47:03 | INFO | ------------------------------------------------------------
2026-04-04 14:47:03 | INFO | ==================================================
2026-04-04 14:47:03 | INFO | SIMPLE FLIP BOT STATS
2026-04-04 14:47:03 | INFO | Runtime: 146.8 minutes
2026-04-04 14:47:03 | INFO | Balance: $88.18
2026-04-04 14:47:03 | INFO | Total positions: 18
2026-04-04 14:47:03 | INFO | Position states: {'pending_sell': 18}
2026-04-04 14:47:03 | INFO | Total trades: 18 (18 buys, 0 sells)
2026-04-04 14:47:03 | INFO | Session PnL: $0.00
2026-04-04 14:47:03 | INFO | ==================================================
2026-04-04 14:48:03 | INFO | Fetched 100 markets for KXNBAGAME
2026-04-04 14:48:03 | INFO | Fetched 100 markets for KXNBAGAME
2026-04-04 14:48:03 | INFO | Checking 18 pending positions for finalized markets...
2026-04-04 14:48:03 | INFO | ------------------------------------------------------------
2026-04-04 14:48:03 | INFO | NBA GAME MARKETS STATUS:
2026-04-04 14:48:03 | INFO |   NYK: $0.47 [BUY ZONE] | ATL: $0.47 [BUY ZONE]
2026-04-04 14:48:03 | INFO |   ORL: $0.36 [BUY ZONE] | DET: $0.60 [WAIT]
2026-04-04 14:48:03 | INFO |   HOU: $0.58 [SELL @ $0.85] | GSW: $0.39 [SELL @ $0.85]
2026-04-04 14:48:03 | INFO |   SAC: $0.13 [SELL @ $0.85] | LAC: $0.85 [WAIT]
2026-04-04 14:48:03 | INFO |   LAL: $0.72 [WAIT] | DAL: $0.26 [SELL @ $0.85]
2026-04-04 14:48:03 | INFO |   MIN: $0.51 [SELL @ $0.85] | CHA: $0.48 [SELL @ $0.85]
2026-04-04 14:48:03 | INFO |   ORL: $0.61 [WAIT] | NOP: $0.37 [SELL @ $0.85]
2026-04-04 14:48:03 | INFO |   UTA: $0.05 [SELL @ $0.85] | OKC: $0.95 [WAIT]
2026-04-04 14:48:03 | INFO | ------------------------------------------------------------
2026-04-04 14:49:03 | INFO | Fetched 100 markets for KXNBAGAME
2026-04-04 14:49:03 | INFO | Fetched 100 markets for KXNBAGAME
2026-04-04 14:49:03 | INFO | Checking 18 pending positions for finalized markets...
2026-04-04 14:49:04 | INFO | ------------------------------------------------------------
2026-04-04 14:49:04 | INFO | NBA GAME MARKETS STATUS:
2026-04-04 14:49:04 | INFO |   NYK: $0.48 [BUY ZONE] | ATL: $0.48 [BUY ZONE]
2026-04-04 14:49:04 | INFO |   ORL: $0.36 [BUY ZONE] | DET: $0.60 [WAIT]
2026-04-04 14:49:04 | INFO |   HOU: $0.58 [SELL @ $0.85] | GSW: $0.39 [SELL @ $0.85]
2026-04-04 14:49:04 | INFO |   SAC: $0.13 [SELL @ $0.85] | LAC: $0.85 [WAIT]
2026-04-04 14:49:04 | INFO |   LAL: $0.72 [WAIT] | DAL: $0.26 [SELL @ $0.85]
2026-04-04 14:49:04 | INFO |   MIN: $0.51 [SELL @ $0.85] | CHA: $0.48 [SELL @ $0.85]
2026-04-04 14:49:04 | INFO |   ORL: $0.61 [WAIT] | NOP: $0.37 [SELL @ $0.85]
2026-04-04 14:49:04 | INFO |   UTA: $0.05 [SELL @ $0.85] | OKC: $0.95 [WAIT]
2026-04-04 14:49:04 | INFO | ------------------------------------------------------------
2026-04-04 14:50:04 | INFO | Fetched 100 markets for KXNBAGAME
2026-04-04 14:50:04 | INFO | Fetched 100 markets for KXNBAGAME
2026-04-04 14:50:04 | INFO | Checking 18 pending positions for finalized markets...
2026-04-04 14:50:04 | INFO | ------------------------------------------------------------
2026-04-04 14:50:04 | INFO | NBA GAME MARKETS STATUS:
2026-04-04 14:50:04 | INFO |   NYK: $0.48 [BUY ZONE] | ATL: $0.48 [BUY ZONE]
2026-04-04 14:50:04 | INFO |   ORL: $0.36 [BUY ZONE] | DET: $0.60 [WAIT]
2026-04-04 14:50:04 | INFO |   HOU: $0.58 [SELL @ $0.85] | GSW: $0.39 [SELL @ $0.85]
2026-04-04 14:50:04 | INFO |   SAC: $0.13 [SELL @ $0.85] | LAC: $0.85 [WAIT]
2026-04-04 14:50:04 | INFO |   LAL: $0.72 [WAIT] | DAL: $0.26 [SELL @ $0.85]
2026-04-04 14:50:04 | INFO |   MIN: $0.51 [SELL @ $0.85] | CHA: $0.48 [SELL @ $0.85]
2026-04-04 14:50:04 | INFO |   ORL: $0.61 [WAIT] | NOP: $0.37 [SELL @ $0.85]
2026-04-04 14:50:04 | INFO |   UTA: $0.05 [SELL @ $0.85] | OKC: $0.95 [WAIT]
2026-04-04 14:50:04 | INFO | ------------------------------------------------------------
2026-04-04 14:51:04 | INFO | Fetched 100 markets for KXNBAGAME
2026-04-04 14:51:04 | INFO | Fetched 100 markets for KXNBAGAME
2026-04-04 14:51:04 | INFO | Checking 18 pending positions for finalized markets...
2026-04-04 14:51:05 | INFO | ------------------------------------------------------------
2026-04-04 14:51:05 | INFO | NBA GAME MARKETS STATUS:
2026-04-04 14:51:05 | INFO |   NYK: $0.48 [BUY ZONE] | ATL: $0.48 [BUY ZONE]
2026-04-04 14:51:05 | INFO |   ORL: $0.36 [BUY ZONE] | DET: $0.60 [WAIT]
2026-04-04 14:51:05 | INFO |   HOU: $0.58 [SELL @ $0.85] | GSW: $0.39 [SELL @ $0.85]
2026-04-04 14:51:05 | INFO |   SAC: $0.13 [SELL @ $0.85] | LAC: $0.85 [WAIT]
2026-04-04 14:51:05 | INFO |   LAL: $0.72 [WAIT] | DAL: $0.26 [SELL @ $0.85]
2026-04-04 14:51:05 | INFO |   MIN: $0.51 [SELL @ $0.85] | CHA: $0.48 [SELL @ $0.85]
2026-04-04 14:51:05 | INFO |   ORL: $0.61 [WAIT] | NOP: $0.37 [SELL @ $0.85]
2026-04-04 14:51:05 | INFO |   UTA: $0.05 [SELL @ $0.85] | OKC: $0.95 [WAIT]
2026-04-04 14:51:05 | INFO | ------------------------------------------------------------
2026-04-04 14:52:05 | INFO | Fetched 100 markets for KXNBAGAME
2026-04-04 14:52:05 | INFO | Fetched 100 markets for KXNBAGAME
2026-04-04 14:52:05 | INFO | Checking 18 pending positions for finalized markets...
2026-04-04 14:52:06 | INFO | ------------------------------------------------------------
2026-04-04 14:52:06 | INFO | NBA GAME MARKETS STATUS:
2026-04-04 14:52:06 | INFO |   NYK: $0.48 [BUY ZONE] | ATL: $0.48 [BUY ZONE]
2026-04-04 14:52:06 | INFO |   ORL: $0.36 [BUY ZONE] | DET: $0.60 [WAIT]
2026-04-04 14:52:06 | INFO |   HOU: $0.59 [SELL @ $0.85] | GSW: $0.39 [SELL @ $0.85]
2026-04-04 14:52:06 | INFO |   SAC: $0.13 [SELL @ $0.85] | LAC: $0.85 [WAIT]
2026-04-04 14:52:06 | INFO |   LAL: $0.72 [WAIT] | DAL: $0.26 [SELL @ $0.85]
2026-04-04 14:52:06 | INFO |   MIN: $0.51 [SELL @ $0.85] | CHA: $0.48 [SELL @ $0.85]
2026-04-04 14:52:06 | INFO |   ORL: $0.61 [WAIT] | NOP: $0.37 [SELL @ $0.85]
2026-04-04 14:52:06 | INFO |   UTA: $0.05 [SELL @ $0.85] | OKC: $0.95 [WAIT]
2026-04-04 14:52:06 | INFO | ------------------------------------------------------------
2026-04-04 14:52:06 | INFO | ==================================================
2026-04-04 14:52:06 | INFO | SIMPLE FLIP BOT STATS
2026-04-04 14:52:06 | INFO | Runtime: 151.8 minutes
2026-04-04 14:52:06 | INFO | Balance: $88.18
2026-04-04 14:52:06 | INFO | Total positions: 18
2026-04-04 14:52:06 | INFO | Position states: {'pending_sell': 18}
2026-04-04 14:52:06 | INFO | Total trades: 18 (18 buys, 0 sells)
2026-04-04 14:52:06 | INFO | Session PnL: $0.00
2026-04-04 14:52:06 | INFO | ==================================================
2026-04-04 14:53:06 | INFO | Fetched 100 markets for KXNBAGAME
2026-04-04 14:53:06 | INFO | Fetched 100 markets for KXNBAGAME
2026-04-04 14:53:06 | INFO | Checking 18 pending positions for finalized markets...
2026-04-04 14:53:06 | INFO | ------------------------------------------------------------
2026-04-04 14:53:06 | INFO | NBA GAME MARKETS STATUS:
2026-04-04 14:53:06 | INFO |   NYK: $0.48 [BUY ZONE] | ATL: $0.48 [BUY ZONE]
2026-04-04 14:53:06 | INFO |   ORL: $0.36 [BUY ZONE] | DET: $0.60 [WAIT]
2026-04-04 14:53:06 | INFO |   HOU: $0.59 [SELL @ $0.85] | GSW: $0.39 [SELL @ $0.85]
2026-04-04 14:53:06 | INFO |   SAC: $0.13 [SELL @ $0.85] | LAC: $0.85 [WAIT]
2026-04-04 14:53:06 | INFO |   LAL: $0.72 [WAIT] | DAL: $0.26 [SELL @ $0.85]
2026-04-04 14:53:06 | INFO |   MIN: $0.51 [SELL @ $0.85] | CHA: $0.48 [SELL @ $0.85]
2026-04-04 14:53:06 | INFO |   ORL: $0.61 [WAIT] | NOP: $0.37 [SELL @ $0.85]
2026-04-04 14:53:06 | INFO |   UTA: $0.05 [SELL @ $0.85] | OKC: $0.95 [WAIT]
2026-04-04 14:53:06 | INFO | ------------------------------------------------------------
2026-04-04 14:54:06 | INFO | Fetched 100 markets for KXNBAGAME
2026-04-04 14:54:06 | INFO | Fetched 100 markets for KXNBAGAME
2026-04-04 14:54:06 | INFO | Checking 18 pending positions for finalized markets...
2026-04-04 14:54:07 | INFO | ------------------------------------------------------------
2026-04-04 14:54:07 | INFO | NBA GAME MARKETS STATUS:
2026-04-04 14:54:07 | INFO |   NYK: $0.48 [BUY ZONE] | ATL: $0.48 [BUY ZONE]
2026-04-04 14:54:07 | INFO |   ORL: $0.36 [BUY ZONE] | DET: $0.60 [WAIT]
2026-04-04 14:54:07 | INFO |   HOU: $0.59 [SELL @ $0.85] | GSW: $0.39 [SELL @ $0.85]
2026-04-04 14:54:07 | INFO |   SAC: $0.13 [SELL @ $0.85] | LAC: $0.85 [WAIT]
2026-04-04 14:54:07 | INFO |   LAL: $0.72 [WAIT] | DAL: $0.26 [SELL @ $0.85]
2026-04-04 14:54:07 | INFO |   MIN: $0.51 [SELL @ $0.85] | CHA: $0.48 [SELL @ $0.85]
2026-04-04 14:54:07 | INFO |   ORL: $0.61 [WAIT] | NOP: $0.37 [SELL @ $0.85]
2026-04-04 14:54:07 | INFO |   UTA: $0.05 [SELL @ $0.85] | OKC: $0.95 [WAIT]
2026-04-04 14:54:07 | INFO | ------------------------------------------------------------
2026-04-04 14:55:07 | INFO | Fetched 100 markets for KXNBAGAME
2026-04-04 14:55:07 | INFO | Fetched 100 markets for KXNBAGAME
2026-04-04 14:55:07 | INFO | Checking 18 pending positions for finalized markets...
2026-04-04 14:55:07 | INFO | ------------------------------------------------------------
2026-04-04 14:55:07 | INFO | NBA GAME MARKETS STATUS:
2026-04-04 14:55:07 | INFO |   NYK: $0.48 [BUY ZONE] | ATL: $0.48 [BUY ZONE]
2026-04-04 14:55:07 | INFO |   ORL: $0.36 [BUY ZONE] | DET: $0.60 [WAIT]
2026-04-04 14:55:07 | INFO |   HOU: $0.59 [SELL @ $0.85] | GSW: $0.39 [SELL @ $0.85]
2026-04-04 14:55:07 | INFO |   SAC: $0.13 [SELL @ $0.85] | LAC: $0.85 [WAIT]
2026-04-04 14:55:07 | INFO |   LAL: $0.72 [WAIT] | DAL: $0.26 [SELL @ $0.85]
2026-04-04 14:55:07 | INFO |   MIN: $0.51 [SELL @ $0.85] | CHA: $0.48 [SELL @ $0.85]
2026-04-04 14:55:07 | INFO |   ORL: $0.61 [WAIT] | NOP: $0.37 [SELL @ $0.85]
2026-04-04 14:55:07 | INFO |   UTA: $0.05 [SELL @ $0.85] | OKC: $0.95 [WAIT]
2026-04-04 14:55:07 | INFO | ------------------------------------------------------------
2026-04-04 14:56:07 | INFO | Fetched 100 markets for KXNBAGAME
2026-04-04 14:56:07 | INFO | Fetched 100 markets for KXNBAGAME
2026-04-04 14:56:07 | INFO | Checking 18 pending positions for finalized markets...
2026-04-04 14:56:08 | INFO | ------------------------------------------------------------
2026-04-04 14:56:08 | INFO | NBA GAME MARKETS STATUS:
2026-04-04 14:56:08 | INFO |   NYK: $0.48 [BUY ZONE] | ATL: $0.48 [BUY ZONE]
2026-04-04 14:56:08 | INFO |   ORL: $0.36 [BUY ZONE] | DET: $0.60 [WAIT]
2026-04-04 14:56:08 | INFO |   HOU: $0.59 [SELL @ $0.85] | GSW: $0.39 [SELL @ $0.85]
2026-04-04 14:56:08 | INFO |   SAC: $0.13 [SELL @ $0.85] | LAC: $0.85 [WAIT]
2026-04-04 14:56:08 | INFO |   LAL: $0.72 [WAIT] | DAL: $0.26 [SELL @ $0.85]
2026-04-04 14:56:08 | INFO |   MIN: $0.51 [SELL @ $0.85] | CHA: $0.48 [SELL @ $0.85]
2026-04-04 14:56:08 | INFO |   ORL: $0.61 [WAIT] | NOP: $0.37 [SELL @ $0.85]
2026-04-04 14:56:08 | INFO |   UTA: $0.05 [SELL @ $0.85] | OKC: $0.95 [WAIT]
2026-04-04 14:56:08 | INFO | ------------------------------------------------------------
2026-04-04 14:57:08 | INFO | Fetched 100 markets for KXNBAGAME
2026-04-04 14:57:08 | INFO | Fetched 100 markets for KXNBAGAME
2026-04-04 14:57:08 | INFO | Checking 18 pending positions for finalized markets...
2026-04-04 14:57:08 | INFO | ------------------------------------------------------------
2026-04-04 14:57:08 | INFO | NBA GAME MARKETS STATUS:
2026-04-04 14:57:08 | INFO |   NYK: $0.48 [BUY ZONE] | ATL: $0.48 [BUY ZONE]
2026-04-04 14:57:08 | INFO |   ORL: $0.37 [BUY ZONE] | DET: $0.60 [WAIT]
2026-04-04 14:57:08 | INFO |   HOU: $0.59 [SELL @ $0.85] | GSW: $0.39 [SELL @ $0.85]
2026-04-04 14:57:08 | INFO |   SAC: $0.13 [SELL @ $0.85] | LAC: $0.85 [WAIT]
2026-04-04 14:57:08 | INFO |   LAL: $0.72 [WAIT] | DAL: $0.26 [SELL @ $0.85]
2026-04-04 14:57:08 | INFO |   MIN: $0.51 [SELL @ $0.85] | CHA: $0.48 [SELL @ $0.85]
2026-04-04 14:57:08 | INFO |   ORL: $0.61 [WAIT] | NOP: $0.37 [SELL @ $0.85]
2026-04-04 14:57:08 | INFO |   UTA: $0.05 [SELL @ $0.85] | OKC: $0.95 [WAIT]
2026-04-04 14:57:08 | INFO | ------------------------------------------------------------
2026-04-04 14:57:08 | INFO | ==================================================
2026-04-04 14:57:08 | INFO | SIMPLE FLIP BOT STATS
2026-04-04 14:57:08 | INFO | Runtime: 156.9 minutes
2026-04-04 14:57:08 | INFO | Balance: $88.18
2026-04-04 14:57:08 | INFO | Total positions: 18
2026-04-04 14:57:08 | INFO | Position states: {'pending_sell': 18}
2026-04-04 14:57:08 | INFO | Total trades: 18 (18 buys, 0 sells)
2026-04-04 14:57:08 | INFO | Session PnL: $0.00
2026-04-04 14:57:08 | INFO | ==================================================
2026-04-04 14:58:08 | INFO | Fetched 100 markets for KXNBAGAME
2026-04-04 14:58:08 | INFO | Fetched 100 markets for KXNBAGAME
2026-04-04 14:58:08 | INFO | Checking 18 pending positions for finalized markets...
2026-04-04 14:58:09 | INFO | ------------------------------------------------------------
2026-04-04 14:58:09 | INFO | NBA GAME MARKETS STATUS:
2026-04-04 14:58:09 | INFO |   NYK: $0.48 [BUY ZONE] | ATL: $0.48 [BUY ZONE]
2026-04-04 14:58:09 | INFO |   ORL: $0.37 [BUY ZONE] | DET: $0.60 [WAIT]
2026-04-04 14:58:09 | INFO |   HOU: $0.59 [SELL @ $0.85] | GSW: $0.39 [SELL @ $0.85]
2026-04-04 14:58:09 | INFO |   SAC: $0.13 [SELL @ $0.85] | LAC: $0.85 [WAIT]
2026-04-04 14:58:09 | INFO |   LAL: $0.72 [WAIT] | DAL: $0.26 [SELL @ $0.85]
2026-04-04 14:58:09 | INFO |   MIN: $0.51 [SELL @ $0.85] | CHA: $0.48 [SELL @ $0.85]
2026-04-04 14:58:09 | INFO |   ORL: $0.61 [WAIT] | NOP: $0.37 [SELL @ $0.85]
2026-04-04 14:58:09 | INFO |   UTA: $0.05 [SELL @ $0.85] | OKC: $0.95 [WAIT]
2026-04-04 14:58:09 | INFO | ------------------------------------------------------------
2026-04-04 14:59:09 | INFO | Fetched 100 markets for KXNBAGAME
2026-04-04 14:59:09 | INFO | Fetched 100 markets for KXNBAGAME
2026-04-04 14:59:09 | INFO | Checking 18 pending positions for finalized markets...
2026-04-04 14:59:09 | INFO | ------------------------------------------------------------
2026-04-04 14:59:09 | INFO | NBA GAME MARKETS STATUS:
2026-04-04 14:59:09 | INFO |   NYK: $0.48 [BUY ZONE] | ATL: $0.48 [BUY ZONE]
2026-04-04 14:59:09 | INFO |   ORL: $0.37 [BUY ZONE] | DET: $0.60 [WAIT]
2026-04-04 14:59:09 | INFO |   HOU: $0.59 [SELL @ $0.85] | GSW: $0.39 [SELL @ $0.85]
2026-04-04 14:59:09 | INFO |   SAC: $0.13 [SELL @ $0.85] | LAC: $0.85 [WAIT]
2026-04-04 14:59:09 | INFO |   LAL: $0.72 [WAIT] | DAL: $0.26 [SELL @ $0.85]
2026-04-04 14:59:09 | INFO |   MIN: $0.51 [SELL @ $0.85] | CHA: $0.48 [SELL @ $0.85]
2026-04-04 14:59:09 | INFO |   ORL: $0.61 [WAIT] | NOP: $0.37 [SELL @ $0.85]
2026-04-04 14:59:09 | INFO |   UTA: $0.05 [SELL @ $0.85] | OKC: $0.95 [WAIT]
2026-04-04 14:59:09 | INFO | ------------------------------------------------------------
