2026-04-10 07:45:05 | INFO | CoinTrader initialized for BTC (KXBTC15M)
2026-04-10 07:45:05 | INFO | CoinTrader initialized for ETH (KXETH15M)
2026-04-10 07:45:05 | INFO | CoinTrader initialized for BNB (KXBNB15M)
2026-04-10 07:45:05 | INFO | CoinTrader initialized for SOL (KXSOL15M)
2026-04-10 07:45:05 | INFO | CoinTrader initialized for DOGE (KXDOGE15M)
2026-04-10 07:45:05 | INFO | CoinTrader initialized for XRP (KXXRP15M)
2026-04-10 07:45:05 | INFO | CoinTrader initialized for HYPE (KXHYPE15M)
2026-04-10 07:45:05 | INFO | CoinTrader initialized for ADA (KXADA15M)
2026-04-10 07:45:05 | INFO | ============================================================
2026-04-10 07:45:05 | INFO | SUPERBOT INITIALIZED - NERD v2 STRATEGY
2026-04-10 07:45:05 | INFO | Coins: ['BTC', 'ETH', 'BNB', 'SOL', 'DOGE', 'XRP', 'HYPE', 'ADA']
2026-04-10 07:45:05 | INFO | Tickers: ['KXBTC15M', 'KXETH15M', 'KXBNB15M', 'KXSOL15M', 'KXDOGE15M', 'KXXRP15M', 'KXHYPE15M', 'KXADA15M']
2026-04-10 07:45:05 | INFO | Starting balance: $34.67
2026-04-10 07:45:05 | INFO | Max positions: 3 (was 5)
2026-04-10 07:45:05 | INFO | Max bet per trade: $2.00
2026-04-10 07:45:05 | INFO | Max daily loss: $99999.00
2026-04-10 07:45:05 | INFO | Max daily trades: 9999
2026-04-10 07:45:05 | INFO | Coinbase pre-filter: poll every 10s (FREE)
2026-04-10 07:45:05 | INFO | Kalshi polling: every 30s (was 2s)
2026-04-10 07:45:05 | INFO | STRATEGY: First Cross + Momentum BOTH (let them compete)
2026-04-10 07:45:05 | INFO | ============================================================
2026-04-10 07:45:05 | INFO | Starting SMART POLLING trading loop (Recorder's approach)...
2026-04-10 07:45:05 | INFO | Report session started: 2026-04-10 07:45:05 UTC
2026-04-10 07:45:05 | WARNING | GET https://api.elections.kalshi.com/trade-api/v2/portfolio/orders got 401 - refreshing auth and retrying...
2026-04-10 07:45:05 | WARNING | GET https://api.elections.kalshi.com/trade-api/v2/portfolio/orders got 401 - refreshing auth and retrying...
2026-04-10 07:45:05 | ERROR | GET https://api.elections.kalshi.com/trade-api/v2/portfolio/orders failed after 3 attempts: 401 Client Error: Unauthorized for url: https://api.elections.kalshi.com/trade-api/v2/portfolio/orders?status=open
2026-04-10 07:45:05 | WARNING | GET https://api.elections.kalshi.com/trade-api/v2/portfolio/balance got 401 - refreshing auth and retrying...
2026-04-10 07:45:05 | WARNING | GET https://api.elections.kalshi.com/trade-api/v2/portfolio/balance got 401 - refreshing auth and retrying...
2026-04-10 07:45:05 | ERROR | GET https://api.elections.kalshi.com/trade-api/v2/portfolio/balance failed after 3 attempts: 401 Client Error: Unauthorized for url: https://api.elections.kalshi.com/trade-api/v2/portfolio/balance
2026-04-10 07:45:05 | WARNING | get_balance error: 401 Client Error: Unauthorized for url: https://api.elections.kalshi.com/trade-api/v2/portfolio/balance
2026-04-10 07:45:05 | WARNING | [CashSync] API balance failed (auth error?) - using conservative estimate $6.93 (was $34.67)
2026-04-10 07:45:05 | WARNING | !!! SIZING REDUCED !!! Cash $6.93 < $80 - reducing position sizes by 50%
2026-04-10 07:45:05 | INFO | 😴 IDLE: checked KXBTC15M (poll #1) | Day Realized P&L: $-27.74 (-8e+01%)
2026-04-10 07:45:05 | WARNING | GET https://api.elections.kalshi.com/trade-api/v2/portfolio/orders got 401 - refreshing auth and retrying...
2026-04-10 07:45:05 | WARNING | GET https://api.elections.kalshi.com/trade-api/v2/portfolio/orders got 401 - refreshing auth and retrying...
2026-04-10 07:45:05 | ERROR | GET https://api.elections.kalshi.com/trade-api/v2/portfolio/orders failed after 3 attempts: 401 Client Error: Unauthorized for url: https://api.elections.kalshi.com/trade-api/v2/portfolio/orders?status=open
2026-04-10 07:45:05 | WARNING | GET https://api.elections.kalshi.com/trade-api/v2/portfolio/balance got 401 - refreshing auth and retrying...
2026-04-10 07:45:05 | WARNING | GET https://api.elections.kalshi.com/trade-api/v2/portfolio/balance got 401 - refreshing auth and retrying...
2026-04-10 07:45:05 | ERROR | GET https://api.elections.kalshi.com/trade-api/v2/portfolio/balance failed after 3 attempts: 401 Client Error: Unauthorized for url: https://api.elections.kalshi.com/trade-api/v2/portfolio/balance
2026-04-10 07:45:05 | WARNING | get_balance error: 401 Client Error: Unauthorized for url: https://api.elections.kalshi.com/trade-api/v2/portfolio/balance
2026-04-10 07:45:05 | WARNING | [CashSync] API balance failed (auth error?) - using conservative estimate $5.00 (was $6.93)
2026-04-10 07:45:36 | INFO | Status: cash=$5.00, positions=0, loop=2, active_series=['KXDOGE15M', 'KXBTC15M', 'KXXRP15M', 'KXETH15M', 'KXSOL15M', 'KXHYPE15M', 'KXBNB15M']
2026-04-10 07:45:36 | INFO | Day Realized P&L: $-29.67 (-85.6%) / -$99999.00 daily stop-loss limit
2026-04-10 07:45:36 | INFO | Coins: BTC: idle | ETH: idle | BNB: idle | SOL: idle | DOGE: idle | XRP: idle | HYPE: idle | ADA: idle
2026-04-10 07:45:36 | WARNING | GET https://api.elections.kalshi.com/trade-api/v2/portfolio/balance got 401 - refreshing auth and retrying...
2026-04-10 07:45:36 | WARNING | GET https://api.elections.kalshi.com/trade-api/v2/portfolio/balance got 401 - refreshing auth and retrying...
2026-04-10 07:45:36 | ERROR | GET https://api.elections.kalshi.com/trade-api/v2/portfolio/balance failed after 3 attempts: 401 Client Error: Unauthorized for url: https://api.elections.kalshi.com/trade-api/v2/portfolio/balance
2026-04-10 07:45:36 | WARNING | get_balance error: 401 Client Error: Unauthorized for url: https://api.elections.kalshi.com/trade-api/v2/portfolio/balance
2026-04-10 07:45:36 | INFO | JSON summary saved to /home/ubuntu/.openclaw/workspace/workers/superbot/report.json
2026-04-10 07:45:36 | WARNING | GET https://api.elections.kalshi.com/trade-api/v2/portfolio/orders got 401 - refreshing auth and retrying...
2026-04-10 07:45:36 | WARNING | GET https://api.elections.kalshi.com/trade-api/v2/portfolio/orders got 401 - refreshing auth and retrying...
2026-04-10 07:45:36 | ERROR | GET https://api.elections.kalshi.com/trade-api/v2/portfolio/orders failed after 3 attempts: 401 Client Error: Unauthorized for url: https://api.elections.kalshi.com/trade-api/v2/portfolio/orders?status=open
2026-04-10 07:45:36 | WARNING | GET https://api.elections.kalshi.com/trade-api/v2/portfolio/balance got 401 - refreshing auth and retrying...
2026-04-10 07:45:36 | WARNING | GET https://api.elections.kalshi.com/trade-api/v2/portfolio/balance got 401 - refreshing auth and retrying...
2026-04-10 07:45:36 | ERROR | GET https://api.elections.kalshi.com/trade-api/v2/portfolio/balance failed after 3 attempts: 401 Client Error: Unauthorized for url: https://api.elections.kalshi.com/trade-api/v2/portfolio/balance
2026-04-10 07:45:36 | WARNING | get_balance error: 401 Client Error: Unauthorized for url: https://api.elections.kalshi.com/trade-api/v2/portfolio/balance
2026-04-10 07:45:36 | WARNING | [CashSync] API balance failed (auth error?) - using conservative estimate $5.00 (was $5.00)
2026-04-10 07:46:06 | INFO | Status: cash=$5.00, positions=0, loop=3, active_series=['KXDOGE15M', 'KXBTC15M', 'KXXRP15M', 'KXETH15M', 'KXSOL15M', 'KXHYPE15M', 'KXBNB15M']
2026-04-10 07:46:06 | INFO | Day Realized P&L: $-29.67 (-85.6%) / -$99999.00 daily stop-loss limit
2026-04-10 07:46:06 | INFO | Coins: BTC: idle | ETH: idle | BNB: idle | SOL: idle | DOGE: idle | XRP: idle | HYPE: idle | ADA: idle
2026-04-10 07:46:06 | WARNING | GET https://api.elections.kalshi.com/trade-api/v2/portfolio/balance got 401 - refreshing auth and retrying...
2026-04-10 07:46:06 | WARNING | GET https://api.elections.kalshi.com/trade-api/v2/portfolio/balance got 401 - refreshing auth and retrying...
2026-04-10 07:46:06 | ERROR | GET https://api.elections.kalshi.com/trade-api/v2/portfolio/balance failed after 3 attempts: 401 Client Error: Unauthorized for url: https://api.elections.kalshi.com/trade-api/v2/portfolio/balance
2026-04-10 07:46:06 | WARNING | get_balance error: 401 Client Error: Unauthorized for url: https://api.elections.kalshi.com/trade-api/v2/portfolio/balance
2026-04-10 07:46:06 | INFO | JSON summary saved to /home/ubuntu/.openclaw/workspace/workers/superbot/report.json
2026-04-10 07:46:06 | WARNING | GET https://api.elections.kalshi.com/trade-api/v2/portfolio/orders got 401 - refreshing auth and retrying...
2026-04-10 07:46:06 | WARNING | GET https://api.elections.kalshi.com/trade-api/v2/portfolio/orders got 401 - refreshing auth and retrying...
2026-04-10 07:46:06 | ERROR | GET https://api.elections.kalshi.com/trade-api/v2/portfolio/orders failed after 3 attempts: 401 Client Error: Unauthorized for url: https://api.elections.kalshi.com/trade-api/v2/portfolio/orders?status=open
2026-04-10 07:46:06 | WARNING | GET https://api.elections.kalshi.com/trade-api/v2/portfolio/balance got 401 - refreshing auth and retrying...
2026-04-10 07:46:06 | WARNING | GET https://api.elections.kalshi.com/trade-api/v2/portfolio/balance got 401 - refreshing auth and retrying...
2026-04-10 07:46:06 | ERROR | GET https://api.elections.kalshi.com/trade-api/v2/portfolio/balance failed after 3 attempts: 401 Client Error: Unauthorized for url: https://api.elections.kalshi.com/trade-api/v2/portfolio/balance
2026-04-10 07:46:06 | WARNING | get_balance error: 401 Client Error: Unauthorized for url: https://api.elections.kalshi.com/trade-api/v2/portfolio/balance
2026-04-10 07:46:06 | WARNING | [CashSync] API balance failed (auth error?) - using conservative estimate $5.00 (was $5.00)
2026-04-10 07:46:36 | INFO | Status: cash=$5.00, positions=0, loop=4, active_series=['KXDOGE15M', 'KXBTC15M', 'KXXRP15M', 'KXETH15M', 'KXSOL15M', 'KXHYPE15M', 'KXBNB15M']
2026-04-10 07:46:36 | INFO | Day Realized P&L: $-29.67 (-85.6%) / -$99999.00 daily stop-loss limit
2026-04-10 07:46:36 | INFO | Coins: BTC: idle | ETH: idle | BNB: idle | SOL: idle | DOGE: idle | XRP: idle | HYPE: idle | ADA: idle
2026-04-10 07:46:36 | WARNING | GET https://api.elections.kalshi.com/trade-api/v2/portfolio/balance got 401 - refreshing auth and retrying...
2026-04-10 07:46:36 | WARNING | GET https://api.elections.kalshi.com/trade-api/v2/portfolio/balance got 401 - refreshing auth and retrying...
2026-04-10 07:46:36 | ERROR | GET https://api.elections.kalshi.com/trade-api/v2/portfolio/balance failed after 3 attempts: 401 Client Error: Unauthorized for url: https://api.elections.kalshi.com/trade-api/v2/portfolio/balance
2026-04-10 07:46:36 | WARNING | get_balance error: 401 Client Error: Unauthorized for url: https://api.elections.kalshi.com/trade-api/v2/portfolio/balance
2026-04-10 07:46:36 | INFO | JSON summary saved to /home/ubuntu/.openclaw/workspace/workers/superbot/report.json
2026-04-10 07:46:36 | WARNING | GET https://api.elections.kalshi.com/trade-api/v2/portfolio/orders got 401 - refreshing auth and retrying...
2026-04-10 07:46:37 | WARNING | GET https://api.elections.kalshi.com/trade-api/v2/portfolio/orders got 401 - refreshing auth and retrying...
2026-04-10 07:46:37 | ERROR | GET https://api.elections.kalshi.com/trade-api/v2/portfolio/orders failed after 3 attempts: 401 Client Error: Unauthorized for url: https://api.elections.kalshi.com/trade-api/v2/portfolio/orders?status=open
2026-04-10 07:46:37 | WARNING | GET https://api.elections.kalshi.com/trade-api/v2/portfolio/balance got 401 - refreshing auth and retrying...
2026-04-10 07:46:37 | WARNING | GET https://api.elections.kalshi.com/trade-api/v2/portfolio/balance got 401 - refreshing auth and retrying...
2026-04-10 07:46:37 | ERROR | GET https://api.elections.kalshi.com/trade-api/v2/portfolio/balance failed after 3 attempts: 401 Client Error: Unauthorized for url: https://api.elections.kalshi.com/trade-api/v2/portfolio/balance
2026-04-10 07:46:37 | WARNING | get_balance error: 401 Client Error: Unauthorized for url: https://api.elections.kalshi.com/trade-api/v2/portfolio/balance
2026-04-10 07:46:37 | WARNING | [CashSync] API balance failed (auth error?) - using conservative estimate $5.00 (was $5.00)
2026-04-10 07:47:07 | INFO | Status: cash=$5.00, positions=0, loop=5, active_series=['KXDOGE15M', 'KXBTC15M', 'KXXRP15M', 'KXETH15M', 'KXSOL15M', 'KXHYPE15M', 'KXBNB15M']
2026-04-10 07:47:07 | INFO | Day Realized P&L: $-29.67 (-85.6%) / -$99999.00 daily stop-loss limit
2026-04-10 07:47:07 | INFO | Coins: BTC: idle | ETH: idle | BNB: idle | SOL: idle | DOGE: idle | XRP: idle | HYPE: idle | ADA: idle
2026-04-10 07:47:07 | WARNING | GET https://api.elections.kalshi.com/trade-api/v2/portfolio/balance got 401 - refreshing auth and retrying...
2026-04-10 07:47:07 | WARNING | GET https://api.elections.kalshi.com/trade-api/v2/portfolio/balance got 401 - refreshing auth and retrying...
2026-04-10 07:47:07 | ERROR | GET https://api.elections.kalshi.com/trade-api/v2/portfolio/balance failed after 3 attempts: 401 Client Error: Unauthorized for url: https://api.elections.kalshi.com/trade-api/v2/portfolio/balance
2026-04-10 07:47:07 | WARNING | get_balance error: 401 Client Error: Unauthorized for url: https://api.elections.kalshi.com/trade-api/v2/portfolio/balance
2026-04-10 07:47:07 | INFO | JSON summary saved to /home/ubuntu/.openclaw/workspace/workers/superbot/report.json
2026-04-10 07:47:07 | WARNING | GET https://api.elections.kalshi.com/trade-api/v2/portfolio/orders got 401 - refreshing auth and retrying...
2026-04-10 07:47:07 | WARNING | GET https://api.elections.kalshi.com/trade-api/v2/portfolio/orders got 401 - refreshing auth and retrying...
2026-04-10 07:47:07 | ERROR | GET https://api.elections.kalshi.com/trade-api/v2/portfolio/orders failed after 3 attempts: 401 Client Error: Unauthorized for url: https://api.elections.kalshi.com/trade-api/v2/portfolio/orders?status=open
2026-04-10 07:47:07 | WARNING | GET https://api.elections.kalshi.com/trade-api/v2/portfolio/balance got 401 - refreshing auth and retrying...
2026-04-10 07:47:07 | WARNING | GET https://api.elections.kalshi.com/trade-api/v2/portfolio/balance got 401 - refreshing auth and retrying...
2026-04-10 07:47:07 | ERROR | GET https://api.elections.kalshi.com/trade-api/v2/portfolio/balance failed after 3 attempts: 401 Client Error: Unauthorized for url: https://api.elections.kalshi.com/trade-api/v2/portfolio/balance
2026-04-10 07:47:07 | WARNING | get_balance error: 401 Client Error: Unauthorized for url: https://api.elections.kalshi.com/trade-api/v2/portfolio/balance
2026-04-10 07:47:07 | WARNING | [CashSync] API balance failed (auth error?) - using conservative estimate $5.00 (was $5.00)
2026-04-10 07:47:37 | INFO | Status: cash=$5.00, positions=0, loop=6, active_series=['KXDOGE15M', 'KXBTC15M', 'KXXRP15M', 'KXETH15M', 'KXSOL15M', 'KXHYPE15M', 'KXBNB15M']
2026-04-10 07:47:37 | INFO | Day Realized P&L: $-29.67 (-85.6%) / -$99999.00 daily stop-loss limit
2026-04-10 07:47:37 | INFO | Coins: BTC: idle | ETH: idle | BNB: idle | SOL: idle | DOGE: idle | XRP: idle | HYPE: idle | ADA: idle
2026-04-10 07:47:37 | WARNING | GET https://api.elections.kalshi.com/trade-api/v2/portfolio/balance got 401 - refreshing auth and retrying...
2026-04-10 07:47:37 | WARNING | GET https://api.elections.kalshi.com/trade-api/v2/portfolio/balance got 401 - refreshing auth and retrying...
2026-04-10 07:47:37 | ERROR | GET https://api.elections.kalshi.com/trade-api/v2/portfolio/balance failed after 3 attempts: 401 Client Error: Unauthorized for url: https://api.elections.kalshi.com/trade-api/v2/portfolio/balance
2026-04-10 07:47:37 | WARNING | get_balance error: 401 Client Error: Unauthorized for url: https://api.elections.kalshi.com/trade-api/v2/portfolio/balance
2026-04-10 07:47:37 | INFO | JSON summary saved to /home/ubuntu/.openclaw/workspace/workers/superbot/report.json
2026-04-10 07:47:37 | WARNING | GET https://api.elections.kalshi.com/trade-api/v2/portfolio/orders got 401 - refreshing auth and retrying...
2026-04-10 07:47:37 | WARNING | GET https://api.elections.kalshi.com/trade-api/v2/portfolio/orders got 401 - refreshing auth and retrying...
2026-04-10 07:47:37 | ERROR | GET https://api.elections.kalshi.com/trade-api/v2/portfolio/orders failed after 3 attempts: 401 Client Error: Unauthorized for url: https://api.elections.kalshi.com/trade-api/v2/portfolio/orders?status=open
2026-04-10 07:47:37 | WARNING | GET https://api.elections.kalshi.com/trade-api/v2/portfolio/balance got 401 - refreshing auth and retrying...
2026-04-10 07:47:38 | WARNING | GET https://api.elections.kalshi.com/trade-api/v2/portfolio/balance got 401 - refreshing auth and retrying...
2026-04-10 07:47:38 | ERROR | GET https://api.elections.kalshi.com/trade-api/v2/portfolio/balance failed after 3 attempts: 401 Client Error: Unauthorized for url: https://api.elections.kalshi.com/trade-api/v2/portfolio/balance
2026-04-10 07:47:38 | WARNING | get_balance error: 401 Client Error: Unauthorized for url: https://api.elections.kalshi.com/trade-api/v2/portfolio/balance
2026-04-10 07:47:38 | WARNING | [CashSync] API balance failed (auth error?) - using conservative estimate $5.00 (was $5.00)
2026-04-10 07:48:08 | INFO | Status: cash=$5.00, positions=0, loop=7, active_series=['KXDOGE15M', 'KXBTC15M', 'KXXRP15M', 'KXETH15M', 'KXSOL15M', 'KXHYPE15M', 'KXBNB15M']
2026-04-10 07:48:08 | INFO | Day Realized P&L: $-29.67 (-85.6%) / -$99999.00 daily stop-loss limit
2026-04-10 07:48:08 | INFO | Coins: BTC: idle | ETH: idle | BNB: idle | SOL: idle | DOGE: idle | XRP: idle | HYPE: idle | ADA: idle
2026-04-10 07:48:08 | WARNING | GET https://api.elections.kalshi.com/trade-api/v2/portfolio/balance got 401 - refreshing auth and retrying...
2026-04-10 07:48:08 | WARNING | GET https://api.elections.kalshi.com/trade-api/v2/portfolio/balance got 401 - refreshing auth and retrying...
2026-04-10 07:48:08 | ERROR | GET https://api.elections.kalshi.com/trade-api/v2/portfolio/balance failed after 3 attempts: 401 Client Error: Unauthorized for url: https://api.elections.kalshi.com/trade-api/v2/portfolio/balance
2026-04-10 07:48:08 | WARNING | get_balance error: 401 Client Error: Unauthorized for url: https://api.elections.kalshi.com/trade-api/v2/portfolio/balance
2026-04-10 07:48:08 | INFO | JSON summary saved to /home/ubuntu/.openclaw/workspace/workers/superbot/report.json
2026-04-10 07:48:08 | WARNING | GET https://api.elections.kalshi.com/trade-api/v2/portfolio/orders got 401 - refreshing auth and retrying...
2026-04-10 07:48:08 | WARNING | GET https://api.elections.kalshi.com/trade-api/v2/portfolio/orders got 401 - refreshing auth and retrying...
2026-04-10 07:48:08 | ERROR | GET https://api.elections.kalshi.com/trade-api/v2/portfolio/orders failed after 3 attempts: 401 Client Error: Unauthorized for url: https://api.elections.kalshi.com/trade-api/v2/portfolio/orders?status=open
2026-04-10 07:48:08 | WARNING | GET https://api.elections.kalshi.com/trade-api/v2/portfolio/balance got 401 - refreshing auth and retrying...
2026-04-10 07:48:08 | WARNING | GET https://api.elections.kalshi.com/trade-api/v2/portfolio/balance got 401 - refreshing auth and retrying...
2026-04-10 07:48:08 | ERROR | GET https://api.elections.kalshi.com/trade-api/v2/portfolio/balance failed after 3 attempts: 401 Client Error: Unauthorized for url: https://api.elections.kalshi.com/trade-api/v2/portfolio/balance
2026-04-10 07:48:08 | WARNING | get_balance error: 401 Client Error: Unauthorized for url: https://api.elections.kalshi.com/trade-api/v2/portfolio/balance
2026-04-10 07:48:08 | WARNING | [CashSync] API balance failed (auth error?) - using conservative estimate $5.00 (was $5.00)
2026-04-10 07:48:38 | INFO | Status: cash=$5.00, positions=0, loop=8, active_series=['KXDOGE15M', 'KXBTC15M', 'KXXRP15M', 'KXETH15M', 'KXSOL15M', 'KXHYPE15M', 'KXBNB15M']
2026-04-10 07:48:38 | INFO | Day Realized P&L: $-29.67 (-85.6%) / -$99999.00 daily stop-loss limit
2026-04-10 07:48:38 | INFO | Coins: BTC: idle | ETH: idle | BNB: idle | SOL: idle | DOGE: idle | XRP: idle | HYPE: idle | ADA: idle
2026-04-10 07:48:38 | WARNING | GET https://api.elections.kalshi.com/trade-api/v2/portfolio/balance got 401 - refreshing auth and retrying...
2026-04-10 07:48:38 | WARNING | GET https://api.elections.kalshi.com/trade-api/v2/portfolio/balance got 401 - refreshing auth and retrying...
2026-04-10 07:48:38 | ERROR | GET https://api.elections.kalshi.com/trade-api/v2/portfolio/balance failed after 3 attempts: 401 Client Error: Unauthorized for url: https://api.elections.kalshi.com/trade-api/v2/portfolio/balance
2026-04-10 07:48:38 | WARNING | get_balance error: 401 Client Error: Unauthorized for url: https://api.elections.kalshi.com/trade-api/v2/portfolio/balance
2026-04-10 07:48:38 | INFO | JSON summary saved to /home/ubuntu/.openclaw/workspace/workers/superbot/report.json
2026-04-10 07:48:38 | WARNING | GET https://api.elections.kalshi.com/trade-api/v2/portfolio/orders got 401 - refreshing auth and retrying...
2026-04-10 07:48:38 | WARNING | GET https://api.elections.kalshi.com/trade-api/v2/portfolio/orders got 401 - refreshing auth and retrying...
2026-04-10 07:48:38 | ERROR | GET https://api.elections.kalshi.com/trade-api/v2/portfolio/orders failed after 3 attempts: 401 Client Error: Unauthorized for url: https://api.elections.kalshi.com/trade-api/v2/portfolio/orders?status=open
2026-04-10 07:48:38 | WARNING | GET https://api.elections.kalshi.com/trade-api/v2/portfolio/balance got 401 - refreshing auth and retrying...
2026-04-10 07:48:38 | WARNING | GET https://api.elections.kalshi.com/trade-api/v2/portfolio/balance got 401 - refreshing auth and retrying...
2026-04-10 07:48:38 | ERROR | GET https://api.elections.kalshi.com/trade-api/v2/portfolio/balance failed after 3 attempts: 401 Client Error: Unauthorized for url: https://api.elections.kalshi.com/trade-api/v2/portfolio/balance
2026-04-10 07:48:38 | WARNING | get_balance error: 401 Client Error: Unauthorized for url: https://api.elections.kalshi.com/trade-api/v2/portfolio/balance
2026-04-10 07:48:38 | WARNING | [CashSync] API balance failed (auth error?) - using conservative estimate $5.00 (was $5.00)
2026-04-10 07:49:08 | INFO | Status: cash=$5.00, positions=0, loop=9, active_series=['KXDOGE15M', 'KXBTC15M', 'KXXRP15M', 'KXETH15M', 'KXSOL15M', 'KXHYPE15M', 'KXBNB15M']
2026-04-10 07:49:08 | INFO | Day Realized P&L: $-29.67 (-85.6%) / -$99999.00 daily stop-loss limit
2026-04-10 07:49:08 | INFO | Coins: BTC: idle | ETH: idle | BNB: idle | SOL: idle | DOGE: idle | XRP: idle | HYPE: idle | ADA: idle
2026-04-10 07:49:09 | WARNING | GET https://api.elections.kalshi.com/trade-api/v2/portfolio/balance got 401 - refreshing auth and retrying...
2026-04-10 07:49:09 | WARNING | GET https://api.elections.kalshi.com/trade-api/v2/portfolio/balance got 401 - refreshing auth and retrying...
2026-04-10 07:49:09 | ERROR | GET https://api.elections.kalshi.com/trade-api/v2/portfolio/balance failed after 3 attempts: 401 Client Error: Unauthorized for url: https://api.elections.kalshi.com/trade-api/v2/portfolio/balance
2026-04-10 07:49:09 | WARNING | get_balance error: 401 Client Error: Unauthorized for url: https://api.elections.kalshi.com/trade-api/v2/portfolio/balance
2026-04-10 07:49:09 | INFO | JSON summary saved to /home/ubuntu/.openclaw/workspace/workers/superbot/report.json
2026-04-10 07:49:09 | WARNING | GET https://api.elections.kalshi.com/trade-api/v2/portfolio/orders got 401 - refreshing auth and retrying...
2026-04-10 07:49:09 | WARNING | GET https://api.elections.kalshi.com/trade-api/v2/portfolio/orders got 401 - refreshing auth and retrying...
2026-04-10 07:49:09 | ERROR | GET https://api.elections.kalshi.com/trade-api/v2/portfolio/orders failed after 3 attempts: 401 Client Error: Unauthorized for url: https://api.elections.kalshi.com/trade-api/v2/portfolio/orders?status=open
2026-04-10 07:49:09 | WARNING | GET https://api.elections.kalshi.com/trade-api/v2/portfolio/balance got 401 - refreshing auth and retrying...
2026-04-10 07:49:09 | WARNING | GET https://api.elections.kalshi.com/trade-api/v2/portfolio/balance got 401 - refreshing auth and retrying...
2026-04-10 07:49:09 | ERROR | GET https://api.elections.kalshi.com/trade-api/v2/portfolio/balance failed after 3 attempts: 401 Client Error: Unauthorized for url: https://api.elections.kalshi.com/trade-api/v2/portfolio/balance
2026-04-10 07:49:09 | WARNING | get_balance error: 401 Client Error: Unauthorized for url: https://api.elections.kalshi.com/trade-api/v2/portfolio/balance
2026-04-10 07:49:09 | WARNING | [CashSync] API balance failed (auth error?) - using conservative estimate $5.00 (was $5.00)
2026-04-10 07:49:39 | INFO | Status: cash=$5.00, positions=0, loop=10, active_series=['KXDOGE15M', 'KXBTC15M', 'KXXRP15M', 'KXETH15M', 'KXSOL15M', 'KXHYPE15M', 'KXBNB15M']
2026-04-10 07:49:39 | INFO | Day Realized P&L: $-29.67 (-85.6%) / -$99999.00 daily stop-loss limit
2026-04-10 07:49:39 | INFO | Coins: BTC: idle | ETH: idle | BNB: idle | SOL: idle | DOGE: idle | XRP: idle | HYPE: idle | ADA: idle
2026-04-10 07:49:39 | WARNING | GET https://api.elections.kalshi.com/trade-api/v2/portfolio/balance got 401 - refreshing auth and retrying...
2026-04-10 07:49:39 | WARNING | GET https://api.elections.kalshi.com/trade-api/v2/portfolio/balance got 401 - refreshing auth and retrying...
2026-04-10 07:49:39 | ERROR | GET https://api.elections.kalshi.com/trade-api/v2/portfolio/balance failed after 3 attempts: 401 Client Error: Unauthorized for url: https://api.elections.kalshi.com/trade-api/v2/portfolio/balance
2026-04-10 07:49:39 | WARNING | get_balance error: 401 Client Error: Unauthorized for url: https://api.elections.kalshi.com/trade-api/v2/portfolio/balance
2026-04-10 07:49:39 | INFO | JSON summary saved to /home/ubuntu/.openclaw/workspace/workers/superbot/report.json
2026-04-10 07:49:39 | WARNING | GET https://api.elections.kalshi.com/trade-api/v2/portfolio/orders got 401 - refreshing auth and retrying...
2026-04-10 07:49:39 | WARNING | GET https://api.elections.kalshi.com/trade-api/v2/portfolio/orders got 401 - refreshing auth and retrying...
2026-04-10 07:49:39 | ERROR | GET https://api.elections.kalshi.com/trade-api/v2/portfolio/orders failed after 3 attempts: 401 Client Error: Unauthorized for url: https://api.elections.kalshi.com/trade-api/v2/portfolio/orders?status=open
2026-04-10 07:49:39 | WARNING | GET https://api.elections.kalshi.com/trade-api/v2/portfolio/balance got 401 - refreshing auth and retrying...
2026-04-10 07:49:39 | WARNING | GET https://api.elections.kalshi.com/trade-api/v2/portfolio/balance got 401 - refreshing auth and retrying...
2026-04-10 07:49:39 | ERROR | GET https://api.elections.kalshi.com/trade-api/v2/portfolio/balance failed after 3 attempts: 401 Client Error: Unauthorized for url: https://api.elections.kalshi.com/trade-api/v2/portfolio/balance
2026-04-10 07:49:39 | WARNING | get_balance error: 401 Client Error: Unauthorized for url: https://api.elections.kalshi.com/trade-api/v2/portfolio/balance
2026-04-10 07:49:39 | WARNING | [CashSync] API balance failed (auth error?) - using conservative estimate $5.00 (was $5.00)
2026-04-10 07:50:09 | INFO | Status: cash=$5.00, positions=0, loop=11, active_series=['KXDOGE15M', 'KXBTC15M', 'KXXRP15M', 'KXETH15M', 'KXSOL15M', 'KXHYPE15M', 'KXBNB15M']
2026-04-10 07:50:09 | INFO | Day Realized P&L: $-29.67 (-85.6%) / -$99999.00 daily stop-loss limit
2026-04-10 07:50:09 | INFO | Coins: BTC: idle | ETH: idle | BNB: idle | SOL: idle | DOGE: idle | XRP: idle | HYPE: idle | ADA: idle
2026-04-10 07:50:09 | WARNING | GET https://api.elections.kalshi.com/trade-api/v2/portfolio/balance got 401 - refreshing auth and retrying...
2026-04-10 07:50:09 | WARNING | GET https://api.elections.kalshi.com/trade-api/v2/portfolio/balance got 401 - refreshing auth and retrying...
2026-04-10 07:50:09 | ERROR | GET https://api.elections.kalshi.com/trade-api/v2/portfolio/balance failed after 3 attempts: 401 Client Error: Unauthorized for url: https://api.elections.kalshi.com/trade-api/v2/portfolio/balance
2026-04-10 07:50:09 | WARNING | get_balance error: 401 Client Error: Unauthorized for url: https://api.elections.kalshi.com/trade-api/v2/portfolio/balance
2026-04-10 07:50:09 | INFO | JSON summary saved to /home/ubuntu/.openclaw/workspace/workers/superbot/report.json
2026-04-10 07:50:09 | WARNING | GET https://api.elections.kalshi.com/trade-api/v2/portfolio/orders got 401 - refreshing auth and retrying...
2026-04-10 07:50:09 | WARNING | GET https://api.elections.kalshi.com/trade-api/v2/portfolio/orders got 401 - refreshing auth and retrying...
2026-04-10 07:50:10 | ERROR | GET https://api.elections.kalshi.com/trade-api/v2/portfolio/orders failed after 3 attempts: 401 Client Error: Unauthorized for url: https://api.elections.kalshi.com/trade-api/v2/portfolio/orders?status=open
2026-04-10 07:50:10 | WARNING | GET https://api.elections.kalshi.com/trade-api/v2/portfolio/balance got 401 - refreshing auth and retrying...
2026-04-10 07:50:10 | WARNING | GET https://api.elections.kalshi.com/trade-api/v2/portfolio/balance got 401 - refreshing auth and retrying...
2026-04-10 07:50:10 | ERROR | GET https://api.elections.kalshi.com/trade-api/v2/portfolio/balance failed after 3 attempts: 401 Client Error: Unauthorized for url: https://api.elections.kalshi.com/trade-api/v2/portfolio/balance
2026-04-10 07:50:10 | WARNING | get_balance error: 401 Client Error: Unauthorized for url: https://api.elections.kalshi.com/trade-api/v2/portfolio/balance
2026-04-10 07:50:10 | WARNING | [CashSync] API balance failed (auth error?) - using conservative estimate $5.00 (was $5.00)
2026-04-10 07:50:40 | INFO | Status: cash=$5.00, positions=0, loop=12, active_series=['KXDOGE15M', 'KXBTC15M', 'KXXRP15M', 'KXETH15M', 'KXSOL15M', 'KXHYPE15M', 'KXBNB15M']
2026-04-10 07:50:40 | INFO | Day Realized P&L: $-29.67 (-85.6%) / -$99999.00 daily stop-loss limit
2026-04-10 07:50:40 | INFO | Coins: BTC: idle | ETH: idle | BNB: idle | SOL: idle | DOGE: idle | XRP: idle | HYPE: idle | ADA: idle
2026-04-10 07:50:40 | WARNING | GET https://api.elections.kalshi.com/trade-api/v2/portfolio/balance got 401 - refreshing auth and retrying...
2026-04-10 07:50:40 | WARNING | GET https://api.elections.kalshi.com/trade-api/v2/portfolio/balance got 401 - refreshing auth and retrying...
2026-04-10 07:50:40 | ERROR | GET https://api.elections.kalshi.com/trade-api/v2/portfolio/balance failed after 3 attempts: 401 Client Error: Unauthorized for url: https://api.elections.kalshi.com/trade-api/v2/portfolio/balance
2026-04-10 07:50:40 | WARNING | get_balance error: 401 Client Error: Unauthorized for url: https://api.elections.kalshi.com/trade-api/v2/portfolio/balance
2026-04-10 07:50:40 | INFO | JSON summary saved to /home/ubuntu/.openclaw/workspace/workers/superbot/report.json
2026-04-10 07:50:40 | WARNING | GET https://api.elections.kalshi.com/trade-api/v2/portfolio/orders got 401 - refreshing auth and retrying...
2026-04-10 07:50:40 | WARNING | GET https://api.elections.kalshi.com/trade-api/v2/portfolio/orders got 401 - refreshing auth and retrying...
2026-04-10 07:50:40 | ERROR | GET https://api.elections.kalshi.com/trade-api/v2/portfolio/orders failed after 3 attempts: 401 Client Error: Unauthorized for url: https://api.elections.kalshi.com/trade-api/v2/portfolio/orders?status=open
2026-04-10 07:50:40 | WARNING | GET https://api.elections.kalshi.com/trade-api/v2/portfolio/balance got 401 - refreshing auth and retrying...
2026-04-10 07:50:40 | WARNING | GET https://api.elections.kalshi.com/trade-api/v2/portfolio/balance got 401 - refreshing auth and retrying...
2026-04-10 07:50:40 | ERROR | GET https://api.elections.kalshi.com/trade-api/v2/portfolio/balance failed after 3 attempts: 401 Client Error: Unauthorized for url: https://api.elections.kalshi.com/trade-api/v2/portfolio/balance
2026-04-10 07:50:40 | WARNING | get_balance error: 401 Client Error: Unauthorized for url: https://api.elections.kalshi.com/trade-api/v2/portfolio/balance
2026-04-10 07:50:40 | WARNING | [CashSync] API balance failed (auth error?) - using conservative estimate $5.00 (was $5.00)
2026-04-10 07:51:10 | INFO | Status: cash=$5.00, positions=0, loop=13, active_series=['KXDOGE15M', 'KXBTC15M', 'KXXRP15M', 'KXETH15M', 'KXSOL15M', 'KXHYPE15M', 'KXBNB15M']
2026-04-10 07:51:10 | INFO | Day Realized P&L: $-29.67 (-85.6%) / -$99999.00 daily stop-loss limit
2026-04-10 07:51:10 | INFO | Coins: BTC: idle | ETH: idle | BNB: idle | SOL: idle | DOGE: idle | XRP: idle | HYPE: idle | ADA: idle
2026-04-10 07:51:10 | WARNING | GET https://api.elections.kalshi.com/trade-api/v2/portfolio/balance got 401 - refreshing auth and retrying...
2026-04-10 07:51:10 | WARNING | GET https://api.elections.kalshi.com/trade-api/v2/portfolio/balance got 401 - refreshing auth and retrying...
2026-04-10 07:51:10 | ERROR | GET https://api.elections.kalshi.com/trade-api/v2/portfolio/balance failed after 3 attempts: 401 Client Error: Unauthorized for url: https://api.elections.kalshi.com/trade-api/v2/portfolio/balance
2026-04-10 07:51:10 | WARNING | get_balance error: 401 Client Error: Unauthorized for url: https://api.elections.kalshi.com/trade-api/v2/portfolio/balance
2026-04-10 07:51:10 | INFO | JSON summary saved to /home/ubuntu/.openclaw/workspace/workers/superbot/report.json
2026-04-10 07:51:10 | WARNING | GET https://api.elections.kalshi.com/trade-api/v2/portfolio/orders got 401 - refreshing auth and retrying...
2026-04-10 07:51:10 | WARNING | GET https://api.elections.kalshi.com/trade-api/v2/portfolio/orders got 401 - refreshing auth and retrying...
2026-04-10 07:51:10 | ERROR | GET https://api.elections.kalshi.com/trade-api/v2/portfolio/orders failed after 3 attempts: 401 Client Error: Unauthorized for url: https://api.elections.kalshi.com/trade-api/v2/portfolio/orders?status=open
2026-04-10 07:51:10 | WARNING | GET https://api.elections.kalshi.com/trade-api/v2/portfolio/balance got 401 - refreshing auth and retrying...
2026-04-10 07:51:10 | WARNING | GET https://api.elections.kalshi.com/trade-api/v2/portfolio/balance got 401 - refreshing auth and retrying...
2026-04-10 07:51:10 | ERROR | GET https://api.elections.kalshi.com/trade-api/v2/portfolio/balance failed after 3 attempts: 401 Client Error: Unauthorized for url: https://api.elections.kalshi.com/trade-api/v2/portfolio/balance
2026-04-10 07:51:10 | WARNING | get_balance error: 401 Client Error: Unauthorized for url: https://api.elections.kalshi.com/trade-api/v2/portfolio/balance
2026-04-10 07:51:10 | WARNING | [CashSync] API balance failed (auth error?) - using conservative estimate $5.00 (was $5.00)
2026-04-10 07:51:41 | INFO | Status: cash=$5.00, positions=0, loop=14, active_series=['KXDOGE15M', 'KXBTC15M', 'KXXRP15M', 'KXETH15M', 'KXSOL15M', 'KXHYPE15M', 'KXBNB15M']
2026-04-10 07:51:41 | INFO | Day Realized P&L: $-29.67 (-85.6%) / -$99999.00 daily stop-loss limit
2026-04-10 07:51:41 | INFO | Coins: BTC: idle | ETH: idle | BNB: idle | SOL: idle | DOGE: idle | XRP: idle | HYPE: idle | ADA: idle
2026-04-10 07:51:41 | WARNING | GET https://api.elections.kalshi.com/trade-api/v2/portfolio/balance got 401 - refreshing auth and retrying...
2026-04-10 07:51:41 | WARNING | GET https://api.elections.kalshi.com/trade-api/v2/portfolio/balance got 401 - refreshing auth and retrying...
2026-04-10 07:51:41 | ERROR | GET https://api.elections.kalshi.com/trade-api/v2/portfolio/balance failed after 3 attempts: 401 Client Error: Unauthorized for url: https://api.elections.kalshi.com/trade-api/v2/portfolio/balance
2026-04-10 07:51:41 | WARNING | get_balance error: 401 Client Error: Unauthorized for url: https://api.elections.kalshi.com/trade-api/v2/portfolio/balance
2026-04-10 07:51:41 | INFO | JSON summary saved to /home/ubuntu/.openclaw/workspace/workers/superbot/report.json
2026-04-10 07:51:41 | WARNING | GET https://api.elections.kalshi.com/trade-api/v2/portfolio/orders got 401 - refreshing auth and retrying...
2026-04-10 07:51:41 | WARNING | GET https://api.elections.kalshi.com/trade-api/v2/portfolio/orders got 401 - refreshing auth and retrying...
2026-04-10 07:51:41 | ERROR | GET https://api.elections.kalshi.com/trade-api/v2/portfolio/orders failed after 3 attempts: 401 Client Error: Unauthorized for url: https://api.elections.kalshi.com/trade-api/v2/portfolio/orders?status=open
2026-04-10 07:51:41 | WARNING | GET https://api.elections.kalshi.com/trade-api/v2/portfolio/balance got 401 - refreshing auth and retrying...
2026-04-10 07:51:41 | WARNING | GET https://api.elections.kalshi.com/trade-api/v2/portfolio/balance got 401 - refreshing auth and retrying...
2026-04-10 07:51:41 | ERROR | GET https://api.elections.kalshi.com/trade-api/v2/portfolio/balance failed after 3 attempts: 401 Client Error: Unauthorized for url: https://api.elections.kalshi.com/trade-api/v2/portfolio/balance
2026-04-10 07:51:41 | WARNING | get_balance error: 401 Client Error: Unauthorized for url: https://api.elections.kalshi.com/trade-api/v2/portfolio/balance
2026-04-10 07:51:41 | WARNING | [CashSync] API balance failed (auth error?) - using conservative estimate $5.00 (was $5.00)
2026-04-10 07:52:11 | INFO | Status: cash=$5.00, positions=0, loop=15, active_series=['KXDOGE15M', 'KXBTC15M', 'KXXRP15M', 'KXETH15M', 'KXSOL15M', 'KXHYPE15M', 'KXBNB15M']
2026-04-10 07:52:11 | INFO | Day Realized P&L: $-29.67 (-85.6%) / -$99999.00 daily stop-loss limit
2026-04-10 07:52:11 | INFO | Coins: BTC: idle | ETH: idle | BNB: idle | SOL: idle | DOGE: idle | XRP: idle | HYPE: idle | ADA: idle
2026-04-10 07:52:11 | WARNING | GET https://api.elections.kalshi.com/trade-api/v2/portfolio/balance got 401 - refreshing auth and retrying...
2026-04-10 07:52:11 | WARNING | GET https://api.elections.kalshi.com/trade-api/v2/portfolio/balance got 401 - refreshing auth and retrying...
2026-04-10 07:52:11 | ERROR | GET https://api.elections.kalshi.com/trade-api/v2/portfolio/balance failed after 3 attempts: 401 Client Error: Unauthorized for url: https://api.elections.kalshi.com/trade-api/v2/portfolio/balance
2026-04-10 07:52:11 | WARNING | get_balance error: 401 Client Error: Unauthorized for url: https://api.elections.kalshi.com/trade-api/v2/portfolio/balance
2026-04-10 07:52:11 | INFO | JSON summary saved to /home/ubuntu/.openclaw/workspace/workers/superbot/report.json
2026-04-10 07:52:11 | WARNING | GET https://api.elections.kalshi.com/trade-api/v2/portfolio/orders got 401 - refreshing auth and retrying...
2026-04-10 07:52:11 | WARNING | GET https://api.elections.kalshi.com/trade-api/v2/portfolio/orders got 401 - refreshing auth and retrying...
2026-04-10 07:52:11 | ERROR | GET https://api.elections.kalshi.com/trade-api/v2/portfolio/orders failed after 3 attempts: 401 Client Error: Unauthorized for url: https://api.elections.kalshi.com/trade-api/v2/portfolio/orders?status=open
2026-04-10 07:52:11 | WARNING | GET https://api.elections.kalshi.com/trade-api/v2/portfolio/balance got 401 - refreshing auth and retrying...
2026-04-10 07:52:11 | WARNING | GET https://api.elections.kalshi.com/trade-api/v2/portfolio/balance got 401 - refreshing auth and retrying...
2026-04-10 07:52:11 | ERROR | GET https://api.elections.kalshi.com/trade-api/v2/portfolio/balance failed after 3 attempts: 401 Client Error: Unauthorized for url: https://api.elections.kalshi.com/trade-api/v2/portfolio/balance
2026-04-10 07:52:11 | WARNING | get_balance error: 401 Client Error: Unauthorized for url: https://api.elections.kalshi.com/trade-api/v2/portfolio/balance
2026-04-10 07:52:11 | WARNING | [CashSync] API balance failed (auth error?) - using conservative estimate $5.00 (was $5.00)
2026-04-10 07:52:42 | INFO | Status: cash=$5.00, positions=0, loop=16, active_series=['KXDOGE15M', 'KXBTC15M', 'KXXRP15M', 'KXETH15M', 'KXSOL15M', 'KXHYPE15M', 'KXBNB15M']
2026-04-10 07:52:42 | INFO | Day Realized P&L: $-29.67 (-85.6%) / -$99999.00 daily stop-loss limit
2026-04-10 07:52:42 | INFO | Coins: BTC: idle | ETH: idle | BNB: idle | SOL: idle | DOGE: idle | XRP: idle | HYPE: idle | ADA: idle
2026-04-10 07:52:42 | WARNING | GET https://api.elections.kalshi.com/trade-api/v2/portfolio/balance got 401 - refreshing auth and retrying...
2026-04-10 07:52:42 | WARNING | GET https://api.elections.kalshi.com/trade-api/v2/portfolio/balance got 401 - refreshing auth and retrying...
2026-04-10 07:52:42 | ERROR | GET https://api.elections.kalshi.com/trade-api/v2/portfolio/balance failed after 3 attempts: 401 Client Error: Unauthorized for url: https://api.elections.kalshi.com/trade-api/v2/portfolio/balance
2026-04-10 07:52:42 | WARNING | get_balance error: 401 Client Error: Unauthorized for url: https://api.elections.kalshi.com/trade-api/v2/portfolio/balance
2026-04-10 07:52:42 | INFO | JSON summary saved to /home/ubuntu/.openclaw/workspace/workers/superbot/report.json
2026-04-10 07:52:42 | WARNING | GET https://api.elections.kalshi.com/trade-api/v2/portfolio/orders got 401 - refreshing auth and retrying...
2026-04-10 07:52:42 | WARNING | GET https://api.elections.kalshi.com/trade-api/v2/portfolio/orders got 401 - refreshing auth and retrying...
2026-04-10 07:52:42 | ERROR | GET https://api.elections.kalshi.com/trade-api/v2/portfolio/orders failed after 3 attempts: 401 Client Error: Unauthorized for url: https://api.elections.kalshi.com/trade-api/v2/portfolio/orders?status=open
2026-04-10 07:52:42 | WARNING | GET https://api.elections.kalshi.com/trade-api/v2/portfolio/balance got 401 - refreshing auth and retrying...
2026-04-10 07:52:42 | WARNING | GET https://api.elections.kalshi.com/trade-api/v2/portfolio/balance got 401 - refreshing auth and retrying...
2026-04-10 07:52:42 | ERROR | GET https://api.elections.kalshi.com/trade-api/v2/portfolio/balance failed after 3 attempts: 401 Client Error: Unauthorized for url: https://api.elections.kalshi.com/trade-api/v2/portfolio/balance
2026-04-10 07:52:42 | WARNING | get_balance error: 401 Client Error: Unauthorized for url: https://api.elections.kalshi.com/trade-api/v2/portfolio/balance
2026-04-10 07:52:42 | WARNING | [CashSync] API balance failed (auth error?) - using conservative estimate $5.00 (was $5.00)
2026-04-10 07:53:12 | INFO | Status: cash=$5.00, positions=0, loop=17, active_series=['KXDOGE15M', 'KXBTC15M', 'KXXRP15M', 'KXETH15M', 'KXSOL15M', 'KXHYPE15M', 'KXBNB15M']
2026-04-10 07:53:12 | INFO | Day Realized P&L: $-29.67 (-85.6%) / -$99999.00 daily stop-loss limit
2026-04-10 07:53:12 | INFO | Coins: BTC: idle | ETH: idle | BNB: idle | SOL: idle | DOGE: idle | XRP: idle | HYPE: idle | ADA: idle
2026-04-10 07:53:12 | WARNING | GET https://api.elections.kalshi.com/trade-api/v2/portfolio/balance got 401 - refreshing auth and retrying...
2026-04-10 07:53:12 | WARNING | GET https://api.elections.kalshi.com/trade-api/v2/portfolio/balance got 401 - refreshing auth and retrying...
2026-04-10 07:53:12 | ERROR | GET https://api.elections.kalshi.com/trade-api/v2/portfolio/balance failed after 3 attempts: 401 Client Error: Unauthorized for url: https://api.elections.kalshi.com/trade-api/v2/portfolio/balance
2026-04-10 07:53:12 | WARNING | get_balance error: 401 Client Error: Unauthorized for url: https://api.elections.kalshi.com/trade-api/v2/portfolio/balance
2026-04-10 07:53:12 | INFO | JSON summary saved to /home/ubuntu/.openclaw/workspace/workers/superbot/report.json
2026-04-10 07:53:12 | WARNING | GET https://api.elections.kalshi.com/trade-api/v2/portfolio/orders got 401 - refreshing auth and retrying...
2026-04-10 07:53:12 | WARNING | GET https://api.elections.kalshi.com/trade-api/v2/portfolio/orders got 401 - refreshing auth and retrying...
2026-04-10 07:53:12 | ERROR | GET https://api.elections.kalshi.com/trade-api/v2/portfolio/orders failed after 3 attempts: 401 Client Error: Unauthorized for url: https://api.elections.kalshi.com/trade-api/v2/portfolio/orders?status=open
2026-04-10 07:53:12 | WARNING | GET https://api.elections.kalshi.com/trade-api/v2/portfolio/balance got 401 - refreshing auth and retrying...
2026-04-10 07:53:12 | WARNING | GET https://api.elections.kalshi.com/trade-api/v2/portfolio/balance got 401 - refreshing auth and retrying...
2026-04-10 07:53:12 | ERROR | GET https://api.elections.kalshi.com/trade-api/v2/portfolio/balance failed after 3 attempts: 401 Client Error: Unauthorized for url: https://api.elections.kalshi.com/trade-api/v2/portfolio/balance
2026-04-10 07:53:12 | WARNING | get_balance error: 401 Client Error: Unauthorized for url: https://api.elections.kalshi.com/trade-api/v2/portfolio/balance
2026-04-10 07:53:12 | WARNING | [CashSync] API balance failed (auth error?) - using conservative estimate $5.00 (was $5.00)
2026-04-10 07:53:42 | INFO | Status: cash=$5.00, positions=0, loop=18, active_series=['KXDOGE15M', 'KXBTC15M', 'KXXRP15M', 'KXETH15M', 'KXSOL15M', 'KXHYPE15M', 'KXBNB15M']
2026-04-10 07:53:42 | INFO | Day Realized P&L: $-29.67 (-85.6%) / -$99999.00 daily stop-loss limit
2026-04-10 07:53:42 | INFO | Coins: BTC: idle | ETH: idle | BNB: idle | SOL: idle | DOGE: idle | XRP: idle | HYPE: idle | ADA: idle
2026-04-10 07:53:42 | WARNING | GET https://api.elections.kalshi.com/trade-api/v2/portfolio/balance got 401 - refreshing auth and retrying...
2026-04-10 07:53:42 | WARNING | GET https://api.elections.kalshi.com/trade-api/v2/portfolio/balance got 401 - refreshing auth and retrying...
2026-04-10 07:53:42 | ERROR | GET https://api.elections.kalshi.com/trade-api/v2/portfolio/balance failed after 3 attempts: 401 Client Error: Unauthorized for url: https://api.elections.kalshi.com/trade-api/v2/portfolio/balance
2026-04-10 07:53:42 | WARNING | get_balance error: 401 Client Error: Unauthorized for url: https://api.elections.kalshi.com/trade-api/v2/portfolio/balance
2026-04-10 07:53:42 | INFO | JSON summary saved to /home/ubuntu/.openclaw/workspace/workers/superbot/report.json
2026-04-10 07:53:42 | WARNING | GET https://api.elections.kalshi.com/trade-api/v2/portfolio/orders got 401 - refreshing auth and retrying...
2026-04-10 07:53:42 | WARNING | GET https://api.elections.kalshi.com/trade-api/v2/portfolio/orders got 401 - refreshing auth and retrying...
2026-04-10 07:53:42 | ERROR | GET https://api.elections.kalshi.com/trade-api/v2/portfolio/orders failed after 3 attempts: 401 Client Error: Unauthorized for url: https://api.elections.kalshi.com/trade-api/v2/portfolio/orders?status=open
2026-04-10 07:53:42 | WARNING | GET https://api.elections.kalshi.com/trade-api/v2/portfolio/balance got 401 - refreshing auth and retrying...
2026-04-10 07:53:43 | WARNING | GET https://api.elections.kalshi.com/trade-api/v2/portfolio/balance got 401 - refreshing auth and retrying...
2026-04-10 07:53:43 | ERROR | GET https://api.elections.kalshi.com/trade-api/v2/portfolio/balance failed after 3 attempts: 401 Client Error: Unauthorized for url: https://api.elections.kalshi.com/trade-api/v2/portfolio/balance
2026-04-10 07:53:43 | WARNING | get_balance error: 401 Client Error: Unauthorized for url: https://api.elections.kalshi.com/trade-api/v2/portfolio/balance
2026-04-10 07:53:43 | WARNING | [CashSync] API balance failed (auth error?) - using conservative estimate $5.00 (was $5.00)
2026-04-10 07:54:13 | INFO | Status: cash=$5.00, positions=0, loop=19, active_series=['KXDOGE15M', 'KXBTC15M', 'KXXRP15M', 'KXETH15M', 'KXSOL15M', 'KXHYPE15M', 'KXBNB15M']
2026-04-10 07:54:13 | INFO | Day Realized P&L: $-29.67 (-85.6%) / -$99999.00 daily stop-loss limit
2026-04-10 07:54:13 | INFO | Coins: BTC: idle | ETH: idle | BNB: idle | SOL: idle | DOGE: idle | XRP: idle | HYPE: idle | ADA: idle
2026-04-10 07:54:13 | WARNING | GET https://api.elections.kalshi.com/trade-api/v2/portfolio/balance got 401 - refreshing auth and retrying...
2026-04-10 07:54:13 | WARNING | GET https://api.elections.kalshi.com/trade-api/v2/portfolio/balance got 401 - refreshing auth and retrying...
2026-04-10 07:54:13 | ERROR | GET https://api.elections.kalshi.com/trade-api/v2/portfolio/balance failed after 3 attempts: 401 Client Error: Unauthorized for url: https://api.elections.kalshi.com/trade-api/v2/portfolio/balance
2026-04-10 07:54:13 | WARNING | get_balance error: 401 Client Error: Unauthorized for url: https://api.elections.kalshi.com/trade-api/v2/portfolio/balance
2026-04-10 07:54:13 | INFO | JSON summary saved to /home/ubuntu/.openclaw/workspace/workers/superbot/report.json
2026-04-10 07:54:13 | WARNING | GET https://api.elections.kalshi.com/trade-api/v2/portfolio/orders got 401 - refreshing auth and retrying...
2026-04-10 07:54:13 | WARNING | GET https://api.elections.kalshi.com/trade-api/v2/portfolio/orders got 401 - refreshing auth and retrying...
2026-04-10 07:54:13 | ERROR | GET https://api.elections.kalshi.com/trade-api/v2/portfolio/orders failed after 3 attempts: 401 Client Error: Unauthorized for url: https://api.elections.kalshi.com/trade-api/v2/portfolio/orders?status=open
2026-04-10 07:54:13 | WARNING | GET https://api.elections.kalshi.com/trade-api/v2/portfolio/balance got 401 - refreshing auth and retrying...
2026-04-10 07:54:13 | WARNING | GET https://api.elections.kalshi.com/trade-api/v2/portfolio/balance got 401 - refreshing auth and retrying...
2026-04-10 07:54:13 | ERROR | GET https://api.elections.kalshi.com/trade-api/v2/portfolio/balance failed after 3 attempts: 401 Client Error: Unauthorized for url: https://api.elections.kalshi.com/trade-api/v2/portfolio/balance
2026-04-10 07:54:13 | WARNING | get_balance error: 401 Client Error: Unauthorized for url: https://api.elections.kalshi.com/trade-api/v2/portfolio/balance
2026-04-10 07:54:13 | WARNING | [CashSync] API balance failed (auth error?) - using conservative estimate $5.00 (was $5.00)
2026-04-10 07:54:43 | INFO | Status: cash=$5.00, positions=0, loop=20, active_series=['KXDOGE15M', 'KXBTC15M', 'KXXRP15M', 'KXETH15M', 'KXSOL15M', 'KXHYPE15M', 'KXBNB15M']
2026-04-10 07:54:43 | INFO | Day Realized P&L: $-29.67 (-85.6%) / -$99999.00 daily stop-loss limit
2026-04-10 07:54:43 | INFO | Coins: BTC: idle | ETH: idle | BNB: idle | SOL: idle | DOGE: idle | XRP: idle | HYPE: idle | ADA: idle
2026-04-10 07:54:43 | WARNING | GET https://api.elections.kalshi.com/trade-api/v2/portfolio/balance got 401 - refreshing auth and retrying...
2026-04-10 07:54:43 | WARNING | GET https://api.elections.kalshi.com/trade-api/v2/portfolio/balance got 401 - refreshing auth and retrying...
2026-04-10 07:54:43 | ERROR | GET https://api.elections.kalshi.com/trade-api/v2/portfolio/balance failed after 3 attempts: 401 Client Error: Unauthorized for url: https://api.elections.kalshi.com/trade-api/v2/portfolio/balance
2026-04-10 07:54:43 | WARNING | get_balance error: 401 Client Error: Unauthorized for url: https://api.elections.kalshi.com/trade-api/v2/portfolio/balance
2026-04-10 07:54:43 | INFO | JSON summary saved to /home/ubuntu/.openclaw/workspace/workers/superbot/report.json
2026-04-10 07:54:43 | WARNING | GET https://api.elections.kalshi.com/trade-api/v2/portfolio/orders got 401 - refreshing auth and retrying...
2026-04-10 07:54:43 | WARNING | GET https://api.elections.kalshi.com/trade-api/v2/portfolio/orders got 401 - refreshing auth and retrying...
2026-04-10 07:54:43 | ERROR | GET https://api.elections.kalshi.com/trade-api/v2/portfolio/orders failed after 3 attempts: 401 Client Error: Unauthorized for url: https://api.elections.kalshi.com/trade-api/v2/portfolio/orders?status=open
2026-04-10 07:54:43 | WARNING | GET https://api.elections.kalshi.com/trade-api/v2/portfolio/balance got 401 - refreshing auth and retrying...
2026-04-10 07:54:43 | WARNING | GET https://api.elections.kalshi.com/trade-api/v2/portfolio/balance got 401 - refreshing auth and retrying...
2026-04-10 07:54:43 | ERROR | GET https://api.elections.kalshi.com/trade-api/v2/portfolio/balance failed after 3 attempts: 401 Client Error: Unauthorized for url: https://api.elections.kalshi.com/trade-api/v2/portfolio/balance
2026-04-10 07:54:43 | WARNING | get_balance error: 401 Client Error: Unauthorized for url: https://api.elections.kalshi.com/trade-api/v2/portfolio/balance
2026-04-10 07:54:43 | WARNING | [CashSync] API balance failed (auth error?) - using conservative estimate $5.00 (was $5.00)
2026-04-10 07:55:13 | INFO | Status: cash=$5.00, positions=0, loop=21, active_series=['KXDOGE15M', 'KXBTC15M', 'KXXRP15M', 'KXETH15M', 'KXSOL15M', 'KXHYPE15M', 'KXBNB15M']
2026-04-10 07:55:13 | INFO | Day Realized P&L: $-29.67 (-85.6%) / -$99999.00 daily stop-loss limit
2026-04-10 07:55:13 | INFO | Coins: BTC: idle | ETH: idle | BNB: idle | SOL: idle | DOGE: idle | XRP: idle | HYPE: idle | ADA: idle
2026-04-10 07:55:14 | WARNING | GET https://api.elections.kalshi.com/trade-api/v2/portfolio/balance got 401 - refreshing auth and retrying...
2026-04-10 07:55:14 | WARNING | GET https://api.elections.kalshi.com/trade-api/v2/portfolio/balance got 401 - refreshing auth and retrying...
2026-04-10 07:55:14 | ERROR | GET https://api.elections.kalshi.com/trade-api/v2/portfolio/balance failed after 3 attempts: 401 Client Error: Unauthorized for url: https://api.elections.kalshi.com/trade-api/v2/portfolio/balance
2026-04-10 07:55:14 | WARNING | get_balance error: 401 Client Error: Unauthorized for url: https://api.elections.kalshi.com/trade-api/v2/portfolio/balance
2026-04-10 07:55:14 | INFO | JSON summary saved to /home/ubuntu/.openclaw/workspace/workers/superbot/report.json
2026-04-10 07:55:14 | WARNING | GET https://api.elections.kalshi.com/trade-api/v2/portfolio/orders got 401 - refreshing auth and retrying...
2026-04-10 07:55:14 | WARNING | GET https://api.elections.kalshi.com/trade-api/v2/portfolio/orders got 401 - refreshing auth and retrying...
2026-04-10 07:55:14 | ERROR | GET https://api.elections.kalshi.com/trade-api/v2/portfolio/orders failed after 3 attempts: 401 Client Error: Unauthorized for url: https://api.elections.kalshi.com/trade-api/v2/portfolio/orders?status=open
2026-04-10 07:55:14 | WARNING | GET https://api.elections.kalshi.com/trade-api/v2/portfolio/balance got 401 - refreshing auth and retrying...
2026-04-10 07:55:14 | WARNING | GET https://api.elections.kalshi.com/trade-api/v2/portfolio/balance got 401 - refreshing auth and retrying...
2026-04-10 07:55:14 | ERROR | GET https://api.elections.kalshi.com/trade-api/v2/portfolio/balance failed after 3 attempts: 401 Client Error: Unauthorized for url: https://api.elections.kalshi.com/trade-api/v2/portfolio/balance
2026-04-10 07:55:14 | WARNING | get_balance error: 401 Client Error: Unauthorized for url: https://api.elections.kalshi.com/trade-api/v2/portfolio/balance
2026-04-10 07:55:14 | WARNING | [CashSync] API balance failed (auth error?) - using conservative estimate $5.00 (was $5.00)
2026-04-10 07:55:44 | INFO | Status: cash=$5.00, positions=0, loop=22, active_series=['KXDOGE15M', 'KXBTC15M', 'KXXRP15M', 'KXETH15M', 'KXSOL15M', 'KXHYPE15M', 'KXBNB15M']
2026-04-10 07:55:44 | INFO | Day Realized P&L: $-29.67 (-85.6%) / -$99999.00 daily stop-loss limit
2026-04-10 07:55:44 | INFO | Coins: BTC: idle | ETH: idle | BNB: idle | SOL: idle | DOGE: idle | XRP: idle | HYPE: idle | ADA: idle
2026-04-10 07:55:44 | WARNING | GET https://api.elections.kalshi.com/trade-api/v2/portfolio/balance got 401 - refreshing auth and retrying...
2026-04-10 07:55:44 | WARNING | GET https://api.elections.kalshi.com/trade-api/v2/portfolio/balance got 401 - refreshing auth and retrying...
2026-04-10 07:55:44 | ERROR | GET https://api.elections.kalshi.com/trade-api/v2/portfolio/balance failed after 3 attempts: 401 Client Error: Unauthorized for url: https://api.elections.kalshi.com/trade-api/v2/portfolio/balance
2026-04-10 07:55:44 | WARNING | get_balance error: 401 Client Error: Unauthorized for url: https://api.elections.kalshi.com/trade-api/v2/portfolio/balance
2026-04-10 07:55:44 | INFO | JSON summary saved to /home/ubuntu/.openclaw/workspace/workers/superbot/report.json
2026-04-10 07:55:44 | WARNING | GET https://api.elections.kalshi.com/trade-api/v2/portfolio/orders got 401 - refreshing auth and retrying...
2026-04-10 07:55:44 | WARNING | GET https://api.elections.kalshi.com/trade-api/v2/portfolio/orders got 401 - refreshing auth and retrying...
2026-04-10 07:55:44 | ERROR | GET https://api.elections.kalshi.com/trade-api/v2/portfolio/orders failed after 3 attempts: 401 Client Error: Unauthorized for url: https://api.elections.kalshi.com/trade-api/v2/portfolio/orders?status=open
2026-04-10 07:55:44 | WARNING | GET https://api.elections.kalshi.com/trade-api/v2/portfolio/balance got 401 - refreshing auth and retrying...
2026-04-10 07:55:44 | WARNING | GET https://api.elections.kalshi.com/trade-api/v2/portfolio/balance got 401 - refreshing auth and retrying...
2026-04-10 07:55:44 | ERROR | GET https://api.elections.kalshi.com/trade-api/v2/portfolio/balance failed after 3 attempts: 401 Client Error: Unauthorized for url: https://api.elections.kalshi.com/trade-api/v2/portfolio/balance
2026-04-10 07:55:44 | WARNING | get_balance error: 401 Client Error: Unauthorized for url: https://api.elections.kalshi.com/trade-api/v2/portfolio/balance
2026-04-10 07:55:44 | WARNING | [CashSync] API balance failed (auth error?) - using conservative estimate $5.00 (was $5.00)
2026-04-10 07:56:14 | INFO | Status: cash=$5.00, positions=0, loop=23, active_series=['KXDOGE15M', 'KXBTC15M', 'KXXRP15M', 'KXETH15M', 'KXSOL15M', 'KXHYPE15M', 'KXBNB15M']
2026-04-10 07:56:14 | INFO | Day Realized P&L: $-29.67 (-85.6%) / -$99999.00 daily stop-loss limit
2026-04-10 07:56:14 | INFO | Coins: BTC: idle | ETH: idle | BNB: idle | SOL: idle | DOGE: idle | XRP: idle | HYPE: idle | ADA: idle
2026-04-10 07:56:14 | WARNING | GET https://api.elections.kalshi.com/trade-api/v2/portfolio/balance got 401 - refreshing auth and retrying...
2026-04-10 07:56:14 | WARNING | GET https://api.elections.kalshi.com/trade-api/v2/portfolio/balance got 401 - refreshing auth and retrying...
2026-04-10 07:56:14 | ERROR | GET https://api.elections.kalshi.com/trade-api/v2/portfolio/balance failed after 3 attempts: 401 Client Error: Unauthorized for url: https://api.elections.kalshi.com/trade-api/v2/portfolio/balance
2026-04-10 07:56:14 | WARNING | get_balance error: 401 Client Error: Unauthorized for url: https://api.elections.kalshi.com/trade-api/v2/portfolio/balance
2026-04-10 07:56:14 | INFO | JSON summary saved to /home/ubuntu/.openclaw/workspace/workers/superbot/report.json
2026-04-10 07:56:14 | WARNING | GET https://api.elections.kalshi.com/trade-api/v2/portfolio/orders got 401 - refreshing auth and retrying...
2026-04-10 07:56:15 | WARNING | GET https://api.elections.kalshi.com/trade-api/v2/portfolio/orders got 401 - refreshing auth and retrying...
2026-04-10 07:56:15 | ERROR | GET https://api.elections.kalshi.com/trade-api/v2/portfolio/orders failed after 3 attempts: 401 Client Error: Unauthorized for url: https://api.elections.kalshi.com/trade-api/v2/portfolio/orders?status=open
2026-04-10 07:56:15 | WARNING | GET https://api.elections.kalshi.com/trade-api/v2/portfolio/balance got 401 - refreshing auth and retrying...
2026-04-10 07:56:15 | WARNING | GET https://api.elections.kalshi.com/trade-api/v2/portfolio/balance got 401 - refreshing auth and retrying...
2026-04-10 07:56:15 | ERROR | GET https://api.elections.kalshi.com/trade-api/v2/portfolio/balance failed after 3 attempts: 401 Client Error: Unauthorized for url: https://api.elections.kalshi.com/trade-api/v2/portfolio/balance
2026-04-10 07:56:15 | WARNING | get_balance error: 401 Client Error: Unauthorized for url: https://api.elections.kalshi.com/trade-api/v2/portfolio/balance
2026-04-10 07:56:15 | WARNING | [CashSync] API balance failed (auth error?) - using conservative estimate $5.00 (was $5.00)
2026-04-10 07:56:45 | INFO | Status: cash=$5.00, positions=0, loop=24, active_series=['KXDOGE15M', 'KXBTC15M', 'KXXRP15M', 'KXETH15M', 'KXSOL15M', 'KXHYPE15M', 'KXBNB15M']
2026-04-10 07:56:45 | INFO | Day Realized P&L: $-29.67 (-85.6%) / -$99999.00 daily stop-loss limit
2026-04-10 07:56:45 | INFO | Coins: BTC: idle | ETH: idle | BNB: idle | SOL: idle | DOGE: idle | XRP: idle | HYPE: idle | ADA: idle
2026-04-10 07:56:45 | WARNING | GET https://api.elections.kalshi.com/trade-api/v2/portfolio/balance got 401 - refreshing auth and retrying...
2026-04-10 07:56:45 | WARNING | GET https://api.elections.kalshi.com/trade-api/v2/portfolio/balance got 401 - refreshing auth and retrying...
2026-04-10 07:56:45 | ERROR | GET https://api.elections.kalshi.com/trade-api/v2/portfolio/balance failed after 3 attempts: 401 Client Error: Unauthorized for url: https://api.elections.kalshi.com/trade-api/v2/portfolio/balance
2026-04-10 07:56:45 | WARNING | get_balance error: 401 Client Error: Unauthorized for url: https://api.elections.kalshi.com/trade-api/v2/portfolio/balance
2026-04-10 07:56:45 | INFO | JSON summary saved to /home/ubuntu/.openclaw/workspace/workers/superbot/report.json
2026-04-10 07:56:45 | WARNING | GET https://api.elections.kalshi.com/trade-api/v2/portfolio/orders got 401 - refreshing auth and retrying...
2026-04-10 07:56:45 | WARNING | GET https://api.elections.kalshi.com/trade-api/v2/portfolio/orders got 401 - refreshing auth and retrying...
2026-04-10 07:56:45 | ERROR | GET https://api.elections.kalshi.com/trade-api/v2/portfolio/orders failed after 3 attempts: 401 Client Error: Unauthorized for url: https://api.elections.kalshi.com/trade-api/v2/portfolio/orders?status=open
2026-04-10 07:56:45 | WARNING | GET https://api.elections.kalshi.com/trade-api/v2/portfolio/balance got 401 - refreshing auth and retrying...
2026-04-10 07:56:45 | WARNING | GET https://api.elections.kalshi.com/trade-api/v2/portfolio/balance got 401 - refreshing auth and retrying...
2026-04-10 07:56:45 | ERROR | GET https://api.elections.kalshi.com/trade-api/v2/portfolio/balance failed after 3 attempts: 401 Client Error: Unauthorized for url: https://api.elections.kalshi.com/trade-api/v2/portfolio/balance
2026-04-10 07:56:45 | WARNING | get_balance error: 401 Client Error: Unauthorized for url: https://api.elections.kalshi.com/trade-api/v2/portfolio/balance
2026-04-10 07:56:45 | WARNING | [CashSync] API balance failed (auth error?) - using conservative estimate $5.00 (was $5.00)
2026-04-10 07:57:15 | INFO | Status: cash=$5.00, positions=0, loop=25, active_series=['KXDOGE15M', 'KXBTC15M', 'KXXRP15M', 'KXETH15M', 'KXSOL15M', 'KXHYPE15M', 'KXBNB15M']
2026-04-10 07:57:15 | INFO | Day Realized P&L: $-29.67 (-85.6%) / -$99999.00 daily stop-loss limit
2026-04-10 07:57:15 | INFO | Coins: BTC: idle | ETH: idle | BNB: idle | SOL: idle | DOGE: idle | XRP: idle | HYPE: idle | ADA: idle
2026-04-10 07:57:15 | WARNING | GET https://api.elections.kalshi.com/trade-api/v2/portfolio/balance got 401 - refreshing auth and retrying...
2026-04-10 07:57:15 | WARNING | GET https://api.elections.kalshi.com/trade-api/v2/portfolio/balance got 401 - refreshing auth and retrying...
2026-04-10 07:57:15 | ERROR | GET https://api.elections.kalshi.com/trade-api/v2/portfolio/balance failed after 3 attempts: 401 Client Error: Unauthorized for url: https://api.elections.kalshi.com/trade-api/v2/portfolio/balance
2026-04-10 07:57:15 | WARNING | get_balance error: 401 Client Error: Unauthorized for url: https://api.elections.kalshi.com/trade-api/v2/portfolio/balance
2026-04-10 07:57:15 | INFO | JSON summary saved to /home/ubuntu/.openclaw/workspace/workers/superbot/report.json
2026-04-10 07:57:15 | WARNING | GET https://api.elections.kalshi.com/trade-api/v2/portfolio/orders got 401 - refreshing auth and retrying...
2026-04-10 07:57:15 | WARNING | GET https://api.elections.kalshi.com/trade-api/v2/portfolio/orders got 401 - refreshing auth and retrying...
2026-04-10 07:57:15 | ERROR | GET https://api.elections.kalshi.com/trade-api/v2/portfolio/orders failed after 3 attempts: 401 Client Error: Unauthorized for url: https://api.elections.kalshi.com/trade-api/v2/portfolio/orders?status=open
2026-04-10 07:57:15 | WARNING | GET https://api.elections.kalshi.com/trade-api/v2/portfolio/balance got 401 - refreshing auth and retrying...
2026-04-10 07:57:15 | WARNING | GET https://api.elections.kalshi.com/trade-api/v2/portfolio/balance got 401 - refreshing auth and retrying...
2026-04-10 07:57:15 | ERROR | GET https://api.elections.kalshi.com/trade-api/v2/portfolio/balance failed after 3 attempts: 401 Client Error: Unauthorized for url: https://api.elections.kalshi.com/trade-api/v2/portfolio/balance
2026-04-10 07:57:15 | WARNING | get_balance error: 401 Client Error: Unauthorized for url: https://api.elections.kalshi.com/trade-api/v2/portfolio/balance
2026-04-10 07:57:15 | WARNING | [CashSync] API balance failed (auth error?) - using conservative estimate $5.00 (was $5.00)
2026-04-10 07:57:45 | INFO | Status: cash=$5.00, positions=0, loop=26, active_series=['KXDOGE15M', 'KXBTC15M', 'KXXRP15M', 'KXETH15M', 'KXSOL15M', 'KXHYPE15M', 'KXBNB15M']
2026-04-10 07:57:45 | INFO | Day Realized P&L: $-29.67 (-85.6%) / -$99999.00 daily stop-loss limit
2026-04-10 07:57:45 | INFO | Coins: BTC: idle | ETH: idle | BNB: idle | SOL: idle | DOGE: idle | XRP: idle | HYPE: idle | ADA: idle
2026-04-10 07:57:46 | WARNING | GET https://api.elections.kalshi.com/trade-api/v2/portfolio/balance got 401 - refreshing auth and retrying...
2026-04-10 07:57:46 | WARNING | GET https://api.elections.kalshi.com/trade-api/v2/portfolio/balance got 401 - refreshing auth and retrying...
2026-04-10 07:57:46 | ERROR | GET https://api.elections.kalshi.com/trade-api/v2/portfolio/balance failed after 3 attempts: 401 Client Error: Unauthorized for url: https://api.elections.kalshi.com/trade-api/v2/portfolio/balance
2026-04-10 07:57:46 | WARNING | get_balance error: 401 Client Error: Unauthorized for url: https://api.elections.kalshi.com/trade-api/v2/portfolio/balance
2026-04-10 07:57:46 | INFO | JSON summary saved to /home/ubuntu/.openclaw/workspace/workers/superbot/report.json
2026-04-10 07:57:46 | WARNING | GET https://api.elections.kalshi.com/trade-api/v2/portfolio/orders got 401 - refreshing auth and retrying...
2026-04-10 07:57:46 | WARNING | GET https://api.elections.kalshi.com/trade-api/v2/portfolio/orders got 401 - refreshing auth and retrying...
2026-04-10 07:57:46 | ERROR | GET https://api.elections.kalshi.com/trade-api/v2/portfolio/orders failed after 3 attempts: 401 Client Error: Unauthorized for url: https://api.elections.kalshi.com/trade-api/v2/portfolio/orders?status=open
2026-04-10 07:57:46 | WARNING | GET https://api.elections.kalshi.com/trade-api/v2/portfolio/balance got 401 - refreshing auth and retrying...
2026-04-10 07:57:46 | WARNING | GET https://api.elections.kalshi.com/trade-api/v2/portfolio/balance got 401 - refreshing auth and retrying...
2026-04-10 07:57:46 | ERROR | GET https://api.elections.kalshi.com/trade-api/v2/portfolio/balance failed after 3 attempts: 401 Client Error: Unauthorized for url: https://api.elections.kalshi.com/trade-api/v2/portfolio/balance
2026-04-10 07:57:46 | WARNING | get_balance error: 401 Client Error: Unauthorized for url: https://api.elections.kalshi.com/trade-api/v2/portfolio/balance
2026-04-10 07:57:46 | WARNING | [CashSync] API balance failed (auth error?) - using conservative estimate $5.00 (was $5.00)
2026-04-10 07:58:16 | INFO | Status: cash=$5.00, positions=0, loop=27, active_series=['KXDOGE15M', 'KXBTC15M', 'KXXRP15M', 'KXETH15M', 'KXSOL15M', 'KXHYPE15M', 'KXBNB15M']
2026-04-10 07:58:16 | INFO | Day Realized P&L: $-29.67 (-85.6%) / -$99999.00 daily stop-loss limit
2026-04-10 07:58:16 | INFO | Coins: BTC: idle | ETH: idle | BNB: idle | SOL: idle | DOGE: idle | XRP: idle | HYPE: idle | ADA: idle
2026-04-10 07:58:16 | WARNING | GET https://api.elections.kalshi.com/trade-api/v2/portfolio/balance got 401 - refreshing auth and retrying...
2026-04-10 07:58:16 | WARNING | GET https://api.elections.kalshi.com/trade-api/v2/portfolio/balance got 401 - refreshing auth and retrying...
2026-04-10 07:58:16 | ERROR | GET https://api.elections.kalshi.com/trade-api/v2/portfolio/balance failed after 3 attempts: 401 Client Error: Unauthorized for url: https://api.elections.kalshi.com/trade-api/v2/portfolio/balance
2026-04-10 07:58:16 | WARNING | get_balance error: 401 Client Error: Unauthorized for url: https://api.elections.kalshi.com/trade-api/v2/portfolio/balance
2026-04-10 07:58:16 | INFO | JSON summary saved to /home/ubuntu/.openclaw/workspace/workers/superbot/report.json
2026-04-10 07:58:16 | WARNING | GET https://api.elections.kalshi.com/trade-api/v2/portfolio/orders got 401 - refreshing auth and retrying...
2026-04-10 07:58:16 | WARNING | GET https://api.elections.kalshi.com/trade-api/v2/portfolio/orders got 401 - refreshing auth and retrying...
2026-04-10 07:58:16 | ERROR | GET https://api.elections.kalshi.com/trade-api/v2/portfolio/orders failed after 3 attempts: 401 Client Error: Unauthorized for url: https://api.elections.kalshi.com/trade-api/v2/portfolio/orders?status=open
2026-04-10 07:58:16 | WARNING | GET https://api.elections.kalshi.com/trade-api/v2/portfolio/balance got 401 - refreshing auth and retrying...
2026-04-10 07:58:16 | WARNING | GET https://api.elections.kalshi.com/trade-api/v2/portfolio/balance got 401 - refreshing auth and retrying...
2026-04-10 07:58:16 | ERROR | GET https://api.elections.kalshi.com/trade-api/v2/portfolio/balance failed after 3 attempts: 401 Client Error: Unauthorized for url: https://api.elections.kalshi.com/trade-api/v2/portfolio/balance
2026-04-10 07:58:16 | WARNING | get_balance error: 401 Client Error: Unauthorized for url: https://api.elections.kalshi.com/trade-api/v2/portfolio/balance
2026-04-10 07:58:16 | WARNING | [CashSync] API balance failed (auth error?) - using conservative estimate $5.00 (was $5.00)
2026-04-10 07:58:46 | INFO | Status: cash=$5.00, positions=0, loop=28, active_series=['KXDOGE15M', 'KXBTC15M', 'KXXRP15M', 'KXETH15M', 'KXSOL15M', 'KXHYPE15M', 'KXBNB15M']
2026-04-10 07:58:46 | INFO | Day Realized P&L: $-29.67 (-85.6%) / -$99999.00 daily stop-loss limit
2026-04-10 07:58:46 | INFO | Coins: BTC: idle | ETH: idle | BNB: idle | SOL: idle | DOGE: idle | XRP: idle | HYPE: idle | ADA: idle
2026-04-10 07:58:46 | WARNING | GET https://api.elections.kalshi.com/trade-api/v2/portfolio/balance got 401 - refreshing auth and retrying...
2026-04-10 07:58:46 | WARNING | GET https://api.elections.kalshi.com/trade-api/v2/portfolio/balance got 401 - refreshing auth and retrying...
2026-04-10 07:58:46 | ERROR | GET https://api.elections.kalshi.com/trade-api/v2/portfolio/balance failed after 3 attempts: 401 Client Error: Unauthorized for url: https://api.elections.kalshi.com/trade-api/v2/portfolio/balance
2026-04-10 07:58:46 | WARNING | get_balance error: 401 Client Error: Unauthorized for url: https://api.elections.kalshi.com/trade-api/v2/portfolio/balance
2026-04-10 07:58:46 | INFO | JSON summary saved to /home/ubuntu/.openclaw/workspace/workers/superbot/report.json
2026-04-10 07:58:46 | WARNING | GET https://api.elections.kalshi.com/trade-api/v2/portfolio/orders got 401 - refreshing auth and retrying...
2026-04-10 07:58:46 | WARNING | GET https://api.elections.kalshi.com/trade-api/v2/portfolio/orders got 401 - refreshing auth and retrying...
2026-04-10 07:58:47 | ERROR | GET https://api.elections.kalshi.com/trade-api/v2/portfolio/orders failed after 3 attempts: 401 Client Error: Unauthorized for url: https://api.elections.kalshi.com/trade-api/v2/portfolio/orders?status=open
2026-04-10 07:58:47 | WARNING | GET https://api.elections.kalshi.com/trade-api/v2/portfolio/balance got 401 - refreshing auth and retrying...
2026-04-10 07:58:47 | WARNING | GET https://api.elections.kalshi.com/trade-api/v2/portfolio/balance got 401 - refreshing auth and retrying...
2026-04-10 07:58:47 | ERROR | GET https://api.elections.kalshi.com/trade-api/v2/portfolio/balance failed after 3 attempts: 401 Client Error: Unauthorized for url: https://api.elections.kalshi.com/trade-api/v2/portfolio/balance
2026-04-10 07:58:47 | WARNING | get_balance error: 401 Client Error: Unauthorized for url: https://api.elections.kalshi.com/trade-api/v2/portfolio/balance
2026-04-10 07:58:47 | WARNING | [CashSync] API balance failed (auth error?) - using conservative estimate $5.00 (was $5.00)
2026-04-10 07:59:17 | INFO | Status: cash=$5.00, positions=0, loop=29, active_series=['KXDOGE15M', 'KXBTC15M', 'KXXRP15M', 'KXETH15M', 'KXSOL15M', 'KXHYPE15M', 'KXBNB15M']
2026-04-10 07:59:17 | INFO | Day Realized P&L: $-29.67 (-85.6%) / -$99999.00 daily stop-loss limit
2026-04-10 07:59:17 | INFO | Coins: BTC: idle | ETH: idle | BNB: idle | SOL: idle | DOGE: idle | XRP: idle | HYPE: idle | ADA: idle
2026-04-10 07:59:17 | WARNING | GET https://api.elections.kalshi.com/trade-api/v2/portfolio/balance got 401 - refreshing auth and retrying...
2026-04-10 07:59:17 | WARNING | GET https://api.elections.kalshi.com/trade-api/v2/portfolio/balance got 401 - refreshing auth and retrying...
2026-04-10 07:59:17 | ERROR | GET https://api.elections.kalshi.com/trade-api/v2/portfolio/balance failed after 3 attempts: 401 Client Error: Unauthorized for url: https://api.elections.kalshi.com/trade-api/v2/portfolio/balance
2026-04-10 07:59:17 | WARNING | get_balance error: 401 Client Error: Unauthorized for url: https://api.elections.kalshi.com/trade-api/v2/portfolio/balance
2026-04-10 07:59:17 | INFO | JSON summary saved to /home/ubuntu/.openclaw/workspace/workers/superbot/report.json
2026-04-10 07:59:17 | WARNING | GET https://api.elections.kalshi.com/trade-api/v2/portfolio/orders got 401 - refreshing auth and retrying...
2026-04-10 07:59:17 | WARNING | GET https://api.elections.kalshi.com/trade-api/v2/portfolio/orders got 401 - refreshing auth and retrying...
2026-04-10 07:59:17 | ERROR | GET https://api.elections.kalshi.com/trade-api/v2/portfolio/orders failed after 3 attempts: 401 Client Error: Unauthorized for url: https://api.elections.kalshi.com/trade-api/v2/portfolio/orders?status=open
2026-04-10 07:59:17 | WARNING | GET https://api.elections.kalshi.com/trade-api/v2/portfolio/balance got 401 - refreshing auth and retrying...
2026-04-10 07:59:17 | WARNING | GET https://api.elections.kalshi.com/trade-api/v2/portfolio/balance got 401 - refreshing auth and retrying...
2026-04-10 07:59:17 | ERROR | GET https://api.elections.kalshi.com/trade-api/v2/portfolio/balance failed after 3 attempts: 401 Client Error: Unauthorized for url: https://api.elections.kalshi.com/trade-api/v2/portfolio/balance
2026-04-10 07:59:17 | WARNING | get_balance error: 401 Client Error: Unauthorized for url: https://api.elections.kalshi.com/trade-api/v2/portfolio/balance
2026-04-10 07:59:17 | WARNING | [CashSync] API balance failed (auth error?) - using conservative estimate $5.00 (was $5.00)
2026-04-10 07:59:47 | INFO | Status: cash=$5.00, positions=0, loop=30, active_series=['KXDOGE15M', 'KXBTC15M', 'KXXRP15M', 'KXETH15M', 'KXSOL15M', 'KXHYPE15M', 'KXBNB15M']
2026-04-10 07:59:47 | INFO | Day Realized P&L: $-29.67 (-85.6%) / -$99999.00 daily stop-loss limit
2026-04-10 07:59:47 | INFO | Coins: BTC: idle | ETH: idle | BNB: idle | SOL: idle | DOGE: idle | XRP: idle | HYPE: idle | ADA: idle
2026-04-10 07:59:47 | WARNING | GET https://api.elections.kalshi.com/trade-api/v2/portfolio/balance got 401 - refreshing auth and retrying...
2026-04-10 07:59:47 | WARNING | GET https://api.elections.kalshi.com/trade-api/v2/portfolio/balance got 401 - refreshing auth and retrying...
2026-04-10 07:59:47 | ERROR | GET https://api.elections.kalshi.com/trade-api/v2/portfolio/balance failed after 3 attempts: 401 Client Error: Unauthorized for url: https://api.elections.kalshi.com/trade-api/v2/portfolio/balance
2026-04-10 07:59:47 | WARNING | get_balance error: 401 Client Error: Unauthorized for url: https://api.elections.kalshi.com/trade-api/v2/portfolio/balance
2026-04-10 07:59:47 | INFO | JSON summary saved to /home/ubuntu/.openclaw/workspace/workers/superbot/report.json
2026-04-10 07:59:47 | WARNING | GET https://api.elections.kalshi.com/trade-api/v2/portfolio/orders got 401 - refreshing auth and retrying...
2026-04-10 07:59:47 | WARNING | GET https://api.elections.kalshi.com/trade-api/v2/portfolio/orders got 401 - refreshing auth and retrying...
2026-04-10 07:59:47 | ERROR | GET https://api.elections.kalshi.com/trade-api/v2/portfolio/orders failed after 3 attempts: 401 Client Error: Unauthorized for url: https://api.elections.kalshi.com/trade-api/v2/portfolio/orders?status=open
2026-04-10 07:59:47 | WARNING | GET https://api.elections.kalshi.com/trade-api/v2/portfolio/balance got 401 - refreshing auth and retrying...
2026-04-10 07:59:47 | WARNING | GET https://api.elections.kalshi.com/trade-api/v2/portfolio/balance got 401 - refreshing auth and retrying...
2026-04-10 07:59:47 | ERROR | GET https://api.elections.kalshi.com/trade-api/v2/portfolio/balance failed after 3 attempts: 401 Client Error: Unauthorized for url: https://api.elections.kalshi.com/trade-api/v2/portfolio/balance
2026-04-10 07:59:47 | WARNING | get_balance error: 401 Client Error: Unauthorized for url: https://api.elections.kalshi.com/trade-api/v2/portfolio/balance
2026-04-10 07:59:47 | WARNING | [CashSync] API balance failed (auth error?) - using conservative estimate $5.00 (was $5.00)
2026-04-10 08:00:17 | INFO | Status: cash=$5.00, positions=0, loop=31, active_series=['KXDOGE15M', 'KXBTC15M', 'KXXRP15M', 'KXETH15M', 'KXSOL15M', 'KXHYPE15M', 'KXBNB15M']
2026-04-10 08:00:17 | INFO | Day Realized P&L: $-29.67 (-85.6%) / -$99999.00 daily stop-loss limit
2026-04-10 08:00:17 | INFO | Coins: BTC: idle | ETH: idle | BNB: idle | SOL: idle | DOGE: idle | XRP: idle | HYPE: idle | ADA: idle
2026-04-10 08:00:18 | WARNING | GET https://api.elections.kalshi.com/trade-api/v2/portfolio/balance got 401 - refreshing auth and retrying...
2026-04-10 08:00:18 | WARNING | GET https://api.elections.kalshi.com/trade-api/v2/portfolio/balance got 401 - refreshing auth and retrying...
2026-04-10 08:00:18 | ERROR | GET https://api.elections.kalshi.com/trade-api/v2/portfolio/balance failed after 3 attempts: 401 Client Error: Unauthorized for url: https://api.elections.kalshi.com/trade-api/v2/portfolio/balance
2026-04-10 08:00:18 | WARNING | get_balance error: 401 Client Error: Unauthorized for url: https://api.elections.kalshi.com/trade-api/v2/portfolio/balance
2026-04-10 08:00:18 | INFO | JSON summary saved to /home/ubuntu/.openclaw/workspace/workers/superbot/report.json
2026-04-10 08:00:18 | WARNING | GET https://api.elections.kalshi.com/trade-api/v2/portfolio/orders got 401 - refreshing auth and retrying...
2026-04-10 08:00:18 | WARNING | GET https://api.elections.kalshi.com/trade-api/v2/portfolio/orders got 401 - refreshing auth and retrying...
2026-04-10 08:00:18 | ERROR | GET https://api.elections.kalshi.com/trade-api/v2/portfolio/orders failed after 3 attempts: 401 Client Error: Unauthorized for url: https://api.elections.kalshi.com/trade-api/v2/portfolio/orders?status=open
2026-04-10 08:00:18 | WARNING | GET https://api.elections.kalshi.com/trade-api/v2/portfolio/balance got 401 - refreshing auth and retrying...
2026-04-10 08:00:18 | WARNING | GET https://api.elections.kalshi.com/trade-api/v2/portfolio/balance got 401 - refreshing auth and retrying...
2026-04-10 08:00:18 | ERROR | GET https://api.elections.kalshi.com/trade-api/v2/portfolio/balance failed after 3 attempts: 401 Client Error: Unauthorized for url: https://api.elections.kalshi.com/trade-api/v2/portfolio/balance
2026-04-10 08:00:18 | WARNING | get_balance error: 401 Client Error: Unauthorized for url: https://api.elections.kalshi.com/trade-api/v2/portfolio/balance
2026-04-10 08:00:18 | WARNING | [CashSync] API balance failed (auth error?) - using conservative estimate $5.00 (was $5.00)
2026-04-10 08:00:18 | INFO | CANDLE_DURATION COMPLETED: KXBNB15M-26APR100400-00 | Was above open 20.0% (<40% threshold) -> PENDING BUY NO, CONF=80
2026-04-10 08:00:18 | INFO | CANDLE_DURATION COMPLETED: KXDOGE15M-26APR100400-00 | Was above open 0.0% (<40% threshold) -> PENDING BUY NO, CONF=80
2026-04-10 08:00:48 | INFO | Status: cash=$5.00, positions=0, loop=32, active_series=['KXDOGE15M', 'KXBTC15M', 'KXXRP15M', 'KXETH15M', 'KXSOL15M', 'KXHYPE15M', 'KXBNB15M']
2026-04-10 08:00:48 | INFO | Day Realized P&L: $-29.67 (-85.6%) / -$99999.00 daily stop-loss limit
2026-04-10 08:00:48 | INFO | Coins: BTC: idle | ETH: idle | BNB: idle | SOL: idle | DOGE: idle | XRP: idle | HYPE: idle | ADA: idle
2026-04-10 08:00:48 | WARNING | GET https://api.elections.kalshi.com/trade-api/v2/portfolio/balance got 401 - refreshing auth and retrying...
2026-04-10 08:00:48 | WARNING | GET https://api.elections.kalshi.com/trade-api/v2/portfolio/balance got 401 - refreshing auth and retrying...
2026-04-10 08:00:48 | ERROR | GET https://api.elections.kalshi.com/trade-api/v2/portfolio/balance failed after 3 attempts: 401 Client Error: Unauthorized for url: https://api.elections.kalshi.com/trade-api/v2/portfolio/balance
2026-04-10 08:00:48 | WARNING | get_balance error: 401 Client Error: Unauthorized for url: https://api.elections.kalshi.com/trade-api/v2/portfolio/balance
2026-04-10 08:00:48 | INFO | JSON summary saved to /home/ubuntu/.openclaw/workspace/workers/superbot/report.json
2026-04-10 08:00:48 | WARNING | GET https://api.elections.kalshi.com/trade-api/v2/portfolio/orders got 401 - refreshing auth and retrying...
2026-04-10 08:00:48 | WARNING | GET https://api.elections.kalshi.com/trade-api/v2/portfolio/orders got 401 - refreshing auth and retrying...
2026-04-10 08:00:48 | ERROR | GET https://api.elections.kalshi.com/trade-api/v2/portfolio/orders failed after 3 attempts: 401 Client Error: Unauthorized for url: https://api.elections.kalshi.com/trade-api/v2/portfolio/orders?status=open
2026-04-10 08:00:48 | WARNING | GET https://api.elections.kalshi.com/trade-api/v2/portfolio/balance got 401 - refreshing auth and retrying...
2026-04-10 08:00:48 | WARNING | GET https://api.elections.kalshi.com/trade-api/v2/portfolio/balance got 401 - refreshing auth and retrying...
2026-04-10 08:00:48 | ERROR | GET https://api.elections.kalshi.com/trade-api/v2/portfolio/balance failed after 3 attempts: 401 Client Error: Unauthorized for url: https://api.elections.kalshi.com/trade-api/v2/portfolio/balance
2026-04-10 08:00:48 | WARNING | get_balance error: 401 Client Error: Unauthorized for url: https://api.elections.kalshi.com/trade-api/v2/portfolio/balance
2026-04-10 08:00:48 | WARNING | [CashSync] API balance failed (auth error?) - using conservative estimate $5.00 (was $5.00)
2026-04-10 08:00:48 | INFO | CANDLE_DURATION COMPLETED: KXBTC15M-26APR100400-00 | Was above open 0.0% (<40% threshold) -> PENDING BUY NO, CONF=80
2026-04-10 08:00:48 | INFO | CANDLE_DURATION COMPLETED: KXETH15M-26APR100400-00 | Was above open 36.4% (<40% threshold) -> PENDING BUY NO, CONF=80
2026-04-10 08:00:48 | INFO | CANDLE_DURATION COMPLETED: KXXRP15M-26APR100400-00 | Was above open 0.0% (<40% threshold) -> PENDING BUY NO, CONF=80
2026-04-10 08:00:48 | INFO | CANDLE_DURATION COMPLETED: KXHYPE15M-26APR100400-00 | Was above open 0.0% (<40% threshold) -> PENDING BUY NO, CONF=80
2026-04-10 08:01:18 | INFO | Status: cash=$5.00, positions=0, loop=33, active_series=['KXDOGE15M', 'KXBTC15M', 'KXXRP15M', 'KXETH15M', 'KXSOL15M', 'KXHYPE15M', 'KXBNB15M']
2026-04-10 08:01:18 | INFO | Day Realized P&L: $-29.67 (-85.6%) / -$99999.00 daily stop-loss limit
2026-04-10 08:01:18 | INFO | Coins: BTC: idle | ETH: idle | BNB: idle | SOL: idle | DOGE: idle | XRP: idle | HYPE: idle | ADA: idle
2026-04-10 08:01:18 | WARNING | GET https://api.elections.kalshi.com/trade-api/v2/portfolio/balance got 401 - refreshing auth and retrying...
2026-04-10 08:01:18 | WARNING | GET https://api.elections.kalshi.com/trade-api/v2/portfolio/balance got 401 - refreshing auth and retrying...
2026-04-10 08:01:18 | ERROR | GET https://api.elections.kalshi.com/trade-api/v2/portfolio/balance failed after 3 attempts: 401 Client Error: Unauthorized for url: https://api.elections.kalshi.com/trade-api/v2/portfolio/balance
2026-04-10 08:01:18 | WARNING | get_balance error: 401 Client Error: Unauthorized for url: https://api.elections.kalshi.com/trade-api/v2/portfolio/balance
2026-04-10 08:01:18 | INFO | JSON summary saved to /home/ubuntu/.openclaw/workspace/workers/superbot/report.json
2026-04-10 08:01:18 | WARNING | GET https://api.elections.kalshi.com/trade-api/v2/portfolio/orders got 401 - refreshing auth and retrying...
2026-04-10 08:01:18 | WARNING | GET https://api.elections.kalshi.com/trade-api/v2/portfolio/orders got 401 - refreshing auth and retrying...
2026-04-10 08:01:18 | ERROR | GET https://api.elections.kalshi.com/trade-api/v2/portfolio/orders failed after 3 attempts: 401 Client Error: Unauthorized for url: https://api.elections.kalshi.com/trade-api/v2/portfolio/orders?status=open
2026-04-10 08:01:18 | WARNING | GET https://api.elections.kalshi.com/trade-api/v2/portfolio/balance got 401 - refreshing auth and retrying...
2026-04-10 08:01:19 | WARNING | GET https://api.elections.kalshi.com/trade-api/v2/portfolio/balance got 401 - refreshing auth and retrying...
2026-04-10 08:01:19 | ERROR | GET https://api.elections.kalshi.com/trade-api/v2/portfolio/balance failed after 3 attempts: 401 Client Error: Unauthorized for url: https://api.elections.kalshi.com/trade-api/v2/portfolio/balance
2026-04-10 08:01:19 | WARNING | get_balance error: 401 Client Error: Unauthorized for url: https://api.elections.kalshi.com/trade-api/v2/portfolio/balance
2026-04-10 08:01:19 | WARNING | [CashSync] API balance failed (auth error?) - using conservative estimate $5.00 (was $5.00)
2026-04-10 08:01:49 | INFO | Status: cash=$5.00, positions=0, loop=34, active_series=['KXDOGE15M', 'KXBTC15M', 'KXXRP15M', 'KXETH15M', 'KXSOL15M', 'KXHYPE15M', 'KXBNB15M']
2026-04-10 08:01:49 | INFO | Day Realized P&L: $-29.67 (-85.6%) / -$99999.00 daily stop-loss limit
2026-04-10 08:01:49 | INFO | Coins: BTC: idle | ETH: idle | BNB: idle | SOL: idle | DOGE: idle | XRP: idle | HYPE: idle | ADA: idle
2026-04-10 08:01:49 | WARNING | GET https://api.elections.kalshi.com/trade-api/v2/portfolio/balance got 401 - refreshing auth and retrying...
2026-04-10 08:01:49 | WARNING | GET https://api.elections.kalshi.com/trade-api/v2/portfolio/balance got 401 - refreshing auth and retrying...
2026-04-10 08:01:49 | ERROR | GET https://api.elections.kalshi.com/trade-api/v2/portfolio/balance failed after 3 attempts: 401 Client Error: Unauthorized for url: https://api.elections.kalshi.com/trade-api/v2/portfolio/balance
2026-04-10 08:01:49 | WARNING | get_balance error: 401 Client Error: Unauthorized for url: https://api.elections.kalshi.com/trade-api/v2/portfolio/balance
2026-04-10 08:01:49 | INFO | JSON summary saved to /home/ubuntu/.openclaw/workspace/workers/superbot/report.json
2026-04-10 08:01:49 | WARNING | GET https://api.elections.kalshi.com/trade-api/v2/portfolio/orders got 401 - refreshing auth and retrying...
2026-04-10 08:01:49 | WARNING | GET https://api.elections.kalshi.com/trade-api/v2/portfolio/orders got 401 - refreshing auth and retrying...
2026-04-10 08:01:49 | ERROR | GET https://api.elections.kalshi.com/trade-api/v2/portfolio/orders failed after 3 attempts: 401 Client Error: Unauthorized for url: https://api.elections.kalshi.com/trade-api/v2/portfolio/orders?status=open
2026-04-10 08:01:49 | WARNING | GET https://api.elections.kalshi.com/trade-api/v2/portfolio/balance got 401 - refreshing auth and retrying...
2026-04-10 08:01:49 | WARNING | GET https://api.elections.kalshi.com/trade-api/v2/portfolio/balance got 401 - refreshing auth and retrying...
2026-04-10 08:01:49 | ERROR | GET https://api.elections.kalshi.com/trade-api/v2/portfolio/balance failed after 3 attempts: 401 Client Error: Unauthorized for url: https://api.elections.kalshi.com/trade-api/v2/portfolio/balance
2026-04-10 08:01:49 | WARNING | get_balance error: 401 Client Error: Unauthorized for url: https://api.elections.kalshi.com/trade-api/v2/portfolio/balance
2026-04-10 08:01:49 | WARNING | [CashSync] API balance failed (auth error?) - using conservative estimate $5.00 (was $5.00)
2026-04-10 08:02:19 | INFO | Status: cash=$5.00, positions=0, loop=35, active_series=['KXDOGE15M', 'KXBTC15M', 'KXXRP15M', 'KXETH15M', 'KXSOL15M', 'KXHYPE15M', 'KXBNB15M']
2026-04-10 08:02:19 | INFO | Day Realized P&L: $-29.67 (-85.6%) / -$99999.00 daily stop-loss limit
2026-04-10 08:02:19 | INFO | Coins: BTC: idle | ETH: idle | BNB: idle | SOL: idle | DOGE: idle | XRP: idle | HYPE: idle | ADA: idle
2026-04-10 08:02:19 | WARNING | GET https://api.elections.kalshi.com/trade-api/v2/portfolio/balance got 401 - refreshing auth and retrying...
2026-04-10 08:02:19 | WARNING | GET https://api.elections.kalshi.com/trade-api/v2/portfolio/balance got 401 - refreshing auth and retrying...
2026-04-10 08:02:19 | ERROR | GET https://api.elections.kalshi.com/trade-api/v2/portfolio/balance failed after 3 attempts: 401 Client Error: Unauthorized for url: https://api.elections.kalshi.com/trade-api/v2/portfolio/balance
2026-04-10 08:02:19 | WARNING | get_balance error: 401 Client Error: Unauthorized for url: https://api.elections.kalshi.com/trade-api/v2/portfolio/balance
2026-04-10 08:02:19 | INFO | JSON summary saved to /home/ubuntu/.openclaw/workspace/workers/superbot/report.json
2026-04-10 08:02:19 | WARNING | GET https://api.elections.kalshi.com/trade-api/v2/portfolio/orders got 401 - refreshing auth and retrying...
2026-04-10 08:02:19 | WARNING | GET https://api.elections.kalshi.com/trade-api/v2/portfolio/orders got 401 - refreshing auth and retrying...
2026-04-10 08:02:19 | ERROR | GET https://api.elections.kalshi.com/trade-api/v2/portfolio/orders failed after 3 attempts: 401 Client Error: Unauthorized for url: https://api.elections.kalshi.com/trade-api/v2/portfolio/orders?status=open
2026-04-10 08:02:19 | WARNING | GET https://api.elections.kalshi.com/trade-api/v2/portfolio/balance got 401 - refreshing auth and retrying...
2026-04-10 08:02:19 | WARNING | GET https://api.elections.kalshi.com/trade-api/v2/portfolio/balance got 401 - refreshing auth and retrying...
2026-04-10 08:02:19 | ERROR | GET https://api.elections.kalshi.com/trade-api/v2/portfolio/balance failed after 3 attempts: 401 Client Error: Unauthorized for url: https://api.elections.kalshi.com/trade-api/v2/portfolio/balance
2026-04-10 08:02:19 | WARNING | get_balance error: 401 Client Error: Unauthorized for url: https://api.elections.kalshi.com/trade-api/v2/portfolio/balance
2026-04-10 08:02:19 | WARNING | [CashSync] API balance failed (auth error?) - using conservative estimate $5.00 (was $5.00)
2026-04-10 08:02:49 | INFO | Status: cash=$5.00, positions=0, loop=36, active_series=['KXDOGE15M', 'KXBTC15M', 'KXXRP15M', 'KXETH15M', 'KXSOL15M', 'KXHYPE15M', 'KXBNB15M']
2026-04-10 08:02:49 | INFO | Day Realized P&L: $-29.67 (-85.6%) / -$99999.00 daily stop-loss limit
2026-04-10 08:02:49 | INFO | Coins: BTC: idle | ETH: idle | BNB: idle | SOL: idle | DOGE: idle | XRP: idle | HYPE: idle | ADA: idle
2026-04-10 08:02:49 | WARNING | GET https://api.elections.kalshi.com/trade-api/v2/portfolio/balance got 401 - refreshing auth and retrying...
2026-04-10 08:02:50 | WARNING | GET https://api.elections.kalshi.com/trade-api/v2/portfolio/balance got 401 - refreshing auth and retrying...
2026-04-10 08:02:50 | ERROR | GET https://api.elections.kalshi.com/trade-api/v2/portfolio/balance failed after 3 attempts: 401 Client Error: Unauthorized for url: https://api.elections.kalshi.com/trade-api/v2/portfolio/balance
2026-04-10 08:02:50 | WARNING | get_balance error: 401 Client Error: Unauthorized for url: https://api.elections.kalshi.com/trade-api/v2/portfolio/balance
2026-04-10 08:02:50 | INFO | JSON summary saved to /home/ubuntu/.openclaw/workspace/workers/superbot/report.json
2026-04-10 08:02:50 | WARNING | GET https://api.elections.kalshi.com/trade-api/v2/portfolio/orders got 401 - refreshing auth and retrying...
2026-04-10 08:02:50 | WARNING | GET https://api.elections.kalshi.com/trade-api/v2/portfolio/orders got 401 - refreshing auth and retrying...
2026-04-10 08:02:50 | ERROR | GET https://api.elections.kalshi.com/trade-api/v2/portfolio/orders failed after 3 attempts: 401 Client Error: Unauthorized for url: https://api.elections.kalshi.com/trade-api/v2/portfolio/orders?status=open
2026-04-10 08:02:50 | WARNING | GET https://api.elections.kalshi.com/trade-api/v2/portfolio/balance got 401 - refreshing auth and retrying...
2026-04-10 08:02:50 | WARNING | GET https://api.elections.kalshi.com/trade-api/v2/portfolio/balance got 401 - refreshing auth and retrying...
2026-04-10 08:02:50 | ERROR | GET https://api.elections.kalshi.com/trade-api/v2/portfolio/balance failed after 3 attempts: 401 Client Error: Unauthorized for url: https://api.elections.kalshi.com/trade-api/v2/portfolio/balance
2026-04-10 08:02:50 | WARNING | get_balance error: 401 Client Error: Unauthorized for url: https://api.elections.kalshi.com/trade-api/v2/portfolio/balance
2026-04-10 08:02:50 | WARNING | [CashSync] API balance failed (auth error?) - using conservative estimate $5.00 (was $5.00)
2026-04-10 08:03:20 | INFO | Status: cash=$5.00, positions=0, loop=37, active_series=['KXDOGE15M', 'KXBTC15M', 'KXXRP15M', 'KXETH15M', 'KXSOL15M', 'KXHYPE15M', 'KXBNB15M']
2026-04-10 08:03:20 | INFO | Day Realized P&L: $-29.67 (-85.6%) / -$99999.00 daily stop-loss limit
2026-04-10 08:03:20 | INFO | Coins: BTC: idle | ETH: idle | BNB: idle | SOL: idle | DOGE: idle | XRP: idle | HYPE: idle | ADA: idle
2026-04-10 08:03:20 | WARNING | GET https://api.elections.kalshi.com/trade-api/v2/portfolio/balance got 401 - refreshing auth and retrying...
2026-04-10 08:03:20 | WARNING | GET https://api.elections.kalshi.com/trade-api/v2/portfolio/balance got 401 - refreshing auth and retrying...
2026-04-10 08:03:20 | ERROR | GET https://api.elections.kalshi.com/trade-api/v2/portfolio/balance failed after 3 attempts: 401 Client Error: Unauthorized for url: https://api.elections.kalshi.com/trade-api/v2/portfolio/balance
2026-04-10 08:03:20 | WARNING | get_balance error: 401 Client Error: Unauthorized for url: https://api.elections.kalshi.com/trade-api/v2/portfolio/balance
2026-04-10 08:03:20 | INFO | JSON summary saved to /home/ubuntu/.openclaw/workspace/workers/superbot/report.json
2026-04-10 08:03:20 | WARNING | GET https://api.elections.kalshi.com/trade-api/v2/portfolio/orders got 401 - refreshing auth and retrying...
2026-04-10 08:03:20 | WARNING | GET https://api.elections.kalshi.com/trade-api/v2/portfolio/orders got 401 - refreshing auth and retrying...
2026-04-10 08:03:20 | ERROR | GET https://api.elections.kalshi.com/trade-api/v2/portfolio/orders failed after 3 attempts: 401 Client Error: Unauthorized for url: https://api.elections.kalshi.com/trade-api/v2/portfolio/orders?status=open
2026-04-10 08:03:20 | WARNING | GET https://api.elections.kalshi.com/trade-api/v2/portfolio/balance got 401 - refreshing auth and retrying...
2026-04-10 08:03:20 | WARNING | GET https://api.elections.kalshi.com/trade-api/v2/portfolio/balance got 401 - refreshing auth and retrying...
2026-04-10 08:03:20 | ERROR | GET https://api.elections.kalshi.com/trade-api/v2/portfolio/balance failed after 3 attempts: 401 Client Error: Unauthorized for url: https://api.elections.kalshi.com/trade-api/v2/portfolio/balance
2026-04-10 08:03:20 | WARNING | get_balance error: 401 Client Error: Unauthorized for url: https://api.elections.kalshi.com/trade-api/v2/portfolio/balance
2026-04-10 08:03:20 | WARNING | [CashSync] API balance failed (auth error?) - using conservative estimate $5.00 (was $5.00)
2026-04-10 08:03:50 | INFO | Status: cash=$5.00, positions=0, loop=38, active_series=['KXDOGE15M', 'KXBTC15M', 'KXXRP15M', 'KXETH15M', 'KXSOL15M', 'KXHYPE15M', 'KXBNB15M']
2026-04-10 08:03:50 | INFO | Day Realized P&L: $-29.67 (-85.6%) / -$99999.00 daily stop-loss limit
2026-04-10 08:03:50 | INFO | Coins: BTC: idle | ETH: idle | BNB: idle | SOL: idle | DOGE: idle | XRP: idle | HYPE: idle | ADA: idle
2026-04-10 08:03:50 | WARNING | GET https://api.elections.kalshi.com/trade-api/v2/portfolio/balance got 401 - refreshing auth and retrying...
2026-04-10 08:03:50 | WARNING | GET https://api.elections.kalshi.com/trade-api/v2/portfolio/balance got 401 - refreshing auth and retrying...
2026-04-10 08:03:50 | ERROR | GET https://api.elections.kalshi.com/trade-api/v2/portfolio/balance failed after 3 attempts: 401 Client Error: Unauthorized for url: https://api.elections.kalshi.com/trade-api/v2/portfolio/balance
2026-04-10 08:03:50 | WARNING | get_balance error: 401 Client Error: Unauthorized for url: https://api.elections.kalshi.com/trade-api/v2/portfolio/balance
2026-04-10 08:03:50 | INFO | JSON summary saved to /home/ubuntu/.openclaw/workspace/workers/superbot/report.json
2026-04-10 08:03:50 | WARNING | GET https://api.elections.kalshi.com/trade-api/v2/portfolio/orders got 401 - refreshing auth and retrying...
2026-04-10 08:03:50 | WARNING | GET https://api.elections.kalshi.com/trade-api/v2/portfolio/orders got 401 - refreshing auth and retrying...
2026-04-10 08:03:50 | ERROR | GET https://api.elections.kalshi.com/trade-api/v2/portfolio/orders failed after 3 attempts: 401 Client Error: Unauthorized for url: https://api.elections.kalshi.com/trade-api/v2/portfolio/orders?status=open
2026-04-10 08:03:50 | WARNING | GET https://api.elections.kalshi.com/trade-api/v2/portfolio/balance got 401 - refreshing auth and retrying...
2026-04-10 08:03:50 | WARNING | GET https://api.elections.kalshi.com/trade-api/v2/portfolio/balance got 401 - refreshing auth and retrying...
2026-04-10 08:03:50 | ERROR | GET https://api.elections.kalshi.com/trade-api/v2/portfolio/balance failed after 3 attempts: 401 Client Error: Unauthorized for url: https://api.elections.kalshi.com/trade-api/v2/portfolio/balance
2026-04-10 08:03:50 | WARNING | get_balance error: 401 Client Error: Unauthorized for url: https://api.elections.kalshi.com/trade-api/v2/portfolio/balance
2026-04-10 08:03:50 | WARNING | [CashSync] API balance failed (auth error?) - using conservative estimate $5.00 (was $5.00)
2026-04-10 08:04:21 | INFO | Status: cash=$5.00, positions=0, loop=39, active_series=['KXDOGE15M', 'KXBTC15M', 'KXXRP15M', 'KXETH15M', 'KXSOL15M', 'KXHYPE15M', 'KXBNB15M']
2026-04-10 08:04:21 | INFO | Day Realized P&L: $-29.67 (-85.6%) / -$99999.00 daily stop-loss limit
2026-04-10 08:04:21 | INFO | Coins: BTC: idle | ETH: idle | BNB: idle | SOL: idle | DOGE: idle | XRP: idle | HYPE: idle | ADA: idle
2026-04-10 08:04:21 | WARNING | GET https://api.elections.kalshi.com/trade-api/v2/portfolio/balance got 401 - refreshing auth and retrying...
2026-04-10 08:04:21 | WARNING | GET https://api.elections.kalshi.com/trade-api/v2/portfolio/balance got 401 - refreshing auth and retrying...
2026-04-10 08:04:21 | ERROR | GET https://api.elections.kalshi.com/trade-api/v2/portfolio/balance failed after 3 attempts: 401 Client Error: Unauthorized for url: https://api.elections.kalshi.com/trade-api/v2/portfolio/balance
2026-04-10 08:04:21 | WARNING | get_balance error: 401 Client Error: Unauthorized for url: https://api.elections.kalshi.com/trade-api/v2/portfolio/balance
2026-04-10 08:04:21 | INFO | JSON summary saved to /home/ubuntu/.openclaw/workspace/workers/superbot/report.json
2026-04-10 08:04:21 | WARNING | GET https://api.elections.kalshi.com/trade-api/v2/portfolio/orders got 401 - refreshing auth and retrying...
2026-04-10 08:04:21 | WARNING | GET https://api.elections.kalshi.com/trade-api/v2/portfolio/orders got 401 - refreshing auth and retrying...
2026-04-10 08:04:21 | ERROR | GET https://api.elections.kalshi.com/trade-api/v2/portfolio/orders failed after 3 attempts: 401 Client Error: Unauthorized for url: https://api.elections.kalshi.com/trade-api/v2/portfolio/orders?status=open
2026-04-10 08:04:21 | WARNING | GET https://api.elections.kalshi.com/trade-api/v2/portfolio/balance got 401 - refreshing auth and retrying...
2026-04-10 08:04:21 | WARNING | GET https://api.elections.kalshi.com/trade-api/v2/portfolio/balance got 401 - refreshing auth and retrying...
2026-04-10 08:04:21 | ERROR | GET https://api.elections.kalshi.com/trade-api/v2/portfolio/balance failed after 3 attempts: 401 Client Error: Unauthorized for url: https://api.elections.kalshi.com/trade-api/v2/portfolio/balance
2026-04-10 08:04:21 | WARNING | get_balance error: 401 Client Error: Unauthorized for url: https://api.elections.kalshi.com/trade-api/v2/portfolio/balance
2026-04-10 08:04:21 | WARNING | [CashSync] API balance failed (auth error?) - using conservative estimate $5.00 (was $5.00)
2026-04-10 08:04:51 | INFO | Status: cash=$5.00, positions=0, loop=40, active_series=['KXDOGE15M', 'KXBTC15M', 'KXXRP15M', 'KXETH15M', 'KXSOL15M', 'KXHYPE15M', 'KXBNB15M']
2026-04-10 08:04:51 | INFO | Day Realized P&L: $-29.67 (-85.6%) / -$99999.00 daily stop-loss limit
2026-04-10 08:04:51 | INFO | Coins: BTC: idle | ETH: idle | BNB: idle | SOL: idle | DOGE: idle | XRP: idle | HYPE: idle | ADA: idle
2026-04-10 08:04:51 | WARNING | GET https://api.elections.kalshi.com/trade-api/v2/portfolio/balance got 401 - refreshing auth and retrying...
2026-04-10 08:04:51 | WARNING | GET https://api.elections.kalshi.com/trade-api/v2/portfolio/balance got 401 - refreshing auth and retrying...
2026-04-10 08:04:51 | ERROR | GET https://api.elections.kalshi.com/trade-api/v2/portfolio/balance failed after 3 attempts: 401 Client Error: Unauthorized for url: https://api.elections.kalshi.com/trade-api/v2/portfolio/balance
2026-04-10 08:04:51 | WARNING | get_balance error: 401 Client Error: Unauthorized for url: https://api.elections.kalshi.com/trade-api/v2/portfolio/balance
2026-04-10 08:04:51 | INFO | JSON summary saved to /home/ubuntu/.openclaw/workspace/workers/superbot/report.json
2026-04-10 08:04:51 | WARNING | GET https://api.elections.kalshi.com/trade-api/v2/portfolio/orders got 401 - refreshing auth and retrying...
2026-04-10 08:04:51 | WARNING | GET https://api.elections.kalshi.com/trade-api/v2/portfolio/orders got 401 - refreshing auth and retrying...
2026-04-10 08:04:51 | ERROR | GET https://api.elections.kalshi.com/trade-api/v2/portfolio/orders failed after 3 attempts: 401 Client Error: Unauthorized for url: https://api.elections.kalshi.com/trade-api/v2/portfolio/orders?status=open
2026-04-10 08:04:51 | WARNING | GET https://api.elections.kalshi.com/trade-api/v2/portfolio/balance got 401 - refreshing auth and retrying...
2026-04-10 08:04:51 | WARNING | GET https://api.elections.kalshi.com/trade-api/v2/portfolio/balance got 401 - refreshing auth and retrying...
2026-04-10 08:04:51 | ERROR | GET https://api.elections.kalshi.com/trade-api/v2/portfolio/balance failed after 3 attempts: 401 Client Error: Unauthorized for url: https://api.elections.kalshi.com/trade-api/v2/portfolio/balance
2026-04-10 08:04:51 | WARNING | get_balance error: 401 Client Error: Unauthorized for url: https://api.elections.kalshi.com/trade-api/v2/portfolio/balance
2026-04-10 08:04:51 | WARNING | [CashSync] API balance failed (auth error?) - using conservative estimate $5.00 (was $5.00)
2026-04-10 08:05:21 | INFO | Status: cash=$5.00, positions=0, loop=41, active_series=['KXDOGE15M', 'KXBTC15M', 'KXXRP15M', 'KXETH15M', 'KXSOL15M', 'KXHYPE15M', 'KXBNB15M']
2026-04-10 08:05:21 | INFO | Day Realized P&L: $-29.67 (-85.6%) / -$99999.00 daily stop-loss limit
2026-04-10 08:05:21 | INFO | Coins: BTC: idle | ETH: idle | BNB: idle | SOL: idle | DOGE: idle | XRP: idle | HYPE: idle | ADA: idle
2026-04-10 08:05:21 | WARNING | GET https://api.elections.kalshi.com/trade-api/v2/portfolio/balance got 401 - refreshing auth and retrying...
2026-04-10 08:05:21 | WARNING | GET https://api.elections.kalshi.com/trade-api/v2/portfolio/balance got 401 - refreshing auth and retrying...
2026-04-10 08:05:21 | ERROR | GET https://api.elections.kalshi.com/trade-api/v2/portfolio/balance failed after 3 attempts: 401 Client Error: Unauthorized for url: https://api.elections.kalshi.com/trade-api/v2/portfolio/balance
2026-04-10 08:05:21 | WARNING | get_balance error: 401 Client Error: Unauthorized for url: https://api.elections.kalshi.com/trade-api/v2/portfolio/balance
2026-04-10 08:05:21 | INFO | JSON summary saved to /home/ubuntu/.openclaw/workspace/workers/superbot/report.json
2026-04-10 08:05:21 | WARNING | GET https://api.elections.kalshi.com/trade-api/v2/portfolio/orders got 401 - refreshing auth and retrying...
2026-04-10 08:05:21 | WARNING | GET https://api.elections.kalshi.com/trade-api/v2/portfolio/orders got 401 - refreshing auth and retrying...
2026-04-10 08:05:22 | ERROR | GET https://api.elections.kalshi.com/trade-api/v2/portfolio/orders failed after 3 attempts: 401 Client Error: Unauthorized for url: https://api.elections.kalshi.com/trade-api/v2/portfolio/orders?status=open
2026-04-10 08:05:22 | WARNING | GET https://api.elections.kalshi.com/trade-api/v2/portfolio/balance got 401 - refreshing auth and retrying...
2026-04-10 08:05:22 | WARNING | GET https://api.elections.kalshi.com/trade-api/v2/portfolio/balance got 401 - refreshing auth and retrying...
2026-04-10 08:05:22 | ERROR | GET https://api.elections.kalshi.com/trade-api/v2/portfolio/balance failed after 3 attempts: 401 Client Error: Unauthorized for url: https://api.elections.kalshi.com/trade-api/v2/portfolio/balance
2026-04-10 08:05:22 | WARNING | get_balance error: 401 Client Error: Unauthorized for url: https://api.elections.kalshi.com/trade-api/v2/portfolio/balance
2026-04-10 08:05:22 | WARNING | [CashSync] API balance failed (auth error?) - using conservative estimate $5.00 (was $5.00)
2026-04-10 08:05:52 | INFO | Status: cash=$5.00, positions=0, loop=42, active_series=['KXDOGE15M', 'KXBTC15M', 'KXXRP15M', 'KXETH15M', 'KXSOL15M', 'KXHYPE15M', 'KXBNB15M']
2026-04-10 08:05:52 | INFO | Day Realized P&L: $-29.67 (-85.6%) / -$99999.00 daily stop-loss limit
2026-04-10 08:05:52 | INFO | Coins: BTC: idle | ETH: idle | BNB: idle | SOL: idle | DOGE: idle | XRP: idle | HYPE: idle | ADA: idle
2026-04-10 08:05:52 | WARNING | GET https://api.elections.kalshi.com/trade-api/v2/portfolio/balance got 401 - refreshing auth and retrying...
2026-04-10 08:05:52 | WARNING | GET https://api.elections.kalshi.com/trade-api/v2/portfolio/balance got 401 - refreshing auth and retrying...
2026-04-10 08:05:52 | ERROR | GET https://api.elections.kalshi.com/trade-api/v2/portfolio/balance failed after 3 attempts: 401 Client Error: Unauthorized for url: https://api.elections.kalshi.com/trade-api/v2/portfolio/balance
2026-04-10 08:05:52 | WARNING | get_balance error: 401 Client Error: Unauthorized for url: https://api.elections.kalshi.com/trade-api/v2/portfolio/balance
2026-04-10 08:05:52 | INFO | JSON summary saved to /home/ubuntu/.openclaw/workspace/workers/superbot/report.json
2026-04-10 08:05:52 | WARNING | GET https://api.elections.kalshi.com/trade-api/v2/portfolio/orders got 401 - refreshing auth and retrying...
2026-04-10 08:05:52 | WARNING | GET https://api.elections.kalshi.com/trade-api/v2/portfolio/orders got 401 - refreshing auth and retrying...
2026-04-10 08:05:52 | ERROR | GET https://api.elections.kalshi.com/trade-api/v2/portfolio/orders failed after 3 attempts: 401 Client Error: Unauthorized for url: https://api.elections.kalshi.com/trade-api/v2/portfolio/orders?status=open
2026-04-10 08:05:52 | WARNING | GET https://api.elections.kalshi.com/trade-api/v2/portfolio/balance got 401 - refreshing auth and retrying...
2026-04-10 08:05:52 | WARNING | GET https://api.elections.kalshi.com/trade-api/v2/portfolio/balance got 401 - refreshing auth and retrying...
2026-04-10 08:05:52 | ERROR | GET https://api.elections.kalshi.com/trade-api/v2/portfolio/balance failed after 3 attempts: 401 Client Error: Unauthorized for url: https://api.elections.kalshi.com/trade-api/v2/portfolio/balance
2026-04-10 08:05:52 | WARNING | get_balance error: 401 Client Error: Unauthorized for url: https://api.elections.kalshi.com/trade-api/v2/portfolio/balance
2026-04-10 08:05:52 | WARNING | [CashSync] API balance failed (auth error?) - using conservative estimate $5.00 (was $5.00)
2026-04-10 08:06:22 | INFO | Status: cash=$5.00, positions=0, loop=43, active_series=['KXDOGE15M', 'KXBTC15M', 'KXXRP15M', 'KXETH15M', 'KXSOL15M', 'KXHYPE15M', 'KXBNB15M']
2026-04-10 08:06:22 | INFO | Day Realized P&L: $-29.67 (-85.6%) / -$99999.00 daily stop-loss limit
2026-04-10 08:06:22 | INFO | Coins: BTC: idle | ETH: idle | BNB: idle | SOL: idle | DOGE: idle | XRP: idle | HYPE: idle | ADA: idle
2026-04-10 08:06:22 | WARNING | GET https://api.elections.kalshi.com/trade-api/v2/portfolio/balance got 401 - refreshing auth and retrying...
2026-04-10 08:06:22 | WARNING | GET https://api.elections.kalshi.com/trade-api/v2/portfolio/balance got 401 - refreshing auth and retrying...
2026-04-10 08:06:22 | ERROR | GET https://api.elections.kalshi.com/trade-api/v2/portfolio/balance failed after 3 attempts: 401 Client Error: Unauthorized for url: https://api.elections.kalshi.com/trade-api/v2/portfolio/balance
2026-04-10 08:06:22 | WARNING | get_balance error: 401 Client Error: Unauthorized for url: https://api.elections.kalshi.com/trade-api/v2/portfolio/balance
2026-04-10 08:06:22 | INFO | JSON summary saved to /home/ubuntu/.openclaw/workspace/workers/superbot/report.json
2026-04-10 08:06:22 | WARNING | GET https://api.elections.kalshi.com/trade-api/v2/portfolio/orders got 401 - refreshing auth and retrying...
2026-04-10 08:06:22 | WARNING | GET https://api.elections.kalshi.com/trade-api/v2/portfolio/orders got 401 - refreshing auth and retrying...
2026-04-10 08:06:22 | ERROR | GET https://api.elections.kalshi.com/trade-api/v2/portfolio/orders failed after 3 attempts: 401 Client Error: Unauthorized for url: https://api.elections.kalshi.com/trade-api/v2/portfolio/orders?status=open
2026-04-10 08:06:22 | WARNING | GET https://api.elections.kalshi.com/trade-api/v2/portfolio/balance got 401 - refreshing auth and retrying...
2026-04-10 08:06:22 | WARNING | GET https://api.elections.kalshi.com/trade-api/v2/portfolio/balance got 401 - refreshing auth and retrying...
2026-04-10 08:06:22 | ERROR | GET https://api.elections.kalshi.com/trade-api/v2/portfolio/balance failed after 3 attempts: 401 Client Error: Unauthorized for url: https://api.elections.kalshi.com/trade-api/v2/portfolio/balance
2026-04-10 08:06:22 | WARNING | get_balance error: 401 Client Error: Unauthorized for url: https://api.elections.kalshi.com/trade-api/v2/portfolio/balance
2026-04-10 08:06:22 | WARNING | [CashSync] API balance failed (auth error?) - using conservative estimate $5.00 (was $5.00)
2026-04-10 08:06:52 | INFO | Status: cash=$5.00, positions=0, loop=44, active_series=['KXDOGE15M', 'KXBTC15M', 'KXXRP15M', 'KXETH15M', 'KXSOL15M', 'KXHYPE15M', 'KXBNB15M']
2026-04-10 08:06:52 | INFO | Day Realized P&L: $-29.67 (-85.6%) / -$99999.00 daily stop-loss limit
2026-04-10 08:06:52 | INFO | Coins: BTC: idle | ETH: idle | BNB: idle | SOL: idle | DOGE: idle | XRP: idle | HYPE: idle | ADA: idle
2026-04-10 08:06:53 | WARNING | GET https://api.elections.kalshi.com/trade-api/v2/portfolio/balance got 401 - refreshing auth and retrying...
2026-04-10 08:06:53 | WARNING | GET https://api.elections.kalshi.com/trade-api/v2/portfolio/balance got 401 - refreshing auth and retrying...
2026-04-10 08:06:53 | ERROR | GET https://api.elections.kalshi.com/trade-api/v2/portfolio/balance failed after 3 attempts: 401 Client Error: Unauthorized for url: https://api.elections.kalshi.com/trade-api/v2/portfolio/balance
2026-04-10 08:06:53 | WARNING | get_balance error: 401 Client Error: Unauthorized for url: https://api.elections.kalshi.com/trade-api/v2/portfolio/balance
2026-04-10 08:06:53 | INFO | JSON summary saved to /home/ubuntu/.openclaw/workspace/workers/superbot/report.json
2026-04-10 08:06:53 | WARNING | GET https://api.elections.kalshi.com/trade-api/v2/portfolio/orders got 401 - refreshing auth and retrying...
2026-04-10 08:06:53 | WARNING | GET https://api.elections.kalshi.com/trade-api/v2/portfolio/orders got 401 - refreshing auth and retrying...
2026-04-10 08:06:53 | ERROR | GET https://api.elections.kalshi.com/trade-api/v2/portfolio/orders failed after 3 attempts: 401 Client Error: Unauthorized for url: https://api.elections.kalshi.com/trade-api/v2/portfolio/orders?status=open
2026-04-10 08:06:53 | WARNING | GET https://api.elections.kalshi.com/trade-api/v2/portfolio/balance got 401 - refreshing auth and retrying...
2026-04-10 08:06:53 | WARNING | GET https://api.elections.kalshi.com/trade-api/v2/portfolio/balance got 401 - refreshing auth and retrying...
2026-04-10 08:06:53 | ERROR | GET https://api.elections.kalshi.com/trade-api/v2/portfolio/balance failed after 3 attempts: 401 Client Error: Unauthorized for url: https://api.elections.kalshi.com/trade-api/v2/portfolio/balance
2026-04-10 08:06:53 | WARNING | get_balance error: 401 Client Error: Unauthorized for url: https://api.elections.kalshi.com/trade-api/v2/portfolio/balance
2026-04-10 08:06:53 | WARNING | [CashSync] API balance failed (auth error?) - using conservative estimate $5.00 (was $5.00)
2026-04-10 08:07:23 | INFO | Status: cash=$5.00, positions=0, loop=45, active_series=['KXDOGE15M', 'KXBTC15M', 'KXXRP15M', 'KXETH15M', 'KXSOL15M', 'KXHYPE15M', 'KXBNB15M']
2026-04-10 08:07:23 | INFO | Day Realized P&L: $-29.67 (-85.6%) / -$99999.00 daily stop-loss limit
2026-04-10 08:07:23 | INFO | Coins: BTC: idle | ETH: idle | BNB: idle | SOL: idle | DOGE: idle | XRP: idle | HYPE: idle | ADA: idle
2026-04-10 08:07:23 | WARNING | GET https://api.elections.kalshi.com/trade-api/v2/portfolio/balance got 401 - refreshing auth and retrying...
2026-04-10 08:07:23 | WARNING | GET https://api.elections.kalshi.com/trade-api/v2/portfolio/balance got 401 - refreshing auth and retrying...
2026-04-10 08:07:23 | ERROR | GET https://api.elections.kalshi.com/trade-api/v2/portfolio/balance failed after 3 attempts: 401 Client Error: Unauthorized for url: https://api.elections.kalshi.com/trade-api/v2/portfolio/balance
2026-04-10 08:07:23 | WARNING | get_balance error: 401 Client Error: Unauthorized for url: https://api.elections.kalshi.com/trade-api/v2/portfolio/balance
2026-04-10 08:07:23 | INFO | JSON summary saved to /home/ubuntu/.openclaw/workspace/workers/superbot/report.json
2026-04-10 08:07:23 | WARNING | GET https://api.elections.kalshi.com/trade-api/v2/portfolio/orders got 401 - refreshing auth and retrying...
2026-04-10 08:07:23 | WARNING | GET https://api.elections.kalshi.com/trade-api/v2/portfolio/orders got 401 - refreshing auth and retrying...
2026-04-10 08:07:23 | ERROR | GET https://api.elections.kalshi.com/trade-api/v2/portfolio/orders failed after 3 attempts: 401 Client Error: Unauthorized for url: https://api.elections.kalshi.com/trade-api/v2/portfolio/orders?status=open
2026-04-10 08:07:23 | WARNING | GET https://api.elections.kalshi.com/trade-api/v2/portfolio/balance got 401 - refreshing auth and retrying...
2026-04-10 08:07:23 | WARNING | GET https://api.elections.kalshi.com/trade-api/v2/portfolio/balance got 401 - refreshing auth and retrying...
2026-04-10 08:07:23 | ERROR | GET https://api.elections.kalshi.com/trade-api/v2/portfolio/balance failed after 3 attempts: 401 Client Error: Unauthorized for url: https://api.elections.kalshi.com/trade-api/v2/portfolio/balance
2026-04-10 08:07:23 | WARNING | get_balance error: 401 Client Error: Unauthorized for url: https://api.elections.kalshi.com/trade-api/v2/portfolio/balance
2026-04-10 08:07:23 | WARNING | [CashSync] API balance failed (auth error?) - using conservative estimate $5.00 (was $5.00)
2026-04-10 08:07:53 | INFO | Status: cash=$5.00, positions=0, loop=46, active_series=['KXDOGE15M', 'KXBTC15M', 'KXXRP15M', 'KXETH15M', 'KXSOL15M', 'KXHYPE15M', 'KXBNB15M']
2026-04-10 08:07:53 | INFO | Day Realized P&L: $-29.67 (-85.6%) / -$99999.00 daily stop-loss limit
2026-04-10 08:07:53 | INFO | Coins: BTC: idle | ETH: idle | BNB: idle | SOL: idle | DOGE: idle | XRP: idle | HYPE: idle | ADA: idle
2026-04-10 08:07:53 | WARNING | GET https://api.elections.kalshi.com/trade-api/v2/portfolio/balance got 401 - refreshing auth and retrying...
2026-04-10 08:07:53 | WARNING | GET https://api.elections.kalshi.com/trade-api/v2/portfolio/balance got 401 - refreshing auth and retrying...
2026-04-10 08:07:53 | ERROR | GET https://api.elections.kalshi.com/trade-api/v2/portfolio/balance failed after 3 attempts: 401 Client Error: Unauthorized for url: https://api.elections.kalshi.com/trade-api/v2/portfolio/balance
2026-04-10 08:07:53 | WARNING | get_balance error: 401 Client Error: Unauthorized for url: https://api.elections.kalshi.com/trade-api/v2/portfolio/balance
2026-04-10 08:07:53 | INFO | JSON summary saved to /home/ubuntu/.openclaw/workspace/workers/superbot/report.json
2026-04-10 08:07:53 | WARNING | GET https://api.elections.kalshi.com/trade-api/v2/portfolio/orders got 401 - refreshing auth and retrying...
2026-04-10 08:07:53 | WARNING | GET https://api.elections.kalshi.com/trade-api/v2/portfolio/orders got 401 - refreshing auth and retrying...
2026-04-10 08:07:53 | ERROR | GET https://api.elections.kalshi.com/trade-api/v2/portfolio/orders failed after 3 attempts: 401 Client Error: Unauthorized for url: https://api.elections.kalshi.com/trade-api/v2/portfolio/orders?status=open
2026-04-10 08:07:54 | WARNING | GET https://api.elections.kalshi.com/trade-api/v2/portfolio/balance got 401 - refreshing auth and retrying...
2026-04-10 08:07:54 | WARNING | GET https://api.elections.kalshi.com/trade-api/v2/portfolio/balance got 401 - refreshing auth and retrying...
2026-04-10 08:07:54 | ERROR | GET https://api.elections.kalshi.com/trade-api/v2/portfolio/balance failed after 3 attempts: 401 Client Error: Unauthorized for url: https://api.elections.kalshi.com/trade-api/v2/portfolio/balance
2026-04-10 08:07:54 | WARNING | get_balance error: 401 Client Error: Unauthorized for url: https://api.elections.kalshi.com/trade-api/v2/portfolio/balance
2026-04-10 08:07:54 | WARNING | [CashSync] API balance failed (auth error?) - using conservative estimate $5.00 (was $5.00)
2026-04-10 08:08:24 | INFO | Status: cash=$5.00, positions=0, loop=47, active_series=['KXDOGE15M', 'KXBTC15M', 'KXXRP15M', 'KXETH15M', 'KXSOL15M', 'KXHYPE15M', 'KXBNB15M']
2026-04-10 08:08:24 | INFO | Day Realized P&L: $-29.67 (-85.6%) / -$99999.00 daily stop-loss limit
2026-04-10 08:08:24 | INFO | Coins: BTC: idle | ETH: idle | BNB: idle | SOL: idle | DOGE: idle | XRP: idle | HYPE: idle | ADA: idle
2026-04-10 08:08:24 | WARNING | GET https://api.elections.kalshi.com/trade-api/v2/portfolio/balance got 401 - refreshing auth and retrying...
2026-04-10 08:08:24 | WARNING | GET https://api.elections.kalshi.com/trade-api/v2/portfolio/balance got 401 - refreshing auth and retrying...
2026-04-10 08:08:24 | ERROR | GET https://api.elections.kalshi.com/trade-api/v2/portfolio/balance failed after 3 attempts: 401 Client Error: Unauthorized for url: https://api.elections.kalshi.com/trade-api/v2/portfolio/balance
2026-04-10 08:08:24 | WARNING | get_balance error: 401 Client Error: Unauthorized for url: https://api.elections.kalshi.com/trade-api/v2/portfolio/balance
2026-04-10 08:08:24 | INFO | JSON summary saved to /home/ubuntu/.openclaw/workspace/workers/superbot/report.json
2026-04-10 08:08:24 | WARNING | GET https://api.elections.kalshi.com/trade-api/v2/portfolio/orders got 401 - refreshing auth and retrying...
2026-04-10 08:08:24 | WARNING | GET https://api.elections.kalshi.com/trade-api/v2/portfolio/orders got 401 - refreshing auth and retrying...
2026-04-10 08:08:24 | ERROR | GET https://api.elections.kalshi.com/trade-api/v2/portfolio/orders failed after 3 attempts: 401 Client Error: Unauthorized for url: https://api.elections.kalshi.com/trade-api/v2/portfolio/orders?status=open
2026-04-10 08:08:24 | WARNING | GET https://api.elections.kalshi.com/trade-api/v2/portfolio/balance got 401 - refreshing auth and retrying...
2026-04-10 08:08:24 | WARNING | GET https://api.elections.kalshi.com/trade-api/v2/portfolio/balance got 401 - refreshing auth and retrying...
2026-04-10 08:08:24 | ERROR | GET https://api.elections.kalshi.com/trade-api/v2/portfolio/balance failed after 3 attempts: 401 Client Error: Unauthorized for url: https://api.elections.kalshi.com/trade-api/v2/portfolio/balance
2026-04-10 08:08:24 | WARNING | get_balance error: 401 Client Error: Unauthorized for url: https://api.elections.kalshi.com/trade-api/v2/portfolio/balance
2026-04-10 08:08:24 | WARNING | [CashSync] API balance failed (auth error?) - using conservative estimate $5.00 (was $5.00)
2026-04-10 08:08:54 | INFO | Status: cash=$5.00, positions=0, loop=48, active_series=['KXDOGE15M', 'KXBTC15M', 'KXXRP15M', 'KXETH15M', 'KXSOL15M', 'KXHYPE15M', 'KXBNB15M']
2026-04-10 08:08:54 | INFO | Day Realized P&L: $-29.67 (-85.6%) / -$99999.00 daily stop-loss limit
2026-04-10 08:08:54 | INFO | Coins: BTC: idle | ETH: idle | BNB: idle | SOL: idle | DOGE: idle | XRP: idle | HYPE: idle | ADA: idle
2026-04-10 08:08:54 | WARNING | GET https://api.elections.kalshi.com/trade-api/v2/portfolio/balance got 401 - refreshing auth and retrying...
2026-04-10 08:08:54 | WARNING | GET https://api.elections.kalshi.com/trade-api/v2/portfolio/balance got 401 - refreshing auth and retrying...
2026-04-10 08:08:54 | ERROR | GET https://api.elections.kalshi.com/trade-api/v2/portfolio/balance failed after 3 attempts: 401 Client Error: Unauthorized for url: https://api.elections.kalshi.com/trade-api/v2/portfolio/balance
2026-04-10 08:08:54 | WARNING | get_balance error: 401 Client Error: Unauthorized for url: https://api.elections.kalshi.com/trade-api/v2/portfolio/balance
2026-04-10 08:08:54 | INFO | JSON summary saved to /home/ubuntu/.openclaw/workspace/workers/superbot/report.json
2026-04-10 08:08:54 | WARNING | GET https://api.elections.kalshi.com/trade-api/v2/portfolio/orders got 401 - refreshing auth and retrying...
2026-04-10 08:08:54 | WARNING | GET https://api.elections.kalshi.com/trade-api/v2/portfolio/orders got 401 - refreshing auth and retrying...
2026-04-10 08:08:54 | ERROR | GET https://api.elections.kalshi.com/trade-api/v2/portfolio/orders failed after 3 attempts: 401 Client Error: Unauthorized for url: https://api.elections.kalshi.com/trade-api/v2/portfolio/orders?status=open
2026-04-10 08:08:54 | WARNING | GET https://api.elections.kalshi.com/trade-api/v2/portfolio/balance got 401 - refreshing auth and retrying...
2026-04-10 08:08:54 | WARNING | GET https://api.elections.kalshi.com/trade-api/v2/portfolio/balance got 401 - refreshing auth and retrying...
2026-04-10 08:08:54 | ERROR | GET https://api.elections.kalshi.com/trade-api/v2/portfolio/balance failed after 3 attempts: 401 Client Error: Unauthorized for url: https://api.elections.kalshi.com/trade-api/v2/portfolio/balance
2026-04-10 08:08:54 | WARNING | get_balance error: 401 Client Error: Unauthorized for url: https://api.elections.kalshi.com/trade-api/v2/portfolio/balance
2026-04-10 08:08:54 | WARNING | [CashSync] API balance failed (auth error?) - using conservative estimate $5.00 (was $5.00)
2026-04-10 08:09:25 | INFO | Status: cash=$5.00, positions=0, loop=49, active_series=['KXDOGE15M', 'KXBTC15M', 'KXXRP15M', 'KXETH15M', 'KXSOL15M', 'KXHYPE15M', 'KXBNB15M']
2026-04-10 08:09:25 | INFO | Day Realized P&L: $-29.67 (-85.6%) / -$99999.00 daily stop-loss limit
2026-04-10 08:09:25 | INFO | Coins: BTC: idle | ETH: idle | BNB: idle | SOL: idle | DOGE: idle | XRP: idle | HYPE: idle | ADA: idle
2026-04-10 08:09:25 | WARNING | GET https://api.elections.kalshi.com/trade-api/v2/portfolio/balance got 401 - refreshing auth and retrying...
2026-04-10 08:09:25 | WARNING | GET https://api.elections.kalshi.com/trade-api/v2/portfolio/balance got 401 - refreshing auth and retrying...
2026-04-10 08:09:25 | ERROR | GET https://api.elections.kalshi.com/trade-api/v2/portfolio/balance failed after 3 attempts: 401 Client Error: Unauthorized for url: https://api.elections.kalshi.com/trade-api/v2/portfolio/balance
2026-04-10 08:09:25 | WARNING | get_balance error: 401 Client Error: Unauthorized for url: https://api.elections.kalshi.com/trade-api/v2/portfolio/balance
2026-04-10 08:09:25 | INFO | JSON summary saved to /home/ubuntu/.openclaw/workspace/workers/superbot/report.json
2026-04-10 08:09:25 | WARNING | GET https://api.elections.kalshi.com/trade-api/v2/portfolio/orders got 401 - refreshing auth and retrying...
2026-04-10 08:09:25 | WARNING | GET https://api.elections.kalshi.com/trade-api/v2/portfolio/orders got 401 - refreshing auth and retrying...
2026-04-10 08:09:25 | ERROR | GET https://api.elections.kalshi.com/trade-api/v2/portfolio/orders failed after 3 attempts: 401 Client Error: Unauthorized for url: https://api.elections.kalshi.com/trade-api/v2/portfolio/orders?status=open
2026-04-10 08:09:25 | WARNING | GET https://api.elections.kalshi.com/trade-api/v2/portfolio/balance got 401 - refreshing auth and retrying...
2026-04-10 08:09:25 | WARNING | GET https://api.elections.kalshi.com/trade-api/v2/portfolio/balance got 401 - refreshing auth and retrying...
2026-04-10 08:09:25 | ERROR | GET https://api.elections.kalshi.com/trade-api/v2/portfolio/balance failed after 3 attempts: 401 Client Error: Unauthorized for url: https://api.elections.kalshi.com/trade-api/v2/portfolio/balance
2026-04-10 08:09:25 | WARNING | get_balance error: 401 Client Error: Unauthorized for url: https://api.elections.kalshi.com/trade-api/v2/portfolio/balance
2026-04-10 08:09:25 | WARNING | [CashSync] API balance failed (auth error?) - using conservative estimate $5.00 (was $5.00)
2026-04-10 08:09:55 | INFO | Status: cash=$5.00, positions=0, loop=50, active_series=['KXDOGE15M', 'KXBTC15M', 'KXXRP15M', 'KXETH15M', 'KXSOL15M', 'KXHYPE15M', 'KXBNB15M']
2026-04-10 08:09:55 | INFO | Day Realized P&L: $-29.67 (-85.6%) / -$99999.00 daily stop-loss limit
2026-04-10 08:09:55 | INFO | Coins: BTC: idle | ETH: idle | BNB: idle | SOL: idle | DOGE: idle | XRP: idle | HYPE: idle | ADA: idle
2026-04-10 08:09:55 | WARNING | GET https://api.elections.kalshi.com/trade-api/v2/portfolio/balance got 401 - refreshing auth and retrying...
2026-04-10 08:09:55 | WARNING | GET https://api.elections.kalshi.com/trade-api/v2/portfolio/balance got 401 - refreshing auth and retrying...
2026-04-10 08:09:55 | ERROR | GET https://api.elections.kalshi.com/trade-api/v2/portfolio/balance failed after 3 attempts: 401 Client Error: Unauthorized for url: https://api.elections.kalshi.com/trade-api/v2/portfolio/balance
2026-04-10 08:09:55 | WARNING | get_balance error: 401 Client Error: Unauthorized for url: https://api.elections.kalshi.com/trade-api/v2/portfolio/balance
2026-04-10 08:09:55 | INFO | JSON summary saved to /home/ubuntu/.openclaw/workspace/workers/superbot/report.json
2026-04-10 08:09:55 | WARNING | GET https://api.elections.kalshi.com/trade-api/v2/portfolio/orders got 401 - refreshing auth and retrying...
2026-04-10 08:09:55 | WARNING | GET https://api.elections.kalshi.com/trade-api/v2/portfolio/orders got 401 - refreshing auth and retrying...
2026-04-10 08:09:55 | ERROR | GET https://api.elections.kalshi.com/trade-api/v2/portfolio/orders failed after 3 attempts: 401 Client Error: Unauthorized for url: https://api.elections.kalshi.com/trade-api/v2/portfolio/orders?status=open
2026-04-10 08:09:55 | WARNING | GET https://api.elections.kalshi.com/trade-api/v2/portfolio/balance got 401 - refreshing auth and retrying...
2026-04-10 08:09:55 | WARNING | GET https://api.elections.kalshi.com/trade-api/v2/portfolio/balance got 401 - refreshing auth and retrying...
2026-04-10 08:09:55 | ERROR | GET https://api.elections.kalshi.com/trade-api/v2/portfolio/balance failed after 3 attempts: 401 Client Error: Unauthorized for url: https://api.elections.kalshi.com/trade-api/v2/portfolio/balance
2026-04-10 08:09:55 | WARNING | get_balance error: 401 Client Error: Unauthorized for url: https://api.elections.kalshi.com/trade-api/v2/portfolio/balance
2026-04-10 08:09:55 | WARNING | [CashSync] API balance failed (auth error?) - using conservative estimate $5.00 (was $5.00)
2026-04-10 08:10:26 | INFO | Status: cash=$5.00, positions=0, loop=51, active_series=['KXDOGE15M', 'KXBTC15M', 'KXXRP15M', 'KXETH15M', 'KXSOL15M', 'KXHYPE15M', 'KXBNB15M']
2026-04-10 08:10:26 | INFO | Day Realized P&L: $-29.67 (-85.6%) / -$99999.00 daily stop-loss limit
2026-04-10 08:10:26 | INFO | Coins: BTC: idle | ETH: idle | BNB: idle | SOL: idle | DOGE: idle | XRP: idle | HYPE: idle | ADA: idle
2026-04-10 08:10:26 | WARNING | GET https://api.elections.kalshi.com/trade-api/v2/portfolio/balance got 401 - refreshing auth and retrying...
2026-04-10 08:10:26 | WARNING | GET https://api.elections.kalshi.com/trade-api/v2/portfolio/balance got 401 - refreshing auth and retrying...
2026-04-10 08:10:26 | ERROR | GET https://api.elections.kalshi.com/trade-api/v2/portfolio/balance failed after 3 attempts: 401 Client Error: Unauthorized for url: https://api.elections.kalshi.com/trade-api/v2/portfolio/balance
2026-04-10 08:10:26 | WARNING | get_balance error: 401 Client Error: Unauthorized for url: https://api.elections.kalshi.com/trade-api/v2/portfolio/balance
2026-04-10 08:10:26 | INFO | JSON summary saved to /home/ubuntu/.openclaw/workspace/workers/superbot/report.json
2026-04-10 08:10:26 | WARNING | GET https://api.elections.kalshi.com/trade-api/v2/portfolio/orders got 401 - refreshing auth and retrying...
2026-04-10 08:10:26 | WARNING | GET https://api.elections.kalshi.com/trade-api/v2/portfolio/orders got 401 - refreshing auth and retrying...
2026-04-10 08:10:26 | ERROR | GET https://api.elections.kalshi.com/trade-api/v2/portfolio/orders failed after 3 attempts: 401 Client Error: Unauthorized for url: https://api.elections.kalshi.com/trade-api/v2/portfolio/orders?status=open
2026-04-10 08:10:26 | WARNING | GET https://api.elections.kalshi.com/trade-api/v2/portfolio/balance got 401 - refreshing auth and retrying...
2026-04-10 08:10:26 | WARNING | GET https://api.elections.kalshi.com/trade-api/v2/portfolio/balance got 401 - refreshing auth and retrying...
2026-04-10 08:10:26 | ERROR | GET https://api.elections.kalshi.com/trade-api/v2/portfolio/balance failed after 3 attempts: 401 Client Error: Unauthorized for url: https://api.elections.kalshi.com/trade-api/v2/portfolio/balance
2026-04-10 08:10:26 | WARNING | get_balance error: 401 Client Error: Unauthorized for url: https://api.elections.kalshi.com/trade-api/v2/portfolio/balance
2026-04-10 08:10:26 | WARNING | [CashSync] API balance failed (auth error?) - using conservative estimate $5.00 (was $5.00)
2026-04-10 08:10:56 | INFO | Status: cash=$5.00, positions=0, loop=52, active_series=['KXDOGE15M', 'KXBTC15M', 'KXXRP15M', 'KXETH15M', 'KXSOL15M', 'KXHYPE15M', 'KXBNB15M']
2026-04-10 08:10:56 | INFO | Day Realized P&L: $-29.67 (-85.6%) / -$99999.00 daily stop-loss limit
2026-04-10 08:10:56 | INFO | Coins: BTC: idle | ETH: idle | BNB: idle | SOL: idle | DOGE: idle | XRP: idle | HYPE: idle | ADA: idle
2026-04-10 08:10:56 | WARNING | GET https://api.elections.kalshi.com/trade-api/v2/portfolio/balance got 401 - refreshing auth and retrying...
2026-04-10 08:10:56 | WARNING | GET https://api.elections.kalshi.com/trade-api/v2/portfolio/balance got 401 - refreshing auth and retrying...
2026-04-10 08:10:56 | ERROR | GET https://api.elections.kalshi.com/trade-api/v2/portfolio/balance failed after 3 attempts: 401 Client Error: Unauthorized for url: https://api.elections.kalshi.com/trade-api/v2/portfolio/balance
2026-04-10 08:10:56 | WARNING | get_balance error: 401 Client Error: Unauthorized for url: https://api.elections.kalshi.com/trade-api/v2/portfolio/balance
2026-04-10 08:10:56 | INFO | JSON summary saved to /home/ubuntu/.openclaw/workspace/workers/superbot/report.json
2026-04-10 08:10:56 | WARNING | GET https://api.elections.kalshi.com/trade-api/v2/portfolio/orders got 401 - refreshing auth and retrying...
2026-04-10 08:10:56 | WARNING | GET https://api.elections.kalshi.com/trade-api/v2/portfolio/orders got 401 - refreshing auth and retrying...
2026-04-10 08:10:56 | ERROR | GET https://api.elections.kalshi.com/trade-api/v2/portfolio/orders failed after 3 attempts: 401 Client Error: Unauthorized for url: https://api.elections.kalshi.com/trade-api/v2/portfolio/orders?status=open
2026-04-10 08:10:56 | WARNING | GET https://api.elections.kalshi.com/trade-api/v2/portfolio/balance got 401 - refreshing auth and retrying...
2026-04-10 08:10:56 | WARNING | GET https://api.elections.kalshi.com/trade-api/v2/portfolio/balance got 401 - refreshing auth and retrying...
2026-04-10 08:10:56 | ERROR | GET https://api.elections.kalshi.com/trade-api/v2/portfolio/balance failed after 3 attempts: 401 Client Error: Unauthorized for url: https://api.elections.kalshi.com/trade-api/v2/portfolio/balance
2026-04-10 08:10:56 | WARNING | get_balance error: 401 Client Error: Unauthorized for url: https://api.elections.kalshi.com/trade-api/v2/portfolio/balance
2026-04-10 08:10:56 | WARNING | [CashSync] API balance failed (auth error?) - using conservative estimate $5.00 (was $5.00)
2026-04-10 08:11:27 | INFO | Status: cash=$5.00, positions=0, loop=53, active_series=['KXDOGE15M', 'KXBTC15M', 'KXXRP15M', 'KXETH15M', 'KXSOL15M', 'KXHYPE15M', 'KXBNB15M']
2026-04-10 08:11:27 | INFO | Day Realized P&L: $-29.67 (-85.6%) / -$99999.00 daily stop-loss limit
2026-04-10 08:11:27 | INFO | Coins: BTC: idle | ETH: idle | BNB: idle | SOL: idle | DOGE: idle | XRP: idle | HYPE: idle | ADA: idle
2026-04-10 08:11:27 | WARNING | GET https://api.elections.kalshi.com/trade-api/v2/portfolio/balance got 401 - refreshing auth and retrying...
2026-04-10 08:11:27 | WARNING | GET https://api.elections.kalshi.com/trade-api/v2/portfolio/balance got 401 - refreshing auth and retrying...
2026-04-10 08:11:27 | ERROR | GET https://api.elections.kalshi.com/trade-api/v2/portfolio/balance failed after 3 attempts: 401 Client Error: Unauthorized for url: https://api.elections.kalshi.com/trade-api/v2/portfolio/balance
2026-04-10 08:11:27 | WARNING | get_balance error: 401 Client Error: Unauthorized for url: https://api.elections.kalshi.com/trade-api/v2/portfolio/balance
2026-04-10 08:11:27 | INFO | JSON summary saved to /home/ubuntu/.openclaw/workspace/workers/superbot/report.json
2026-04-10 08:11:27 | WARNING | GET https://api.elections.kalshi.com/trade-api/v2/portfolio/orders got 401 - refreshing auth and retrying...
2026-04-10 08:11:27 | WARNING | GET https://api.elections.kalshi.com/trade-api/v2/portfolio/orders got 401 - refreshing auth and retrying...
2026-04-10 08:11:27 | ERROR | GET https://api.elections.kalshi.com/trade-api/v2/portfolio/orders failed after 3 attempts: 401 Client Error: Unauthorized for url: https://api.elections.kalshi.com/trade-api/v2/portfolio/orders?status=open
2026-04-10 08:11:27 | WARNING | GET https://api.elections.kalshi.com/trade-api/v2/portfolio/balance got 401 - refreshing auth and retrying...
2026-04-10 08:11:27 | WARNING | GET https://api.elections.kalshi.com/trade-api/v2/portfolio/balance got 401 - refreshing auth and retrying...
2026-04-10 08:11:27 | ERROR | GET https://api.elections.kalshi.com/trade-api/v2/portfolio/balance failed after 3 attempts: 401 Client Error: Unauthorized for url: https://api.elections.kalshi.com/trade-api/v2/portfolio/balance
2026-04-10 08:11:27 | WARNING | get_balance error: 401 Client Error: Unauthorized for url: https://api.elections.kalshi.com/trade-api/v2/portfolio/balance
2026-04-10 08:11:27 | WARNING | [CashSync] API balance failed (auth error?) - using conservative estimate $5.00 (was $5.00)
2026-04-10 08:11:57 | INFO | Status: cash=$5.00, positions=0, loop=54, active_series=['KXDOGE15M', 'KXBTC15M', 'KXXRP15M', 'KXETH15M', 'KXSOL15M', 'KXHYPE15M', 'KXBNB15M']
2026-04-10 08:11:57 | INFO | Day Realized P&L: $-29.67 (-85.6%) / -$99999.00 daily stop-loss limit
2026-04-10 08:11:57 | INFO | Coins: BTC: idle | ETH: idle | BNB: idle | SOL: idle | DOGE: idle | XRP: idle | HYPE: idle | ADA: idle
2026-04-10 08:11:57 | WARNING | GET https://api.elections.kalshi.com/trade-api/v2/portfolio/balance got 401 - refreshing auth and retrying...
2026-04-10 08:11:57 | WARNING | GET https://api.elections.kalshi.com/trade-api/v2/portfolio/balance got 401 - refreshing auth and retrying...
2026-04-10 08:11:57 | ERROR | GET https://api.elections.kalshi.com/trade-api/v2/portfolio/balance failed after 3 attempts: 401 Client Error: Unauthorized for url: https://api.elections.kalshi.com/trade-api/v2/portfolio/balance
2026-04-10 08:11:57 | WARNING | get_balance error: 401 Client Error: Unauthorized for url: https://api.elections.kalshi.com/trade-api/v2/portfolio/balance
2026-04-10 08:11:57 | INFO | JSON summary saved to /home/ubuntu/.openclaw/workspace/workers/superbot/report.json
2026-04-10 08:11:57 | WARNING | GET https://api.elections.kalshi.com/trade-api/v2/portfolio/orders got 401 - refreshing auth and retrying...
2026-04-10 08:11:57 | WARNING | GET https://api.elections.kalshi.com/trade-api/v2/portfolio/orders got 401 - refreshing auth and retrying...
2026-04-10 08:11:57 | ERROR | GET https://api.elections.kalshi.com/trade-api/v2/portfolio/orders failed after 3 attempts: 401 Client Error: Unauthorized for url: https://api.elections.kalshi.com/trade-api/v2/portfolio/orders?status=open
2026-04-10 08:11:57 | WARNING | GET https://api.elections.kalshi.com/trade-api/v2/portfolio/balance got 401 - refreshing auth and retrying...
2026-04-10 08:11:57 | WARNING | GET https://api.elections.kalshi.com/trade-api/v2/portfolio/balance got 401 - refreshing auth and retrying...
2026-04-10 08:11:57 | ERROR | GET https://api.elections.kalshi.com/trade-api/v2/portfolio/balance failed after 3 attempts: 401 Client Error: Unauthorized for url: https://api.elections.kalshi.com/trade-api/v2/portfolio/balance
2026-04-10 08:11:57 | WARNING | get_balance error: 401 Client Error: Unauthorized for url: https://api.elections.kalshi.com/trade-api/v2/portfolio/balance
2026-04-10 08:11:57 | WARNING | [CashSync] API balance failed (auth error?) - using conservative estimate $5.00 (was $5.00)
2026-04-10 08:12:28 | INFO | Status: cash=$5.00, positions=0, loop=55, active_series=['KXDOGE15M', 'KXBTC15M', 'KXXRP15M', 'KXETH15M', 'KXSOL15M', 'KXHYPE15M', 'KXBNB15M']
2026-04-10 08:12:28 | INFO | Day Realized P&L: $-29.67 (-85.6%) / -$99999.00 daily stop-loss limit
2026-04-10 08:12:28 | INFO | Coins: BTC: idle | ETH: idle | BNB: idle | SOL: idle | DOGE: idle | XRP: idle | HYPE: idle | ADA: idle
2026-04-10 08:12:28 | WARNING | GET https://api.elections.kalshi.com/trade-api/v2/portfolio/balance got 401 - refreshing auth and retrying...
2026-04-10 08:12:28 | WARNING | GET https://api.elections.kalshi.com/trade-api/v2/portfolio/balance got 401 - refreshing auth and retrying...
2026-04-10 08:12:28 | ERROR | GET https://api.elections.kalshi.com/trade-api/v2/portfolio/balance failed after 3 attempts: 401 Client Error: Unauthorized for url: https://api.elections.kalshi.com/trade-api/v2/portfolio/balance
2026-04-10 08:12:28 | WARNING | get_balance error: 401 Client Error: Unauthorized for url: https://api.elections.kalshi.com/trade-api/v2/portfolio/balance
2026-04-10 08:12:28 | INFO | JSON summary saved to /home/ubuntu/.openclaw/workspace/workers/superbot/report.json
2026-04-10 08:12:28 | WARNING | GET https://api.elections.kalshi.com/trade-api/v2/portfolio/orders got 401 - refreshing auth and retrying...
2026-04-10 08:12:28 | WARNING | GET https://api.elections.kalshi.com/trade-api/v2/portfolio/orders got 401 - refreshing auth and retrying...
2026-04-10 08:12:28 | ERROR | GET https://api.elections.kalshi.com/trade-api/v2/portfolio/orders failed after 3 attempts: 401 Client Error: Unauthorized for url: https://api.elections.kalshi.com/trade-api/v2/portfolio/orders?status=open
2026-04-10 08:12:28 | WARNING | GET https://api.elections.kalshi.com/trade-api/v2/portfolio/balance got 401 - refreshing auth and retrying...
2026-04-10 08:12:28 | WARNING | GET https://api.elections.kalshi.com/trade-api/v2/portfolio/balance got 401 - refreshing auth and retrying...
2026-04-10 08:12:28 | ERROR | GET https://api.elections.kalshi.com/trade-api/v2/portfolio/balance failed after 3 attempts: 401 Client Error: Unauthorized for url: https://api.elections.kalshi.com/trade-api/v2/portfolio/balance
2026-04-10 08:12:28 | WARNING | get_balance error: 401 Client Error: Unauthorized for url: https://api.elections.kalshi.com/trade-api/v2/portfolio/balance
2026-04-10 08:12:28 | WARNING | [CashSync] API balance failed (auth error?) - using conservative estimate $5.00 (was $5.00)
2026-04-10 08:12:58 | INFO | Status: cash=$5.00, positions=0, loop=56, active_series=['KXDOGE15M', 'KXBTC15M', 'KXXRP15M', 'KXETH15M', 'KXSOL15M', 'KXHYPE15M', 'KXBNB15M']
2026-04-10 08:12:58 | INFO | Day Realized P&L: $-29.67 (-85.6%) / -$99999.00 daily stop-loss limit
2026-04-10 08:12:58 | INFO | Coins: BTC: idle | ETH: idle | BNB: idle | SOL: idle | DOGE: idle | XRP: idle | HYPE: idle | ADA: idle
2026-04-10 08:12:58 | WARNING | GET https://api.elections.kalshi.com/trade-api/v2/portfolio/balance got 401 - refreshing auth and retrying...
2026-04-10 08:12:58 | WARNING | GET https://api.elections.kalshi.com/trade-api/v2/portfolio/balance got 401 - refreshing auth and retrying...
2026-04-10 08:12:58 | ERROR | GET https://api.elections.kalshi.com/trade-api/v2/portfolio/balance failed after 3 attempts: 401 Client Error: Unauthorized for url: https://api.elections.kalshi.com/trade-api/v2/portfolio/balance
2026-04-10 08:12:58 | WARNING | get_balance error: 401 Client Error: Unauthorized for url: https://api.elections.kalshi.com/trade-api/v2/portfolio/balance
2026-04-10 08:12:58 | INFO | JSON summary saved to /home/ubuntu/.openclaw/workspace/workers/superbot/report.json
2026-04-10 08:12:58 | WARNING | GET https://api.elections.kalshi.com/trade-api/v2/portfolio/orders got 401 - refreshing auth and retrying...
2026-04-10 08:12:58 | WARNING | GET https://api.elections.kalshi.com/trade-api/v2/portfolio/orders got 401 - refreshing auth and retrying...
2026-04-10 08:12:58 | ERROR | GET https://api.elections.kalshi.com/trade-api/v2/portfolio/orders failed after 3 attempts: 401 Client Error: Unauthorized for url: https://api.elections.kalshi.com/trade-api/v2/portfolio/orders?status=open
2026-04-10 08:12:58 | WARNING | GET https://api.elections.kalshi.com/trade-api/v2/portfolio/balance got 401 - refreshing auth and retrying...
2026-04-10 08:12:58 | WARNING | GET https://api.elections.kalshi.com/trade-api/v2/portfolio/balance got 401 - refreshing auth and retrying...
2026-04-10 08:12:58 | ERROR | GET https://api.elections.kalshi.com/trade-api/v2/portfolio/balance failed after 3 attempts: 401 Client Error: Unauthorized for url: https://api.elections.kalshi.com/trade-api/v2/portfolio/balance
2026-04-10 08:12:58 | WARNING | get_balance error: 401 Client Error: Unauthorized for url: https://api.elections.kalshi.com/trade-api/v2/portfolio/balance
2026-04-10 08:12:58 | WARNING | [CashSync] API balance failed (auth error?) - using conservative estimate $5.00 (was $5.00)
2026-04-10 08:13:28 | INFO | Status: cash=$5.00, positions=0, loop=57, active_series=['KXDOGE15M', 'KXBTC15M', 'KXXRP15M', 'KXETH15M', 'KXSOL15M', 'KXHYPE15M', 'KXBNB15M']
2026-04-10 08:13:28 | INFO | Day Realized P&L: $-29.67 (-85.6%) / -$99999.00 daily stop-loss limit
2026-04-10 08:13:28 | INFO | Coins: BTC: idle | ETH: idle | BNB: idle | SOL: idle | DOGE: idle | XRP: idle | HYPE: idle | ADA: idle
2026-04-10 08:13:29 | WARNING | GET https://api.elections.kalshi.com/trade-api/v2/portfolio/balance got 401 - refreshing auth and retrying...
2026-04-10 08:13:29 | WARNING | GET https://api.elections.kalshi.com/trade-api/v2/portfolio/balance got 401 - refreshing auth and retrying...
2026-04-10 08:13:29 | ERROR | GET https://api.elections.kalshi.com/trade-api/v2/portfolio/balance failed after 3 attempts: 401 Client Error: Unauthorized for url: https://api.elections.kalshi.com/trade-api/v2/portfolio/balance
2026-04-10 08:13:29 | WARNING | get_balance error: 401 Client Error: Unauthorized for url: https://api.elections.kalshi.com/trade-api/v2/portfolio/balance
2026-04-10 08:13:29 | INFO | JSON summary saved to /home/ubuntu/.openclaw/workspace/workers/superbot/report.json
2026-04-10 08:13:29 | WARNING | GET https://api.elections.kalshi.com/trade-api/v2/portfolio/orders got 401 - refreshing auth and retrying...
2026-04-10 08:13:29 | WARNING | GET https://api.elections.kalshi.com/trade-api/v2/portfolio/orders got 401 - refreshing auth and retrying...
2026-04-10 08:13:29 | ERROR | GET https://api.elections.kalshi.com/trade-api/v2/portfolio/orders failed after 3 attempts: 401 Client Error: Unauthorized for url: https://api.elections.kalshi.com/trade-api/v2/portfolio/orders?status=open
2026-04-10 08:13:29 | WARNING | GET https://api.elections.kalshi.com/trade-api/v2/portfolio/balance got 401 - refreshing auth and retrying...
2026-04-10 08:13:29 | WARNING | GET https://api.elections.kalshi.com/trade-api/v2/portfolio/balance got 401 - refreshing auth and retrying...
2026-04-10 08:13:29 | ERROR | GET https://api.elections.kalshi.com/trade-api/v2/portfolio/balance failed after 3 attempts: 401 Client Error: Unauthorized for url: https://api.elections.kalshi.com/trade-api/v2/portfolio/balance
2026-04-10 08:13:29 | WARNING | get_balance error: 401 Client Error: Unauthorized for url: https://api.elections.kalshi.com/trade-api/v2/portfolio/balance
2026-04-10 08:13:29 | WARNING | [CashSync] API balance failed (auth error?) - using conservative estimate $5.00 (was $5.00)
2026-04-10 08:13:59 | INFO | Status: cash=$5.00, positions=0, loop=58, active_series=['KXDOGE15M', 'KXBTC15M', 'KXXRP15M', 'KXETH15M', 'KXSOL15M', 'KXHYPE15M', 'KXBNB15M']
2026-04-10 08:13:59 | INFO | Day Realized P&L: $-29.67 (-85.6%) / -$99999.00 daily stop-loss limit
2026-04-10 08:13:59 | INFO | Coins: BTC: idle | ETH: idle | BNB: idle | SOL: idle | DOGE: idle | XRP: idle | HYPE: idle | ADA: idle
2026-04-10 08:13:59 | WARNING | GET https://api.elections.kalshi.com/trade-api/v2/portfolio/balance got 401 - refreshing auth and retrying...
2026-04-10 08:13:59 | WARNING | GET https://api.elections.kalshi.com/trade-api/v2/portfolio/balance got 401 - refreshing auth and retrying...
2026-04-10 08:13:59 | ERROR | GET https://api.elections.kalshi.com/trade-api/v2/portfolio/balance failed after 3 attempts: 401 Client Error: Unauthorized for url: https://api.elections.kalshi.com/trade-api/v2/portfolio/balance
2026-04-10 08:13:59 | WARNING | get_balance error: 401 Client Error: Unauthorized for url: https://api.elections.kalshi.com/trade-api/v2/portfolio/balance
2026-04-10 08:13:59 | INFO | JSON summary saved to /home/ubuntu/.openclaw/workspace/workers/superbot/report.json
2026-04-10 08:13:59 | WARNING | GET https://api.elections.kalshi.com/trade-api/v2/portfolio/orders got 401 - refreshing auth and retrying...
2026-04-10 08:13:59 | WARNING | GET https://api.elections.kalshi.com/trade-api/v2/portfolio/orders got 401 - refreshing auth and retrying...
2026-04-10 08:13:59 | ERROR | GET https://api.elections.kalshi.com/trade-api/v2/portfolio/orders failed after 3 attempts: 401 Client Error: Unauthorized for url: https://api.elections.kalshi.com/trade-api/v2/portfolio/orders?status=open
2026-04-10 08:13:59 | WARNING | GET https://api.elections.kalshi.com/trade-api/v2/portfolio/balance got 401 - refreshing auth and retrying...
2026-04-10 08:13:59 | WARNING | GET https://api.elections.kalshi.com/trade-api/v2/portfolio/balance got 401 - refreshing auth and retrying...
2026-04-10 08:13:59 | ERROR | GET https://api.elections.kalshi.com/trade-api/v2/portfolio/balance failed after 3 attempts: 401 Client Error: Unauthorized for url: https://api.elections.kalshi.com/trade-api/v2/portfolio/balance
2026-04-10 08:13:59 | WARNING | get_balance error: 401 Client Error: Unauthorized for url: https://api.elections.kalshi.com/trade-api/v2/portfolio/balance
2026-04-10 08:13:59 | WARNING | [CashSync] API balance failed (auth error?) - using conservative estimate $5.00 (was $5.00)
2026-04-10 08:14:29 | INFO | Status: cash=$5.00, positions=0, loop=59, active_series=['KXDOGE15M', 'KXBTC15M', 'KXXRP15M', 'KXETH15M', 'KXSOL15M', 'KXHYPE15M', 'KXBNB15M']
2026-04-10 08:14:29 | INFO | Day Realized P&L: $-29.67 (-85.6%) / -$99999.00 daily stop-loss limit
2026-04-10 08:14:29 | INFO | Coins: BTC: idle | ETH: idle | BNB: idle | SOL: idle | DOGE: idle | XRP: idle | HYPE: idle | ADA: idle
2026-04-10 08:14:29 | WARNING | GET https://api.elections.kalshi.com/trade-api/v2/portfolio/balance got 401 - refreshing auth and retrying...
2026-04-10 08:14:29 | WARNING | GET https://api.elections.kalshi.com/trade-api/v2/portfolio/balance got 401 - refreshing auth and retrying...
2026-04-10 08:14:29 | ERROR | GET https://api.elections.kalshi.com/trade-api/v2/portfolio/balance failed after 3 attempts: 401 Client Error: Unauthorized for url: https://api.elections.kalshi.com/trade-api/v2/portfolio/balance
2026-04-10 08:14:29 | WARNING | get_balance error: 401 Client Error: Unauthorized for url: https://api.elections.kalshi.com/trade-api/v2/portfolio/balance
2026-04-10 08:14:29 | INFO | JSON summary saved to /home/ubuntu/.openclaw/workspace/workers/superbot/report.json
2026-04-10 08:14:30 | WARNING | GET https://api.elections.kalshi.com/trade-api/v2/portfolio/orders got 401 - refreshing auth and retrying...
2026-04-10 08:14:30 | WARNING | GET https://api.elections.kalshi.com/trade-api/v2/portfolio/orders got 401 - refreshing auth and retrying...
2026-04-10 08:14:30 | ERROR | GET https://api.elections.kalshi.com/trade-api/v2/portfolio/orders failed after 3 attempts: 401 Client Error: Unauthorized for url: https://api.elections.kalshi.com/trade-api/v2/portfolio/orders?status=open
2026-04-10 08:14:30 | WARNING | GET https://api.elections.kalshi.com/trade-api/v2/portfolio/balance got 401 - refreshing auth and retrying...
2026-04-10 08:14:30 | WARNING | GET https://api.elections.kalshi.com/trade-api/v2/portfolio/balance got 401 - refreshing auth and retrying...
2026-04-10 08:14:30 | ERROR | GET https://api.elections.kalshi.com/trade-api/v2/portfolio/balance failed after 3 attempts: 401 Client Error: Unauthorized for url: https://api.elections.kalshi.com/trade-api/v2/portfolio/balance
2026-04-10 08:14:30 | WARNING | get_balance error: 401 Client Error: Unauthorized for url: https://api.elections.kalshi.com/trade-api/v2/portfolio/balance
2026-04-10 08:14:30 | WARNING | [CashSync] API balance failed (auth error?) - using conservative estimate $5.00 (was $5.00)
2026-04-10 08:15:00 | INFO | Status: cash=$5.00, positions=0, loop=60, active_series=['KXDOGE15M', 'KXBTC15M', 'KXXRP15M', 'KXETH15M', 'KXSOL15M', 'KXHYPE15M', 'KXBNB15M']
2026-04-10 08:15:00 | INFO | Day Realized P&L: $-29.67 (-85.6%) / -$99999.00 daily stop-loss limit
2026-04-10 08:15:00 | INFO | Coins: BTC: idle | ETH: idle | BNB: idle | SOL: idle | DOGE: idle | XRP: idle | HYPE: idle | ADA: idle
2026-04-10 08:15:00 | WARNING | GET https://api.elections.kalshi.com/trade-api/v2/portfolio/balance got 401 - refreshing auth and retrying...
2026-04-10 08:15:00 | WARNING | GET https://api.elections.kalshi.com/trade-api/v2/portfolio/balance got 401 - refreshing auth and retrying...
2026-04-10 08:15:00 | ERROR | GET https://api.elections.kalshi.com/trade-api/v2/portfolio/balance failed after 3 attempts: 401 Client Error: Unauthorized for url: https://api.elections.kalshi.com/trade-api/v2/portfolio/balance
2026-04-10 08:15:00 | WARNING | get_balance error: 401 Client Error: Unauthorized for url: https://api.elections.kalshi.com/trade-api/v2/portfolio/balance
2026-04-10 08:15:00 | INFO | JSON summary saved to /home/ubuntu/.openclaw/workspace/workers/superbot/report.json
2026-04-10 08:15:00 | WARNING | GET https://api.elections.kalshi.com/trade-api/v2/portfolio/orders got 401 - refreshing auth and retrying...
2026-04-10 08:15:00 | WARNING | GET https://api.elections.kalshi.com/trade-api/v2/portfolio/orders got 401 - refreshing auth and retrying...
2026-04-10 08:15:00 | ERROR | GET https://api.elections.kalshi.com/trade-api/v2/portfolio/orders failed after 3 attempts: 401 Client Error: Unauthorized for url: https://api.elections.kalshi.com/trade-api/v2/portfolio/orders?status=open
2026-04-10 08:15:00 | WARNING | GET https://api.elections.kalshi.com/trade-api/v2/portfolio/balance got 401 - refreshing auth and retrying...
2026-04-10 08:15:00 | WARNING | GET https://api.elections.kalshi.com/trade-api/v2/portfolio/balance got 401 - refreshing auth and retrying...
2026-04-10 08:15:00 | ERROR | GET https://api.elections.kalshi.com/trade-api/v2/portfolio/balance failed after 3 attempts: 401 Client Error: Unauthorized for url: https://api.elections.kalshi.com/trade-api/v2/portfolio/balance
2026-04-10 08:15:00 | WARNING | get_balance error: 401 Client Error: Unauthorized for url: https://api.elections.kalshi.com/trade-api/v2/portfolio/balance
2026-04-10 08:15:00 | WARNING | [CashSync] API balance failed (auth error?) - using conservative estimate $5.00 (was $5.00)
2026-04-10 08:15:30 | INFO | Status: cash=$5.00, positions=0, loop=61, active_series=['KXDOGE15M', 'KXBTC15M', 'KXXRP15M', 'KXETH15M', 'KXSOL15M', 'KXHYPE15M', 'KXBNB15M']
2026-04-10 08:15:30 | INFO | Day Realized P&L: $-29.67 (-85.6%) / -$99999.00 daily stop-loss limit
2026-04-10 08:15:30 | INFO | Coins: BTC: idle | ETH: idle | BNB: idle | SOL: idle | DOGE: idle | XRP: idle | HYPE: idle | ADA: idle
2026-04-10 08:15:30 | WARNING | GET https://api.elections.kalshi.com/trade-api/v2/portfolio/balance got 401 - refreshing auth and retrying...
2026-04-10 08:15:30 | WARNING | GET https://api.elections.kalshi.com/trade-api/v2/portfolio/balance got 401 - refreshing auth and retrying...
2026-04-10 08:15:30 | ERROR | GET https://api.elections.kalshi.com/trade-api/v2/portfolio/balance failed after 3 attempts: 401 Client Error: Unauthorized for url: https://api.elections.kalshi.com/trade-api/v2/portfolio/balance
2026-04-10 08:15:30 | WARNING | get_balance error: 401 Client Error: Unauthorized for url: https://api.elections.kalshi.com/trade-api/v2/portfolio/balance
2026-04-10 08:15:30 | INFO | JSON summary saved to /home/ubuntu/.openclaw/workspace/workers/superbot/report.json
2026-04-10 08:15:30 | WARNING | GET https://api.elections.kalshi.com/trade-api/v2/portfolio/orders got 401 - refreshing auth and retrying...
2026-04-10 08:15:30 | WARNING | GET https://api.elections.kalshi.com/trade-api/v2/portfolio/orders got 401 - refreshing auth and retrying...
2026-04-10 08:15:30 | ERROR | GET https://api.elections.kalshi.com/trade-api/v2/portfolio/orders failed after 3 attempts: 401 Client Error: Unauthorized for url: https://api.elections.kalshi.com/trade-api/v2/portfolio/orders?status=open
2026-04-10 08:15:31 | WARNING | GET https://api.elections.kalshi.com/trade-api/v2/portfolio/balance got 401 - refreshing auth and retrying...
2026-04-10 08:15:31 | WARNING | GET https://api.elections.kalshi.com/trade-api/v2/portfolio/balance got 401 - refreshing auth and retrying...
2026-04-10 08:15:31 | ERROR | GET https://api.elections.kalshi.com/trade-api/v2/portfolio/balance failed after 3 attempts: 401 Client Error: Unauthorized for url: https://api.elections.kalshi.com/trade-api/v2/portfolio/balance
2026-04-10 08:15:31 | WARNING | get_balance error: 401 Client Error: Unauthorized for url: https://api.elections.kalshi.com/trade-api/v2/portfolio/balance
2026-04-10 08:15:31 | WARNING | [CashSync] API balance failed (auth error?) - using conservative estimate $5.00 (was $5.00)
2026-04-10 08:15:31 | INFO | CANDLE_DURATION COMPLETED: KXETH15M-26APR100415-15 | Was above open 35.3% (<40% threshold) -> PENDING BUY NO, CONF=80
2026-04-10 08:15:31 | INFO | CANDLE_DURATION COMPLETED: KXSOL15M-26APR100415-15 | Was above open 35.3% (<40% threshold) -> PENDING BUY NO, CONF=80
2026-04-10 08:15:31 | INFO | CANDLE_DURATION COMPLETED: KXDOGE15M-26APR100415-15 | Was above open 0.0% (<40% threshold) -> PENDING BUY NO, CONF=80
2026-04-10 08:15:31 | INFO | CANDLE_DURATION COMPLETED: KXXRP15M-26APR100415-15 | Was above open 37.5% (<40% threshold) -> PENDING BUY NO, CONF=80
2026-04-10 08:16:01 | INFO | Status: cash=$5.00, positions=0, loop=62, active_series=['KXDOGE15M', 'KXBTC15M', 'KXXRP15M', 'KXETH15M', 'KXSOL15M', 'KXHYPE15M', 'KXBNB15M']
2026-04-10 08:16:01 | INFO | Day Realized P&L: $-29.67 (-85.6%) / -$99999.00 daily stop-loss limit
2026-04-10 08:16:01 | INFO | Coins: BTC: idle | ETH: idle | BNB: idle | SOL: idle | DOGE: idle | XRP: idle | HYPE: idle | ADA: idle
2026-04-10 08:16:01 | WARNING | GET https://api.elections.kalshi.com/trade-api/v2/portfolio/balance got 401 - refreshing auth and retrying...
2026-04-10 08:16:01 | WARNING | GET https://api.elections.kalshi.com/trade-api/v2/portfolio/balance got 401 - refreshing auth and retrying...
2026-04-10 08:16:01 | ERROR | GET https://api.elections.kalshi.com/trade-api/v2/portfolio/balance failed after 3 attempts: 401 Client Error: Unauthorized for url: https://api.elections.kalshi.com/trade-api/v2/portfolio/balance
2026-04-10 08:16:01 | WARNING | get_balance error: 401 Client Error: Unauthorized for url: https://api.elections.kalshi.com/trade-api/v2/portfolio/balance
2026-04-10 08:16:01 | INFO | JSON summary saved to /home/ubuntu/.openclaw/workspace/workers/superbot/report.json
2026-04-10 08:16:01 | WARNING | GET https://api.elections.kalshi.com/trade-api/v2/portfolio/orders got 401 - refreshing auth and retrying...
2026-04-10 08:16:01 | WARNING | GET https://api.elections.kalshi.com/trade-api/v2/portfolio/orders got 401 - refreshing auth and retrying...
2026-04-10 08:16:01 | ERROR | GET https://api.elections.kalshi.com/trade-api/v2/portfolio/orders failed after 3 attempts: 401 Client Error: Unauthorized for url: https://api.elections.kalshi.com/trade-api/v2/portfolio/orders?status=open
2026-04-10 08:16:01 | WARNING | GET https://api.elections.kalshi.com/trade-api/v2/portfolio/balance got 401 - refreshing auth and retrying...
2026-04-10 08:16:01 | WARNING | GET https://api.elections.kalshi.com/trade-api/v2/portfolio/balance got 401 - refreshing auth and retrying...
2026-04-10 08:16:01 | ERROR | GET https://api.elections.kalshi.com/trade-api/v2/portfolio/balance failed after 3 attempts: 401 Client Error: Unauthorized for url: https://api.elections.kalshi.com/trade-api/v2/portfolio/balance
2026-04-10 08:16:01 | WARNING | get_balance error: 401 Client Error: Unauthorized for url: https://api.elections.kalshi.com/trade-api/v2/portfolio/balance
2026-04-10 08:16:01 | WARNING | [CashSync] API balance failed (auth error?) - using conservative estimate $5.00 (was $5.00)
2026-04-10 08:16:01 | INFO | CANDLE_DURATION COMPLETED: KXBNB15M-26APR100415-15 | Was above open 0.0% (<40% threshold) -> PENDING BUY NO, CONF=80
2026-04-10 08:16:01 | INFO | CANDLE_DURATION COMPLETED: KXHYPE15M-26APR100415-15 | Was above open 100.0% (>90% threshold) -> PENDING BUY YES, CONF=98
2026-04-10 08:16:31 | INFO | Status: cash=$5.00, positions=0, loop=63, active_series=['KXDOGE15M', 'KXBTC15M', 'KXXRP15M', 'KXETH15M', 'KXSOL15M', 'KXHYPE15M', 'KXBNB15M']
2026-04-10 08:16:31 | INFO | Day Realized P&L: $-29.67 (-85.6%) / -$99999.00 daily stop-loss limit
2026-04-10 08:16:31 | INFO | Coins: BTC: idle | ETH: idle | BNB: idle | SOL: idle | DOGE: idle | XRP: idle | HYPE: idle | ADA: idle
2026-04-10 08:16:31 | WARNING | GET https://api.elections.kalshi.com/trade-api/v2/portfolio/balance got 401 - refreshing auth and retrying...
2026-04-10 08:16:31 | WARNING | GET https://api.elections.kalshi.com/trade-api/v2/portfolio/balance got 401 - refreshing auth and retrying...
2026-04-10 08:16:31 | ERROR | GET https://api.elections.kalshi.com/trade-api/v2/portfolio/balance failed after 3 attempts: 401 Client Error: Unauthorized for url: https://api.elections.kalshi.com/trade-api/v2/portfolio/balance
2026-04-10 08:16:31 | WARNING | get_balance error: 401 Client Error: Unauthorized for url: https://api.elections.kalshi.com/trade-api/v2/portfolio/balance
2026-04-10 08:16:31 | INFO | JSON summary saved to /home/ubuntu/.openclaw/workspace/workers/superbot/report.json
2026-04-10 08:16:31 | WARNING | GET https://api.elections.kalshi.com/trade-api/v2/portfolio/orders got 401 - refreshing auth and retrying...
2026-04-10 08:16:31 | WARNING | GET https://api.elections.kalshi.com/trade-api/v2/portfolio/orders got 401 - refreshing auth and retrying...
2026-04-10 08:16:31 | ERROR | GET https://api.elections.kalshi.com/trade-api/v2/portfolio/orders failed after 3 attempts: 401 Client Error: Unauthorized for url: https://api.elections.kalshi.com/trade-api/v2/portfolio/orders?status=open
2026-04-10 08:16:31 | WARNING | GET https://api.elections.kalshi.com/trade-api/v2/portfolio/balance got 401 - refreshing auth and retrying...
2026-04-10 08:16:32 | WARNING | GET https://api.elections.kalshi.com/trade-api/v2/portfolio/balance got 401 - refreshing auth and retrying...
2026-04-10 08:16:32 | ERROR | GET https://api.elections.kalshi.com/trade-api/v2/portfolio/balance failed after 3 attempts: 401 Client Error: Unauthorized for url: https://api.elections.kalshi.com/trade-api/v2/portfolio/balance
2026-04-10 08:16:32 | WARNING | get_balance error: 401 Client Error: Unauthorized for url: https://api.elections.kalshi.com/trade-api/v2/portfolio/balance
2026-04-10 08:16:32 | WARNING | [CashSync] API balance failed (auth error?) - using conservative estimate $5.00 (was $5.00)
2026-04-10 08:17:02 | INFO | Status: cash=$5.00, positions=0, loop=64, active_series=['KXDOGE15M', 'KXBTC15M', 'KXXRP15M', 'KXETH15M', 'KXSOL15M', 'KXHYPE15M', 'KXBNB15M']
2026-04-10 08:17:02 | INFO | Day Realized P&L: $-29.67 (-85.6%) / -$99999.00 daily stop-loss limit
2026-04-10 08:17:02 | INFO | Coins: BTC: idle | ETH: idle | BNB: idle | SOL: idle | DOGE: idle | XRP: idle | HYPE: idle | ADA: idle
2026-04-10 08:17:02 | WARNING | GET https://api.elections.kalshi.com/trade-api/v2/portfolio/balance got 401 - refreshing auth and retrying...
2026-04-10 08:17:02 | WARNING | GET https://api.elections.kalshi.com/trade-api/v2/portfolio/balance got 401 - refreshing auth and retrying...
2026-04-10 08:17:02 | ERROR | GET https://api.elections.kalshi.com/trade-api/v2/portfolio/balance failed after 3 attempts: 401 Client Error: Unauthorized for url: https://api.elections.kalshi.com/trade-api/v2/portfolio/balance
2026-04-10 08:17:02 | WARNING | get_balance error: 401 Client Error: Unauthorized for url: https://api.elections.kalshi.com/trade-api/v2/portfolio/balance
2026-04-10 08:17:02 | INFO | JSON summary saved to /home/ubuntu/.openclaw/workspace/workers/superbot/report.json
2026-04-10 08:17:02 | WARNING | GET https://api.elections.kalshi.com/trade-api/v2/portfolio/orders got 401 - refreshing auth and retrying...
2026-04-10 08:17:02 | WARNING | GET https://api.elections.kalshi.com/trade-api/v2/portfolio/orders got 401 - refreshing auth and retrying...
2026-04-10 08:17:02 | ERROR | GET https://api.elections.kalshi.com/trade-api/v2/portfolio/orders failed after 3 attempts: 401 Client Error: Unauthorized for url: https://api.elections.kalshi.com/trade-api/v2/portfolio/orders?status=open
2026-04-10 08:17:02 | WARNING | GET https://api.elections.kalshi.com/trade-api/v2/portfolio/balance got 401 - refreshing auth and retrying...
2026-04-10 08:17:02 | WARNING | GET https://api.elections.kalshi.com/trade-api/v2/portfolio/balance got 401 - refreshing auth and retrying...
2026-04-10 08:17:02 | ERROR | GET https://api.elections.kalshi.com/trade-api/v2/portfolio/balance failed after 3 attempts: 401 Client Error: Unauthorized for url: https://api.elections.kalshi.com/trade-api/v2/portfolio/balance
2026-04-10 08:17:02 | WARNING | get_balance error: 401 Client Error: Unauthorized for url: https://api.elections.kalshi.com/trade-api/v2/portfolio/balance
2026-04-10 08:17:02 | WARNING | [CashSync] API balance failed (auth error?) - using conservative estimate $5.00 (was $5.00)
2026-04-10 08:17:32 | INFO | Status: cash=$5.00, positions=0, loop=65, active_series=['KXDOGE15M', 'KXBTC15M', 'KXXRP15M', 'KXETH15M', 'KXSOL15M', 'KXHYPE15M', 'KXBNB15M']
2026-04-10 08:17:32 | INFO | Day Realized P&L: $-29.67 (-85.6%) / -$99999.00 daily stop-loss limit
2026-04-10 08:17:32 | INFO | Coins: BTC: idle | ETH: idle | BNB: idle | SOL: idle | DOGE: idle | XRP: idle | HYPE: idle | ADA: idle
2026-04-10 08:17:32 | WARNING | GET https://api.elections.kalshi.com/trade-api/v2/portfolio/balance got 401 - refreshing auth and retrying...
2026-04-10 08:17:32 | WARNING | GET https://api.elections.kalshi.com/trade-api/v2/portfolio/balance got 401 - refreshing auth and retrying...
2026-04-10 08:17:32 | ERROR | GET https://api.elections.kalshi.com/trade-api/v2/portfolio/balance failed after 3 attempts: 401 Client Error: Unauthorized for url: https://api.elections.kalshi.com/trade-api/v2/portfolio/balance
2026-04-10 08:17:32 | WARNING | get_balance error: 401 Client Error: Unauthorized for url: https://api.elections.kalshi.com/trade-api/v2/portfolio/balance
2026-04-10 08:17:32 | INFO | JSON summary saved to /home/ubuntu/.openclaw/workspace/workers/superbot/report.json
2026-04-10 08:17:32 | WARNING | GET https://api.elections.kalshi.com/trade-api/v2/portfolio/orders got 401 - refreshing auth and retrying...
2026-04-10 08:17:32 | WARNING | GET https://api.elections.kalshi.com/trade-api/v2/portfolio/orders got 401 - refreshing auth and retrying...
2026-04-10 08:17:32 | ERROR | GET https://api.elections.kalshi.com/trade-api/v2/portfolio/orders failed after 3 attempts: 401 Client Error: Unauthorized for url: https://api.elections.kalshi.com/trade-api/v2/portfolio/orders?status=open
2026-04-10 08:17:32 | WARNING | GET https://api.elections.kalshi.com/trade-api/v2/portfolio/balance got 401 - refreshing auth and retrying...
2026-04-10 08:17:32 | WARNING | GET https://api.elections.kalshi.com/trade-api/v2/portfolio/balance got 401 - refreshing auth and retrying...
2026-04-10 08:17:32 | ERROR | GET https://api.elections.kalshi.com/trade-api/v2/portfolio/balance failed after 3 attempts: 401 Client Error: Unauthorized for url: https://api.elections.kalshi.com/trade-api/v2/portfolio/balance
2026-04-10 08:17:32 | WARNING | get_balance error: 401 Client Error: Unauthorized for url: https://api.elections.kalshi.com/trade-api/v2/portfolio/balance
2026-04-10 08:17:32 | WARNING | [CashSync] API balance failed (auth error?) - using conservative estimate $5.00 (was $5.00)
2026-04-10 08:18:03 | INFO | Status: cash=$5.00, positions=0, loop=66, active_series=['KXDOGE15M', 'KXBTC15M', 'KXXRP15M', 'KXETH15M', 'KXSOL15M', 'KXHYPE15M', 'KXBNB15M']
2026-04-10 08:18:03 | INFO | Day Realized P&L: $-29.67 (-85.6%) / -$99999.00 daily stop-loss limit
2026-04-10 08:18:03 | INFO | Coins: BTC: idle | ETH: idle | BNB: idle | SOL: idle | DOGE: idle | XRP: idle | HYPE: idle | ADA: idle
2026-04-10 08:18:03 | WARNING | GET https://api.elections.kalshi.com/trade-api/v2/portfolio/balance got 401 - refreshing auth and retrying...
2026-04-10 08:18:03 | WARNING | GET https://api.elections.kalshi.com/trade-api/v2/portfolio/balance got 401 - refreshing auth and retrying...
2026-04-10 08:18:03 | ERROR | GET https://api.elections.kalshi.com/trade-api/v2/portfolio/balance failed after 3 attempts: 401 Client Error: Unauthorized for url: https://api.elections.kalshi.com/trade-api/v2/portfolio/balance
2026-04-10 08:18:03 | WARNING | get_balance error: 401 Client Error: Unauthorized for url: https://api.elections.kalshi.com/trade-api/v2/portfolio/balance
2026-04-10 08:18:03 | INFO | JSON summary saved to /home/ubuntu/.openclaw/workspace/workers/superbot/report.json
2026-04-10 08:18:03 | WARNING | GET https://api.elections.kalshi.com/trade-api/v2/portfolio/orders got 401 - refreshing auth and retrying...
2026-04-10 08:18:03 | WARNING | GET https://api.elections.kalshi.com/trade-api/v2/portfolio/orders got 401 - refreshing auth and retrying...
2026-04-10 08:18:03 | ERROR | GET https://api.elections.kalshi.com/trade-api/v2/portfolio/orders failed after 3 attempts: 401 Client Error: Unauthorized for url: https://api.elections.kalshi.com/trade-api/v2/portfolio/orders?status=open
2026-04-10 08:18:03 | WARNING | GET https://api.elections.kalshi.com/trade-api/v2/portfolio/balance got 401 - refreshing auth and retrying...
2026-04-10 08:18:03 | WARNING | GET https://api.elections.kalshi.com/trade-api/v2/portfolio/balance got 401 - refreshing auth and retrying...
2026-04-10 08:18:03 | ERROR | GET https://api.elections.kalshi.com/trade-api/v2/portfolio/balance failed after 3 attempts: 401 Client Error: Unauthorized for url: https://api.elections.kalshi.com/trade-api/v2/portfolio/balance
2026-04-10 08:18:03 | WARNING | get_balance error: 401 Client Error: Unauthorized for url: https://api.elections.kalshi.com/trade-api/v2/portfolio/balance
2026-04-10 08:18:03 | WARNING | [CashSync] API balance failed (auth error?) - using conservative estimate $5.00 (was $5.00)
2026-04-10 08:18:33 | INFO | Status: cash=$5.00, positions=0, loop=67, active_series=['KXDOGE15M', 'KXBTC15M', 'KXXRP15M', 'KXETH15M', 'KXSOL15M', 'KXHYPE15M', 'KXBNB15M']
2026-04-10 08:18:33 | INFO | Day Realized P&L: $-29.67 (-85.6%) / -$99999.00 daily stop-loss limit
2026-04-10 08:18:33 | INFO | Coins: BTC: idle | ETH: idle | BNB: idle | SOL: idle | DOGE: idle | XRP: idle | HYPE: idle | ADA: idle
2026-04-10 08:18:33 | WARNING | GET https://api.elections.kalshi.com/trade-api/v2/portfolio/balance got 401 - refreshing auth and retrying...
2026-04-10 08:18:33 | WARNING | GET https://api.elections.kalshi.com/trade-api/v2/portfolio/balance got 401 - refreshing auth and retrying...
2026-04-10 08:18:33 | ERROR | GET https://api.elections.kalshi.com/trade-api/v2/portfolio/balance failed after 3 attempts: 401 Client Error: Unauthorized for url: https://api.elections.kalshi.com/trade-api/v2/portfolio/balance
2026-04-10 08:18:33 | WARNING | get_balance error: 401 Client Error: Unauthorized for url: https://api.elections.kalshi.com/trade-api/v2/portfolio/balance
2026-04-10 08:18:33 | INFO | JSON summary saved to /home/ubuntu/.openclaw/workspace/workers/superbot/report.json
2026-04-10 08:18:33 | WARNING | GET https://api.elections.kalshi.com/trade-api/v2/portfolio/orders got 401 - refreshing auth and retrying...
2026-04-10 08:18:33 | WARNING | GET https://api.elections.kalshi.com/trade-api/v2/portfolio/orders got 401 - refreshing auth and retrying...
2026-04-10 08:18:33 | ERROR | GET https://api.elections.kalshi.com/trade-api/v2/portfolio/orders failed after 3 attempts: 401 Client Error: Unauthorized for url: https://api.elections.kalshi.com/trade-api/v2/portfolio/orders?status=open
2026-04-10 08:18:33 | WARNING | GET https://api.elections.kalshi.com/trade-api/v2/portfolio/balance got 401 - refreshing auth and retrying...
2026-04-10 08:18:33 | WARNING | GET https://api.elections.kalshi.com/trade-api/v2/portfolio/balance got 401 - refreshing auth and retrying...
2026-04-10 08:18:33 | ERROR | GET https://api.elections.kalshi.com/trade-api/v2/portfolio/balance failed after 3 attempts: 401 Client Error: Unauthorized for url: https://api.elections.kalshi.com/trade-api/v2/portfolio/balance
2026-04-10 08:18:33 | WARNING | get_balance error: 401 Client Error: Unauthorized for url: https://api.elections.kalshi.com/trade-api/v2/portfolio/balance
2026-04-10 08:18:33 | WARNING | [CashSync] API balance failed (auth error?) - using conservative estimate $5.00 (was $5.00)
2026-04-10 08:19:04 | INFO | Status: cash=$5.00, positions=0, loop=68, active_series=['KXDOGE15M', 'KXBTC15M', 'KXXRP15M', 'KXETH15M', 'KXSOL15M', 'KXHYPE15M', 'KXBNB15M']
2026-04-10 08:19:04 | INFO | Day Realized P&L: $-29.67 (-85.6%) / -$99999.00 daily stop-loss limit
2026-04-10 08:19:04 | INFO | Coins: BTC: idle | ETH: idle | BNB: idle | SOL: idle | DOGE: idle | XRP: idle | HYPE: idle | ADA: idle
2026-04-10 08:19:04 | WARNING | GET https://api.elections.kalshi.com/trade-api/v2/portfolio/balance got 401 - refreshing auth and retrying...
2026-04-10 08:19:04 | WARNING | GET https://api.elections.kalshi.com/trade-api/v2/portfolio/balance got 401 - refreshing auth and retrying...
2026-04-10 08:19:04 | ERROR | GET https://api.elections.kalshi.com/trade-api/v2/portfolio/balance failed after 3 attempts: 401 Client Error: Unauthorized for url: https://api.elections.kalshi.com/trade-api/v2/portfolio/balance
2026-04-10 08:19:04 | WARNING | get_balance error: 401 Client Error: Unauthorized for url: https://api.elections.kalshi.com/trade-api/v2/portfolio/balance
2026-04-10 08:19:04 | INFO | JSON summary saved to /home/ubuntu/.openclaw/workspace/workers/superbot/report.json
2026-04-10 08:19:04 | WARNING | GET https://api.elections.kalshi.com/trade-api/v2/portfolio/orders got 401 - refreshing auth and retrying...
2026-04-10 08:19:04 | WARNING | GET https://api.elections.kalshi.com/trade-api/v2/portfolio/orders got 401 - refreshing auth and retrying...
2026-04-10 08:19:04 | ERROR | GET https://api.elections.kalshi.com/trade-api/v2/portfolio/orders failed after 3 attempts: 401 Client Error: Unauthorized for url: https://api.elections.kalshi.com/trade-api/v2/portfolio/orders?status=open
2026-04-10 08:19:04 | WARNING | GET https://api.elections.kalshi.com/trade-api/v2/portfolio/balance got 401 - refreshing auth and retrying...
2026-04-10 08:19:04 | WARNING | GET https://api.elections.kalshi.com/trade-api/v2/portfolio/balance got 401 - refreshing auth and retrying...
2026-04-10 08:19:04 | ERROR | GET https://api.elections.kalshi.com/trade-api/v2/portfolio/balance failed after 3 attempts: 401 Client Error: Unauthorized for url: https://api.elections.kalshi.com/trade-api/v2/portfolio/balance
2026-04-10 08:19:04 | WARNING | get_balance error: 401 Client Error: Unauthorized for url: https://api.elections.kalshi.com/trade-api/v2/portfolio/balance
2026-04-10 08:19:04 | WARNING | [CashSync] API balance failed (auth error?) - using conservative estimate $5.00 (was $5.00)
2026-04-10 08:19:34 | INFO | Status: cash=$5.00, positions=0, loop=69, active_series=['KXDOGE15M', 'KXBTC15M', 'KXXRP15M', 'KXETH15M', 'KXSOL15M', 'KXHYPE15M', 'KXBNB15M']
2026-04-10 08:19:34 | INFO | Day Realized P&L: $-29.67 (-85.6%) / -$99999.00 daily stop-loss limit
2026-04-10 08:19:34 | INFO | Coins: BTC: idle | ETH: idle | BNB: idle | SOL: idle | DOGE: idle | XRP: idle | HYPE: idle | ADA: idle
2026-04-10 08:19:34 | WARNING | GET https://api.elections.kalshi.com/trade-api/v2/portfolio/balance got 401 - refreshing auth and retrying...
2026-04-10 08:19:34 | WARNING | GET https://api.elections.kalshi.com/trade-api/v2/portfolio/balance got 401 - refreshing auth and retrying...
2026-04-10 08:19:34 | ERROR | GET https://api.elections.kalshi.com/trade-api/v2/portfolio/balance failed after 3 attempts: 401 Client Error: Unauthorized for url: https://api.elections.kalshi.com/trade-api/v2/portfolio/balance
2026-04-10 08:19:34 | WARNING | get_balance error: 401 Client Error: Unauthorized for url: https://api.elections.kalshi.com/trade-api/v2/portfolio/balance
2026-04-10 08:19:34 | INFO | JSON summary saved to /home/ubuntu/.openclaw/workspace/workers/superbot/report.json
2026-04-10 08:19:34 | WARNING | GET https://api.elections.kalshi.com/trade-api/v2/portfolio/orders got 401 - refreshing auth and retrying...
2026-04-10 08:19:34 | WARNING | GET https://api.elections.kalshi.com/trade-api/v2/portfolio/orders got 401 - refreshing auth and retrying...
2026-04-10 08:19:34 | ERROR | GET https://api.elections.kalshi.com/trade-api/v2/portfolio/orders failed after 3 attempts: 401 Client Error: Unauthorized for url: https://api.elections.kalshi.com/trade-api/v2/portfolio/orders?status=open
2026-04-10 08:19:34 | WARNING | GET https://api.elections.kalshi.com/trade-api/v2/portfolio/balance got 401 - refreshing auth and retrying...
2026-04-10 08:19:34 | WARNING | GET https://api.elections.kalshi.com/trade-api/v2/portfolio/balance got 401 - refreshing auth and retrying...
2026-04-10 08:19:34 | ERROR | GET https://api.elections.kalshi.com/trade-api/v2/portfolio/balance failed after 3 attempts: 401 Client Error: Unauthorized for url: https://api.elections.kalshi.com/trade-api/v2/portfolio/balance
2026-04-10 08:19:34 | WARNING | get_balance error: 401 Client Error: Unauthorized for url: https://api.elections.kalshi.com/trade-api/v2/portfolio/balance
2026-04-10 08:19:34 | WARNING | [CashSync] API balance failed (auth error?) - using conservative estimate $5.00 (was $5.00)
2026-04-10 08:20:04 | INFO | Status: cash=$5.00, positions=0, loop=70, active_series=['KXDOGE15M', 'KXBTC15M', 'KXXRP15M', 'KXETH15M', 'KXSOL15M', 'KXHYPE15M', 'KXBNB15M']
2026-04-10 08:20:04 | INFO | Day Realized P&L: $-29.67 (-85.6%) / -$99999.00 daily stop-loss limit
2026-04-10 08:20:04 | INFO | Coins: BTC: idle | ETH: idle | BNB: idle | SOL: idle | DOGE: idle | XRP: idle | HYPE: idle | ADA: idle
2026-04-10 08:20:05 | WARNING | GET https://api.elections.kalshi.com/trade-api/v2/portfolio/balance got 401 - refreshing auth and retrying...
2026-04-10 08:20:05 | WARNING | GET https://api.elections.kalshi.com/trade-api/v2/portfolio/balance got 401 - refreshing auth and retrying...
2026-04-10 08:20:05 | ERROR | GET https://api.elections.kalshi.com/trade-api/v2/portfolio/balance failed after 3 attempts: 401 Client Error: Unauthorized for url: https://api.elections.kalshi.com/trade-api/v2/portfolio/balance
2026-04-10 08:20:05 | WARNING | get_balance error: 401 Client Error: Unauthorized for url: https://api.elections.kalshi.com/trade-api/v2/portfolio/balance
2026-04-10 08:20:05 | INFO | JSON summary saved to /home/ubuntu/.openclaw/workspace/workers/superbot/report.json
2026-04-10 08:20:05 | WARNING | GET https://api.elections.kalshi.com/trade-api/v2/portfolio/orders got 401 - refreshing auth and retrying...
2026-04-10 08:20:05 | WARNING | GET https://api.elections.kalshi.com/trade-api/v2/portfolio/orders got 401 - refreshing auth and retrying...
2026-04-10 08:20:05 | ERROR | GET https://api.elections.kalshi.com/trade-api/v2/portfolio/orders failed after 3 attempts: 401 Client Error: Unauthorized for url: https://api.elections.kalshi.com/trade-api/v2/portfolio/orders?status=open
2026-04-10 08:20:05 | WARNING | GET https://api.elections.kalshi.com/trade-api/v2/portfolio/balance got 401 - refreshing auth and retrying...
2026-04-10 08:20:05 | WARNING | GET https://api.elections.kalshi.com/trade-api/v2/portfolio/balance got 401 - refreshing auth and retrying...
2026-04-10 08:20:05 | ERROR | GET https://api.elections.kalshi.com/trade-api/v2/portfolio/balance failed after 3 attempts: 401 Client Error: Unauthorized for url: https://api.elections.kalshi.com/trade-api/v2/portfolio/balance
2026-04-10 08:20:05 | WARNING | get_balance error: 401 Client Error: Unauthorized for url: https://api.elections.kalshi.com/trade-api/v2/portfolio/balance
2026-04-10 08:20:05 | WARNING | [CashSync] API balance failed (auth error?) - using conservative estimate $5.00 (was $5.00)
2026-04-10 08:20:35 | INFO | Status: cash=$5.00, positions=0, loop=71, active_series=['KXDOGE15M', 'KXBTC15M', 'KXXRP15M', 'KXETH15M', 'KXSOL15M', 'KXHYPE15M', 'KXBNB15M']
2026-04-10 08:20:35 | INFO | Day Realized P&L: $-29.67 (-85.6%) / -$99999.00 daily stop-loss limit
2026-04-10 08:20:35 | INFO | Coins: BTC: idle | ETH: idle | BNB: idle | SOL: idle | DOGE: idle | XRP: idle | HYPE: idle | ADA: idle
2026-04-10 08:20:35 | WARNING | GET https://api.elections.kalshi.com/trade-api/v2/portfolio/balance got 401 - refreshing auth and retrying...
2026-04-10 08:20:35 | WARNING | GET https://api.elections.kalshi.com/trade-api/v2/portfolio/balance got 401 - refreshing auth and retrying...
2026-04-10 08:20:35 | ERROR | GET https://api.elections.kalshi.com/trade-api/v2/portfolio/balance failed after 3 attempts: 401 Client Error: Unauthorized for url: https://api.elections.kalshi.com/trade-api/v2/portfolio/balance
2026-04-10 08:20:35 | WARNING | get_balance error: 401 Client Error: Unauthorized for url: https://api.elections.kalshi.com/trade-api/v2/portfolio/balance
2026-04-10 08:20:35 | INFO | JSON summary saved to /home/ubuntu/.openclaw/workspace/workers/superbot/report.json
2026-04-10 08:20:35 | WARNING | GET https://api.elections.kalshi.com/trade-api/v2/portfolio/orders got 401 - refreshing auth and retrying...
2026-04-10 08:20:35 | WARNING | GET https://api.elections.kalshi.com/trade-api/v2/portfolio/orders got 401 - refreshing auth and retrying...
2026-04-10 08:20:35 | ERROR | GET https://api.elections.kalshi.com/trade-api/v2/portfolio/orders failed after 3 attempts: 401 Client Error: Unauthorized for url: https://api.elections.kalshi.com/trade-api/v2/portfolio/orders?status=open
2026-04-10 08:20:35 | WARNING | GET https://api.elections.kalshi.com/trade-api/v2/portfolio/balance got 401 - refreshing auth and retrying...
2026-04-10 08:20:35 | WARNING | GET https://api.elections.kalshi.com/trade-api/v2/portfolio/balance got 401 - refreshing auth and retrying...
2026-04-10 08:20:35 | ERROR | GET https://api.elections.kalshi.com/trade-api/v2/portfolio/balance failed after 3 attempts: 401 Client Error: Unauthorized for url: https://api.elections.kalshi.com/trade-api/v2/portfolio/balance
2026-04-10 08:20:35 | WARNING | get_balance error: 401 Client Error: Unauthorized for url: https://api.elections.kalshi.com/trade-api/v2/portfolio/balance
2026-04-10 08:20:35 | WARNING | [CashSync] API balance failed (auth error?) - using conservative estimate $5.00 (was $5.00)
2026-04-10 08:21:05 | INFO | Status: cash=$5.00, positions=0, loop=72, active_series=['KXDOGE15M', 'KXBTC15M', 'KXXRP15M', 'KXETH15M', 'KXSOL15M', 'KXHYPE15M', 'KXBNB15M']
2026-04-10 08:21:05 | INFO | Day Realized P&L: $-29.67 (-85.6%) / -$99999.00 daily stop-loss limit
2026-04-10 08:21:05 | INFO | Coins: BTC: idle | ETH: idle | BNB: idle | SOL: idle | DOGE: idle | XRP: idle | HYPE: idle | ADA: idle
2026-04-10 08:21:05 | WARNING | GET https://api.elections.kalshi.com/trade-api/v2/portfolio/balance got 401 - refreshing auth and retrying...
2026-04-10 08:21:05 | WARNING | GET https://api.elections.kalshi.com/trade-api/v2/portfolio/balance got 401 - refreshing auth and retrying...
2026-04-10 08:21:05 | ERROR | GET https://api.elections.kalshi.com/trade-api/v2/portfolio/balance failed after 3 attempts: 401 Client Error: Unauthorized for url: https://api.elections.kalshi.com/trade-api/v2/portfolio/balance
2026-04-10 08:21:05 | WARNING | get_balance error: 401 Client Error: Unauthorized for url: https://api.elections.kalshi.com/trade-api/v2/portfolio/balance
2026-04-10 08:21:05 | INFO | JSON summary saved to /home/ubuntu/.openclaw/workspace/workers/superbot/report.json
2026-04-10 08:21:06 | WARNING | GET https://api.elections.kalshi.com/trade-api/v2/portfolio/orders got 401 - refreshing auth and retrying...
2026-04-10 08:21:06 | WARNING | GET https://api.elections.kalshi.com/trade-api/v2/portfolio/orders got 401 - refreshing auth and retrying...
2026-04-10 08:21:06 | ERROR | GET https://api.elections.kalshi.com/trade-api/v2/portfolio/orders failed after 3 attempts: 401 Client Error: Unauthorized for url: https://api.elections.kalshi.com/trade-api/v2/portfolio/orders?status=open
2026-04-10 08:21:06 | WARNING | GET https://api.elections.kalshi.com/trade-api/v2/portfolio/balance got 401 - refreshing auth and retrying...
2026-04-10 08:21:06 | WARNING | GET https://api.elections.kalshi.com/trade-api/v2/portfolio/balance got 401 - refreshing auth and retrying...
2026-04-10 08:21:06 | ERROR | GET https://api.elections.kalshi.com/trade-api/v2/portfolio/balance failed after 3 attempts: 401 Client Error: Unauthorized for url: https://api.elections.kalshi.com/trade-api/v2/portfolio/balance
2026-04-10 08:21:06 | WARNING | get_balance error: 401 Client Error: Unauthorized for url: https://api.elections.kalshi.com/trade-api/v2/portfolio/balance
2026-04-10 08:21:06 | WARNING | [CashSync] API balance failed (auth error?) - using conservative estimate $5.00 (was $5.00)
2026-04-10 08:21:36 | INFO | Status: cash=$5.00, positions=0, loop=73, active_series=['KXDOGE15M', 'KXBTC15M', 'KXXRP15M', 'KXETH15M', 'KXSOL15M', 'KXHYPE15M', 'KXBNB15M']
2026-04-10 08:21:36 | INFO | Day Realized P&L: $-29.67 (-85.6%) / -$99999.00 daily stop-loss limit
2026-04-10 08:21:36 | INFO | Coins: BTC: idle | ETH: idle | BNB: idle | SOL: idle | DOGE: idle | XRP: idle | HYPE: idle | ADA: idle
2026-04-10 08:21:36 | WARNING | GET https://api.elections.kalshi.com/trade-api/v2/portfolio/balance got 401 - refreshing auth and retrying...
2026-04-10 08:21:36 | WARNING | GET https://api.elections.kalshi.com/trade-api/v2/portfolio/balance got 401 - refreshing auth and retrying...
2026-04-10 08:21:36 | ERROR | GET https://api.elections.kalshi.com/trade-api/v2/portfolio/balance failed after 3 attempts: 401 Client Error: Unauthorized for url: https://api.elections.kalshi.com/trade-api/v2/portfolio/balance
2026-04-10 08:21:36 | WARNING | get_balance error: 401 Client Error: Unauthorized for url: https://api.elections.kalshi.com/trade-api/v2/portfolio/balance
2026-04-10 08:21:36 | INFO | JSON summary saved to /home/ubuntu/.openclaw/workspace/workers/superbot/report.json
2026-04-10 08:21:36 | WARNING | GET https://api.elections.kalshi.com/trade-api/v2/portfolio/orders got 401 - refreshing auth and retrying...
2026-04-10 08:21:36 | WARNING | GET https://api.elections.kalshi.com/trade-api/v2/portfolio/orders got 401 - refreshing auth and retrying...
2026-04-10 08:21:36 | ERROR | GET https://api.elections.kalshi.com/trade-api/v2/portfolio/orders failed after 3 attempts: 401 Client Error: Unauthorized for url: https://api.elections.kalshi.com/trade-api/v2/portfolio/orders?status=open
2026-04-10 08:21:36 | WARNING | GET https://api.elections.kalshi.com/trade-api/v2/portfolio/balance got 401 - refreshing auth and retrying...
2026-04-10 08:21:36 | WARNING | GET https://api.elections.kalshi.com/trade-api/v2/portfolio/balance got 401 - refreshing auth and retrying...
2026-04-10 08:21:36 | ERROR | GET https://api.elections.kalshi.com/trade-api/v2/portfolio/balance failed after 3 attempts: 401 Client Error: Unauthorized for url: https://api.elections.kalshi.com/trade-api/v2/portfolio/balance
2026-04-10 08:21:36 | WARNING | get_balance error: 401 Client Error: Unauthorized for url: https://api.elections.kalshi.com/trade-api/v2/portfolio/balance
2026-04-10 08:21:36 | WARNING | [CashSync] API balance failed (auth error?) - using conservative estimate $5.00 (was $5.00)
2026-04-10 08:22:06 | INFO | Status: cash=$5.00, positions=0, loop=74, active_series=['KXDOGE15M', 'KXBTC15M', 'KXXRP15M', 'KXETH15M', 'KXSOL15M', 'KXHYPE15M', 'KXBNB15M']
2026-04-10 08:22:06 | INFO | Day Realized P&L: $-29.67 (-85.6%) / -$99999.00 daily stop-loss limit
2026-04-10 08:22:06 | INFO | Coins: BTC: idle | ETH: idle | BNB: idle | SOL: idle | DOGE: idle | XRP: idle | HYPE: idle | ADA: idle
2026-04-10 08:22:06 | WARNING | GET https://api.elections.kalshi.com/trade-api/v2/portfolio/balance got 401 - refreshing auth and retrying...
2026-04-10 08:22:06 | WARNING | GET https://api.elections.kalshi.com/trade-api/v2/portfolio/balance got 401 - refreshing auth and retrying...
2026-04-10 08:22:06 | ERROR | GET https://api.elections.kalshi.com/trade-api/v2/portfolio/balance failed after 3 attempts: 401 Client Error: Unauthorized for url: https://api.elections.kalshi.com/trade-api/v2/portfolio/balance
2026-04-10 08:22:06 | WARNING | get_balance error: 401 Client Error: Unauthorized for url: https://api.elections.kalshi.com/trade-api/v2/portfolio/balance
2026-04-10 08:22:06 | INFO | JSON summary saved to /home/ubuntu/.openclaw/workspace/workers/superbot/report.json
2026-04-10 08:22:06 | WARNING | GET https://api.elections.kalshi.com/trade-api/v2/portfolio/orders got 401 - refreshing auth and retrying...
2026-04-10 08:22:06 | WARNING | GET https://api.elections.kalshi.com/trade-api/v2/portfolio/orders got 401 - refreshing auth and retrying...
2026-04-10 08:22:06 | ERROR | GET https://api.elections.kalshi.com/trade-api/v2/portfolio/orders failed after 3 attempts: 401 Client Error: Unauthorized for url: https://api.elections.kalshi.com/trade-api/v2/portfolio/orders?status=open
2026-04-10 08:22:06 | WARNING | GET https://api.elections.kalshi.com/trade-api/v2/portfolio/balance got 401 - refreshing auth and retrying...
2026-04-10 08:22:07 | WARNING | GET https://api.elections.kalshi.com/trade-api/v2/portfolio/balance got 401 - refreshing auth and retrying...
2026-04-10 08:22:07 | ERROR | GET https://api.elections.kalshi.com/trade-api/v2/portfolio/balance failed after 3 attempts: 401 Client Error: Unauthorized for url: https://api.elections.kalshi.com/trade-api/v2/portfolio/balance
2026-04-10 08:22:07 | WARNING | get_balance error: 401 Client Error: Unauthorized for url: https://api.elections.kalshi.com/trade-api/v2/portfolio/balance
2026-04-10 08:22:07 | WARNING | [CashSync] API balance failed (auth error?) - using conservative estimate $5.00 (was $5.00)
2026-04-10 08:22:37 | INFO | Status: cash=$5.00, positions=0, loop=75, active_series=['KXDOGE15M', 'KXBTC15M', 'KXXRP15M', 'KXETH15M', 'KXSOL15M', 'KXHYPE15M', 'KXBNB15M']
2026-04-10 08:22:37 | INFO | Day Realized P&L: $-29.67 (-85.6%) / -$99999.00 daily stop-loss limit
2026-04-10 08:22:37 | INFO | Coins: BTC: idle | ETH: idle | BNB: idle | SOL: idle | DOGE: idle | XRP: idle | HYPE: idle | ADA: idle
2026-04-10 08:22:37 | WARNING | GET https://api.elections.kalshi.com/trade-api/v2/portfolio/balance got 401 - refreshing auth and retrying...
2026-04-10 08:22:37 | WARNING | GET https://api.elections.kalshi.com/trade-api/v2/portfolio/balance got 401 - refreshing auth and retrying...
2026-04-10 08:22:37 | ERROR | GET https://api.elections.kalshi.com/trade-api/v2/portfolio/balance failed after 3 attempts: 401 Client Error: Unauthorized for url: https://api.elections.kalshi.com/trade-api/v2/portfolio/balance
2026-04-10 08:22:37 | WARNING | get_balance error: 401 Client Error: Unauthorized for url: https://api.elections.kalshi.com/trade-api/v2/portfolio/balance
2026-04-10 08:22:37 | INFO | JSON summary saved to /home/ubuntu/.openclaw/workspace/workers/superbot/report.json
2026-04-10 08:22:37 | WARNING | GET https://api.elections.kalshi.com/trade-api/v2/portfolio/orders got 401 - refreshing auth and retrying...
2026-04-10 08:22:37 | WARNING | GET https://api.elections.kalshi.com/trade-api/v2/portfolio/orders got 401 - refreshing auth and retrying...
2026-04-10 08:22:37 | ERROR | GET https://api.elections.kalshi.com/trade-api/v2/portfolio/orders failed after 3 attempts: 401 Client Error: Unauthorized for url: https://api.elections.kalshi.com/trade-api/v2/portfolio/orders?status=open
2026-04-10 08:22:37 | WARNING | GET https://api.elections.kalshi.com/trade-api/v2/portfolio/balance got 401 - refreshing auth and retrying...
2026-04-10 08:22:37 | WARNING | GET https://api.elections.kalshi.com/trade-api/v2/portfolio/balance got 401 - refreshing auth and retrying...
2026-04-10 08:22:37 | ERROR | GET https://api.elections.kalshi.com/trade-api/v2/portfolio/balance failed after 3 attempts: 401 Client Error: Unauthorized for url: https://api.elections.kalshi.com/trade-api/v2/portfolio/balance
2026-04-10 08:22:37 | WARNING | get_balance error: 401 Client Error: Unauthorized for url: https://api.elections.kalshi.com/trade-api/v2/portfolio/balance
2026-04-10 08:22:37 | WARNING | [CashSync] API balance failed (auth error?) - using conservative estimate $5.00 (was $5.00)
2026-04-10 08:23:07 | INFO | Status: cash=$5.00, positions=0, loop=76, active_series=['KXDOGE15M', 'KXBTC15M', 'KXXRP15M', 'KXETH15M', 'KXSOL15M', 'KXHYPE15M', 'KXBNB15M']
2026-04-10 08:23:07 | INFO | Day Realized P&L: $-29.67 (-85.6%) / -$99999.00 daily stop-loss limit
2026-04-10 08:23:07 | INFO | Coins: BTC: idle | ETH: idle | BNB: idle | SOL: idle | DOGE: idle | XRP: idle | HYPE: idle | ADA: idle
2026-04-10 08:23:07 | WARNING | GET https://api.elections.kalshi.com/trade-api/v2/portfolio/balance got 401 - refreshing auth and retrying...
2026-04-10 08:23:07 | WARNING | GET https://api.elections.kalshi.com/trade-api/v2/portfolio/balance got 401 - refreshing auth and retrying...
2026-04-10 08:23:07 | ERROR | GET https://api.elections.kalshi.com/trade-api/v2/portfolio/balance failed after 3 attempts: 401 Client Error: Unauthorized for url: https://api.elections.kalshi.com/trade-api/v2/portfolio/balance
2026-04-10 08:23:07 | WARNING | get_balance error: 401 Client Error: Unauthorized for url: https://api.elections.kalshi.com/trade-api/v2/portfolio/balance
2026-04-10 08:23:07 | INFO | JSON summary saved to /home/ubuntu/.openclaw/workspace/workers/superbot/report.json
2026-04-10 08:23:07 | WARNING | GET https://api.elections.kalshi.com/trade-api/v2/portfolio/orders got 401 - refreshing auth and retrying...
2026-04-10 08:23:07 | WARNING | GET https://api.elections.kalshi.com/trade-api/v2/portfolio/orders got 401 - refreshing auth and retrying...
2026-04-10 08:23:07 | ERROR | GET https://api.elections.kalshi.com/trade-api/v2/portfolio/orders failed after 3 attempts: 401 Client Error: Unauthorized for url: https://api.elections.kalshi.com/trade-api/v2/portfolio/orders?status=open
2026-04-10 08:23:07 | WARNING | GET https://api.elections.kalshi.com/trade-api/v2/portfolio/balance got 401 - refreshing auth and retrying...
2026-04-10 08:23:07 | WARNING | GET https://api.elections.kalshi.com/trade-api/v2/portfolio/balance got 401 - refreshing auth and retrying...
2026-04-10 08:23:07 | ERROR | GET https://api.elections.kalshi.com/trade-api/v2/portfolio/balance failed after 3 attempts: 401 Client Error: Unauthorized for url: https://api.elections.kalshi.com/trade-api/v2/portfolio/balance
2026-04-10 08:23:07 | WARNING | get_balance error: 401 Client Error: Unauthorized for url: https://api.elections.kalshi.com/trade-api/v2/portfolio/balance
2026-04-10 08:23:07 | WARNING | [CashSync] API balance failed (auth error?) - using conservative estimate $5.00 (was $5.00)
2026-04-10 08:23:38 | INFO | Status: cash=$5.00, positions=0, loop=77, active_series=['KXDOGE15M', 'KXBTC15M', 'KXXRP15M', 'KXETH15M', 'KXSOL15M', 'KXHYPE15M', 'KXBNB15M']
2026-04-10 08:23:38 | INFO | Day Realized P&L: $-29.67 (-85.6%) / -$99999.00 daily stop-loss limit
2026-04-10 08:23:38 | INFO | Coins: BTC: idle | ETH: idle | BNB: idle | SOL: idle | DOGE: idle | XRP: idle | HYPE: idle | ADA: idle
2026-04-10 08:23:38 | WARNING | GET https://api.elections.kalshi.com/trade-api/v2/portfolio/balance got 401 - refreshing auth and retrying...
2026-04-10 08:23:38 | WARNING | GET https://api.elections.kalshi.com/trade-api/v2/portfolio/balance got 401 - refreshing auth and retrying...
2026-04-10 08:23:38 | ERROR | GET https://api.elections.kalshi.com/trade-api/v2/portfolio/balance failed after 3 attempts: 401 Client Error: Unauthorized for url: https://api.elections.kalshi.com/trade-api/v2/portfolio/balance
2026-04-10 08:23:38 | WARNING | get_balance error: 401 Client Error: Unauthorized for url: https://api.elections.kalshi.com/trade-api/v2/portfolio/balance
2026-04-10 08:23:38 | INFO | JSON summary saved to /home/ubuntu/.openclaw/workspace/workers/superbot/report.json
2026-04-10 08:23:38 | WARNING | GET https://api.elections.kalshi.com/trade-api/v2/portfolio/orders got 401 - refreshing auth and retrying...
2026-04-10 08:23:38 | WARNING | GET https://api.elections.kalshi.com/trade-api/v2/portfolio/orders got 401 - refreshing auth and retrying...
2026-04-10 08:23:38 | ERROR | GET https://api.elections.kalshi.com/trade-api/v2/portfolio/orders failed after 3 attempts: 401 Client Error: Unauthorized for url: https://api.elections.kalshi.com/trade-api/v2/portfolio/orders?status=open
2026-04-10 08:23:38 | WARNING | GET https://api.elections.kalshi.com/trade-api/v2/portfolio/balance got 401 - refreshing auth and retrying...
2026-04-10 08:23:38 | WARNING | GET https://api.elections.kalshi.com/trade-api/v2/portfolio/balance got 401 - refreshing auth and retrying...
2026-04-10 08:23:38 | ERROR | GET https://api.elections.kalshi.com/trade-api/v2/portfolio/balance failed after 3 attempts: 401 Client Error: Unauthorized for url: https://api.elections.kalshi.com/trade-api/v2/portfolio/balance
2026-04-10 08:23:38 | WARNING | get_balance error: 401 Client Error: Unauthorized for url: https://api.elections.kalshi.com/trade-api/v2/portfolio/balance
2026-04-10 08:23:38 | WARNING | [CashSync] API balance failed (auth error?) - using conservative estimate $5.00 (was $5.00)
2026-04-10 08:24:08 | INFO | Status: cash=$5.00, positions=0, loop=78, active_series=['KXDOGE15M', 'KXBTC15M', 'KXXRP15M', 'KXETH15M', 'KXSOL15M', 'KXHYPE15M', 'KXBNB15M']
2026-04-10 08:24:08 | INFO | Day Realized P&L: $-29.67 (-85.6%) / -$99999.00 daily stop-loss limit
2026-04-10 08:24:08 | INFO | Coins: BTC: idle | ETH: idle | BNB: idle | SOL: idle | DOGE: idle | XRP: idle | HYPE: idle | ADA: idle
2026-04-10 08:24:08 | WARNING | GET https://api.elections.kalshi.com/trade-api/v2/portfolio/balance got 401 - refreshing auth and retrying...
2026-04-10 08:24:08 | WARNING | GET https://api.elections.kalshi.com/trade-api/v2/portfolio/balance got 401 - refreshing auth and retrying...
2026-04-10 08:24:08 | ERROR | GET https://api.elections.kalshi.com/trade-api/v2/portfolio/balance failed after 3 attempts: 401 Client Error: Unauthorized for url: https://api.elections.kalshi.com/trade-api/v2/portfolio/balance
2026-04-10 08:24:08 | WARNING | get_balance error: 401 Client Error: Unauthorized for url: https://api.elections.kalshi.com/trade-api/v2/portfolio/balance
2026-04-10 08:24:08 | INFO | JSON summary saved to /home/ubuntu/.openclaw/workspace/workers/superbot/report.json
2026-04-10 08:24:08 | WARNING | GET https://api.elections.kalshi.com/trade-api/v2/portfolio/orders got 401 - refreshing auth and retrying...
2026-04-10 08:24:08 | WARNING | GET https://api.elections.kalshi.com/trade-api/v2/portfolio/orders got 401 - refreshing auth and retrying...
2026-04-10 08:24:08 | ERROR | GET https://api.elections.kalshi.com/trade-api/v2/portfolio/orders failed after 3 attempts: 401 Client Error: Unauthorized for url: https://api.elections.kalshi.com/trade-api/v2/portfolio/orders?status=open
2026-04-10 08:24:08 | WARNING | GET https://api.elections.kalshi.com/trade-api/v2/portfolio/balance got 401 - refreshing auth and retrying...
2026-04-10 08:24:08 | WARNING | GET https://api.elections.kalshi.com/trade-api/v2/portfolio/balance got 401 - refreshing auth and retrying...
2026-04-10 08:24:08 | ERROR | GET https://api.elections.kalshi.com/trade-api/v2/portfolio/balance failed after 3 attempts: 401 Client Error: Unauthorized for url: https://api.elections.kalshi.com/trade-api/v2/portfolio/balance
2026-04-10 08:24:08 | WARNING | get_balance error: 401 Client Error: Unauthorized for url: https://api.elections.kalshi.com/trade-api/v2/portfolio/balance
2026-04-10 08:24:08 | WARNING | [CashSync] API balance failed (auth error?) - using conservative estimate $5.00 (was $5.00)
2026-04-10 08:24:39 | INFO | Status: cash=$5.00, positions=0, loop=79, active_series=['KXDOGE15M', 'KXBTC15M', 'KXXRP15M', 'KXETH15M', 'KXSOL15M', 'KXHYPE15M', 'KXBNB15M']
2026-04-10 08:24:39 | INFO | Day Realized P&L: $-29.67 (-85.6%) / -$99999.00 daily stop-loss limit
2026-04-10 08:24:39 | INFO | Coins: BTC: idle | ETH: idle | BNB: idle | SOL: idle | DOGE: idle | XRP: idle | HYPE: idle | ADA: idle
2026-04-10 08:24:39 | WARNING | GET https://api.elections.kalshi.com/trade-api/v2/portfolio/balance got 401 - refreshing auth and retrying...
2026-04-10 08:24:39 | WARNING | GET https://api.elections.kalshi.com/trade-api/v2/portfolio/balance got 401 - refreshing auth and retrying...
2026-04-10 08:24:39 | ERROR | GET https://api.elections.kalshi.com/trade-api/v2/portfolio/balance failed after 3 attempts: 401 Client Error: Unauthorized for url: https://api.elections.kalshi.com/trade-api/v2/portfolio/balance
2026-04-10 08:24:39 | WARNING | get_balance error: 401 Client Error: Unauthorized for url: https://api.elections.kalshi.com/trade-api/v2/portfolio/balance
2026-04-10 08:24:39 | INFO | JSON summary saved to /home/ubuntu/.openclaw/workspace/workers/superbot/report.json
2026-04-10 08:24:39 | WARNING | GET https://api.elections.kalshi.com/trade-api/v2/portfolio/orders got 401 - refreshing auth and retrying...
2026-04-10 08:24:39 | WARNING | GET https://api.elections.kalshi.com/trade-api/v2/portfolio/orders got 401 - refreshing auth and retrying...
2026-04-10 08:24:39 | ERROR | GET https://api.elections.kalshi.com/trade-api/v2/portfolio/orders failed after 3 attempts: 401 Client Error: Unauthorized for url: https://api.elections.kalshi.com/trade-api/v2/portfolio/orders?status=open
2026-04-10 08:24:39 | WARNING | GET https://api.elections.kalshi.com/trade-api/v2/portfolio/balance got 401 - refreshing auth and retrying...
2026-04-10 08:24:39 | WARNING | GET https://api.elections.kalshi.com/trade-api/v2/portfolio/balance got 401 - refreshing auth and retrying...
2026-04-10 08:24:39 | ERROR | GET https://api.elections.kalshi.com/trade-api/v2/portfolio/balance failed after 3 attempts: 401 Client Error: Unauthorized for url: https://api.elections.kalshi.com/trade-api/v2/portfolio/balance
2026-04-10 08:24:39 | WARNING | get_balance error: 401 Client Error: Unauthorized for url: https://api.elections.kalshi.com/trade-api/v2/portfolio/balance
2026-04-10 08:24:39 | WARNING | [CashSync] API balance failed (auth error?) - using conservative estimate $5.00 (was $5.00)
2026-04-10 08:25:09 | INFO | Status: cash=$5.00, positions=0, loop=80, active_series=['KXDOGE15M', 'KXBTC15M', 'KXXRP15M', 'KXETH15M', 'KXSOL15M', 'KXHYPE15M', 'KXBNB15M']
2026-04-10 08:25:09 | INFO | Day Realized P&L: $-29.67 (-85.6%) / -$99999.00 daily stop-loss limit
2026-04-10 08:25:09 | INFO | Coins: BTC: idle | ETH: idle | BNB: idle | SOL: idle | DOGE: idle | XRP: idle | HYPE: idle | ADA: idle
2026-04-10 08:25:09 | WARNING | GET https://api.elections.kalshi.com/trade-api/v2/portfolio/balance got 401 - refreshing auth and retrying...
2026-04-10 08:25:09 | WARNING | GET https://api.elections.kalshi.com/trade-api/v2/portfolio/balance got 401 - refreshing auth and retrying...
2026-04-10 08:25:09 | ERROR | GET https://api.elections.kalshi.com/trade-api/v2/portfolio/balance failed after 3 attempts: 401 Client Error: Unauthorized for url: https://api.elections.kalshi.com/trade-api/v2/portfolio/balance
2026-04-10 08:25:09 | WARNING | get_balance error: 401 Client Error: Unauthorized for url: https://api.elections.kalshi.com/trade-api/v2/portfolio/balance
2026-04-10 08:25:09 | INFO | JSON summary saved to /home/ubuntu/.openclaw/workspace/workers/superbot/report.json
2026-04-10 08:25:09 | WARNING | GET https://api.elections.kalshi.com/trade-api/v2/portfolio/orders got 401 - refreshing auth and retrying...
2026-04-10 08:25:09 | WARNING | GET https://api.elections.kalshi.com/trade-api/v2/portfolio/orders got 401 - refreshing auth and retrying...
2026-04-10 08:25:09 | ERROR | GET https://api.elections.kalshi.com/trade-api/v2/portfolio/orders failed after 3 attempts: 401 Client Error: Unauthorized for url: https://api.elections.kalshi.com/trade-api/v2/portfolio/orders?status=open
2026-04-10 08:25:09 | WARNING | GET https://api.elections.kalshi.com/trade-api/v2/portfolio/balance got 401 - refreshing auth and retrying...
2026-04-10 08:25:09 | WARNING | GET https://api.elections.kalshi.com/trade-api/v2/portfolio/balance got 401 - refreshing auth and retrying...
2026-04-10 08:25:09 | ERROR | GET https://api.elections.kalshi.com/trade-api/v2/portfolio/balance failed after 3 attempts: 401 Client Error: Unauthorized for url: https://api.elections.kalshi.com/trade-api/v2/portfolio/balance
2026-04-10 08:25:09 | WARNING | get_balance error: 401 Client Error: Unauthorized for url: https://api.elections.kalshi.com/trade-api/v2/portfolio/balance
2026-04-10 08:25:09 | WARNING | [CashSync] API balance failed (auth error?) - using conservative estimate $5.00 (was $5.00)
2026-04-10 08:25:40 | INFO | Status: cash=$5.00, positions=0, loop=81, active_series=['KXDOGE15M', 'KXBTC15M', 'KXXRP15M', 'KXETH15M', 'KXSOL15M', 'KXHYPE15M', 'KXBNB15M']
2026-04-10 08:25:40 | INFO | Day Realized P&L: $-29.67 (-85.6%) / -$99999.00 daily stop-loss limit
2026-04-10 08:25:40 | INFO | Coins: BTC: idle | ETH: idle | BNB: idle | SOL: idle | DOGE: idle | XRP: idle | HYPE: idle | ADA: idle
2026-04-10 08:25:40 | WARNING | GET https://api.elections.kalshi.com/trade-api/v2/portfolio/balance got 401 - refreshing auth and retrying...
2026-04-10 08:25:40 | WARNING | GET https://api.elections.kalshi.com/trade-api/v2/portfolio/balance got 401 - refreshing auth and retrying...
2026-04-10 08:25:40 | ERROR | GET https://api.elections.kalshi.com/trade-api/v2/portfolio/balance failed after 3 attempts: 401 Client Error: Unauthorized for url: https://api.elections.kalshi.com/trade-api/v2/portfolio/balance
2026-04-10 08:25:40 | WARNING | get_balance error: 401 Client Error: Unauthorized for url: https://api.elections.kalshi.com/trade-api/v2/portfolio/balance
2026-04-10 08:25:40 | INFO | JSON summary saved to /home/ubuntu/.openclaw/workspace/workers/superbot/report.json
2026-04-10 08:25:40 | WARNING | GET https://api.elections.kalshi.com/trade-api/v2/portfolio/orders got 401 - refreshing auth and retrying...
2026-04-10 08:25:40 | WARNING | GET https://api.elections.kalshi.com/trade-api/v2/portfolio/orders got 401 - refreshing auth and retrying...
2026-04-10 08:25:40 | ERROR | GET https://api.elections.kalshi.com/trade-api/v2/portfolio/orders failed after 3 attempts: 401 Client Error: Unauthorized for url: https://api.elections.kalshi.com/trade-api/v2/portfolio/orders?status=open
2026-04-10 08:25:40 | WARNING | GET https://api.elections.kalshi.com/trade-api/v2/portfolio/balance got 401 - refreshing auth and retrying...
2026-04-10 08:25:40 | WARNING | GET https://api.elections.kalshi.com/trade-api/v2/portfolio/balance got 401 - refreshing auth and retrying...
2026-04-10 08:25:40 | ERROR | GET https://api.elections.kalshi.com/trade-api/v2/portfolio/balance failed after 3 attempts: 401 Client Error: Unauthorized for url: https://api.elections.kalshi.com/trade-api/v2/portfolio/balance
2026-04-10 08:25:40 | WARNING | get_balance error: 401 Client Error: Unauthorized for url: https://api.elections.kalshi.com/trade-api/v2/portfolio/balance
2026-04-10 08:25:40 | WARNING | [CashSync] API balance failed (auth error?) - using conservative estimate $5.00 (was $5.00)
2026-04-10 08:26:10 | INFO | Status: cash=$5.00, positions=0, loop=82, active_series=['KXDOGE15M', 'KXBTC15M', 'KXXRP15M', 'KXETH15M', 'KXSOL15M', 'KXHYPE15M', 'KXBNB15M']
2026-04-10 08:26:10 | INFO | Day Realized P&L: $-29.67 (-85.6%) / -$99999.00 daily stop-loss limit
2026-04-10 08:26:10 | INFO | Coins: BTC: idle | ETH: idle | BNB: idle | SOL: idle | DOGE: idle | XRP: idle | HYPE: idle | ADA: idle
2026-04-10 08:26:10 | WARNING | GET https://api.elections.kalshi.com/trade-api/v2/portfolio/balance got 401 - refreshing auth and retrying...
2026-04-10 08:26:10 | WARNING | GET https://api.elections.kalshi.com/trade-api/v2/portfolio/balance got 401 - refreshing auth and retrying...
2026-04-10 08:26:10 | ERROR | GET https://api.elections.kalshi.com/trade-api/v2/portfolio/balance failed after 3 attempts: 401 Client Error: Unauthorized for url: https://api.elections.kalshi.com/trade-api/v2/portfolio/balance
2026-04-10 08:26:10 | WARNING | get_balance error: 401 Client Error: Unauthorized for url: https://api.elections.kalshi.com/trade-api/v2/portfolio/balance
2026-04-10 08:26:10 | INFO | JSON summary saved to /home/ubuntu/.openclaw/workspace/workers/superbot/report.json
2026-04-10 08:26:10 | WARNING | GET https://api.elections.kalshi.com/trade-api/v2/portfolio/orders got 401 - refreshing auth and retrying...
2026-04-10 08:26:10 | WARNING | GET https://api.elections.kalshi.com/trade-api/v2/portfolio/orders got 401 - refreshing auth and retrying...
2026-04-10 08:26:10 | ERROR | GET https://api.elections.kalshi.com/trade-api/v2/portfolio/orders failed after 3 attempts: 401 Client Error: Unauthorized for url: https://api.elections.kalshi.com/trade-api/v2/portfolio/orders?status=open
2026-04-10 08:26:10 | WARNING | GET https://api.elections.kalshi.com/trade-api/v2/portfolio/balance got 401 - refreshing auth and retrying...
2026-04-10 08:26:10 | WARNING | GET https://api.elections.kalshi.com/trade-api/v2/portfolio/balance got 401 - refreshing auth and retrying...
2026-04-10 08:26:10 | ERROR | GET https://api.elections.kalshi.com/trade-api/v2/portfolio/balance failed after 3 attempts: 401 Client Error: Unauthorized for url: https://api.elections.kalshi.com/trade-api/v2/portfolio/balance
2026-04-10 08:26:10 | WARNING | get_balance error: 401 Client Error: Unauthorized for url: https://api.elections.kalshi.com/trade-api/v2/portfolio/balance
2026-04-10 08:26:10 | WARNING | [CashSync] API balance failed (auth error?) - using conservative estimate $5.00 (was $5.00)
2026-04-10 08:26:40 | INFO | Status: cash=$5.00, positions=0, loop=83, active_series=['KXDOGE15M', 'KXBTC15M', 'KXXRP15M', 'KXETH15M', 'KXSOL15M', 'KXHYPE15M', 'KXBNB15M']
2026-04-10 08:26:40 | INFO | Day Realized P&L: $-29.67 (-85.6%) / -$99999.00 daily stop-loss limit
2026-04-10 08:26:40 | INFO | Coins: BTC: idle | ETH: idle | BNB: idle | SOL: idle | DOGE: idle | XRP: idle | HYPE: idle | ADA: idle
2026-04-10 08:26:40 | WARNING | GET https://api.elections.kalshi.com/trade-api/v2/portfolio/balance got 401 - refreshing auth and retrying...
2026-04-10 08:26:40 | WARNING | GET https://api.elections.kalshi.com/trade-api/v2/portfolio/balance got 401 - refreshing auth and retrying...
2026-04-10 08:26:40 | ERROR | GET https://api.elections.kalshi.com/trade-api/v2/portfolio/balance failed after 3 attempts: 401 Client Error: Unauthorized for url: https://api.elections.kalshi.com/trade-api/v2/portfolio/balance
2026-04-10 08:26:40 | WARNING | get_balance error: 401 Client Error: Unauthorized for url: https://api.elections.kalshi.com/trade-api/v2/portfolio/balance
2026-04-10 08:26:40 | INFO | JSON summary saved to /home/ubuntu/.openclaw/workspace/workers/superbot/report.json
2026-04-10 08:26:41 | WARNING | GET https://api.elections.kalshi.com/trade-api/v2/portfolio/orders got 401 - refreshing auth and retrying...
2026-04-10 08:26:41 | WARNING | GET https://api.elections.kalshi.com/trade-api/v2/portfolio/orders got 401 - refreshing auth and retrying...
2026-04-10 08:26:41 | ERROR | GET https://api.elections.kalshi.com/trade-api/v2/portfolio/orders failed after 3 attempts: 401 Client Error: Unauthorized for url: https://api.elections.kalshi.com/trade-api/v2/portfolio/orders?status=open
2026-04-10 08:26:41 | WARNING | GET https://api.elections.kalshi.com/trade-api/v2/portfolio/balance got 401 - refreshing auth and retrying...
2026-04-10 08:26:41 | WARNING | GET https://api.elections.kalshi.com/trade-api/v2/portfolio/balance got 401 - refreshing auth and retrying...
2026-04-10 08:26:41 | ERROR | GET https://api.elections.kalshi.com/trade-api/v2/portfolio/balance failed after 3 attempts: 401 Client Error: Unauthorized for url: https://api.elections.kalshi.com/trade-api/v2/portfolio/balance
2026-04-10 08:26:41 | WARNING | get_balance error: 401 Client Error: Unauthorized for url: https://api.elections.kalshi.com/trade-api/v2/portfolio/balance
2026-04-10 08:26:41 | WARNING | [CashSync] API balance failed (auth error?) - using conservative estimate $5.00 (was $5.00)
2026-04-10 08:27:11 | INFO | Status: cash=$5.00, positions=0, loop=84, active_series=['KXDOGE15M', 'KXBTC15M', 'KXXRP15M', 'KXETH15M', 'KXSOL15M', 'KXHYPE15M', 'KXBNB15M']
2026-04-10 08:27:11 | INFO | Day Realized P&L: $-29.67 (-85.6%) / -$99999.00 daily stop-loss limit
2026-04-10 08:27:11 | INFO | Coins: BTC: idle | ETH: idle | BNB: idle | SOL: idle | DOGE: idle | XRP: idle | HYPE: idle | ADA: idle
2026-04-10 08:27:11 | WARNING | GET https://api.elections.kalshi.com/trade-api/v2/portfolio/balance got 401 - refreshing auth and retrying...
2026-04-10 08:27:11 | WARNING | GET https://api.elections.kalshi.com/trade-api/v2/portfolio/balance got 401 - refreshing auth and retrying...
2026-04-10 08:27:11 | ERROR | GET https://api.elections.kalshi.com/trade-api/v2/portfolio/balance failed after 3 attempts: 401 Client Error: Unauthorized for url: https://api.elections.kalshi.com/trade-api/v2/portfolio/balance
2026-04-10 08:27:11 | WARNING | get_balance error: 401 Client Error: Unauthorized for url: https://api.elections.kalshi.com/trade-api/v2/portfolio/balance
2026-04-10 08:27:11 | INFO | JSON summary saved to /home/ubuntu/.openclaw/workspace/workers/superbot/report.json
2026-04-10 08:27:11 | WARNING | GET https://api.elections.kalshi.com/trade-api/v2/portfolio/orders got 401 - refreshing auth and retrying...
2026-04-10 08:27:11 | WARNING | GET https://api.elections.kalshi.com/trade-api/v2/portfolio/orders got 401 - refreshing auth and retrying...
2026-04-10 08:27:11 | ERROR | GET https://api.elections.kalshi.com/trade-api/v2/portfolio/orders failed after 3 attempts: 401 Client Error: Unauthorized for url: https://api.elections.kalshi.com/trade-api/v2/portfolio/orders?status=open
2026-04-10 08:27:11 | WARNING | GET https://api.elections.kalshi.com/trade-api/v2/portfolio/balance got 401 - refreshing auth and retrying...
2026-04-10 08:27:11 | WARNING | GET https://api.elections.kalshi.com/trade-api/v2/portfolio/balance got 401 - refreshing auth and retrying...
2026-04-10 08:27:11 | ERROR | GET https://api.elections.kalshi.com/trade-api/v2/portfolio/balance failed after 3 attempts: 401 Client Error: Unauthorized for url: https://api.elections.kalshi.com/trade-api/v2/portfolio/balance
2026-04-10 08:27:11 | WARNING | get_balance error: 401 Client Error: Unauthorized for url: https://api.elections.kalshi.com/trade-api/v2/portfolio/balance
2026-04-10 08:27:11 | WARNING | [CashSync] API balance failed (auth error?) - using conservative estimate $5.00 (was $5.00)
2026-04-10 08:27:41 | INFO | Status: cash=$5.00, positions=0, loop=85, active_series=['KXDOGE15M', 'KXBTC15M', 'KXXRP15M', 'KXETH15M', 'KXSOL15M', 'KXHYPE15M', 'KXBNB15M']
2026-04-10 08:27:41 | INFO | Day Realized P&L: $-29.67 (-85.6%) / -$99999.00 daily stop-loss limit
2026-04-10 08:27:41 | INFO | Coins: BTC: idle | ETH: idle | BNB: idle | SOL: idle | DOGE: idle | XRP: idle | HYPE: idle | ADA: idle
2026-04-10 08:27:41 | WARNING | GET https://api.elections.kalshi.com/trade-api/v2/portfolio/balance got 401 - refreshing auth and retrying...
2026-04-10 08:27:41 | WARNING | GET https://api.elections.kalshi.com/trade-api/v2/portfolio/balance got 401 - refreshing auth and retrying...
2026-04-10 08:27:41 | ERROR | GET https://api.elections.kalshi.com/trade-api/v2/portfolio/balance failed after 3 attempts: 401 Client Error: Unauthorized for url: https://api.elections.kalshi.com/trade-api/v2/portfolio/balance
2026-04-10 08:27:41 | WARNING | get_balance error: 401 Client Error: Unauthorized for url: https://api.elections.kalshi.com/trade-api/v2/portfolio/balance
2026-04-10 08:27:41 | INFO | JSON summary saved to /home/ubuntu/.openclaw/workspace/workers/superbot/report.json
2026-04-10 08:27:41 | WARNING | GET https://api.elections.kalshi.com/trade-api/v2/portfolio/orders got 401 - refreshing auth and retrying...
2026-04-10 08:27:41 | WARNING | GET https://api.elections.kalshi.com/trade-api/v2/portfolio/orders got 401 - refreshing auth and retrying...
2026-04-10 08:27:41 | ERROR | GET https://api.elections.kalshi.com/trade-api/v2/portfolio/orders failed after 3 attempts: 401 Client Error: Unauthorized for url: https://api.elections.kalshi.com/trade-api/v2/portfolio/orders?status=open
2026-04-10 08:27:41 | WARNING | GET https://api.elections.kalshi.com/trade-api/v2/portfolio/balance got 401 - refreshing auth and retrying...
2026-04-10 08:27:42 | WARNING | GET https://api.elections.kalshi.com/trade-api/v2/portfolio/balance got 401 - refreshing auth and retrying...
2026-04-10 08:27:42 | ERROR | GET https://api.elections.kalshi.com/trade-api/v2/portfolio/balance failed after 3 attempts: 401 Client Error: Unauthorized for url: https://api.elections.kalshi.com/trade-api/v2/portfolio/balance
2026-04-10 08:27:42 | WARNING | get_balance error: 401 Client Error: Unauthorized for url: https://api.elections.kalshi.com/trade-api/v2/portfolio/balance
2026-04-10 08:27:42 | WARNING | [CashSync] API balance failed (auth error?) - using conservative estimate $5.00 (was $5.00)
2026-04-10 08:28:12 | INFO | Status: cash=$5.00, positions=0, loop=86, active_series=['KXDOGE15M', 'KXBTC15M', 'KXXRP15M', 'KXETH15M', 'KXSOL15M', 'KXHYPE15M', 'KXBNB15M']
2026-04-10 08:28:12 | INFO | Day Realized P&L: $-29.67 (-85.6%) / -$99999.00 daily stop-loss limit
2026-04-10 08:28:12 | INFO | Coins: BTC: idle | ETH: idle | BNB: idle | SOL: idle | DOGE: idle | XRP: idle | HYPE: idle | ADA: idle
2026-04-10 08:28:12 | WARNING | GET https://api.elections.kalshi.com/trade-api/v2/portfolio/balance got 401 - refreshing auth and retrying...
2026-04-10 08:28:12 | WARNING | GET https://api.elections.kalshi.com/trade-api/v2/portfolio/balance got 401 - refreshing auth and retrying...
2026-04-10 08:28:12 | ERROR | GET https://api.elections.kalshi.com/trade-api/v2/portfolio/balance failed after 3 attempts: 401 Client Error: Unauthorized for url: https://api.elections.kalshi.com/trade-api/v2/portfolio/balance
2026-04-10 08:28:12 | WARNING | get_balance error: 401 Client Error: Unauthorized for url: https://api.elections.kalshi.com/trade-api/v2/portfolio/balance
2026-04-10 08:28:12 | INFO | JSON summary saved to /home/ubuntu/.openclaw/workspace/workers/superbot/report.json
2026-04-10 08:28:12 | WARNING | GET https://api.elections.kalshi.com/trade-api/v2/portfolio/orders got 401 - refreshing auth and retrying...
2026-04-10 08:28:12 | WARNING | GET https://api.elections.kalshi.com/trade-api/v2/portfolio/orders got 401 - refreshing auth and retrying...
2026-04-10 08:28:12 | ERROR | GET https://api.elections.kalshi.com/trade-api/v2/portfolio/orders failed after 3 attempts: 401 Client Error: Unauthorized for url: https://api.elections.kalshi.com/trade-api/v2/portfolio/orders?status=open
2026-04-10 08:28:12 | WARNING | GET https://api.elections.kalshi.com/trade-api/v2/portfolio/balance got 401 - refreshing auth and retrying...
2026-04-10 08:28:12 | WARNING | GET https://api.elections.kalshi.com/trade-api/v2/portfolio/balance got 401 - refreshing auth and retrying...
2026-04-10 08:28:12 | ERROR | GET https://api.elections.kalshi.com/trade-api/v2/portfolio/balance failed after 3 attempts: 401 Client Error: Unauthorized for url: https://api.elections.kalshi.com/trade-api/v2/portfolio/balance
2026-04-10 08:28:12 | WARNING | get_balance error: 401 Client Error: Unauthorized for url: https://api.elections.kalshi.com/trade-api/v2/portfolio/balance
2026-04-10 08:28:12 | WARNING | [CashSync] API balance failed (auth error?) - using conservative estimate $5.00 (was $5.00)
2026-04-10 08:28:42 | INFO | Status: cash=$5.00, positions=0, loop=87, active_series=['KXDOGE15M', 'KXBTC15M', 'KXXRP15M', 'KXETH15M', 'KXSOL15M', 'KXHYPE15M', 'KXBNB15M']
2026-04-10 08:28:42 | INFO | Day Realized P&L: $-29.67 (-85.6%) / -$99999.00 daily stop-loss limit
2026-04-10 08:28:42 | INFO | Coins: BTC: idle | ETH: idle | BNB: idle | SOL: idle | DOGE: idle | XRP: idle | HYPE: idle | ADA: idle
2026-04-10 08:28:42 | WARNING | GET https://api.elections.kalshi.com/trade-api/v2/portfolio/balance got 401 - refreshing auth and retrying...
2026-04-10 08:28:42 | WARNING | GET https://api.elections.kalshi.com/trade-api/v2/portfolio/balance got 401 - refreshing auth and retrying...
2026-04-10 08:28:42 | ERROR | GET https://api.elections.kalshi.com/trade-api/v2/portfolio/balance failed after 3 attempts: 401 Client Error: Unauthorized for url: https://api.elections.kalshi.com/trade-api/v2/portfolio/balance
2026-04-10 08:28:42 | WARNING | get_balance error: 401 Client Error: Unauthorized for url: https://api.elections.kalshi.com/trade-api/v2/portfolio/balance
2026-04-10 08:28:42 | INFO | JSON summary saved to /home/ubuntu/.openclaw/workspace/workers/superbot/report.json
2026-04-10 08:28:42 | WARNING | GET https://api.elections.kalshi.com/trade-api/v2/portfolio/orders got 401 - refreshing auth and retrying...
2026-04-10 08:28:43 | WARNING | GET https://api.elections.kalshi.com/trade-api/v2/portfolio/orders got 401 - refreshing auth and retrying...
2026-04-10 08:28:43 | ERROR | GET https://api.elections.kalshi.com/trade-api/v2/portfolio/orders failed after 3 attempts: 401 Client Error: Unauthorized for url: https://api.elections.kalshi.com/trade-api/v2/portfolio/orders?status=open
2026-04-10 08:28:43 | WARNING | GET https://api.elections.kalshi.com/trade-api/v2/portfolio/balance got 401 - refreshing auth and retrying...
2026-04-10 08:28:43 | WARNING | GET https://api.elections.kalshi.com/trade-api/v2/portfolio/balance got 401 - refreshing auth and retrying...
2026-04-10 08:28:43 | ERROR | GET https://api.elections.kalshi.com/trade-api/v2/portfolio/balance failed after 3 attempts: 401 Client Error: Unauthorized for url: https://api.elections.kalshi.com/trade-api/v2/portfolio/balance
2026-04-10 08:28:43 | WARNING | get_balance error: 401 Client Error: Unauthorized for url: https://api.elections.kalshi.com/trade-api/v2/portfolio/balance
2026-04-10 08:28:43 | WARNING | [CashSync] API balance failed (auth error?) - using conservative estimate $5.00 (was $5.00)
2026-04-10 08:29:13 | INFO | Status: cash=$5.00, positions=0, loop=88, active_series=['KXDOGE15M', 'KXBTC15M', 'KXXRP15M', 'KXETH15M', 'KXSOL15M', 'KXHYPE15M', 'KXBNB15M']
2026-04-10 08:29:13 | INFO | Day Realized P&L: $-29.67 (-85.6%) / -$99999.00 daily stop-loss limit
2026-04-10 08:29:13 | INFO | Coins: BTC: idle | ETH: idle | BNB: idle | SOL: idle | DOGE: idle | XRP: idle | HYPE: idle | ADA: idle
2026-04-10 08:29:13 | WARNING | GET https://api.elections.kalshi.com/trade-api/v2/portfolio/balance got 401 - refreshing auth and retrying...
2026-04-10 08:29:13 | WARNING | GET https://api.elections.kalshi.com/trade-api/v2/portfolio/balance got 401 - refreshing auth and retrying...
2026-04-10 08:29:13 | ERROR | GET https://api.elections.kalshi.com/trade-api/v2/portfolio/balance failed after 3 attempts: 401 Client Error: Unauthorized for url: https://api.elections.kalshi.com/trade-api/v2/portfolio/balance
2026-04-10 08:29:13 | WARNING | get_balance error: 401 Client Error: Unauthorized for url: https://api.elections.kalshi.com/trade-api/v2/portfolio/balance
2026-04-10 08:29:13 | INFO | JSON summary saved to /home/ubuntu/.openclaw/workspace/workers/superbot/report.json
2026-04-10 08:29:13 | WARNING | GET https://api.elections.kalshi.com/trade-api/v2/portfolio/orders got 401 - refreshing auth and retrying...
2026-04-10 08:29:13 | WARNING | GET https://api.elections.kalshi.com/trade-api/v2/portfolio/orders got 401 - refreshing auth and retrying...
2026-04-10 08:29:13 | ERROR | GET https://api.elections.kalshi.com/trade-api/v2/portfolio/orders failed after 3 attempts: 401 Client Error: Unauthorized for url: https://api.elections.kalshi.com/trade-api/v2/portfolio/orders?status=open
2026-04-10 08:29:13 | WARNING | GET https://api.elections.kalshi.com/trade-api/v2/portfolio/balance got 401 - refreshing auth and retrying...
2026-04-10 08:29:13 | WARNING | GET https://api.elections.kalshi.com/trade-api/v2/portfolio/balance got 401 - refreshing auth and retrying...
2026-04-10 08:29:13 | ERROR | GET https://api.elections.kalshi.com/trade-api/v2/portfolio/balance failed after 3 attempts: 401 Client Error: Unauthorized for url: https://api.elections.kalshi.com/trade-api/v2/portfolio/balance
2026-04-10 08:29:13 | WARNING | get_balance error: 401 Client Error: Unauthorized for url: https://api.elections.kalshi.com/trade-api/v2/portfolio/balance
2026-04-10 08:29:13 | WARNING | [CashSync] API balance failed (auth error?) - using conservative estimate $5.00 (was $5.00)
2026-04-10 08:29:43 | INFO | Status: cash=$5.00, positions=0, loop=89, active_series=['KXDOGE15M', 'KXBTC15M', 'KXXRP15M', 'KXETH15M', 'KXSOL15M', 'KXHYPE15M', 'KXBNB15M']
2026-04-10 08:29:43 | INFO | Day Realized P&L: $-29.67 (-85.6%) / -$99999.00 daily stop-loss limit
2026-04-10 08:29:43 | INFO | Coins: BTC: idle | ETH: idle | BNB: idle | SOL: idle | DOGE: idle | XRP: idle | HYPE: idle | ADA: idle
2026-04-10 08:29:43 | WARNING | GET https://api.elections.kalshi.com/trade-api/v2/portfolio/balance got 401 - refreshing auth and retrying...
2026-04-10 08:29:43 | WARNING | GET https://api.elections.kalshi.com/trade-api/v2/portfolio/balance got 401 - refreshing auth and retrying...
2026-04-10 08:29:43 | ERROR | GET https://api.elections.kalshi.com/trade-api/v2/portfolio/balance failed after 3 attempts: 401 Client Error: Unauthorized for url: https://api.elections.kalshi.com/trade-api/v2/portfolio/balance
2026-04-10 08:29:43 | WARNING | get_balance error: 401 Client Error: Unauthorized for url: https://api.elections.kalshi.com/trade-api/v2/portfolio/balance
2026-04-10 08:29:43 | INFO | JSON summary saved to /home/ubuntu/.openclaw/workspace/workers/superbot/report.json
2026-04-10 08:29:43 | WARNING | GET https://api.elections.kalshi.com/trade-api/v2/portfolio/orders got 401 - refreshing auth and retrying...
2026-04-10 08:29:43 | WARNING | GET https://api.elections.kalshi.com/trade-api/v2/portfolio/orders got 401 - refreshing auth and retrying...
2026-04-10 08:29:44 | ERROR | GET https://api.elections.kalshi.com/trade-api/v2/portfolio/orders failed after 3 attempts: 401 Client Error: Unauthorized for url: https://api.elections.kalshi.com/trade-api/v2/portfolio/orders?status=open
2026-04-10 08:29:44 | WARNING | GET https://api.elections.kalshi.com/trade-api/v2/portfolio/balance got 401 - refreshing auth and retrying...
2026-04-10 08:29:44 | WARNING | GET https://api.elections.kalshi.com/trade-api/v2/portfolio/balance got 401 - refreshing auth and retrying...
2026-04-10 08:29:44 | ERROR | GET https://api.elections.kalshi.com/trade-api/v2/portfolio/balance failed after 3 attempts: 401 Client Error: Unauthorized for url: https://api.elections.kalshi.com/trade-api/v2/portfolio/balance
2026-04-10 08:29:44 | WARNING | get_balance error: 401 Client Error: Unauthorized for url: https://api.elections.kalshi.com/trade-api/v2/portfolio/balance
2026-04-10 08:29:44 | WARNING | [CashSync] API balance failed (auth error?) - using conservative estimate $5.00 (was $5.00)
2026-04-10 08:30:14 | INFO | Status: cash=$5.00, positions=0, loop=90, active_series=['KXDOGE15M', 'KXBTC15M', 'KXXRP15M', 'KXETH15M', 'KXSOL15M', 'KXHYPE15M', 'KXBNB15M']
2026-04-10 08:30:14 | INFO | Day Realized P&L: $-29.67 (-85.6%) / -$99999.00 daily stop-loss limit
2026-04-10 08:30:14 | INFO | Coins: BTC: idle | ETH: idle | BNB: idle | SOL: idle | DOGE: idle | XRP: idle | HYPE: idle | ADA: idle
2026-04-10 08:30:14 | WARNING | GET https://api.elections.kalshi.com/trade-api/v2/portfolio/balance got 401 - refreshing auth and retrying...
2026-04-10 08:30:14 | WARNING | GET https://api.elections.kalshi.com/trade-api/v2/portfolio/balance got 401 - refreshing auth and retrying...
2026-04-10 08:30:14 | ERROR | GET https://api.elections.kalshi.com/trade-api/v2/portfolio/balance failed after 3 attempts: 401 Client Error: Unauthorized for url: https://api.elections.kalshi.com/trade-api/v2/portfolio/balance
2026-04-10 08:30:14 | WARNING | get_balance error: 401 Client Error: Unauthorized for url: https://api.elections.kalshi.com/trade-api/v2/portfolio/balance
2026-04-10 08:30:14 | INFO | JSON summary saved to /home/ubuntu/.openclaw/workspace/workers/superbot/report.json
2026-04-10 08:30:14 | WARNING | GET https://api.elections.kalshi.com/trade-api/v2/portfolio/orders got 401 - refreshing auth and retrying...
2026-04-10 08:30:14 | WARNING | GET https://api.elections.kalshi.com/trade-api/v2/portfolio/orders got 401 - refreshing auth and retrying...
2026-04-10 08:30:14 | ERROR | GET https://api.elections.kalshi.com/trade-api/v2/portfolio/orders failed after 3 attempts: 401 Client Error: Unauthorized for url: https://api.elections.kalshi.com/trade-api/v2/portfolio/orders?status=open
2026-04-10 08:30:14 | WARNING | GET https://api.elections.kalshi.com/trade-api/v2/portfolio/balance got 401 - refreshing auth and retrying...
2026-04-10 08:30:14 | WARNING | GET https://api.elections.kalshi.com/trade-api/v2/portfolio/balance got 401 - refreshing auth and retrying...
2026-04-10 08:30:14 | ERROR | GET https://api.elections.kalshi.com/trade-api/v2/portfolio/balance failed after 3 attempts: 401 Client Error: Unauthorized for url: https://api.elections.kalshi.com/trade-api/v2/portfolio/balance
2026-04-10 08:30:14 | WARNING | get_balance error: 401 Client Error: Unauthorized for url: https://api.elections.kalshi.com/trade-api/v2/portfolio/balance
2026-04-10 08:30:14 | WARNING | [CashSync] API balance failed (auth error?) - using conservative estimate $5.00 (was $5.00)
2026-04-10 08:30:14 | INFO | [HYPE] Found candle signal: {'coin': 'HYPE', 'side': 'NO', 'conf': 99, 'entry_price_max': 0.85, 'timestamp': '2026-04-10T08:30:06.099820'}
2026-04-10 08:30:14 | WARNING | GET https://api.elections.kalshi.com/trade-api/v2/portfolio/orders got 401 - refreshing auth and retrying...
2026-04-10 08:30:14 | WARNING | GET https://api.elections.kalshi.com/trade-api/v2/portfolio/orders got 401 - refreshing auth and retrying...
2026-04-10 08:30:14 | ERROR | GET https://api.elections.kalshi.com/trade-api/v2/portfolio/orders failed after 3 attempts: 401 Client Error: Unauthorized for url: https://api.elections.kalshi.com/trade-api/v2/portfolio/orders?status=open
2026-04-10 08:30:14 | WARNING | POST https://api.elections.kalshi.com/trade-api/v2/portfolio/orders got 401 - refreshing auth and retrying...
2026-04-10 08:30:14 | WARNING | POST https://api.elections.kalshi.com/trade-api/v2/portfolio/orders got 401 - refreshing auth and retrying...
2026-04-10 08:30:14 | ERROR | POST https://api.elections.kalshi.com/trade-api/v2/portfolio/orders failed after 3 attempts: 401 Client Error: Unauthorized for url: https://api.elections.kalshi.com/trade-api/v2/portfolio/orders
2026-04-10 08:30:14 | ERROR | [HYPE] REAL ORDER FAILED: POST https://api.elections.kalshi.com/trade-api/v2/portfolio/orders failed after 3 attempts: 401 Client Error: Unauthorized for url: https://api.elections.kalshi.com/trade-api/v2/portfolio/orders
2026-04-10 08:30:14 | INFO | CANDLE_DURATION COMPLETED: KXHYPE15M-26APR100430-30 | Was above open 16.7% (<40% threshold) -> PENDING BUY NO, CONF=80
2026-04-10 08:30:44 | INFO | Status: cash=$5.00, positions=0, loop=91, active_series=['KXDOGE15M', 'KXBTC15M', 'KXXRP15M', 'KXSOL15M', 'KXHYPE15M', 'KXBNB15M']
2026-04-10 08:30:44 | INFO | Day Realized P&L: $-29.67 (-85.6%) / -$99999.00 daily stop-loss limit
2026-04-10 08:30:44 | INFO | Coins: BTC: idle | ETH: idle | BNB: idle | SOL: idle | DOGE: idle | XRP: idle | HYPE: idle | ADA: idle
2026-04-10 08:30:44 | WARNING | GET https://api.elections.kalshi.com/trade-api/v2/portfolio/balance got 401 - refreshing auth and retrying...
2026-04-10 08:30:44 | WARNING | GET https://api.elections.kalshi.com/trade-api/v2/portfolio/balance got 401 - refreshing auth and retrying...
2026-04-10 08:30:44 | ERROR | GET https://api.elections.kalshi.com/trade-api/v2/portfolio/balance failed after 3 attempts: 401 Client Error: Unauthorized for url: https://api.elections.kalshi.com/trade-api/v2/portfolio/balance
2026-04-10 08:30:44 | WARNING | get_balance error: 401 Client Error: Unauthorized for url: https://api.elections.kalshi.com/trade-api/v2/portfolio/balance
2026-04-10 08:30:44 | INFO | JSON summary saved to /home/ubuntu/.openclaw/workspace/workers/superbot/report.json
2026-04-10 08:30:44 | WARNING | GET https://api.elections.kalshi.com/trade-api/v2/portfolio/orders got 401 - refreshing auth and retrying...
2026-04-10 08:30:44 | WARNING | GET https://api.elections.kalshi.com/trade-api/v2/portfolio/orders got 401 - refreshing auth and retrying...
2026-04-10 08:30:45 | ERROR | GET https://api.elections.kalshi.com/trade-api/v2/portfolio/orders failed after 3 attempts: 401 Client Error: Unauthorized for url: https://api.elections.kalshi.com/trade-api/v2/portfolio/orders?status=open
2026-04-10 08:30:45 | WARNING | GET https://api.elections.kalshi.com/trade-api/v2/portfolio/balance got 401 - refreshing auth and retrying...
2026-04-10 08:30:45 | WARNING | GET https://api.elections.kalshi.com/trade-api/v2/portfolio/balance got 401 - refreshing auth and retrying...
2026-04-10 08:30:45 | ERROR | GET https://api.elections.kalshi.com/trade-api/v2/portfolio/balance failed after 3 attempts: 401 Client Error: Unauthorized for url: https://api.elections.kalshi.com/trade-api/v2/portfolio/balance
2026-04-10 08:30:45 | WARNING | get_balance error: 401 Client Error: Unauthorized for url: https://api.elections.kalshi.com/trade-api/v2/portfolio/balance
2026-04-10 08:30:45 | WARNING | [CashSync] API balance failed (auth error?) - using conservative estimate $5.00 (was $5.00)
2026-04-10 08:30:45 | INFO | CANDLE_DURATION COMPLETED: KXSOL15M-26APR100430-30 | Was above open 5.3% (<40% threshold) -> PENDING BUY NO, CONF=80
2026-04-10 08:31:15 | INFO | Status: cash=$5.00, positions=0, loop=92, active_series=['KXDOGE15M', 'KXBTC15M', 'KXXRP15M', 'KXETH15M', 'KXSOL15M', 'KXHYPE15M', 'KXBNB15M']
2026-04-10 08:31:15 | INFO | Day Realized P&L: $-29.67 (-85.6%) / -$99999.00 daily stop-loss limit
2026-04-10 08:31:15 | INFO | Coins: BTC: idle | ETH: idle | BNB: idle | SOL: idle | DOGE: idle | XRP: idle | HYPE: idle | ADA: idle
2026-04-10 08:31:15 | WARNING | GET https://api.elections.kalshi.com/trade-api/v2/portfolio/balance got 401 - refreshing auth and retrying...
2026-04-10 08:31:15 | WARNING | GET https://api.elections.kalshi.com/trade-api/v2/portfolio/balance got 401 - refreshing auth and retrying...
2026-04-10 08:31:15 | ERROR | GET https://api.elections.kalshi.com/trade-api/v2/portfolio/balance failed after 3 attempts: 401 Client Error: Unauthorized for url: https://api.elections.kalshi.com/trade-api/v2/portfolio/balance
2026-04-10 08:31:15 | WARNING | get_balance error: 401 Client Error: Unauthorized for url: https://api.elections.kalshi.com/trade-api/v2/portfolio/balance
2026-04-10 08:31:15 | INFO | JSON summary saved to /home/ubuntu/.openclaw/workspace/workers/superbot/report.json
2026-04-10 08:31:15 | WARNING | GET https://api.elections.kalshi.com/trade-api/v2/portfolio/orders got 401 - refreshing auth and retrying...
2026-04-10 08:31:15 | WARNING | GET https://api.elections.kalshi.com/trade-api/v2/portfolio/orders got 401 - refreshing auth and retrying...
2026-04-10 08:31:15 | ERROR | GET https://api.elections.kalshi.com/trade-api/v2/portfolio/orders failed after 3 attempts: 401 Client Error: Unauthorized for url: https://api.elections.kalshi.com/trade-api/v2/portfolio/orders?status=open
2026-04-10 08:31:15 | WARNING | GET https://api.elections.kalshi.com/trade-api/v2/portfolio/balance got 401 - refreshing auth and retrying...
2026-04-10 08:31:15 | WARNING | GET https://api.elections.kalshi.com/trade-api/v2/portfolio/balance got 401 - refreshing auth and retrying...
2026-04-10 08:31:15 | ERROR | GET https://api.elections.kalshi.com/trade-api/v2/portfolio/balance failed after 3 attempts: 401 Client Error: Unauthorized for url: https://api.elections.kalshi.com/trade-api/v2/portfolio/balance
2026-04-10 08:31:15 | WARNING | get_balance error: 401 Client Error: Unauthorized for url: https://api.elections.kalshi.com/trade-api/v2/portfolio/balance
2026-04-10 08:31:15 | WARNING | [CashSync] API balance failed (auth error?) - using conservative estimate $5.00 (was $5.00)
2026-04-10 08:31:45 | INFO | Status: cash=$5.00, positions=0, loop=93, active_series=['KXDOGE15M', 'KXBTC15M', 'KXXRP15M', 'KXETH15M', 'KXSOL15M', 'KXHYPE15M', 'KXBNB15M']
2026-04-10 08:31:45 | INFO | Day Realized P&L: $-29.67 (-85.6%) / -$99999.00 daily stop-loss limit
2026-04-10 08:31:45 | INFO | Coins: BTC: idle | ETH: idle | BNB: idle | SOL: idle | DOGE: idle | XRP: idle | HYPE: idle | ADA: idle
2026-04-10 08:31:45 | WARNING | GET https://api.elections.kalshi.com/trade-api/v2/portfolio/balance got 401 - refreshing auth and retrying...
2026-04-10 08:31:45 | WARNING | GET https://api.elections.kalshi.com/trade-api/v2/portfolio/balance got 401 - refreshing auth and retrying...
2026-04-10 08:31:45 | ERROR | GET https://api.elections.kalshi.com/trade-api/v2/portfolio/balance failed after 3 attempts: 401 Client Error: Unauthorized for url: https://api.elections.kalshi.com/trade-api/v2/portfolio/balance
2026-04-10 08:31:45 | WARNING | get_balance error: 401 Client Error: Unauthorized for url: https://api.elections.kalshi.com/trade-api/v2/portfolio/balance
2026-04-10 08:31:45 | INFO | JSON summary saved to /home/ubuntu/.openclaw/workspace/workers/superbot/report.json
2026-04-10 08:31:45 | WARNING | GET https://api.elections.kalshi.com/trade-api/v2/portfolio/orders got 401 - refreshing auth and retrying...
2026-04-10 08:31:45 | WARNING | GET https://api.elections.kalshi.com/trade-api/v2/portfolio/orders got 401 - refreshing auth and retrying...
2026-04-10 08:31:45 | ERROR | GET https://api.elections.kalshi.com/trade-api/v2/portfolio/orders failed after 3 attempts: 401 Client Error: Unauthorized for url: https://api.elections.kalshi.com/trade-api/v2/portfolio/orders?status=open
2026-04-10 08:31:45 | WARNING | GET https://api.elections.kalshi.com/trade-api/v2/portfolio/balance got 401 - refreshing auth and retrying...
2026-04-10 08:31:45 | WARNING | GET https://api.elections.kalshi.com/trade-api/v2/portfolio/balance got 401 - refreshing auth and retrying...
2026-04-10 08:31:46 | ERROR | GET https://api.elections.kalshi.com/trade-api/v2/portfolio/balance failed after 3 attempts: 401 Client Error: Unauthorized for url: https://api.elections.kalshi.com/trade-api/v2/portfolio/balance
2026-04-10 08:31:46 | WARNING | get_balance error: 401 Client Error: Unauthorized for url: https://api.elections.kalshi.com/trade-api/v2/portfolio/balance
2026-04-10 08:31:46 | WARNING | [CashSync] API balance failed (auth error?) - using conservative estimate $5.00 (was $5.00)
2026-04-10 08:32:16 | INFO | Status: cash=$5.00, positions=0, loop=94, active_series=['KXDOGE15M', 'KXBTC15M', 'KXXRP15M', 'KXETH15M', 'KXSOL15M', 'KXHYPE15M', 'KXBNB15M']
2026-04-10 08:32:16 | INFO | Day Realized P&L: $-29.67 (-85.6%) / -$99999.00 daily stop-loss limit
2026-04-10 08:32:16 | INFO | Coins: BTC: idle | ETH: idle | BNB: idle | SOL: idle | DOGE: idle | XRP: idle | HYPE: idle | ADA: idle
2026-04-10 08:32:16 | WARNING | GET https://api.elections.kalshi.com/trade-api/v2/portfolio/balance got 401 - refreshing auth and retrying...
2026-04-10 08:32:16 | WARNING | GET https://api.elections.kalshi.com/trade-api/v2/portfolio/balance got 401 - refreshing auth and retrying...
2026-04-10 08:32:16 | ERROR | GET https://api.elections.kalshi.com/trade-api/v2/portfolio/balance failed after 3 attempts: 401 Client Error: Unauthorized for url: https://api.elections.kalshi.com/trade-api/v2/portfolio/balance
2026-04-10 08:32:16 | WARNING | get_balance error: 401 Client Error: Unauthorized for url: https://api.elections.kalshi.com/trade-api/v2/portfolio/balance
2026-04-10 08:32:16 | INFO | JSON summary saved to /home/ubuntu/.openclaw/workspace/workers/superbot/report.json
2026-04-10 08:32:16 | WARNING | GET https://api.elections.kalshi.com/trade-api/v2/portfolio/orders got 401 - refreshing auth and retrying...
2026-04-10 08:32:16 | WARNING | GET https://api.elections.kalshi.com/trade-api/v2/portfolio/orders got 401 - refreshing auth and retrying...
2026-04-10 08:32:16 | ERROR | GET https://api.elections.kalshi.com/trade-api/v2/portfolio/orders failed after 3 attempts: 401 Client Error: Unauthorized for url: https://api.elections.kalshi.com/trade-api/v2/portfolio/orders?status=open
2026-04-10 08:32:16 | WARNING | GET https://api.elections.kalshi.com/trade-api/v2/portfolio/balance got 401 - refreshing auth and retrying...
2026-04-10 08:32:16 | WARNING | GET https://api.elections.kalshi.com/trade-api/v2/portfolio/balance got 401 - refreshing auth and retrying...
2026-04-10 08:32:16 | ERROR | GET https://api.elections.kalshi.com/trade-api/v2/portfolio/balance failed after 3 attempts: 401 Client Error: Unauthorized for url: https://api.elections.kalshi.com/trade-api/v2/portfolio/balance
2026-04-10 08:32:16 | WARNING | get_balance error: 401 Client Error: Unauthorized for url: https://api.elections.kalshi.com/trade-api/v2/portfolio/balance
2026-04-10 08:32:16 | WARNING | [CashSync] API balance failed (auth error?) - using conservative estimate $5.00 (was $5.00)
2026-04-10 08:32:46 | INFO | Status: cash=$5.00, positions=0, loop=95, active_series=['KXDOGE15M', 'KXBTC15M', 'KXXRP15M', 'KXETH15M', 'KXSOL15M', 'KXHYPE15M', 'KXBNB15M']
2026-04-10 08:32:46 | INFO | Day Realized P&L: $-29.67 (-85.6%) / -$99999.00 daily stop-loss limit
2026-04-10 08:32:46 | INFO | Coins: BTC: idle | ETH: idle | BNB: idle | SOL: idle | DOGE: idle | XRP: idle | HYPE: idle | ADA: idle
2026-04-10 08:32:46 | WARNING | GET https://api.elections.kalshi.com/trade-api/v2/portfolio/balance got 401 - refreshing auth and retrying...
2026-04-10 08:32:46 | WARNING | GET https://api.elections.kalshi.com/trade-api/v2/portfolio/balance got 401 - refreshing auth and retrying...
2026-04-10 08:32:46 | ERROR | GET https://api.elections.kalshi.com/trade-api/v2/portfolio/balance failed after 3 attempts: 401 Client Error: Unauthorized for url: https://api.elections.kalshi.com/trade-api/v2/portfolio/balance
2026-04-10 08:32:46 | WARNING | get_balance error: 401 Client Error: Unauthorized for url: https://api.elections.kalshi.com/trade-api/v2/portfolio/balance
2026-04-10 08:32:46 | INFO | JSON summary saved to /home/ubuntu/.openclaw/workspace/workers/superbot/report.json
2026-04-10 08:32:46 | WARNING | GET https://api.elections.kalshi.com/trade-api/v2/portfolio/orders got 401 - refreshing auth and retrying...
2026-04-10 08:32:46 | WARNING | GET https://api.elections.kalshi.com/trade-api/v2/portfolio/orders got 401 - refreshing auth and retrying...
2026-04-10 08:32:46 | ERROR | GET https://api.elections.kalshi.com/trade-api/v2/portfolio/orders failed after 3 attempts: 401 Client Error: Unauthorized for url: https://api.elections.kalshi.com/trade-api/v2/portfolio/orders?status=open
2026-04-10 08:32:46 | WARNING | GET https://api.elections.kalshi.com/trade-api/v2/portfolio/balance got 401 - refreshing auth and retrying...
2026-04-10 08:32:46 | WARNING | GET https://api.elections.kalshi.com/trade-api/v2/portfolio/balance got 401 - refreshing auth and retrying...
2026-04-10 08:32:46 | ERROR | GET https://api.elections.kalshi.com/trade-api/v2/portfolio/balance failed after 3 attempts: 401 Client Error: Unauthorized for url: https://api.elections.kalshi.com/trade-api/v2/portfolio/balance
2026-04-10 08:32:46 | WARNING | get_balance error: 401 Client Error: Unauthorized for url: https://api.elections.kalshi.com/trade-api/v2/portfolio/balance
2026-04-10 08:32:46 | WARNING | [CashSync] API balance failed (auth error?) - using conservative estimate $5.00 (was $5.00)
2026-04-10 08:33:17 | INFO | Status: cash=$5.00, positions=0, loop=96, active_series=['KXDOGE15M', 'KXBTC15M', 'KXXRP15M', 'KXETH15M', 'KXSOL15M', 'KXHYPE15M', 'KXBNB15M']
2026-04-10 08:33:17 | INFO | Day Realized P&L: $-29.67 (-85.6%) / -$99999.00 daily stop-loss limit
2026-04-10 08:33:17 | INFO | Coins: BTC: idle | ETH: idle | BNB: idle | SOL: idle | DOGE: idle | XRP: idle | HYPE: idle | ADA: idle
2026-04-10 08:33:17 | WARNING | GET https://api.elections.kalshi.com/trade-api/v2/portfolio/balance got 401 - refreshing auth and retrying...
2026-04-10 08:33:17 | WARNING | GET https://api.elections.kalshi.com/trade-api/v2/portfolio/balance got 401 - refreshing auth and retrying...
2026-04-10 08:33:17 | ERROR | GET https://api.elections.kalshi.com/trade-api/v2/portfolio/balance failed after 3 attempts: 401 Client Error: Unauthorized for url: https://api.elections.kalshi.com/trade-api/v2/portfolio/balance
2026-04-10 08:33:17 | WARNING | get_balance error: 401 Client Error: Unauthorized for url: https://api.elections.kalshi.com/trade-api/v2/portfolio/balance
2026-04-10 08:33:17 | INFO | JSON summary saved to /home/ubuntu/.openclaw/workspace/workers/superbot/report.json
2026-04-10 08:33:17 | WARNING | GET https://api.elections.kalshi.com/trade-api/v2/portfolio/orders got 401 - refreshing auth and retrying...
2026-04-10 08:33:17 | WARNING | GET https://api.elections.kalshi.com/trade-api/v2/portfolio/orders got 401 - refreshing auth and retrying...
2026-04-10 08:33:17 | ERROR | GET https://api.elections.kalshi.com/trade-api/v2/portfolio/orders failed after 3 attempts: 401 Client Error: Unauthorized for url: https://api.elections.kalshi.com/trade-api/v2/portfolio/orders?status=open
2026-04-10 08:33:17 | WARNING | GET https://api.elections.kalshi.com/trade-api/v2/portfolio/balance got 401 - refreshing auth and retrying...
2026-04-10 08:33:17 | WARNING | GET https://api.elections.kalshi.com/trade-api/v2/portfolio/balance got 401 - refreshing auth and retrying...
2026-04-10 08:33:17 | ERROR | GET https://api.elections.kalshi.com/trade-api/v2/portfolio/balance failed after 3 attempts: 401 Client Error: Unauthorized for url: https://api.elections.kalshi.com/trade-api/v2/portfolio/balance
2026-04-10 08:33:17 | WARNING | get_balance error: 401 Client Error: Unauthorized for url: https://api.elections.kalshi.com/trade-api/v2/portfolio/balance
2026-04-10 08:33:17 | WARNING | [CashSync] API balance failed (auth error?) - using conservative estimate $5.00 (was $5.00)
2026-04-10 08:33:47 | INFO | Status: cash=$5.00, positions=0, loop=97, active_series=['KXDOGE15M', 'KXBTC15M', 'KXXRP15M', 'KXETH15M', 'KXSOL15M', 'KXHYPE15M', 'KXBNB15M']
2026-04-10 08:33:47 | INFO | Day Realized P&L: $-29.67 (-85.6%) / -$99999.00 daily stop-loss limit
2026-04-10 08:33:47 | INFO | Coins: BTC: idle | ETH: idle | BNB: idle | SOL: idle | DOGE: idle | XRP: idle | HYPE: idle | ADA: idle
2026-04-10 08:33:47 | WARNING | GET https://api.elections.kalshi.com/trade-api/v2/portfolio/balance got 401 - refreshing auth and retrying...
2026-04-10 08:33:47 | WARNING | GET https://api.elections.kalshi.com/trade-api/v2/portfolio/balance got 401 - refreshing auth and retrying...
2026-04-10 08:33:47 | ERROR | GET https://api.elections.kalshi.com/trade-api/v2/portfolio/balance failed after 3 attempts: 401 Client Error: Unauthorized for url: https://api.elections.kalshi.com/trade-api/v2/portfolio/balance
2026-04-10 08:33:47 | WARNING | get_balance error: 401 Client Error: Unauthorized for url: https://api.elections.kalshi.com/trade-api/v2/portfolio/balance
2026-04-10 08:33:47 | INFO | JSON summary saved to /home/ubuntu/.openclaw/workspace/workers/superbot/report.json
2026-04-10 08:33:47 | WARNING | GET https://api.elections.kalshi.com/trade-api/v2/portfolio/orders got 401 - refreshing auth and retrying...
2026-04-10 08:33:47 | WARNING | GET https://api.elections.kalshi.com/trade-api/v2/portfolio/orders got 401 - refreshing auth and retrying...
2026-04-10 08:33:47 | ERROR | GET https://api.elections.kalshi.com/trade-api/v2/portfolio/orders failed after 3 attempts: 401 Client Error: Unauthorized for url: https://api.elections.kalshi.com/trade-api/v2/portfolio/orders?status=open
2026-04-10 08:33:47 | WARNING | GET https://api.elections.kalshi.com/trade-api/v2/portfolio/balance got 401 - refreshing auth and retrying...
2026-04-10 08:33:47 | WARNING | GET https://api.elections.kalshi.com/trade-api/v2/portfolio/balance got 401 - refreshing auth and retrying...
2026-04-10 08:33:47 | ERROR | GET https://api.elections.kalshi.com/trade-api/v2/portfolio/balance failed after 3 attempts: 401 Client Error: Unauthorized for url: https://api.elections.kalshi.com/trade-api/v2/portfolio/balance
2026-04-10 08:33:47 | WARNING | get_balance error: 401 Client Error: Unauthorized for url: https://api.elections.kalshi.com/trade-api/v2/portfolio/balance
2026-04-10 08:33:47 | WARNING | [CashSync] API balance failed (auth error?) - using conservative estimate $5.00 (was $5.00)
2026-04-10 08:34:18 | INFO | Status: cash=$5.00, positions=0, loop=98, active_series=['KXDOGE15M', 'KXBTC15M', 'KXXRP15M', 'KXETH15M', 'KXSOL15M', 'KXHYPE15M', 'KXBNB15M']
2026-04-10 08:34:18 | INFO | Day Realized P&L: $-29.67 (-85.6%) / -$99999.00 daily stop-loss limit
2026-04-10 08:34:18 | INFO | Coins: BTC: idle | ETH: idle | BNB: idle | SOL: idle | DOGE: idle | XRP: idle | HYPE: idle | ADA: idle
2026-04-10 08:34:18 | WARNING | GET https://api.elections.kalshi.com/trade-api/v2/portfolio/balance got 401 - refreshing auth and retrying...
2026-04-10 08:34:18 | WARNING | GET https://api.elections.kalshi.com/trade-api/v2/portfolio/balance got 401 - refreshing auth and retrying...
2026-04-10 08:34:18 | ERROR | GET https://api.elections.kalshi.com/trade-api/v2/portfolio/balance failed after 3 attempts: 401 Client Error: Unauthorized for url: https://api.elections.kalshi.com/trade-api/v2/portfolio/balance
2026-04-10 08:34:18 | WARNING | get_balance error: 401 Client Error: Unauthorized for url: https://api.elections.kalshi.com/trade-api/v2/portfolio/balance
2026-04-10 08:34:18 | INFO | JSON summary saved to /home/ubuntu/.openclaw/workspace/workers/superbot/report.json
2026-04-10 08:34:18 | WARNING | GET https://api.elections.kalshi.com/trade-api/v2/portfolio/orders got 401 - refreshing auth and retrying...
2026-04-10 08:34:18 | WARNING | GET https://api.elections.kalshi.com/trade-api/v2/portfolio/orders got 401 - refreshing auth and retrying...
2026-04-10 08:34:18 | ERROR | GET https://api.elections.kalshi.com/trade-api/v2/portfolio/orders failed after 3 attempts: 401 Client Error: Unauthorized for url: https://api.elections.kalshi.com/trade-api/v2/portfolio/orders?status=open
2026-04-10 08:34:18 | WARNING | GET https://api.elections.kalshi.com/trade-api/v2/portfolio/balance got 401 - refreshing auth and retrying...
2026-04-10 08:34:18 | WARNING | GET https://api.elections.kalshi.com/trade-api/v2/portfolio/balance got 401 - refreshing auth and retrying...
2026-04-10 08:34:18 | ERROR | GET https://api.elections.kalshi.com/trade-api/v2/portfolio/balance failed after 3 attempts: 401 Client Error: Unauthorized for url: https://api.elections.kalshi.com/trade-api/v2/portfolio/balance
2026-04-10 08:34:18 | WARNING | get_balance error: 401 Client Error: Unauthorized for url: https://api.elections.kalshi.com/trade-api/v2/portfolio/balance
2026-04-10 08:34:18 | WARNING | [CashSync] API balance failed (auth error?) - using conservative estimate $5.00 (was $5.00)
2026-04-10 08:34:48 | INFO | Status: cash=$5.00, positions=0, loop=99, active_series=['KXDOGE15M', 'KXBTC15M', 'KXXRP15M', 'KXETH15M', 'KXSOL15M', 'KXHYPE15M', 'KXBNB15M']
2026-04-10 08:34:48 | INFO | Day Realized P&L: $-29.67 (-85.6%) / -$99999.00 daily stop-loss limit
2026-04-10 08:34:48 | INFO | Coins: BTC: idle | ETH: idle | BNB: idle | SOL: idle | DOGE: idle | XRP: idle | HYPE: idle | ADA: idle
2026-04-10 08:34:48 | WARNING | GET https://api.elections.kalshi.com/trade-api/v2/portfolio/balance got 401 - refreshing auth and retrying...
2026-04-10 08:34:48 | WARNING | GET https://api.elections.kalshi.com/trade-api/v2/portfolio/balance got 401 - refreshing auth and retrying...
2026-04-10 08:34:48 | ERROR | GET https://api.elections.kalshi.com/trade-api/v2/portfolio/balance failed after 3 attempts: 401 Client Error: Unauthorized for url: https://api.elections.kalshi.com/trade-api/v2/portfolio/balance
2026-04-10 08:34:48 | WARNING | get_balance error: 401 Client Error: Unauthorized for url: https://api.elections.kalshi.com/trade-api/v2/portfolio/balance
2026-04-10 08:34:48 | INFO | JSON summary saved to /home/ubuntu/.openclaw/workspace/workers/superbot/report.json
2026-04-10 08:34:48 | WARNING | GET https://api.elections.kalshi.com/trade-api/v2/portfolio/orders got 401 - refreshing auth and retrying...
2026-04-10 08:34:48 | WARNING | GET https://api.elections.kalshi.com/trade-api/v2/portfolio/orders got 401 - refreshing auth and retrying...
2026-04-10 08:34:48 | ERROR | GET https://api.elections.kalshi.com/trade-api/v2/portfolio/orders failed after 3 attempts: 401 Client Error: Unauthorized for url: https://api.elections.kalshi.com/trade-api/v2/portfolio/orders?status=open
2026-04-10 08:34:48 | WARNING | GET https://api.elections.kalshi.com/trade-api/v2/portfolio/balance got 401 - refreshing auth and retrying...
2026-04-10 08:34:48 | WARNING | GET https://api.elections.kalshi.com/trade-api/v2/portfolio/balance got 401 - refreshing auth and retrying...
2026-04-10 08:34:48 | ERROR | GET https://api.elections.kalshi.com/trade-api/v2/portfolio/balance failed after 3 attempts: 401 Client Error: Unauthorized for url: https://api.elections.kalshi.com/trade-api/v2/portfolio/balance
2026-04-10 08:34:48 | WARNING | get_balance error: 401 Client Error: Unauthorized for url: https://api.elections.kalshi.com/trade-api/v2/portfolio/balance
2026-04-10 08:34:48 | WARNING | [CashSync] API balance failed (auth error?) - using conservative estimate $5.00 (was $5.00)
2026-04-10 08:35:18 | INFO | Status: cash=$5.00, positions=0, loop=100, active_series=['KXDOGE15M', 'KXBTC15M', 'KXXRP15M', 'KXETH15M', 'KXSOL15M', 'KXHYPE15M', 'KXBNB15M']
2026-04-10 08:35:18 | INFO | Day Realized P&L: $-29.67 (-85.6%) / -$99999.00 daily stop-loss limit
2026-04-10 08:35:18 | INFO | Coins: BTC: idle | ETH: idle | BNB: idle | SOL: idle | DOGE: idle | XRP: idle | HYPE: idle | ADA: idle
2026-04-10 08:35:19 | WARNING | GET https://api.elections.kalshi.com/trade-api/v2/portfolio/balance got 401 - refreshing auth and retrying...
2026-04-10 08:35:19 | WARNING | GET https://api.elections.kalshi.com/trade-api/v2/portfolio/balance got 401 - refreshing auth and retrying...
2026-04-10 08:35:19 | ERROR | GET https://api.elections.kalshi.com/trade-api/v2/portfolio/balance failed after 3 attempts: 401 Client Error: Unauthorized for url: https://api.elections.kalshi.com/trade-api/v2/portfolio/balance
2026-04-10 08:35:19 | WARNING | get_balance error: 401 Client Error: Unauthorized for url: https://api.elections.kalshi.com/trade-api/v2/portfolio/balance
2026-04-10 08:35:19 | INFO | JSON summary saved to /home/ubuntu/.openclaw/workspace/workers/superbot/report.json
2026-04-10 08:35:19 | WARNING | GET https://api.elections.kalshi.com/trade-api/v2/portfolio/orders got 401 - refreshing auth and retrying...
2026-04-10 08:35:19 | WARNING | GET https://api.elections.kalshi.com/trade-api/v2/portfolio/orders got 401 - refreshing auth and retrying...
2026-04-10 08:35:19 | ERROR | GET https://api.elections.kalshi.com/trade-api/v2/portfolio/orders failed after 3 attempts: 401 Client Error: Unauthorized for url: https://api.elections.kalshi.com/trade-api/v2/portfolio/orders?status=open
2026-04-10 08:35:19 | WARNING | GET https://api.elections.kalshi.com/trade-api/v2/portfolio/balance got 401 - refreshing auth and retrying...
2026-04-10 08:35:19 | WARNING | GET https://api.elections.kalshi.com/trade-api/v2/portfolio/balance got 401 - refreshing auth and retrying...
2026-04-10 08:35:19 | ERROR | GET https://api.elections.kalshi.com/trade-api/v2/portfolio/balance failed after 3 attempts: 401 Client Error: Unauthorized for url: https://api.elections.kalshi.com/trade-api/v2/portfolio/balance
2026-04-10 08:35:19 | WARNING | get_balance error: 401 Client Error: Unauthorized for url: https://api.elections.kalshi.com/trade-api/v2/portfolio/balance
2026-04-10 08:35:19 | WARNING | [CashSync] API balance failed (auth error?) - using conservative estimate $5.00 (was $5.00)
2026-04-10 08:35:49 | INFO | Status: cash=$5.00, positions=0, loop=101, active_series=['KXDOGE15M', 'KXBTC15M', 'KXXRP15M', 'KXETH15M', 'KXSOL15M', 'KXHYPE15M', 'KXBNB15M']
2026-04-10 08:35:49 | INFO | Day Realized P&L: $-29.67 (-85.6%) / -$99999.00 daily stop-loss limit
2026-04-10 08:35:49 | INFO | Coins: BTC: idle | ETH: idle | BNB: idle | SOL: idle | DOGE: idle | XRP: idle | HYPE: idle | ADA: idle
2026-04-10 08:35:49 | WARNING | GET https://api.elections.kalshi.com/trade-api/v2/portfolio/balance got 401 - refreshing auth and retrying...
2026-04-10 08:35:49 | WARNING | GET https://api.elections.kalshi.com/trade-api/v2/portfolio/balance got 401 - refreshing auth and retrying...
2026-04-10 08:35:49 | ERROR | GET https://api.elections.kalshi.com/trade-api/v2/portfolio/balance failed after 3 attempts: 401 Client Error: Unauthorized for url: https://api.elections.kalshi.com/trade-api/v2/portfolio/balance
2026-04-10 08:35:49 | WARNING | get_balance error: 401 Client Error: Unauthorized for url: https://api.elections.kalshi.com/trade-api/v2/portfolio/balance
2026-04-10 08:35:49 | INFO | JSON summary saved to /home/ubuntu/.openclaw/workspace/workers/superbot/report.json
2026-04-10 08:35:49 | WARNING | GET https://api.elections.kalshi.com/trade-api/v2/portfolio/orders got 401 - refreshing auth and retrying...
2026-04-10 08:35:49 | WARNING | GET https://api.elections.kalshi.com/trade-api/v2/portfolio/orders got 401 - refreshing auth and retrying...
2026-04-10 08:35:49 | ERROR | GET https://api.elections.kalshi.com/trade-api/v2/portfolio/orders failed after 3 attempts: 401 Client Error: Unauthorized for url: https://api.elections.kalshi.com/trade-api/v2/portfolio/orders?status=open
2026-04-10 08:35:49 | WARNING | GET https://api.elections.kalshi.com/trade-api/v2/portfolio/balance got 401 - refreshing auth and retrying...
2026-04-10 08:35:49 | WARNING | GET https://api.elections.kalshi.com/trade-api/v2/portfolio/balance got 401 - refreshing auth and retrying...
2026-04-10 08:35:49 | ERROR | GET https://api.elections.kalshi.com/trade-api/v2/portfolio/balance failed after 3 attempts: 401 Client Error: Unauthorized for url: https://api.elections.kalshi.com/trade-api/v2/portfolio/balance
2026-04-10 08:35:49 | WARNING | get_balance error: 401 Client Error: Unauthorized for url: https://api.elections.kalshi.com/trade-api/v2/portfolio/balance
2026-04-10 08:35:49 | WARNING | [CashSync] API balance failed (auth error?) - using conservative estimate $5.00 (was $5.00)
2026-04-10 08:36:19 | INFO | Status: cash=$5.00, positions=0, loop=102, active_series=['KXDOGE15M', 'KXBTC15M', 'KXXRP15M', 'KXETH15M', 'KXSOL15M', 'KXHYPE15M', 'KXBNB15M']
2026-04-10 08:36:19 | INFO | Day Realized P&L: $-29.67 (-85.6%) / -$99999.00 daily stop-loss limit
2026-04-10 08:36:19 | INFO | Coins: BTC: idle | ETH: idle | BNB: idle | SOL: idle | DOGE: idle | XRP: idle | HYPE: idle | ADA: idle
2026-04-10 08:36:19 | WARNING | GET https://api.elections.kalshi.com/trade-api/v2/portfolio/balance got 401 - refreshing auth and retrying...
2026-04-10 08:36:20 | WARNING | GET https://api.elections.kalshi.com/trade-api/v2/portfolio/balance got 401 - refreshing auth and retrying...
2026-04-10 08:36:20 | ERROR | GET https://api.elections.kalshi.com/trade-api/v2/portfolio/balance failed after 3 attempts: 401 Client Error: Unauthorized for url: https://api.elections.kalshi.com/trade-api/v2/portfolio/balance
2026-04-10 08:36:20 | WARNING | get_balance error: 401 Client Error: Unauthorized for url: https://api.elections.kalshi.com/trade-api/v2/portfolio/balance
2026-04-10 08:36:20 | INFO | JSON summary saved to /home/ubuntu/.openclaw/workspace/workers/superbot/report.json
2026-04-10 08:36:20 | WARNING | GET https://api.elections.kalshi.com/trade-api/v2/portfolio/orders got 401 - refreshing auth and retrying...
2026-04-10 08:36:20 | WARNING | GET https://api.elections.kalshi.com/trade-api/v2/portfolio/orders got 401 - refreshing auth and retrying...
2026-04-10 08:36:20 | ERROR | GET https://api.elections.kalshi.com/trade-api/v2/portfolio/orders failed after 3 attempts: 401 Client Error: Unauthorized for url: https://api.elections.kalshi.com/trade-api/v2/portfolio/orders?status=open
2026-04-10 08:36:20 | WARNING | GET https://api.elections.kalshi.com/trade-api/v2/portfolio/balance got 401 - refreshing auth and retrying...
2026-04-10 08:36:20 | WARNING | GET https://api.elections.kalshi.com/trade-api/v2/portfolio/balance got 401 - refreshing auth and retrying...
2026-04-10 08:36:20 | ERROR | GET https://api.elections.kalshi.com/trade-api/v2/portfolio/balance failed after 3 attempts: 401 Client Error: Unauthorized for url: https://api.elections.kalshi.com/trade-api/v2/portfolio/balance
2026-04-10 08:36:20 | WARNING | get_balance error: 401 Client Error: Unauthorized for url: https://api.elections.kalshi.com/trade-api/v2/portfolio/balance
2026-04-10 08:36:20 | WARNING | [CashSync] API balance failed (auth error?) - using conservative estimate $5.00 (was $5.00)
2026-04-10 08:36:50 | INFO | Status: cash=$5.00, positions=0, loop=103, active_series=['KXDOGE15M', 'KXBTC15M', 'KXXRP15M', 'KXETH15M', 'KXSOL15M', 'KXHYPE15M', 'KXBNB15M']
2026-04-10 08:36:50 | INFO | Day Realized P&L: $-29.67 (-85.6%) / -$99999.00 daily stop-loss limit
2026-04-10 08:36:50 | INFO | Coins: BTC: idle | ETH: idle | BNB: idle | SOL: idle | DOGE: idle | XRP: idle | HYPE: idle | ADA: idle
2026-04-10 08:36:50 | WARNING | GET https://api.elections.kalshi.com/trade-api/v2/portfolio/balance got 401 - refreshing auth and retrying...
2026-04-10 08:36:50 | WARNING | GET https://api.elections.kalshi.com/trade-api/v2/portfolio/balance got 401 - refreshing auth and retrying...
2026-04-10 08:36:50 | ERROR | GET https://api.elections.kalshi.com/trade-api/v2/portfolio/balance failed after 3 attempts: 401 Client Error: Unauthorized for url: https://api.elections.kalshi.com/trade-api/v2/portfolio/balance
2026-04-10 08:36:50 | WARNING | get_balance error: 401 Client Error: Unauthorized for url: https://api.elections.kalshi.com/trade-api/v2/portfolio/balance
2026-04-10 08:36:50 | INFO | JSON summary saved to /home/ubuntu/.openclaw/workspace/workers/superbot/report.json
2026-04-10 08:36:50 | WARNING | GET https://api.elections.kalshi.com/trade-api/v2/portfolio/orders got 401 - refreshing auth and retrying...
2026-04-10 08:36:50 | WARNING | GET https://api.elections.kalshi.com/trade-api/v2/portfolio/orders got 401 - refreshing auth and retrying...
2026-04-10 08:36:50 | ERROR | GET https://api.elections.kalshi.com/trade-api/v2/portfolio/orders failed after 3 attempts: 401 Client Error: Unauthorized for url: https://api.elections.kalshi.com/trade-api/v2/portfolio/orders?status=open
2026-04-10 08:36:50 | WARNING | GET https://api.elections.kalshi.com/trade-api/v2/portfolio/balance got 401 - refreshing auth and retrying...
2026-04-10 08:36:50 | WARNING | GET https://api.elections.kalshi.com/trade-api/v2/portfolio/balance got 401 - refreshing auth and retrying...
2026-04-10 08:36:50 | ERROR | GET https://api.elections.kalshi.com/trade-api/v2/portfolio/balance failed after 3 attempts: 401 Client Error: Unauthorized for url: https://api.elections.kalshi.com/trade-api/v2/portfolio/balance
2026-04-10 08:36:50 | WARNING | get_balance error: 401 Client Error: Unauthorized for url: https://api.elections.kalshi.com/trade-api/v2/portfolio/balance
2026-04-10 08:36:50 | WARNING | [CashSync] API balance failed (auth error?) - using conservative estimate $5.00 (was $5.00)
2026-04-10 08:37:20 | INFO | Status: cash=$5.00, positions=0, loop=104, active_series=['KXDOGE15M', 'KXBTC15M', 'KXXRP15M', 'KXETH15M', 'KXSOL15M', 'KXHYPE15M', 'KXBNB15M']
2026-04-10 08:37:20 | INFO | Day Realized P&L: $-29.67 (-85.6%) / -$99999.00 daily stop-loss limit
2026-04-10 08:37:20 | INFO | Coins: BTC: idle | ETH: idle | BNB: idle | SOL: idle | DOGE: idle | XRP: idle | HYPE: idle | ADA: idle
2026-04-10 08:37:20 | WARNING | GET https://api.elections.kalshi.com/trade-api/v2/portfolio/balance got 401 - refreshing auth and retrying...
2026-04-10 08:37:20 | WARNING | GET https://api.elections.kalshi.com/trade-api/v2/portfolio/balance got 401 - refreshing auth and retrying...
2026-04-10 08:37:21 | ERROR | GET https://api.elections.kalshi.com/trade-api/v2/portfolio/balance failed after 3 attempts: 401 Client Error: Unauthorized for url: https://api.elections.kalshi.com/trade-api/v2/portfolio/balance
2026-04-10 08:37:21 | WARNING | get_balance error: 401 Client Error: Unauthorized for url: https://api.elections.kalshi.com/trade-api/v2/portfolio/balance
2026-04-10 08:37:21 | INFO | JSON summary saved to /home/ubuntu/.openclaw/workspace/workers/superbot/report.json
2026-04-10 08:37:21 | WARNING | GET https://api.elections.kalshi.com/trade-api/v2/portfolio/orders got 401 - refreshing auth and retrying...
2026-04-10 08:37:21 | WARNING | GET https://api.elections.kalshi.com/trade-api/v2/portfolio/orders got 401 - refreshing auth and retrying...
2026-04-10 08:37:21 | ERROR | GET https://api.elections.kalshi.com/trade-api/v2/portfolio/orders failed after 3 attempts: 401 Client Error: Unauthorized for url: https://api.elections.kalshi.com/trade-api/v2/portfolio/orders?status=open
2026-04-10 08:37:21 | WARNING | GET https://api.elections.kalshi.com/trade-api/v2/portfolio/balance got 401 - refreshing auth and retrying...
2026-04-10 08:37:21 | WARNING | GET https://api.elections.kalshi.com/trade-api/v2/portfolio/balance got 401 - refreshing auth and retrying...
2026-04-10 08:37:21 | ERROR | GET https://api.elections.kalshi.com/trade-api/v2/portfolio/balance failed after 3 attempts: 401 Client Error: Unauthorized for url: https://api.elections.kalshi.com/trade-api/v2/portfolio/balance
2026-04-10 08:37:21 | WARNING | get_balance error: 401 Client Error: Unauthorized for url: https://api.elections.kalshi.com/trade-api/v2/portfolio/balance
2026-04-10 08:37:21 | WARNING | [CashSync] API balance failed (auth error?) - using conservative estimate $5.00 (was $5.00)
2026-04-10 08:37:51 | INFO | Status: cash=$5.00, positions=0, loop=105, active_series=['KXDOGE15M', 'KXBTC15M', 'KXXRP15M', 'KXETH15M', 'KXSOL15M', 'KXHYPE15M', 'KXBNB15M']
2026-04-10 08:37:51 | INFO | Day Realized P&L: $-29.67 (-85.6%) / -$99999.00 daily stop-loss limit
2026-04-10 08:37:51 | INFO | Coins: BTC: idle | ETH: idle | BNB: idle | SOL: idle | DOGE: idle | XRP: idle | HYPE: idle | ADA: idle
2026-04-10 08:37:51 | WARNING | GET https://api.elections.kalshi.com/trade-api/v2/portfolio/balance got 401 - refreshing auth and retrying...
2026-04-10 08:37:51 | WARNING | GET https://api.elections.kalshi.com/trade-api/v2/portfolio/balance got 401 - refreshing auth and retrying...
2026-04-10 08:37:51 | ERROR | GET https://api.elections.kalshi.com/trade-api/v2/portfolio/balance failed after 3 attempts: 401 Client Error: Unauthorized for url: https://api.elections.kalshi.com/trade-api/v2/portfolio/balance
2026-04-10 08:37:51 | WARNING | get_balance error: 401 Client Error: Unauthorized for url: https://api.elections.kalshi.com/trade-api/v2/portfolio/balance
2026-04-10 08:37:51 | INFO | JSON summary saved to /home/ubuntu/.openclaw/workspace/workers/superbot/report.json
2026-04-10 08:37:51 | WARNING | GET https://api.elections.kalshi.com/trade-api/v2/portfolio/orders got 401 - refreshing auth and retrying...
2026-04-10 08:37:51 | WARNING | GET https://api.elections.kalshi.com/trade-api/v2/portfolio/orders got 401 - refreshing auth and retrying...
2026-04-10 08:37:51 | ERROR | GET https://api.elections.kalshi.com/trade-api/v2/portfolio/orders failed after 3 attempts: 401 Client Error: Unauthorized for url: https://api.elections.kalshi.com/trade-api/v2/portfolio/orders?status=open
2026-04-10 08:37:51 | WARNING | GET https://api.elections.kalshi.com/trade-api/v2/portfolio/balance got 401 - refreshing auth and retrying...
2026-04-10 08:37:51 | WARNING | GET https://api.elections.kalshi.com/trade-api/v2/portfolio/balance got 401 - refreshing auth and retrying...
2026-04-10 08:37:51 | ERROR | GET https://api.elections.kalshi.com/trade-api/v2/portfolio/balance failed after 3 attempts: 401 Client Error: Unauthorized for url: https://api.elections.kalshi.com/trade-api/v2/portfolio/balance
2026-04-10 08:37:51 | WARNING | get_balance error: 401 Client Error: Unauthorized for url: https://api.elections.kalshi.com/trade-api/v2/portfolio/balance
2026-04-10 08:37:51 | WARNING | [CashSync] API balance failed (auth error?) - using conservative estimate $5.00 (was $5.00)
2026-04-10 08:38:21 | INFO | Status: cash=$5.00, positions=0, loop=106, active_series=['KXDOGE15M', 'KXBTC15M', 'KXXRP15M', 'KXETH15M', 'KXSOL15M', 'KXHYPE15M', 'KXBNB15M']
2026-04-10 08:38:21 | INFO | Day Realized P&L: $-29.67 (-85.6%) / -$99999.00 daily stop-loss limit
2026-04-10 08:38:21 | INFO | Coins: BTC: idle | ETH: idle | BNB: idle | SOL: idle | DOGE: idle | XRP: idle | HYPE: idle | ADA: idle
2026-04-10 08:38:21 | WARNING | GET https://api.elections.kalshi.com/trade-api/v2/portfolio/balance got 401 - refreshing auth and retrying...
2026-04-10 08:38:21 | WARNING | GET https://api.elections.kalshi.com/trade-api/v2/portfolio/balance got 401 - refreshing auth and retrying...
2026-04-10 08:38:21 | ERROR | GET https://api.elections.kalshi.com/trade-api/v2/portfolio/balance failed after 3 attempts: 401 Client Error: Unauthorized for url: https://api.elections.kalshi.com/trade-api/v2/portfolio/balance
2026-04-10 08:38:21 | WARNING | get_balance error: 401 Client Error: Unauthorized for url: https://api.elections.kalshi.com/trade-api/v2/portfolio/balance
2026-04-10 08:38:21 | INFO | JSON summary saved to /home/ubuntu/.openclaw/workspace/workers/superbot/report.json
2026-04-10 08:38:21 | WARNING | GET https://api.elections.kalshi.com/trade-api/v2/portfolio/orders got 401 - refreshing auth and retrying...
2026-04-10 08:38:21 | WARNING | GET https://api.elections.kalshi.com/trade-api/v2/portfolio/orders got 401 - refreshing auth and retrying...
2026-04-10 08:38:21 | ERROR | GET https://api.elections.kalshi.com/trade-api/v2/portfolio/orders failed after 3 attempts: 401 Client Error: Unauthorized for url: https://api.elections.kalshi.com/trade-api/v2/portfolio/orders?status=open
2026-04-10 08:38:22 | WARNING | GET https://api.elections.kalshi.com/trade-api/v2/portfolio/balance got 401 - refreshing auth and retrying...
2026-04-10 08:38:22 | WARNING | GET https://api.elections.kalshi.com/trade-api/v2/portfolio/balance got 401 - refreshing auth and retrying...
2026-04-10 08:38:22 | ERROR | GET https://api.elections.kalshi.com/trade-api/v2/portfolio/balance failed after 3 attempts: 401 Client Error: Unauthorized for url: https://api.elections.kalshi.com/trade-api/v2/portfolio/balance
2026-04-10 08:38:22 | WARNING | get_balance error: 401 Client Error: Unauthorized for url: https://api.elections.kalshi.com/trade-api/v2/portfolio/balance
2026-04-10 08:38:22 | WARNING | [CashSync] API balance failed (auth error?) - using conservative estimate $5.00 (was $5.00)
2026-04-10 08:38:52 | INFO | Status: cash=$5.00, positions=0, loop=107, active_series=['KXDOGE15M', 'KXBTC15M', 'KXXRP15M', 'KXETH15M', 'KXSOL15M', 'KXHYPE15M', 'KXBNB15M']
2026-04-10 08:38:52 | INFO | Day Realized P&L: $-29.67 (-85.6%) / -$99999.00 daily stop-loss limit
2026-04-10 08:38:52 | INFO | Coins: BTC: idle | ETH: idle | BNB: idle | SOL: idle | DOGE: idle | XRP: idle | HYPE: idle | ADA: idle
2026-04-10 08:38:52 | WARNING | GET https://api.elections.kalshi.com/trade-api/v2/portfolio/balance got 401 - refreshing auth and retrying...
2026-04-10 08:38:52 | WARNING | GET https://api.elections.kalshi.com/trade-api/v2/portfolio/balance got 401 - refreshing auth and retrying...
2026-04-10 08:38:52 | ERROR | GET https://api.elections.kalshi.com/trade-api/v2/portfolio/balance failed after 3 attempts: 401 Client Error: Unauthorized for url: https://api.elections.kalshi.com/trade-api/v2/portfolio/balance
2026-04-10 08:38:52 | WARNING | get_balance error: 401 Client Error: Unauthorized for url: https://api.elections.kalshi.com/trade-api/v2/portfolio/balance
2026-04-10 08:38:52 | INFO | JSON summary saved to /home/ubuntu/.openclaw/workspace/workers/superbot/report.json
2026-04-10 08:38:52 | WARNING | GET https://api.elections.kalshi.com/trade-api/v2/portfolio/orders got 401 - refreshing auth and retrying...
2026-04-10 08:38:52 | WARNING | GET https://api.elections.kalshi.com/trade-api/v2/portfolio/orders got 401 - refreshing auth and retrying...
2026-04-10 08:38:52 | ERROR | GET https://api.elections.kalshi.com/trade-api/v2/portfolio/orders failed after 3 attempts: 401 Client Error: Unauthorized for url: https://api.elections.kalshi.com/trade-api/v2/portfolio/orders?status=open
2026-04-10 08:38:52 | WARNING | GET https://api.elections.kalshi.com/trade-api/v2/portfolio/balance got 401 - refreshing auth and retrying...
2026-04-10 08:38:52 | WARNING | GET https://api.elections.kalshi.com/trade-api/v2/portfolio/balance got 401 - refreshing auth and retrying...
2026-04-10 08:38:52 | ERROR | GET https://api.elections.kalshi.com/trade-api/v2/portfolio/balance failed after 3 attempts: 401 Client Error: Unauthorized for url: https://api.elections.kalshi.com/trade-api/v2/portfolio/balance
2026-04-10 08:38:52 | WARNING | get_balance error: 401 Client Error: Unauthorized for url: https://api.elections.kalshi.com/trade-api/v2/portfolio/balance
2026-04-10 08:38:52 | WARNING | [CashSync] API balance failed (auth error?) - using conservative estimate $5.00 (was $5.00)
2026-04-10 08:39:22 | INFO | Status: cash=$5.00, positions=0, loop=108, active_series=['KXDOGE15M', 'KXBTC15M', 'KXXRP15M', 'KXETH15M', 'KXSOL15M', 'KXHYPE15M', 'KXBNB15M']
2026-04-10 08:39:22 | INFO | Day Realized P&L: $-29.67 (-85.6%) / -$99999.00 daily stop-loss limit
2026-04-10 08:39:22 | INFO | Coins: BTC: idle | ETH: idle | BNB: idle | SOL: idle | DOGE: idle | XRP: idle | HYPE: idle | ADA: idle
2026-04-10 08:39:22 | WARNING | GET https://api.elections.kalshi.com/trade-api/v2/portfolio/balance got 401 - refreshing auth and retrying...
2026-04-10 08:39:22 | WARNING | GET https://api.elections.kalshi.com/trade-api/v2/portfolio/balance got 401 - refreshing auth and retrying...
2026-04-10 08:39:22 | ERROR | GET https://api.elections.kalshi.com/trade-api/v2/portfolio/balance failed after 3 attempts: 401 Client Error: Unauthorized for url: https://api.elections.kalshi.com/trade-api/v2/portfolio/balance
2026-04-10 08:39:22 | WARNING | get_balance error: 401 Client Error: Unauthorized for url: https://api.elections.kalshi.com/trade-api/v2/portfolio/balance
2026-04-10 08:39:22 | INFO | JSON summary saved to /home/ubuntu/.openclaw/workspace/workers/superbot/report.json
2026-04-10 08:39:22 | WARNING | GET https://api.elections.kalshi.com/trade-api/v2/portfolio/orders got 401 - refreshing auth and retrying...
2026-04-10 08:39:22 | WARNING | GET https://api.elections.kalshi.com/trade-api/v2/portfolio/orders got 401 - refreshing auth and retrying...
2026-04-10 08:39:22 | ERROR | GET https://api.elections.kalshi.com/trade-api/v2/portfolio/orders failed after 3 attempts: 401 Client Error: Unauthorized for url: https://api.elections.kalshi.com/trade-api/v2/portfolio/orders?status=open
2026-04-10 08:39:22 | WARNING | GET https://api.elections.kalshi.com/trade-api/v2/portfolio/balance got 401 - refreshing auth and retrying...
2026-04-10 08:39:22 | WARNING | GET https://api.elections.kalshi.com/trade-api/v2/portfolio/balance got 401 - refreshing auth and retrying...
2026-04-10 08:39:22 | ERROR | GET https://api.elections.kalshi.com/trade-api/v2/portfolio/balance failed after 3 attempts: 401 Client Error: Unauthorized for url: https://api.elections.kalshi.com/trade-api/v2/portfolio/balance
2026-04-10 08:39:22 | WARNING | get_balance error: 401 Client Error: Unauthorized for url: https://api.elections.kalshi.com/trade-api/v2/portfolio/balance
2026-04-10 08:39:22 | WARNING | [CashSync] API balance failed (auth error?) - using conservative estimate $5.00 (was $5.00)
2026-04-10 08:39:53 | INFO | Status: cash=$5.00, positions=0, loop=109, active_series=['KXDOGE15M', 'KXBTC15M', 'KXXRP15M', 'KXETH15M', 'KXSOL15M', 'KXHYPE15M', 'KXBNB15M']
2026-04-10 08:39:53 | INFO | Day Realized P&L: $-29.67 (-85.6%) / -$99999.00 daily stop-loss limit
2026-04-10 08:39:53 | INFO | Coins: BTC: idle | ETH: idle | BNB: idle | SOL: idle | DOGE: idle | XRP: idle | HYPE: idle | ADA: idle
2026-04-10 08:39:53 | WARNING | GET https://api.elections.kalshi.com/trade-api/v2/portfolio/balance got 401 - refreshing auth and retrying...
2026-04-10 08:39:53 | WARNING | GET https://api.elections.kalshi.com/trade-api/v2/portfolio/balance got 401 - refreshing auth and retrying...
2026-04-10 08:39:53 | ERROR | GET https://api.elections.kalshi.com/trade-api/v2/portfolio/balance failed after 3 attempts: 401 Client Error: Unauthorized for url: https://api.elections.kalshi.com/trade-api/v2/portfolio/balance
2026-04-10 08:39:53 | WARNING | get_balance error: 401 Client Error: Unauthorized for url: https://api.elections.kalshi.com/trade-api/v2/portfolio/balance
2026-04-10 08:39:53 | INFO | JSON summary saved to /home/ubuntu/.openclaw/workspace/workers/superbot/report.json
2026-04-10 08:39:53 | WARNING | GET https://api.elections.kalshi.com/trade-api/v2/portfolio/orders got 401 - refreshing auth and retrying...
2026-04-10 08:39:53 | WARNING | GET https://api.elections.kalshi.com/trade-api/v2/portfolio/orders got 401 - refreshing auth and retrying...
2026-04-10 08:39:53 | ERROR | GET https://api.elections.kalshi.com/trade-api/v2/portfolio/orders failed after 3 attempts: 401 Client Error: Unauthorized for url: https://api.elections.kalshi.com/trade-api/v2/portfolio/orders?status=open
2026-04-10 08:39:53 | WARNING | GET https://api.elections.kalshi.com/trade-api/v2/portfolio/balance got 401 - refreshing auth and retrying...
2026-04-10 08:39:53 | WARNING | GET https://api.elections.kalshi.com/trade-api/v2/portfolio/balance got 401 - refreshing auth and retrying...
2026-04-10 08:39:53 | ERROR | GET https://api.elections.kalshi.com/trade-api/v2/portfolio/balance failed after 3 attempts: 401 Client Error: Unauthorized for url: https://api.elections.kalshi.com/trade-api/v2/portfolio/balance
2026-04-10 08:39:53 | WARNING | get_balance error: 401 Client Error: Unauthorized for url: https://api.elections.kalshi.com/trade-api/v2/portfolio/balance
2026-04-10 08:39:53 | WARNING | [CashSync] API balance failed (auth error?) - using conservative estimate $5.00 (was $5.00)
2026-04-10 08:40:23 | INFO | Status: cash=$5.00, positions=0, loop=110, active_series=['KXDOGE15M', 'KXBTC15M', 'KXXRP15M', 'KXETH15M', 'KXSOL15M', 'KXHYPE15M', 'KXBNB15M']
2026-04-10 08:40:23 | INFO | Day Realized P&L: $-29.67 (-85.6%) / -$99999.00 daily stop-loss limit
2026-04-10 08:40:23 | INFO | Coins: BTC: idle | ETH: idle | BNB: idle | SOL: idle | DOGE: idle | XRP: idle | HYPE: idle | ADA: idle
2026-04-10 08:40:23 | WARNING | GET https://api.elections.kalshi.com/trade-api/v2/portfolio/balance got 401 - refreshing auth and retrying...
2026-04-10 08:40:23 | WARNING | GET https://api.elections.kalshi.com/trade-api/v2/portfolio/balance got 401 - refreshing auth and retrying...
2026-04-10 08:40:23 | ERROR | GET https://api.elections.kalshi.com/trade-api/v2/portfolio/balance failed after 3 attempts: 401 Client Error: Unauthorized for url: https://api.elections.kalshi.com/trade-api/v2/portfolio/balance
2026-04-10 08:40:23 | WARNING | get_balance error: 401 Client Error: Unauthorized for url: https://api.elections.kalshi.com/trade-api/v2/portfolio/balance
2026-04-10 08:40:23 | INFO | JSON summary saved to /home/ubuntu/.openclaw/workspace/workers/superbot/report.json
2026-04-10 08:40:23 | WARNING | GET https://api.elections.kalshi.com/trade-api/v2/portfolio/orders got 401 - refreshing auth and retrying...
2026-04-10 08:40:23 | WARNING | GET https://api.elections.kalshi.com/trade-api/v2/portfolio/orders got 401 - refreshing auth and retrying...
2026-04-10 08:40:23 | ERROR | GET https://api.elections.kalshi.com/trade-api/v2/portfolio/orders failed after 3 attempts: 401 Client Error: Unauthorized for url: https://api.elections.kalshi.com/trade-api/v2/portfolio/orders?status=open
2026-04-10 08:40:23 | WARNING | GET https://api.elections.kalshi.com/trade-api/v2/portfolio/balance got 401 - refreshing auth and retrying...
2026-04-10 08:40:23 | WARNING | GET https://api.elections.kalshi.com/trade-api/v2/portfolio/balance got 401 - refreshing auth and retrying...
2026-04-10 08:40:23 | ERROR | GET https://api.elections.kalshi.com/trade-api/v2/portfolio/balance failed after 3 attempts: 401 Client Error: Unauthorized for url: https://api.elections.kalshi.com/trade-api/v2/portfolio/balance
2026-04-10 08:40:23 | WARNING | get_balance error: 401 Client Error: Unauthorized for url: https://api.elections.kalshi.com/trade-api/v2/portfolio/balance
2026-04-10 08:40:23 | WARNING | [CashSync] API balance failed (auth error?) - using conservative estimate $5.00 (was $5.00)
2026-04-10 08:40:54 | INFO | Status: cash=$5.00, positions=0, loop=111, active_series=['KXDOGE15M', 'KXBTC15M', 'KXXRP15M', 'KXETH15M', 'KXSOL15M', 'KXHYPE15M', 'KXBNB15M']
2026-04-10 08:40:54 | INFO | Day Realized P&L: $-29.67 (-85.6%) / -$99999.00 daily stop-loss limit
2026-04-10 08:40:54 | INFO | Coins: BTC: idle | ETH: idle | BNB: idle | SOL: idle | DOGE: idle | XRP: idle | HYPE: idle | ADA: idle
2026-04-10 08:40:54 | WARNING | GET https://api.elections.kalshi.com/trade-api/v2/portfolio/balance got 401 - refreshing auth and retrying...
2026-04-10 08:40:54 | WARNING | GET https://api.elections.kalshi.com/trade-api/v2/portfolio/balance got 401 - refreshing auth and retrying...
2026-04-10 08:40:54 | ERROR | GET https://api.elections.kalshi.com/trade-api/v2/portfolio/balance failed after 3 attempts: 401 Client Error: Unauthorized for url: https://api.elections.kalshi.com/trade-api/v2/portfolio/balance
2026-04-10 08:40:54 | WARNING | get_balance error: 401 Client Error: Unauthorized for url: https://api.elections.kalshi.com/trade-api/v2/portfolio/balance
2026-04-10 08:40:54 | INFO | JSON summary saved to /home/ubuntu/.openclaw/workspace/workers/superbot/report.json
2026-04-10 08:40:54 | WARNING | GET https://api.elections.kalshi.com/trade-api/v2/portfolio/orders got 401 - refreshing auth and retrying...
2026-04-10 08:40:54 | WARNING | GET https://api.elections.kalshi.com/trade-api/v2/portfolio/orders got 401 - refreshing auth and retrying...
2026-04-10 08:40:54 | ERROR | GET https://api.elections.kalshi.com/trade-api/v2/portfolio/orders failed after 3 attempts: 401 Client Error: Unauthorized for url: https://api.elections.kalshi.com/trade-api/v2/portfolio/orders?status=open
2026-04-10 08:40:54 | WARNING | GET https://api.elections.kalshi.com/trade-api/v2/portfolio/balance got 401 - refreshing auth and retrying...
2026-04-10 08:40:54 | WARNING | GET https://api.elections.kalshi.com/trade-api/v2/portfolio/balance got 401 - refreshing auth and retrying...
2026-04-10 08:40:54 | ERROR | GET https://api.elections.kalshi.com/trade-api/v2/portfolio/balance failed after 3 attempts: 401 Client Error: Unauthorized for url: https://api.elections.kalshi.com/trade-api/v2/portfolio/balance
2026-04-10 08:40:54 | WARNING | get_balance error: 401 Client Error: Unauthorized for url: https://api.elections.kalshi.com/trade-api/v2/portfolio/balance
2026-04-10 08:40:54 | WARNING | [CashSync] API balance failed (auth error?) - using conservative estimate $5.00 (was $5.00)
2026-04-10 08:41:24 | INFO | Status: cash=$5.00, positions=0, loop=112, active_series=['KXDOGE15M', 'KXBTC15M', 'KXXRP15M', 'KXETH15M', 'KXSOL15M', 'KXHYPE15M', 'KXBNB15M']
2026-04-10 08:41:24 | INFO | Day Realized P&L: $-29.67 (-85.6%) / -$99999.00 daily stop-loss limit
2026-04-10 08:41:24 | INFO | Coins: BTC: idle | ETH: idle | BNB: idle | SOL: idle | DOGE: idle | XRP: idle | HYPE: idle | ADA: idle
2026-04-10 08:41:24 | WARNING | GET https://api.elections.kalshi.com/trade-api/v2/portfolio/balance got 401 - refreshing auth and retrying...
2026-04-10 08:41:24 | WARNING | GET https://api.elections.kalshi.com/trade-api/v2/portfolio/balance got 401 - refreshing auth and retrying...
2026-04-10 08:41:24 | ERROR | GET https://api.elections.kalshi.com/trade-api/v2/portfolio/balance failed after 3 attempts: 401 Client Error: Unauthorized for url: https://api.elections.kalshi.com/trade-api/v2/portfolio/balance
2026-04-10 08:41:24 | WARNING | get_balance error: 401 Client Error: Unauthorized for url: https://api.elections.kalshi.com/trade-api/v2/portfolio/balance
2026-04-10 08:41:24 | INFO | JSON summary saved to /home/ubuntu/.openclaw/workspace/workers/superbot/report.json
2026-04-10 08:41:24 | WARNING | GET https://api.elections.kalshi.com/trade-api/v2/portfolio/orders got 401 - refreshing auth and retrying...
2026-04-10 08:41:24 | WARNING | GET https://api.elections.kalshi.com/trade-api/v2/portfolio/orders got 401 - refreshing auth and retrying...
2026-04-10 08:41:24 | ERROR | GET https://api.elections.kalshi.com/trade-api/v2/portfolio/orders failed after 3 attempts: 401 Client Error: Unauthorized for url: https://api.elections.kalshi.com/trade-api/v2/portfolio/orders?status=open
2026-04-10 08:41:24 | WARNING | GET https://api.elections.kalshi.com/trade-api/v2/portfolio/balance got 401 - refreshing auth and retrying...
2026-04-10 08:41:24 | WARNING | GET https://api.elections.kalshi.com/trade-api/v2/portfolio/balance got 401 - refreshing auth and retrying...
2026-04-10 08:41:24 | ERROR | GET https://api.elections.kalshi.com/trade-api/v2/portfolio/balance failed after 3 attempts: 401 Client Error: Unauthorized for url: https://api.elections.kalshi.com/trade-api/v2/portfolio/balance
2026-04-10 08:41:24 | WARNING | get_balance error: 401 Client Error: Unauthorized for url: https://api.elections.kalshi.com/trade-api/v2/portfolio/balance
2026-04-10 08:41:24 | WARNING | [CashSync] API balance failed (auth error?) - using conservative estimate $5.00 (was $5.00)
2026-04-10 08:41:55 | INFO | Status: cash=$5.00, positions=0, loop=113, active_series=['KXDOGE15M', 'KXBTC15M', 'KXXRP15M', 'KXETH15M', 'KXSOL15M', 'KXHYPE15M', 'KXBNB15M']
2026-04-10 08:41:55 | INFO | Day Realized P&L: $-29.67 (-85.6%) / -$99999.00 daily stop-loss limit
2026-04-10 08:41:55 | INFO | Coins: BTC: idle | ETH: idle | BNB: idle | SOL: idle | DOGE: idle | XRP: idle | HYPE: idle | ADA: idle
2026-04-10 08:41:55 | WARNING | GET https://api.elections.kalshi.com/trade-api/v2/portfolio/balance got 401 - refreshing auth and retrying...
2026-04-10 08:41:55 | WARNING | GET https://api.elections.kalshi.com/trade-api/v2/portfolio/balance got 401 - refreshing auth and retrying...
2026-04-10 08:41:55 | ERROR | GET https://api.elections.kalshi.com/trade-api/v2/portfolio/balance failed after 3 attempts: 401 Client Error: Unauthorized for url: https://api.elections.kalshi.com/trade-api/v2/portfolio/balance
2026-04-10 08:41:55 | WARNING | get_balance error: 401 Client Error: Unauthorized for url: https://api.elections.kalshi.com/trade-api/v2/portfolio/balance
2026-04-10 08:41:55 | INFO | JSON summary saved to /home/ubuntu/.openclaw/workspace/workers/superbot/report.json
2026-04-10 08:41:55 | WARNING | GET https://api.elections.kalshi.com/trade-api/v2/portfolio/orders got 401 - refreshing auth and retrying...
2026-04-10 08:41:55 | WARNING | GET https://api.elections.kalshi.com/trade-api/v2/portfolio/orders got 401 - refreshing auth and retrying...
2026-04-10 08:41:55 | ERROR | GET https://api.elections.kalshi.com/trade-api/v2/portfolio/orders failed after 3 attempts: 401 Client Error: Unauthorized for url: https://api.elections.kalshi.com/trade-api/v2/portfolio/orders?status=open
2026-04-10 08:41:55 | WARNING | GET https://api.elections.kalshi.com/trade-api/v2/portfolio/balance got 401 - refreshing auth and retrying...
2026-04-10 08:41:55 | WARNING | GET https://api.elections.kalshi.com/trade-api/v2/portfolio/balance got 401 - refreshing auth and retrying...
2026-04-10 08:41:55 | ERROR | GET https://api.elections.kalshi.com/trade-api/v2/portfolio/balance failed after 3 attempts: 401 Client Error: Unauthorized for url: https://api.elections.kalshi.com/trade-api/v2/portfolio/balance
2026-04-10 08:41:55 | WARNING | get_balance error: 401 Client Error: Unauthorized for url: https://api.elections.kalshi.com/trade-api/v2/portfolio/balance
2026-04-10 08:41:55 | WARNING | [CashSync] API balance failed (auth error?) - using conservative estimate $5.00 (was $5.00)
2026-04-10 08:42:25 | INFO | Status: cash=$5.00, positions=0, loop=114, active_series=['KXDOGE15M', 'KXBTC15M', 'KXXRP15M', 'KXETH15M', 'KXSOL15M', 'KXHYPE15M', 'KXBNB15M']
2026-04-10 08:42:25 | INFO | Day Realized P&L: $-29.67 (-85.6%) / -$99999.00 daily stop-loss limit
2026-04-10 08:42:25 | INFO | Coins: BTC: idle | ETH: idle | BNB: idle | SOL: idle | DOGE: idle | XRP: idle | HYPE: idle | ADA: idle
2026-04-10 08:42:25 | WARNING | GET https://api.elections.kalshi.com/trade-api/v2/portfolio/balance got 401 - refreshing auth and retrying...
2026-04-10 08:42:25 | WARNING | GET https://api.elections.kalshi.com/trade-api/v2/portfolio/balance got 401 - refreshing auth and retrying...
2026-04-10 08:42:25 | ERROR | GET https://api.elections.kalshi.com/trade-api/v2/portfolio/balance failed after 3 attempts: 401 Client Error: Unauthorized for url: https://api.elections.kalshi.com/trade-api/v2/portfolio/balance
2026-04-10 08:42:25 | WARNING | get_balance error: 401 Client Error: Unauthorized for url: https://api.elections.kalshi.com/trade-api/v2/portfolio/balance
2026-04-10 08:42:25 | INFO | JSON summary saved to /home/ubuntu/.openclaw/workspace/workers/superbot/report.json
2026-04-10 08:42:25 | WARNING | GET https://api.elections.kalshi.com/trade-api/v2/portfolio/orders got 401 - refreshing auth and retrying...
2026-04-10 08:42:25 | WARNING | GET https://api.elections.kalshi.com/trade-api/v2/portfolio/orders got 401 - refreshing auth and retrying...
2026-04-10 08:42:25 | ERROR | GET https://api.elections.kalshi.com/trade-api/v2/portfolio/orders failed after 3 attempts: 401 Client Error: Unauthorized for url: https://api.elections.kalshi.com/trade-api/v2/portfolio/orders?status=open
2026-04-10 08:42:25 | WARNING | GET https://api.elections.kalshi.com/trade-api/v2/portfolio/balance got 401 - refreshing auth and retrying...
2026-04-10 08:42:25 | WARNING | GET https://api.elections.kalshi.com/trade-api/v2/portfolio/balance got 401 - refreshing auth and retrying...
2026-04-10 08:42:25 | ERROR | GET https://api.elections.kalshi.com/trade-api/v2/portfolio/balance failed after 3 attempts: 401 Client Error: Unauthorized for url: https://api.elections.kalshi.com/trade-api/v2/portfolio/balance
2026-04-10 08:42:25 | WARNING | get_balance error: 401 Client Error: Unauthorized for url: https://api.elections.kalshi.com/trade-api/v2/portfolio/balance
2026-04-10 08:42:25 | WARNING | [CashSync] API balance failed (auth error?) - using conservative estimate $5.00 (was $5.00)
2026-04-10 08:42:55 | INFO | Status: cash=$5.00, positions=0, loop=115, active_series=['KXDOGE15M', 'KXBTC15M', 'KXXRP15M', 'KXETH15M', 'KXSOL15M', 'KXHYPE15M', 'KXBNB15M']
2026-04-10 08:42:55 | INFO | Day Realized P&L: $-29.67 (-85.6%) / -$99999.00 daily stop-loss limit
2026-04-10 08:42:55 | INFO | Coins: BTC: idle | ETH: idle | BNB: idle | SOL: idle | DOGE: idle | XRP: idle | HYPE: idle | ADA: idle
2026-04-10 08:42:55 | WARNING | GET https://api.elections.kalshi.com/trade-api/v2/portfolio/balance got 401 - refreshing auth and retrying...
2026-04-10 08:42:56 | WARNING | GET https://api.elections.kalshi.com/trade-api/v2/portfolio/balance got 401 - refreshing auth and retrying...
2026-04-10 08:42:56 | ERROR | GET https://api.elections.kalshi.com/trade-api/v2/portfolio/balance failed after 3 attempts: 401 Client Error: Unauthorized for url: https://api.elections.kalshi.com/trade-api/v2/portfolio/balance
2026-04-10 08:42:56 | WARNING | get_balance error: 401 Client Error: Unauthorized for url: https://api.elections.kalshi.com/trade-api/v2/portfolio/balance
2026-04-10 08:42:56 | INFO | JSON summary saved to /home/ubuntu/.openclaw/workspace/workers/superbot/report.json
2026-04-10 08:42:56 | WARNING | GET https://api.elections.kalshi.com/trade-api/v2/portfolio/orders got 401 - refreshing auth and retrying...
2026-04-10 08:42:56 | WARNING | GET https://api.elections.kalshi.com/trade-api/v2/portfolio/orders got 401 - refreshing auth and retrying...
2026-04-10 08:42:56 | ERROR | GET https://api.elections.kalshi.com/trade-api/v2/portfolio/orders failed after 3 attempts: 401 Client Error: Unauthorized for url: https://api.elections.kalshi.com/trade-api/v2/portfolio/orders?status=open
2026-04-10 08:42:56 | WARNING | GET https://api.elections.kalshi.com/trade-api/v2/portfolio/balance got 401 - refreshing auth and retrying...
2026-04-10 08:42:56 | WARNING | GET https://api.elections.kalshi.com/trade-api/v2/portfolio/balance got 401 - refreshing auth and retrying...
2026-04-10 08:42:56 | ERROR | GET https://api.elections.kalshi.com/trade-api/v2/portfolio/balance failed after 3 attempts: 401 Client Error: Unauthorized for url: https://api.elections.kalshi.com/trade-api/v2/portfolio/balance
2026-04-10 08:42:56 | WARNING | get_balance error: 401 Client Error: Unauthorized for url: https://api.elections.kalshi.com/trade-api/v2/portfolio/balance
2026-04-10 08:42:56 | WARNING | [CashSync] API balance failed (auth error?) - using conservative estimate $5.00 (was $5.00)
2026-04-10 08:43:26 | INFO | Status: cash=$5.00, positions=0, loop=116, active_series=['KXDOGE15M', 'KXBTC15M', 'KXXRP15M', 'KXETH15M', 'KXSOL15M', 'KXHYPE15M', 'KXBNB15M']
2026-04-10 08:43:26 | INFO | Day Realized P&L: $-29.67 (-85.6%) / -$99999.00 daily stop-loss limit
2026-04-10 08:43:26 | INFO | Coins: BTC: idle | ETH: idle | BNB: idle | SOL: idle | DOGE: idle | XRP: idle | HYPE: idle | ADA: idle
2026-04-10 08:43:26 | WARNING | GET https://api.elections.kalshi.com/trade-api/v2/portfolio/balance got 401 - refreshing auth and retrying...
2026-04-10 08:43:26 | WARNING | GET https://api.elections.kalshi.com/trade-api/v2/portfolio/balance got 401 - refreshing auth and retrying...
2026-04-10 08:43:26 | ERROR | GET https://api.elections.kalshi.com/trade-api/v2/portfolio/balance failed after 3 attempts: 401 Client Error: Unauthorized for url: https://api.elections.kalshi.com/trade-api/v2/portfolio/balance
2026-04-10 08:43:26 | WARNING | get_balance error: 401 Client Error: Unauthorized for url: https://api.elections.kalshi.com/trade-api/v2/portfolio/balance
2026-04-10 08:43:26 | INFO | JSON summary saved to /home/ubuntu/.openclaw/workspace/workers/superbot/report.json
2026-04-10 08:43:26 | WARNING | GET https://api.elections.kalshi.com/trade-api/v2/portfolio/orders got 401 - refreshing auth and retrying...
2026-04-10 08:43:26 | WARNING | GET https://api.elections.kalshi.com/trade-api/v2/portfolio/orders got 401 - refreshing auth and retrying...
2026-04-10 08:43:26 | ERROR | GET https://api.elections.kalshi.com/trade-api/v2/portfolio/orders failed after 3 attempts: 401 Client Error: Unauthorized for url: https://api.elections.kalshi.com/trade-api/v2/portfolio/orders?status=open
2026-04-10 08:43:26 | WARNING | GET https://api.elections.kalshi.com/trade-api/v2/portfolio/balance got 401 - refreshing auth and retrying...
2026-04-10 08:43:26 | WARNING | GET https://api.elections.kalshi.com/trade-api/v2/portfolio/balance got 401 - refreshing auth and retrying...
2026-04-10 08:43:26 | ERROR | GET https://api.elections.kalshi.com/trade-api/v2/portfolio/balance failed after 3 attempts: 401 Client Error: Unauthorized for url: https://api.elections.kalshi.com/trade-api/v2/portfolio/balance
2026-04-10 08:43:26 | WARNING | get_balance error: 401 Client Error: Unauthorized for url: https://api.elections.kalshi.com/trade-api/v2/portfolio/balance
2026-04-10 08:43:26 | WARNING | [CashSync] API balance failed (auth error?) - using conservative estimate $5.00 (was $5.00)
2026-04-10 08:43:56 | INFO | Status: cash=$5.00, positions=0, loop=117, active_series=['KXDOGE15M', 'KXBTC15M', 'KXXRP15M', 'KXETH15M', 'KXSOL15M', 'KXHYPE15M', 'KXBNB15M']
2026-04-10 08:43:56 | INFO | Day Realized P&L: $-29.67 (-85.6%) / -$99999.00 daily stop-loss limit
2026-04-10 08:43:56 | INFO | Coins: BTC: idle | ETH: idle | BNB: idle | SOL: idle | DOGE: idle | XRP: idle | HYPE: idle | ADA: idle
2026-04-10 08:43:56 | WARNING | GET https://api.elections.kalshi.com/trade-api/v2/portfolio/balance got 401 - refreshing auth and retrying...
2026-04-10 08:43:56 | WARNING | GET https://api.elections.kalshi.com/trade-api/v2/portfolio/balance got 401 - refreshing auth and retrying...
2026-04-10 08:43:56 | ERROR | GET https://api.elections.kalshi.com/trade-api/v2/portfolio/balance failed after 3 attempts: 401 Client Error: Unauthorized for url: https://api.elections.kalshi.com/trade-api/v2/portfolio/balance
2026-04-10 08:43:56 | WARNING | get_balance error: 401 Client Error: Unauthorized for url: https://api.elections.kalshi.com/trade-api/v2/portfolio/balance
2026-04-10 08:43:56 | INFO | JSON summary saved to /home/ubuntu/.openclaw/workspace/workers/superbot/report.json
2026-04-10 08:43:56 | WARNING | GET https://api.elections.kalshi.com/trade-api/v2/portfolio/orders got 401 - refreshing auth and retrying...
2026-04-10 08:43:56 | WARNING | GET https://api.elections.kalshi.com/trade-api/v2/portfolio/orders got 401 - refreshing auth and retrying...
2026-04-10 08:43:56 | ERROR | GET https://api.elections.kalshi.com/trade-api/v2/portfolio/orders failed after 3 attempts: 401 Client Error: Unauthorized for url: https://api.elections.kalshi.com/trade-api/v2/portfolio/orders?status=open
2026-04-10 08:43:57 | WARNING | GET https://api.elections.kalshi.com/trade-api/v2/portfolio/balance got 401 - refreshing auth and retrying...
2026-04-10 08:43:57 | WARNING | GET https://api.elections.kalshi.com/trade-api/v2/portfolio/balance got 401 - refreshing auth and retrying...
2026-04-10 08:43:57 | ERROR | GET https://api.elections.kalshi.com/trade-api/v2/portfolio/balance failed after 3 attempts: 401 Client Error: Unauthorized for url: https://api.elections.kalshi.com/trade-api/v2/portfolio/balance
2026-04-10 08:43:57 | WARNING | get_balance error: 401 Client Error: Unauthorized for url: https://api.elections.kalshi.com/trade-api/v2/portfolio/balance
2026-04-10 08:43:57 | WARNING | [CashSync] API balance failed (auth error?) - using conservative estimate $5.00 (was $5.00)
2026-04-10 08:44:27 | INFO | Status: cash=$5.00, positions=0, loop=118, active_series=['KXDOGE15M', 'KXBTC15M', 'KXXRP15M', 'KXETH15M', 'KXSOL15M', 'KXHYPE15M', 'KXBNB15M']
2026-04-10 08:44:27 | INFO | Day Realized P&L: $-29.67 (-85.6%) / -$99999.00 daily stop-loss limit
2026-04-10 08:44:27 | INFO | Coins: BTC: idle | ETH: idle | BNB: idle | SOL: idle | DOGE: idle | XRP: idle | HYPE: idle | ADA: idle
2026-04-10 08:44:27 | WARNING | GET https://api.elections.kalshi.com/trade-api/v2/portfolio/balance got 401 - refreshing auth and retrying...
2026-04-10 08:44:27 | WARNING | GET https://api.elections.kalshi.com/trade-api/v2/portfolio/balance got 401 - refreshing auth and retrying...
2026-04-10 08:44:27 | ERROR | GET https://api.elections.kalshi.com/trade-api/v2/portfolio/balance failed after 3 attempts: 401 Client Error: Unauthorized for url: https://api.elections.kalshi.com/trade-api/v2/portfolio/balance
2026-04-10 08:44:27 | WARNING | get_balance error: 401 Client Error: Unauthorized for url: https://api.elections.kalshi.com/trade-api/v2/portfolio/balance
2026-04-10 08:44:27 | INFO | JSON summary saved to /home/ubuntu/.openclaw/workspace/workers/superbot/report.json
2026-04-10 08:44:27 | WARNING | GET https://api.elections.kalshi.com/trade-api/v2/portfolio/orders got 401 - refreshing auth and retrying...
2026-04-10 08:44:27 | WARNING | GET https://api.elections.kalshi.com/trade-api/v2/portfolio/orders got 401 - refreshing auth and retrying...
2026-04-10 08:44:27 | ERROR | GET https://api.elections.kalshi.com/trade-api/v2/portfolio/orders failed after 3 attempts: 401 Client Error: Unauthorized for url: https://api.elections.kalshi.com/trade-api/v2/portfolio/orders?status=open
2026-04-10 08:44:27 | WARNING | GET https://api.elections.kalshi.com/trade-api/v2/portfolio/balance got 401 - refreshing auth and retrying...
2026-04-10 08:44:27 | WARNING | GET https://api.elections.kalshi.com/trade-api/v2/portfolio/balance got 401 - refreshing auth and retrying...
2026-04-10 08:44:27 | ERROR | GET https://api.elections.kalshi.com/trade-api/v2/portfolio/balance failed after 3 attempts: 401 Client Error: Unauthorized for url: https://api.elections.kalshi.com/trade-api/v2/portfolio/balance
2026-04-10 08:44:27 | WARNING | get_balance error: 401 Client Error: Unauthorized for url: https://api.elections.kalshi.com/trade-api/v2/portfolio/balance
2026-04-10 08:44:27 | WARNING | [CashSync] API balance failed (auth error?) - using conservative estimate $5.00 (was $5.00)
2026-04-10 08:44:57 | INFO | Status: cash=$5.00, positions=0, loop=119, active_series=['KXDOGE15M', 'KXBTC15M', 'KXXRP15M', 'KXETH15M', 'KXSOL15M', 'KXHYPE15M', 'KXBNB15M']
2026-04-10 08:44:57 | INFO | Day Realized P&L: $-29.67 (-85.6%) / -$99999.00 daily stop-loss limit
2026-04-10 08:44:57 | INFO | Coins: BTC: idle | ETH: idle | BNB: idle | SOL: idle | DOGE: idle | XRP: idle | HYPE: idle | ADA: idle
2026-04-10 08:44:57 | WARNING | GET https://api.elections.kalshi.com/trade-api/v2/portfolio/balance got 401 - refreshing auth and retrying...
2026-04-10 08:44:57 | WARNING | GET https://api.elections.kalshi.com/trade-api/v2/portfolio/balance got 401 - refreshing auth and retrying...
2026-04-10 08:44:57 | ERROR | GET https://api.elections.kalshi.com/trade-api/v2/portfolio/balance failed after 3 attempts: 401 Client Error: Unauthorized for url: https://api.elections.kalshi.com/trade-api/v2/portfolio/balance
2026-04-10 08:44:57 | WARNING | get_balance error: 401 Client Error: Unauthorized for url: https://api.elections.kalshi.com/trade-api/v2/portfolio/balance
2026-04-10 08:44:57 | INFO | JSON summary saved to /home/ubuntu/.openclaw/workspace/workers/superbot/report.json
2026-04-10 08:44:57 | WARNING | GET https://api.elections.kalshi.com/trade-api/v2/portfolio/orders got 401 - refreshing auth and retrying...
2026-04-10 08:44:57 | WARNING | GET https://api.elections.kalshi.com/trade-api/v2/portfolio/orders got 401 - refreshing auth and retrying...
2026-04-10 08:44:57 | ERROR | GET https://api.elections.kalshi.com/trade-api/v2/portfolio/orders failed after 3 attempts: 401 Client Error: Unauthorized for url: https://api.elections.kalshi.com/trade-api/v2/portfolio/orders?status=open
2026-04-10 08:44:57 | WARNING | GET https://api.elections.kalshi.com/trade-api/v2/portfolio/balance got 401 - refreshing auth and retrying...
2026-04-10 08:44:57 | WARNING | GET https://api.elections.kalshi.com/trade-api/v2/portfolio/balance got 401 - refreshing auth and retrying...
2026-04-10 08:44:57 | ERROR | GET https://api.elections.kalshi.com/trade-api/v2/portfolio/balance failed after 3 attempts: 401 Client Error: Unauthorized for url: https://api.elections.kalshi.com/trade-api/v2/portfolio/balance
2026-04-10 08:44:57 | WARNING | get_balance error: 401 Client Error: Unauthorized for url: https://api.elections.kalshi.com/trade-api/v2/portfolio/balance
2026-04-10 08:44:57 | WARNING | [CashSync] API balance failed (auth error?) - using conservative estimate $5.00 (was $5.00)
2026-04-10 08:45:28 | INFO | Status: cash=$5.00, positions=0, loop=120, active_series=['KXDOGE15M', 'KXBTC15M', 'KXXRP15M', 'KXETH15M', 'KXSOL15M', 'KXHYPE15M', 'KXBNB15M']
2026-04-10 08:45:28 | INFO | Day Realized P&L: $-29.67 (-85.6%) / -$99999.00 daily stop-loss limit
2026-04-10 08:45:28 | INFO | Coins: BTC: idle | ETH: idle | BNB: idle | SOL: idle | DOGE: idle | XRP: idle | HYPE: idle | ADA: idle
2026-04-10 08:45:28 | WARNING | GET https://api.elections.kalshi.com/trade-api/v2/portfolio/balance got 401 - refreshing auth and retrying...
2026-04-10 08:45:28 | WARNING | GET https://api.elections.kalshi.com/trade-api/v2/portfolio/balance got 401 - refreshing auth and retrying...
2026-04-10 08:45:28 | ERROR | GET https://api.elections.kalshi.com/trade-api/v2/portfolio/balance failed after 3 attempts: 401 Client Error: Unauthorized for url: https://api.elections.kalshi.com/trade-api/v2/portfolio/balance
2026-04-10 08:45:28 | WARNING | get_balance error: 401 Client Error: Unauthorized for url: https://api.elections.kalshi.com/trade-api/v2/portfolio/balance
2026-04-10 08:45:28 | INFO | JSON summary saved to /home/ubuntu/.openclaw/workspace/workers/superbot/report.json
2026-04-10 08:45:28 | WARNING | GET https://api.elections.kalshi.com/trade-api/v2/portfolio/orders got 401 - refreshing auth and retrying...
2026-04-10 08:45:28 | WARNING | GET https://api.elections.kalshi.com/trade-api/v2/portfolio/orders got 401 - refreshing auth and retrying...
2026-04-10 08:45:28 | ERROR | GET https://api.elections.kalshi.com/trade-api/v2/portfolio/orders failed after 3 attempts: 401 Client Error: Unauthorized for url: https://api.elections.kalshi.com/trade-api/v2/portfolio/orders?status=open
2026-04-10 08:45:28 | WARNING | GET https://api.elections.kalshi.com/trade-api/v2/portfolio/balance got 401 - refreshing auth and retrying...
2026-04-10 08:45:28 | WARNING | GET https://api.elections.kalshi.com/trade-api/v2/portfolio/balance got 401 - refreshing auth and retrying...
2026-04-10 08:45:28 | ERROR | GET https://api.elections.kalshi.com/trade-api/v2/portfolio/balance failed after 3 attempts: 401 Client Error: Unauthorized for url: https://api.elections.kalshi.com/trade-api/v2/portfolio/balance
2026-04-10 08:45:28 | WARNING | get_balance error: 401 Client Error: Unauthorized for url: https://api.elections.kalshi.com/trade-api/v2/portfolio/balance
2026-04-10 08:45:28 | WARNING | [CashSync] API balance failed (auth error?) - using conservative estimate $5.00 (was $5.00)
2026-04-10 08:45:28 | INFO | CANDLE_DURATION COMPLETED: KXETH15M-26APR100445-45 | Was above open 100.0% (>90% threshold) -> PENDING BUY YES, CONF=98
2026-04-10 08:45:58 | INFO | Status: cash=$5.00, positions=0, loop=121, active_series=['KXDOGE15M', 'KXBTC15M', 'KXXRP15M', 'KXETH15M', 'KXSOL15M', 'KXHYPE15M', 'KXBNB15M']
2026-04-10 08:45:58 | INFO | Day Realized P&L: $-29.67 (-85.6%) / -$99999.00 daily stop-loss limit
2026-04-10 08:45:58 | INFO | Coins: BTC: idle | ETH: idle | BNB: idle | SOL: idle | DOGE: idle | XRP: idle | HYPE: idle | ADA: idle
2026-04-10 08:45:58 | WARNING | GET https://api.elections.kalshi.com/trade-api/v2/portfolio/balance got 401 - refreshing auth and retrying...
2026-04-10 08:45:58 | WARNING | GET https://api.elections.kalshi.com/trade-api/v2/portfolio/balance got 401 - refreshing auth and retrying...
2026-04-10 08:45:58 | ERROR | GET https://api.elections.kalshi.com/trade-api/v2/portfolio/balance failed after 3 attempts: 401 Client Error: Unauthorized for url: https://api.elections.kalshi.com/trade-api/v2/portfolio/balance
2026-04-10 08:45:58 | WARNING | get_balance error: 401 Client Error: Unauthorized for url: https://api.elections.kalshi.com/trade-api/v2/portfolio/balance
2026-04-10 08:45:58 | INFO | JSON summary saved to /home/ubuntu/.openclaw/workspace/workers/superbot/report.json
2026-04-10 08:45:58 | WARNING | GET https://api.elections.kalshi.com/trade-api/v2/portfolio/orders got 401 - refreshing auth and retrying...
2026-04-10 08:45:58 | WARNING | GET https://api.elections.kalshi.com/trade-api/v2/portfolio/orders got 401 - refreshing auth and retrying...
2026-04-10 08:45:58 | ERROR | GET https://api.elections.kalshi.com/trade-api/v2/portfolio/orders failed after 3 attempts: 401 Client Error: Unauthorized for url: https://api.elections.kalshi.com/trade-api/v2/portfolio/orders?status=open
2026-04-10 08:45:58 | WARNING | GET https://api.elections.kalshi.com/trade-api/v2/portfolio/balance got 401 - refreshing auth and retrying...
2026-04-10 08:45:58 | WARNING | GET https://api.elections.kalshi.com/trade-api/v2/portfolio/balance got 401 - refreshing auth and retrying...
2026-04-10 08:45:58 | ERROR | GET https://api.elections.kalshi.com/trade-api/v2/portfolio/balance failed after 3 attempts: 401 Client Error: Unauthorized for url: https://api.elections.kalshi.com/trade-api/v2/portfolio/balance
2026-04-10 08:45:58 | WARNING | get_balance error: 401 Client Error: Unauthorized for url: https://api.elections.kalshi.com/trade-api/v2/portfolio/balance
2026-04-10 08:45:58 | WARNING | [CashSync] API balance failed (auth error?) - using conservative estimate $5.00 (was $5.00)
2026-04-10 08:45:58 | INFO | CANDLE_DURATION COMPLETED: KXBTC15M-26APR100445-45 | Was above open 93.3% (>90% threshold) -> PENDING BUY YES, CONF=95
2026-04-10 08:45:58 | INFO | CANDLE_DURATION COMPLETED: KXBNB15M-26APR100445-45 | Was above open 100.0% (>90% threshold) -> PENDING BUY YES, CONF=98
2026-04-10 08:45:58 | INFO | CANDLE_DURATION COMPLETED: KXSOL15M-26APR100445-45 | Was above open 100.0% (>90% threshold) -> PENDING BUY YES, CONF=98
2026-04-10 08:45:58 | INFO | CANDLE_DURATION COMPLETED: KXXRP15M-26APR100445-45 | Was above open 100.0% (>90% threshold) -> PENDING BUY YES, CONF=98
2026-04-10 08:46:28 | INFO | Status: cash=$5.00, positions=0, loop=122, active_series=['KXDOGE15M', 'KXBTC15M', 'KXXRP15M', 'KXETH15M', 'KXSOL15M', 'KXHYPE15M', 'KXBNB15M']
2026-04-10 08:46:28 | INFO | Day Realized P&L: $-29.67 (-85.6%) / -$99999.00 daily stop-loss limit
2026-04-10 08:46:28 | INFO | Coins: BTC: idle | ETH: idle | BNB: idle | SOL: idle | DOGE: idle | XRP: idle | HYPE: idle | ADA: idle
2026-04-10 08:46:29 | WARNING | GET https://api.elections.kalshi.com/trade-api/v2/portfolio/balance got 401 - refreshing auth and retrying...
2026-04-10 08:46:29 | WARNING | GET https://api.elections.kalshi.com/trade-api/v2/portfolio/balance got 401 - refreshing auth and retrying...
2026-04-10 08:46:29 | ERROR | GET https://api.elections.kalshi.com/trade-api/v2/portfolio/balance failed after 3 attempts: 401 Client Error: Unauthorized for url: https://api.elections.kalshi.com/trade-api/v2/portfolio/balance
2026-04-10 08:46:29 | WARNING | get_balance error: 401 Client Error: Unauthorized for url: https://api.elections.kalshi.com/trade-api/v2/portfolio/balance
2026-04-10 08:46:29 | INFO | JSON summary saved to /home/ubuntu/.openclaw/workspace/workers/superbot/report.json
2026-04-10 08:46:29 | WARNING | GET https://api.elections.kalshi.com/trade-api/v2/portfolio/orders got 401 - refreshing auth and retrying...
2026-04-10 08:46:29 | WARNING | GET https://api.elections.kalshi.com/trade-api/v2/portfolio/orders got 401 - refreshing auth and retrying...
2026-04-10 08:46:29 | ERROR | GET https://api.elections.kalshi.com/trade-api/v2/portfolio/orders failed after 3 attempts: 401 Client Error: Unauthorized for url: https://api.elections.kalshi.com/trade-api/v2/portfolio/orders?status=open
2026-04-10 08:46:29 | WARNING | GET https://api.elections.kalshi.com/trade-api/v2/portfolio/balance got 401 - refreshing auth and retrying...
2026-04-10 08:46:29 | WARNING | GET https://api.elections.kalshi.com/trade-api/v2/portfolio/balance got 401 - refreshing auth and retrying...
2026-04-10 08:46:29 | ERROR | GET https://api.elections.kalshi.com/trade-api/v2/portfolio/balance failed after 3 attempts: 401 Client Error: Unauthorized for url: https://api.elections.kalshi.com/trade-api/v2/portfolio/balance
2026-04-10 08:46:29 | WARNING | get_balance error: 401 Client Error: Unauthorized for url: https://api.elections.kalshi.com/trade-api/v2/portfolio/balance
2026-04-10 08:46:29 | WARNING | [CashSync] API balance failed (auth error?) - using conservative estimate $5.00 (was $5.00)
2026-04-10 08:46:59 | INFO | Status: cash=$5.00, positions=0, loop=123, active_series=['KXDOGE15M', 'KXBTC15M', 'KXXRP15M', 'KXETH15M', 'KXSOL15M', 'KXHYPE15M', 'KXBNB15M']
2026-04-10 08:46:59 | INFO | Day Realized P&L: $-29.67 (-85.6%) / -$99999.00 daily stop-loss limit
2026-04-10 08:46:59 | INFO | Coins: BTC: idle | ETH: idle | BNB: idle | SOL: idle | DOGE: idle | XRP: idle | HYPE: idle | ADA: idle
2026-04-10 08:46:59 | WARNING | GET https://api.elections.kalshi.com/trade-api/v2/portfolio/balance got 401 - refreshing auth and retrying...
2026-04-10 08:46:59 | WARNING | GET https://api.elections.kalshi.com/trade-api/v2/portfolio/balance got 401 - refreshing auth and retrying...
2026-04-10 08:46:59 | ERROR | GET https://api.elections.kalshi.com/trade-api/v2/portfolio/balance failed after 3 attempts: 401 Client Error: Unauthorized for url: https://api.elections.kalshi.com/trade-api/v2/portfolio/balance
2026-04-10 08:46:59 | WARNING | get_balance error: 401 Client Error: Unauthorized for url: https://api.elections.kalshi.com/trade-api/v2/portfolio/balance
2026-04-10 08:46:59 | INFO | JSON summary saved to /home/ubuntu/.openclaw/workspace/workers/superbot/report.json
2026-04-10 08:46:59 | WARNING | GET https://api.elections.kalshi.com/trade-api/v2/portfolio/orders got 401 - refreshing auth and retrying...
2026-04-10 08:46:59 | WARNING | GET https://api.elections.kalshi.com/trade-api/v2/portfolio/orders got 401 - refreshing auth and retrying...
2026-04-10 08:46:59 | ERROR | GET https://api.elections.kalshi.com/trade-api/v2/portfolio/orders failed after 3 attempts: 401 Client Error: Unauthorized for url: https://api.elections.kalshi.com/trade-api/v2/portfolio/orders?status=open
2026-04-10 08:46:59 | WARNING | GET https://api.elections.kalshi.com/trade-api/v2/portfolio/balance got 401 - refreshing auth and retrying...
2026-04-10 08:46:59 | WARNING | GET https://api.elections.kalshi.com/trade-api/v2/portfolio/balance got 401 - refreshing auth and retrying...
2026-04-10 08:46:59 | ERROR | GET https://api.elections.kalshi.com/trade-api/v2/portfolio/balance failed after 3 attempts: 401 Client Error: Unauthorized for url: https://api.elections.kalshi.com/trade-api/v2/portfolio/balance
2026-04-10 08:46:59 | WARNING | get_balance error: 401 Client Error: Unauthorized for url: https://api.elections.kalshi.com/trade-api/v2/portfolio/balance
2026-04-10 08:46:59 | WARNING | [CashSync] API balance failed (auth error?) - using conservative estimate $5.00 (was $5.00)
2026-04-10 08:47:29 | INFO | Status: cash=$5.00, positions=0, loop=124, active_series=['KXDOGE15M', 'KXBTC15M', 'KXXRP15M', 'KXETH15M', 'KXSOL15M', 'KXHYPE15M', 'KXBNB15M']
2026-04-10 08:47:29 | INFO | Day Realized P&L: $-29.67 (-85.6%) / -$99999.00 daily stop-loss limit
2026-04-10 08:47:29 | INFO | Coins: BTC: idle | ETH: idle | BNB: idle | SOL: idle | DOGE: idle | XRP: idle | HYPE: idle | ADA: idle
2026-04-10 08:47:29 | WARNING | GET https://api.elections.kalshi.com/trade-api/v2/portfolio/balance got 401 - refreshing auth and retrying...
2026-04-10 08:47:29 | WARNING | GET https://api.elections.kalshi.com/trade-api/v2/portfolio/balance got 401 - refreshing auth and retrying...
2026-04-10 08:47:29 | ERROR | GET https://api.elections.kalshi.com/trade-api/v2/portfolio/balance failed after 3 attempts: 401 Client Error: Unauthorized for url: https://api.elections.kalshi.com/trade-api/v2/portfolio/balance
2026-04-10 08:47:29 | WARNING | get_balance error: 401 Client Error: Unauthorized for url: https://api.elections.kalshi.com/trade-api/v2/portfolio/balance
2026-04-10 08:47:29 | INFO | JSON summary saved to /home/ubuntu/.openclaw/workspace/workers/superbot/report.json
2026-04-10 08:47:29 | WARNING | GET https://api.elections.kalshi.com/trade-api/v2/portfolio/orders got 401 - refreshing auth and retrying...
2026-04-10 08:47:29 | WARNING | GET https://api.elections.kalshi.com/trade-api/v2/portfolio/orders got 401 - refreshing auth and retrying...
2026-04-10 08:47:29 | ERROR | GET https://api.elections.kalshi.com/trade-api/v2/portfolio/orders failed after 3 attempts: 401 Client Error: Unauthorized for url: https://api.elections.kalshi.com/trade-api/v2/portfolio/orders?status=open
2026-04-10 08:47:29 | WARNING | GET https://api.elections.kalshi.com/trade-api/v2/portfolio/balance got 401 - refreshing auth and retrying...
2026-04-10 08:47:29 | WARNING | GET https://api.elections.kalshi.com/trade-api/v2/portfolio/balance got 401 - refreshing auth and retrying...
2026-04-10 08:47:30 | ERROR | GET https://api.elections.kalshi.com/trade-api/v2/portfolio/balance failed after 3 attempts: 401 Client Error: Unauthorized for url: https://api.elections.kalshi.com/trade-api/v2/portfolio/balance
2026-04-10 08:47:30 | WARNING | get_balance error: 401 Client Error: Unauthorized for url: https://api.elections.kalshi.com/trade-api/v2/portfolio/balance
2026-04-10 08:47:30 | WARNING | [CashSync] API balance failed (auth error?) - using conservative estimate $5.00 (was $5.00)
2026-04-10 08:48:00 | INFO | Status: cash=$5.00, positions=0, loop=125, active_series=['KXDOGE15M', 'KXBTC15M', 'KXXRP15M', 'KXETH15M', 'KXSOL15M', 'KXHYPE15M', 'KXBNB15M']
2026-04-10 08:48:00 | INFO | Day Realized P&L: $-29.67 (-85.6%) / -$99999.00 daily stop-loss limit
2026-04-10 08:48:00 | INFO | Coins: BTC: idle | ETH: idle | BNB: idle | SOL: idle | DOGE: idle | XRP: idle | HYPE: idle | ADA: idle
2026-04-10 08:48:00 | WARNING | GET https://api.elections.kalshi.com/trade-api/v2/portfolio/balance got 401 - refreshing auth and retrying...
2026-04-10 08:48:00 | WARNING | GET https://api.elections.kalshi.com/trade-api/v2/portfolio/balance got 401 - refreshing auth and retrying...
2026-04-10 08:48:00 | ERROR | GET https://api.elections.kalshi.com/trade-api/v2/portfolio/balance failed after 3 attempts: 401 Client Error: Unauthorized for url: https://api.elections.kalshi.com/trade-api/v2/portfolio/balance
2026-04-10 08:48:00 | WARNING | get_balance error: 401 Client Error: Unauthorized for url: https://api.elections.kalshi.com/trade-api/v2/portfolio/balance
2026-04-10 08:48:00 | INFO | JSON summary saved to /home/ubuntu/.openclaw/workspace/workers/superbot/report.json
2026-04-10 08:48:00 | WARNING | GET https://api.elections.kalshi.com/trade-api/v2/portfolio/orders got 401 - refreshing auth and retrying...
2026-04-10 08:48:00 | WARNING | GET https://api.elections.kalshi.com/trade-api/v2/portfolio/orders got 401 - refreshing auth and retrying...
2026-04-10 08:48:00 | ERROR | GET https://api.elections.kalshi.com/trade-api/v2/portfolio/orders failed after 3 attempts: 401 Client Error: Unauthorized for url: https://api.elections.kalshi.com/trade-api/v2/portfolio/orders?status=open
2026-04-10 08:48:00 | WARNING | GET https://api.elections.kalshi.com/trade-api/v2/portfolio/balance got 401 - refreshing auth and retrying...
2026-04-10 08:48:00 | WARNING | GET https://api.elections.kalshi.com/trade-api/v2/portfolio/balance got 401 - refreshing auth and retrying...
2026-04-10 08:48:00 | ERROR | GET https://api.elections.kalshi.com/trade-api/v2/portfolio/balance failed after 3 attempts: 401 Client Error: Unauthorized for url: https://api.elections.kalshi.com/trade-api/v2/portfolio/balance
2026-04-10 08:48:00 | WARNING | get_balance error: 401 Client Error: Unauthorized for url: https://api.elections.kalshi.com/trade-api/v2/portfolio/balance
2026-04-10 08:48:00 | WARNING | [CashSync] API balance failed (auth error?) - using conservative estimate $5.00 (was $5.00)
2026-04-10 08:48:30 | INFO | Status: cash=$5.00, positions=0, loop=126, active_series=['KXDOGE15M', 'KXBTC15M', 'KXXRP15M', 'KXETH15M', 'KXSOL15M', 'KXHYPE15M', 'KXBNB15M']
2026-04-10 08:48:30 | INFO | Day Realized P&L: $-29.67 (-85.6%) / -$99999.00 daily stop-loss limit
2026-04-10 08:48:30 | INFO | Coins: BTC: idle | ETH: idle | BNB: idle | SOL: idle | DOGE: idle | XRP: idle | HYPE: idle | ADA: idle
2026-04-10 08:48:30 | WARNING | GET https://api.elections.kalshi.com/trade-api/v2/portfolio/balance got 401 - refreshing auth and retrying...
2026-04-10 08:48:30 | WARNING | GET https://api.elections.kalshi.com/trade-api/v2/portfolio/balance got 401 - refreshing auth and retrying...
2026-04-10 08:48:30 | ERROR | GET https://api.elections.kalshi.com/trade-api/v2/portfolio/balance failed after 3 attempts: 401 Client Error: Unauthorized for url: https://api.elections.kalshi.com/trade-api/v2/portfolio/balance
2026-04-10 08:48:30 | WARNING | get_balance error: 401 Client Error: Unauthorized for url: https://api.elections.kalshi.com/trade-api/v2/portfolio/balance
2026-04-10 08:48:30 | INFO | JSON summary saved to /home/ubuntu/.openclaw/workspace/workers/superbot/report.json
2026-04-10 08:48:30 | WARNING | GET https://api.elections.kalshi.com/trade-api/v2/portfolio/orders got 401 - refreshing auth and retrying...
2026-04-10 08:48:30 | WARNING | GET https://api.elections.kalshi.com/trade-api/v2/portfolio/orders got 401 - refreshing auth and retrying...
2026-04-10 08:48:30 | ERROR | GET https://api.elections.kalshi.com/trade-api/v2/portfolio/orders failed after 3 attempts: 401 Client Error: Unauthorized for url: https://api.elections.kalshi.com/trade-api/v2/portfolio/orders?status=open
2026-04-10 08:48:30 | WARNING | GET https://api.elections.kalshi.com/trade-api/v2/portfolio/balance got 401 - refreshing auth and retrying...
2026-04-10 08:48:30 | WARNING | GET https://api.elections.kalshi.com/trade-api/v2/portfolio/balance got 401 - refreshing auth and retrying...
2026-04-10 08:48:30 | ERROR | GET https://api.elections.kalshi.com/trade-api/v2/portfolio/balance failed after 3 attempts: 401 Client Error: Unauthorized for url: https://api.elections.kalshi.com/trade-api/v2/portfolio/balance
2026-04-10 08:48:30 | WARNING | get_balance error: 401 Client Error: Unauthorized for url: https://api.elections.kalshi.com/trade-api/v2/portfolio/balance
2026-04-10 08:48:30 | WARNING | [CashSync] API balance failed (auth error?) - using conservative estimate $5.00 (was $5.00)
2026-04-10 08:49:01 | INFO | Status: cash=$5.00, positions=0, loop=127, active_series=['KXDOGE15M', 'KXBTC15M', 'KXXRP15M', 'KXETH15M', 'KXSOL15M', 'KXHYPE15M', 'KXBNB15M']
2026-04-10 08:49:01 | INFO | Day Realized P&L: $-29.67 (-85.6%) / -$99999.00 daily stop-loss limit
2026-04-10 08:49:01 | INFO | Coins: BTC: idle | ETH: idle | BNB: idle | SOL: idle | DOGE: idle | XRP: idle | HYPE: idle | ADA: idle
2026-04-10 08:49:01 | WARNING | GET https://api.elections.kalshi.com/trade-api/v2/portfolio/balance got 401 - refreshing auth and retrying...
2026-04-10 08:49:01 | WARNING | GET https://api.elections.kalshi.com/trade-api/v2/portfolio/balance got 401 - refreshing auth and retrying...
2026-04-10 08:49:01 | ERROR | GET https://api.elections.kalshi.com/trade-api/v2/portfolio/balance failed after 3 attempts: 401 Client Error: Unauthorized for url: https://api.elections.kalshi.com/trade-api/v2/portfolio/balance
2026-04-10 08:49:01 | WARNING | get_balance error: 401 Client Error: Unauthorized for url: https://api.elections.kalshi.com/trade-api/v2/portfolio/balance
2026-04-10 08:49:01 | INFO | JSON summary saved to /home/ubuntu/.openclaw/workspace/workers/superbot/report.json
2026-04-10 08:49:01 | WARNING | GET https://api.elections.kalshi.com/trade-api/v2/portfolio/orders got 401 - refreshing auth and retrying...
2026-04-10 08:49:01 | WARNING | GET https://api.elections.kalshi.com/trade-api/v2/portfolio/orders got 401 - refreshing auth and retrying...
2026-04-10 08:49:01 | ERROR | GET https://api.elections.kalshi.com/trade-api/v2/portfolio/orders failed after 3 attempts: 401 Client Error: Unauthorized for url: https://api.elections.kalshi.com/trade-api/v2/portfolio/orders?status=open
2026-04-10 08:49:01 | WARNING | GET https://api.elections.kalshi.com/trade-api/v2/portfolio/balance got 401 - refreshing auth and retrying...
2026-04-10 08:49:01 | WARNING | GET https://api.elections.kalshi.com/trade-api/v2/portfolio/balance got 401 - refreshing auth and retrying...
2026-04-10 08:49:01 | ERROR | GET https://api.elections.kalshi.com/trade-api/v2/portfolio/balance failed after 3 attempts: 401 Client Error: Unauthorized for url: https://api.elections.kalshi.com/trade-api/v2/portfolio/balance
2026-04-10 08:49:01 | WARNING | get_balance error: 401 Client Error: Unauthorized for url: https://api.elections.kalshi.com/trade-api/v2/portfolio/balance
2026-04-10 08:49:01 | WARNING | [CashSync] API balance failed (auth error?) - using conservative estimate $5.00 (was $5.00)
2026-04-10 08:49:31 | INFO | Status: cash=$5.00, positions=0, loop=128, active_series=['KXDOGE15M', 'KXBTC15M', 'KXXRP15M', 'KXETH15M', 'KXSOL15M', 'KXHYPE15M', 'KXBNB15M']
2026-04-10 08:49:31 | INFO | Day Realized P&L: $-29.67 (-85.6%) / -$99999.00 daily stop-loss limit
2026-04-10 08:49:31 | INFO | Coins: BTC: idle | ETH: idle | BNB: idle | SOL: idle | DOGE: idle | XRP: idle | HYPE: idle | ADA: idle
2026-04-10 08:49:31 | WARNING | GET https://api.elections.kalshi.com/trade-api/v2/portfolio/balance got 401 - refreshing auth and retrying...
2026-04-10 08:49:31 | WARNING | GET https://api.elections.kalshi.com/trade-api/v2/portfolio/balance got 401 - refreshing auth and retrying...
2026-04-10 08:49:31 | ERROR | GET https://api.elections.kalshi.com/trade-api/v2/portfolio/balance failed after 3 attempts: 401 Client Error: Unauthorized for url: https://api.elections.kalshi.com/trade-api/v2/portfolio/balance
2026-04-10 08:49:31 | WARNING | get_balance error: 401 Client Error: Unauthorized for url: https://api.elections.kalshi.com/trade-api/v2/portfolio/balance
2026-04-10 08:49:31 | INFO | JSON summary saved to /home/ubuntu/.openclaw/workspace/workers/superbot/report.json
2026-04-10 08:49:31 | WARNING | GET https://api.elections.kalshi.com/trade-api/v2/portfolio/orders got 401 - refreshing auth and retrying...
2026-04-10 08:49:31 | WARNING | GET https://api.elections.kalshi.com/trade-api/v2/portfolio/orders got 401 - refreshing auth and retrying...
2026-04-10 08:49:31 | ERROR | GET https://api.elections.kalshi.com/trade-api/v2/portfolio/orders failed after 3 attempts: 401 Client Error: Unauthorized for url: https://api.elections.kalshi.com/trade-api/v2/portfolio/orders?status=open
2026-04-10 08:49:31 | WARNING | GET https://api.elections.kalshi.com/trade-api/v2/portfolio/balance got 401 - refreshing auth and retrying...
2026-04-10 08:49:31 | WARNING | GET https://api.elections.kalshi.com/trade-api/v2/portfolio/balance got 401 - refreshing auth and retrying...
2026-04-10 08:49:31 | ERROR | GET https://api.elections.kalshi.com/trade-api/v2/portfolio/balance failed after 3 attempts: 401 Client Error: Unauthorized for url: https://api.elections.kalshi.com/trade-api/v2/portfolio/balance
2026-04-10 08:49:31 | WARNING | get_balance error: 401 Client Error: Unauthorized for url: https://api.elections.kalshi.com/trade-api/v2/portfolio/balance
2026-04-10 08:49:31 | WARNING | [CashSync] API balance failed (auth error?) - using conservative estimate $5.00 (was $5.00)
2026-04-10 08:50:01 | INFO | Status: cash=$5.00, positions=0, loop=129, active_series=['KXDOGE15M', 'KXBTC15M', 'KXXRP15M', 'KXETH15M', 'KXSOL15M', 'KXHYPE15M', 'KXBNB15M']
2026-04-10 08:50:01 | INFO | Day Realized P&L: $-29.67 (-85.6%) / -$99999.00 daily stop-loss limit
2026-04-10 08:50:01 | INFO | Coins: BTC: idle | ETH: idle | BNB: idle | SOL: idle | DOGE: idle | XRP: idle | HYPE: idle | ADA: idle
2026-04-10 08:50:01 | WARNING | GET https://api.elections.kalshi.com/trade-api/v2/portfolio/balance got 401 - refreshing auth and retrying...
2026-04-10 08:50:01 | WARNING | GET https://api.elections.kalshi.com/trade-api/v2/portfolio/balance got 401 - refreshing auth and retrying...
2026-04-10 08:50:02 | ERROR | GET https://api.elections.kalshi.com/trade-api/v2/portfolio/balance failed after 3 attempts: 401 Client Error: Unauthorized for url: https://api.elections.kalshi.com/trade-api/v2/portfolio/balance
2026-04-10 08:50:02 | WARNING | get_balance error: 401 Client Error: Unauthorized for url: https://api.elections.kalshi.com/trade-api/v2/portfolio/balance
2026-04-10 08:50:02 | INFO | JSON summary saved to /home/ubuntu/.openclaw/workspace/workers/superbot/report.json
2026-04-10 08:50:02 | WARNING | GET https://api.elections.kalshi.com/trade-api/v2/portfolio/orders got 401 - refreshing auth and retrying...
2026-04-10 08:50:02 | WARNING | GET https://api.elections.kalshi.com/trade-api/v2/portfolio/orders got 401 - refreshing auth and retrying...
2026-04-10 08:50:02 | ERROR | GET https://api.elections.kalshi.com/trade-api/v2/portfolio/orders failed after 3 attempts: 401 Client Error: Unauthorized for url: https://api.elections.kalshi.com/trade-api/v2/portfolio/orders?status=open
2026-04-10 08:50:02 | WARNING | GET https://api.elections.kalshi.com/trade-api/v2/portfolio/balance got 401 - refreshing auth and retrying...
2026-04-10 08:50:02 | WARNING | GET https://api.elections.kalshi.com/trade-api/v2/portfolio/balance got 401 - refreshing auth and retrying...
2026-04-10 08:50:02 | ERROR | GET https://api.elections.kalshi.com/trade-api/v2/portfolio/balance failed after 3 attempts: 401 Client Error: Unauthorized for url: https://api.elections.kalshi.com/trade-api/v2/portfolio/balance
2026-04-10 08:50:02 | WARNING | get_balance error: 401 Client Error: Unauthorized for url: https://api.elections.kalshi.com/trade-api/v2/portfolio/balance
2026-04-10 08:50:02 | WARNING | [CashSync] API balance failed (auth error?) - using conservative estimate $5.00 (was $5.00)
2026-04-10 08:50:32 | INFO | Status: cash=$5.00, positions=0, loop=130, active_series=['KXDOGE15M', 'KXBTC15M', 'KXXRP15M', 'KXETH15M', 'KXSOL15M', 'KXHYPE15M', 'KXBNB15M']
2026-04-10 08:50:32 | INFO | Day Realized P&L: $-29.67 (-85.6%) / -$99999.00 daily stop-loss limit
2026-04-10 08:50:32 | INFO | Coins: BTC: idle | ETH: idle | BNB: idle | SOL: idle | DOGE: idle | XRP: idle | HYPE: idle | ADA: idle
2026-04-10 08:50:32 | WARNING | GET https://api.elections.kalshi.com/trade-api/v2/portfolio/balance got 401 - refreshing auth and retrying...
2026-04-10 08:50:32 | WARNING | GET https://api.elections.kalshi.com/trade-api/v2/portfolio/balance got 401 - refreshing auth and retrying...
2026-04-10 08:50:32 | ERROR | GET https://api.elections.kalshi.com/trade-api/v2/portfolio/balance failed after 3 attempts: 401 Client Error: Unauthorized for url: https://api.elections.kalshi.com/trade-api/v2/portfolio/balance
2026-04-10 08:50:32 | WARNING | get_balance error: 401 Client Error: Unauthorized for url: https://api.elections.kalshi.com/trade-api/v2/portfolio/balance
2026-04-10 08:50:32 | INFO | JSON summary saved to /home/ubuntu/.openclaw/workspace/workers/superbot/report.json
2026-04-10 08:50:32 | WARNING | GET https://api.elections.kalshi.com/trade-api/v2/portfolio/orders got 401 - refreshing auth and retrying...
2026-04-10 08:50:32 | WARNING | GET https://api.elections.kalshi.com/trade-api/v2/portfolio/orders got 401 - refreshing auth and retrying...
2026-04-10 08:50:32 | ERROR | GET https://api.elections.kalshi.com/trade-api/v2/portfolio/orders failed after 3 attempts: 401 Client Error: Unauthorized for url: https://api.elections.kalshi.com/trade-api/v2/portfolio/orders?status=open
2026-04-10 08:50:32 | WARNING | GET https://api.elections.kalshi.com/trade-api/v2/portfolio/balance got 401 - refreshing auth and retrying...
2026-04-10 08:50:32 | WARNING | GET https://api.elections.kalshi.com/trade-api/v2/portfolio/balance got 401 - refreshing auth and retrying...
2026-04-10 08:50:32 | ERROR | GET https://api.elections.kalshi.com/trade-api/v2/portfolio/balance failed after 3 attempts: 401 Client Error: Unauthorized for url: https://api.elections.kalshi.com/trade-api/v2/portfolio/balance
2026-04-10 08:50:32 | WARNING | get_balance error: 401 Client Error: Unauthorized for url: https://api.elections.kalshi.com/trade-api/v2/portfolio/balance
2026-04-10 08:50:32 | WARNING | [CashSync] API balance failed (auth error?) - using conservative estimate $5.00 (was $5.00)
2026-04-10 08:51:02 | INFO | Status: cash=$5.00, positions=0, loop=131, active_series=['KXDOGE15M', 'KXBTC15M', 'KXXRP15M', 'KXETH15M', 'KXSOL15M', 'KXHYPE15M', 'KXBNB15M']
2026-04-10 08:51:02 | INFO | Day Realized P&L: $-29.67 (-85.6%) / -$99999.00 daily stop-loss limit
2026-04-10 08:51:02 | INFO | Coins: BTC: idle | ETH: idle | BNB: idle | SOL: idle | DOGE: idle | XRP: idle | HYPE: idle | ADA: idle
2026-04-10 08:51:02 | WARNING | GET https://api.elections.kalshi.com/trade-api/v2/portfolio/balance got 401 - refreshing auth and retrying...
2026-04-10 08:51:02 | WARNING | GET https://api.elections.kalshi.com/trade-api/v2/portfolio/balance got 401 - refreshing auth and retrying...
2026-04-10 08:51:02 | ERROR | GET https://api.elections.kalshi.com/trade-api/v2/portfolio/balance failed after 3 attempts: 401 Client Error: Unauthorized for url: https://api.elections.kalshi.com/trade-api/v2/portfolio/balance
2026-04-10 08:51:02 | WARNING | get_balance error: 401 Client Error: Unauthorized for url: https://api.elections.kalshi.com/trade-api/v2/portfolio/balance
2026-04-10 08:51:02 | INFO | JSON summary saved to /home/ubuntu/.openclaw/workspace/workers/superbot/report.json
2026-04-10 08:51:02 | WARNING | GET https://api.elections.kalshi.com/trade-api/v2/portfolio/orders got 401 - refreshing auth and retrying...
2026-04-10 08:51:02 | WARNING | GET https://api.elections.kalshi.com/trade-api/v2/portfolio/orders got 401 - refreshing auth and retrying...
2026-04-10 08:51:02 | ERROR | GET https://api.elections.kalshi.com/trade-api/v2/portfolio/orders failed after 3 attempts: 401 Client Error: Unauthorized for url: https://api.elections.kalshi.com/trade-api/v2/portfolio/orders?status=open
2026-04-10 08:51:02 | WARNING | GET https://api.elections.kalshi.com/trade-api/v2/portfolio/balance got 401 - refreshing auth and retrying...
2026-04-10 08:51:02 | WARNING | GET https://api.elections.kalshi.com/trade-api/v2/portfolio/balance got 401 - refreshing auth and retrying...
2026-04-10 08:51:02 | ERROR | GET https://api.elections.kalshi.com/trade-api/v2/portfolio/balance failed after 3 attempts: 401 Client Error: Unauthorized for url: https://api.elections.kalshi.com/trade-api/v2/portfolio/balance
2026-04-10 08:51:02 | WARNING | get_balance error: 401 Client Error: Unauthorized for url: https://api.elections.kalshi.com/trade-api/v2/portfolio/balance
2026-04-10 08:51:02 | WARNING | [CashSync] API balance failed (auth error?) - using conservative estimate $5.00 (was $5.00)
2026-04-10 08:51:33 | INFO | Status: cash=$5.00, positions=0, loop=132, active_series=['KXDOGE15M', 'KXBTC15M', 'KXXRP15M', 'KXETH15M', 'KXSOL15M', 'KXHYPE15M', 'KXBNB15M']
2026-04-10 08:51:33 | INFO | Day Realized P&L: $-29.67 (-85.6%) / -$99999.00 daily stop-loss limit
2026-04-10 08:51:33 | INFO | Coins: BTC: idle | ETH: idle | BNB: idle | SOL: idle | DOGE: idle | XRP: idle | HYPE: idle | ADA: idle
2026-04-10 08:51:33 | WARNING | GET https://api.elections.kalshi.com/trade-api/v2/portfolio/balance got 401 - refreshing auth and retrying...
2026-04-10 08:51:33 | WARNING | GET https://api.elections.kalshi.com/trade-api/v2/portfolio/balance got 401 - refreshing auth and retrying...
2026-04-10 08:51:33 | ERROR | GET https://api.elections.kalshi.com/trade-api/v2/portfolio/balance failed after 3 attempts: 401 Client Error: Unauthorized for url: https://api.elections.kalshi.com/trade-api/v2/portfolio/balance
2026-04-10 08:51:33 | WARNING | get_balance error: 401 Client Error: Unauthorized for url: https://api.elections.kalshi.com/trade-api/v2/portfolio/balance
2026-04-10 08:51:33 | INFO | JSON summary saved to /home/ubuntu/.openclaw/workspace/workers/superbot/report.json
2026-04-10 08:51:33 | WARNING | GET https://api.elections.kalshi.com/trade-api/v2/portfolio/orders got 401 - refreshing auth and retrying...
2026-04-10 08:51:33 | WARNING | GET https://api.elections.kalshi.com/trade-api/v2/portfolio/orders got 401 - refreshing auth and retrying...
2026-04-10 08:51:33 | ERROR | GET https://api.elections.kalshi.com/trade-api/v2/portfolio/orders failed after 3 attempts: 401 Client Error: Unauthorized for url: https://api.elections.kalshi.com/trade-api/v2/portfolio/orders?status=open
2026-04-10 08:51:33 | WARNING | GET https://api.elections.kalshi.com/trade-api/v2/portfolio/balance got 401 - refreshing auth and retrying...
2026-04-10 08:51:33 | WARNING | GET https://api.elections.kalshi.com/trade-api/v2/portfolio/balance got 401 - refreshing auth and retrying...
2026-04-10 08:51:33 | ERROR | GET https://api.elections.kalshi.com/trade-api/v2/portfolio/balance failed after 3 attempts: 401 Client Error: Unauthorized for url: https://api.elections.kalshi.com/trade-api/v2/portfolio/balance
2026-04-10 08:51:33 | WARNING | get_balance error: 401 Client Error: Unauthorized for url: https://api.elections.kalshi.com/trade-api/v2/portfolio/balance
2026-04-10 08:51:33 | WARNING | [CashSync] API balance failed (auth error?) - using conservative estimate $5.00 (was $5.00)
2026-04-10 08:52:03 | INFO | Status: cash=$5.00, positions=0, loop=133, active_series=['KXDOGE15M', 'KXBTC15M', 'KXXRP15M', 'KXETH15M', 'KXSOL15M', 'KXHYPE15M', 'KXBNB15M']
2026-04-10 08:52:03 | INFO | Day Realized P&L: $-29.67 (-85.6%) / -$99999.00 daily stop-loss limit
2026-04-10 08:52:03 | INFO | Coins: BTC: idle | ETH: idle | BNB: idle | SOL: idle | DOGE: idle | XRP: idle | HYPE: idle | ADA: idle
2026-04-10 08:52:03 | WARNING | GET https://api.elections.kalshi.com/trade-api/v2/portfolio/balance got 401 - refreshing auth and retrying...
2026-04-10 08:52:03 | WARNING | GET https://api.elections.kalshi.com/trade-api/v2/portfolio/balance got 401 - refreshing auth and retrying...
2026-04-10 08:52:03 | ERROR | GET https://api.elections.kalshi.com/trade-api/v2/portfolio/balance failed after 3 attempts: 401 Client Error: Unauthorized for url: https://api.elections.kalshi.com/trade-api/v2/portfolio/balance
2026-04-10 08:52:03 | WARNING | get_balance error: 401 Client Error: Unauthorized for url: https://api.elections.kalshi.com/trade-api/v2/portfolio/balance
2026-04-10 08:52:03 | INFO | JSON summary saved to /home/ubuntu/.openclaw/workspace/workers/superbot/report.json
2026-04-10 08:52:03 | WARNING | GET https://api.elections.kalshi.com/trade-api/v2/portfolio/orders got 401 - refreshing auth and retrying...
2026-04-10 08:52:03 | WARNING | GET https://api.elections.kalshi.com/trade-api/v2/portfolio/orders got 401 - refreshing auth and retrying...
2026-04-10 08:52:03 | ERROR | GET https://api.elections.kalshi.com/trade-api/v2/portfolio/orders failed after 3 attempts: 401 Client Error: Unauthorized for url: https://api.elections.kalshi.com/trade-api/v2/portfolio/orders?status=open
2026-04-10 08:52:03 | WARNING | GET https://api.elections.kalshi.com/trade-api/v2/portfolio/balance got 401 - refreshing auth and retrying...
2026-04-10 08:52:03 | WARNING | GET https://api.elections.kalshi.com/trade-api/v2/portfolio/balance got 401 - refreshing auth and retrying...
2026-04-10 08:52:03 | ERROR | GET https://api.elections.kalshi.com/trade-api/v2/portfolio/balance failed after 3 attempts: 401 Client Error: Unauthorized for url: https://api.elections.kalshi.com/trade-api/v2/portfolio/balance
2026-04-10 08:52:03 | WARNING | get_balance error: 401 Client Error: Unauthorized for url: https://api.elections.kalshi.com/trade-api/v2/portfolio/balance
2026-04-10 08:52:03 | WARNING | [CashSync] API balance failed (auth error?) - using conservative estimate $5.00 (was $5.00)
2026-04-10 08:52:33 | INFO | Status: cash=$5.00, positions=0, loop=134, active_series=['KXDOGE15M', 'KXBTC15M', 'KXXRP15M', 'KXETH15M', 'KXSOL15M', 'KXHYPE15M', 'KXBNB15M']
2026-04-10 08:52:33 | INFO | Day Realized P&L: $-29.67 (-85.6%) / -$99999.00 daily stop-loss limit
2026-04-10 08:52:33 | INFO | Coins: BTC: idle | ETH: idle | BNB: idle | SOL: idle | DOGE: idle | XRP: idle | HYPE: idle | ADA: idle
2026-04-10 08:52:34 | WARNING | GET https://api.elections.kalshi.com/trade-api/v2/portfolio/balance got 401 - refreshing auth and retrying...
2026-04-10 08:52:34 | WARNING | GET https://api.elections.kalshi.com/trade-api/v2/portfolio/balance got 401 - refreshing auth and retrying...
2026-04-10 08:52:34 | ERROR | GET https://api.elections.kalshi.com/trade-api/v2/portfolio/balance failed after 3 attempts: 401 Client Error: Unauthorized for url: https://api.elections.kalshi.com/trade-api/v2/portfolio/balance
2026-04-10 08:52:34 | WARNING | get_balance error: 401 Client Error: Unauthorized for url: https://api.elections.kalshi.com/trade-api/v2/portfolio/balance
2026-04-10 08:52:34 | INFO | JSON summary saved to /home/ubuntu/.openclaw/workspace/workers/superbot/report.json
2026-04-10 08:52:34 | WARNING | GET https://api.elections.kalshi.com/trade-api/v2/portfolio/orders got 401 - refreshing auth and retrying...
2026-04-10 08:52:34 | WARNING | GET https://api.elections.kalshi.com/trade-api/v2/portfolio/orders got 401 - refreshing auth and retrying...
2026-04-10 08:52:34 | ERROR | GET https://api.elections.kalshi.com/trade-api/v2/portfolio/orders failed after 3 attempts: 401 Client Error: Unauthorized for url: https://api.elections.kalshi.com/trade-api/v2/portfolio/orders?status=open
2026-04-10 08:52:34 | WARNING | GET https://api.elections.kalshi.com/trade-api/v2/portfolio/balance got 401 - refreshing auth and retrying...
2026-04-10 08:52:34 | WARNING | GET https://api.elections.kalshi.com/trade-api/v2/portfolio/balance got 401 - refreshing auth and retrying...
2026-04-10 08:52:34 | ERROR | GET https://api.elections.kalshi.com/trade-api/v2/portfolio/balance failed after 3 attempts: 401 Client Error: Unauthorized for url: https://api.elections.kalshi.com/trade-api/v2/portfolio/balance
2026-04-10 08:52:34 | WARNING | get_balance error: 401 Client Error: Unauthorized for url: https://api.elections.kalshi.com/trade-api/v2/portfolio/balance
2026-04-10 08:52:34 | WARNING | [CashSync] API balance failed (auth error?) - using conservative estimate $5.00 (was $5.00)
2026-04-10 08:53:04 | INFO | Status: cash=$5.00, positions=0, loop=135, active_series=['KXDOGE15M', 'KXBTC15M', 'KXXRP15M', 'KXETH15M', 'KXSOL15M', 'KXHYPE15M', 'KXBNB15M']
2026-04-10 08:53:04 | INFO | Day Realized P&L: $-29.67 (-85.6%) / -$99999.00 daily stop-loss limit
2026-04-10 08:53:04 | INFO | Coins: BTC: idle | ETH: idle | BNB: idle | SOL: idle | DOGE: idle | XRP: idle | HYPE: idle | ADA: idle
2026-04-10 08:53:04 | WARNING | GET https://api.elections.kalshi.com/trade-api/v2/portfolio/balance got 401 - refreshing auth and retrying...
2026-04-10 08:53:04 | WARNING | GET https://api.elections.kalshi.com/trade-api/v2/portfolio/balance got 401 - refreshing auth and retrying...
2026-04-10 08:53:04 | ERROR | GET https://api.elections.kalshi.com/trade-api/v2/portfolio/balance failed after 3 attempts: 401 Client Error: Unauthorized for url: https://api.elections.kalshi.com/trade-api/v2/portfolio/balance
2026-04-10 08:53:04 | WARNING | get_balance error: 401 Client Error: Unauthorized for url: https://api.elections.kalshi.com/trade-api/v2/portfolio/balance
2026-04-10 08:53:04 | INFO | JSON summary saved to /home/ubuntu/.openclaw/workspace/workers/superbot/report.json
2026-04-10 08:53:04 | WARNING | GET https://api.elections.kalshi.com/trade-api/v2/portfolio/orders got 401 - refreshing auth and retrying...
2026-04-10 08:53:04 | WARNING | GET https://api.elections.kalshi.com/trade-api/v2/portfolio/orders got 401 - refreshing auth and retrying...
2026-04-10 08:53:04 | ERROR | GET https://api.elections.kalshi.com/trade-api/v2/portfolio/orders failed after 3 attempts: 401 Client Error: Unauthorized for url: https://api.elections.kalshi.com/trade-api/v2/portfolio/orders?status=open
2026-04-10 08:53:04 | WARNING | GET https://api.elections.kalshi.com/trade-api/v2/portfolio/balance got 401 - refreshing auth and retrying...
2026-04-10 08:53:04 | WARNING | GET https://api.elections.kalshi.com/trade-api/v2/portfolio/balance got 401 - refreshing auth and retrying...
2026-04-10 08:53:04 | ERROR | GET https://api.elections.kalshi.com/trade-api/v2/portfolio/balance failed after 3 attempts: 401 Client Error: Unauthorized for url: https://api.elections.kalshi.com/trade-api/v2/portfolio/balance
2026-04-10 08:53:04 | WARNING | get_balance error: 401 Client Error: Unauthorized for url: https://api.elections.kalshi.com/trade-api/v2/portfolio/balance
2026-04-10 08:53:04 | WARNING | [CashSync] API balance failed (auth error?) - using conservative estimate $5.00 (was $5.00)
2026-04-10 08:53:34 | INFO | Status: cash=$5.00, positions=0, loop=136, active_series=['KXDOGE15M', 'KXBTC15M', 'KXXRP15M', 'KXETH15M', 'KXSOL15M', 'KXHYPE15M', 'KXBNB15M']
2026-04-10 08:53:34 | INFO | Day Realized P&L: $-29.67 (-85.6%) / -$99999.00 daily stop-loss limit
2026-04-10 08:53:34 | INFO | Coins: BTC: idle | ETH: idle | BNB: idle | SOL: idle | DOGE: idle | XRP: idle | HYPE: idle | ADA: idle
2026-04-10 08:53:34 | WARNING | GET https://api.elections.kalshi.com/trade-api/v2/portfolio/balance got 401 - refreshing auth and retrying...
2026-04-10 08:53:34 | WARNING | GET https://api.elections.kalshi.com/trade-api/v2/portfolio/balance got 401 - refreshing auth and retrying...
2026-04-10 08:53:34 | ERROR | GET https://api.elections.kalshi.com/trade-api/v2/portfolio/balance failed after 3 attempts: 401 Client Error: Unauthorized for url: https://api.elections.kalshi.com/trade-api/v2/portfolio/balance
2026-04-10 08:53:34 | WARNING | get_balance error: 401 Client Error: Unauthorized for url: https://api.elections.kalshi.com/trade-api/v2/portfolio/balance
2026-04-10 08:53:34 | INFO | JSON summary saved to /home/ubuntu/.openclaw/workspace/workers/superbot/report.json
2026-04-10 08:53:35 | WARNING | GET https://api.elections.kalshi.com/trade-api/v2/portfolio/orders got 401 - refreshing auth and retrying...
2026-04-10 08:53:35 | WARNING | GET https://api.elections.kalshi.com/trade-api/v2/portfolio/orders got 401 - refreshing auth and retrying...
2026-04-10 08:53:35 | ERROR | GET https://api.elections.kalshi.com/trade-api/v2/portfolio/orders failed after 3 attempts: 401 Client Error: Unauthorized for url: https://api.elections.kalshi.com/trade-api/v2/portfolio/orders?status=open
2026-04-10 08:53:35 | WARNING | GET https://api.elections.kalshi.com/trade-api/v2/portfolio/balance got 401 - refreshing auth and retrying...
2026-04-10 08:53:35 | WARNING | GET https://api.elections.kalshi.com/trade-api/v2/portfolio/balance got 401 - refreshing auth and retrying...
2026-04-10 08:53:35 | ERROR | GET https://api.elections.kalshi.com/trade-api/v2/portfolio/balance failed after 3 attempts: 401 Client Error: Unauthorized for url: https://api.elections.kalshi.com/trade-api/v2/portfolio/balance
2026-04-10 08:53:35 | WARNING | get_balance error: 401 Client Error: Unauthorized for url: https://api.elections.kalshi.com/trade-api/v2/portfolio/balance
2026-04-10 08:53:35 | WARNING | [CashSync] API balance failed (auth error?) - using conservative estimate $5.00 (was $5.00)
2026-04-10 08:54:05 | INFO | Status: cash=$5.00, positions=0, loop=137, active_series=['KXDOGE15M', 'KXBTC15M', 'KXXRP15M', 'KXETH15M', 'KXSOL15M', 'KXHYPE15M', 'KXBNB15M']
2026-04-10 08:54:05 | INFO | Day Realized P&L: $-29.67 (-85.6%) / -$99999.00 daily stop-loss limit
2026-04-10 08:54:05 | INFO | Coins: BTC: idle | ETH: idle | BNB: idle | SOL: idle | DOGE: idle | XRP: idle | HYPE: idle | ADA: idle
2026-04-10 08:54:05 | WARNING | GET https://api.elections.kalshi.com/trade-api/v2/portfolio/balance got 401 - refreshing auth and retrying...
2026-04-10 08:54:05 | WARNING | GET https://api.elections.kalshi.com/trade-api/v2/portfolio/balance got 401 - refreshing auth and retrying...
2026-04-10 08:54:05 | ERROR | GET https://api.elections.kalshi.com/trade-api/v2/portfolio/balance failed after 3 attempts: 401 Client Error: Unauthorized for url: https://api.elections.kalshi.com/trade-api/v2/portfolio/balance
2026-04-10 08:54:05 | WARNING | get_balance error: 401 Client Error: Unauthorized for url: https://api.elections.kalshi.com/trade-api/v2/portfolio/balance
2026-04-10 08:54:05 | INFO | JSON summary saved to /home/ubuntu/.openclaw/workspace/workers/superbot/report.json
2026-04-10 08:54:05 | WARNING | GET https://api.elections.kalshi.com/trade-api/v2/portfolio/orders got 401 - refreshing auth and retrying...
2026-04-10 08:54:05 | WARNING | GET https://api.elections.kalshi.com/trade-api/v2/portfolio/orders got 401 - refreshing auth and retrying...
2026-04-10 08:54:05 | ERROR | GET https://api.elections.kalshi.com/trade-api/v2/portfolio/orders failed after 3 attempts: 401 Client Error: Unauthorized for url: https://api.elections.kalshi.com/trade-api/v2/portfolio/orders?status=open
2026-04-10 08:54:05 | WARNING | GET https://api.elections.kalshi.com/trade-api/v2/portfolio/balance got 401 - refreshing auth and retrying...
2026-04-10 08:54:05 | WARNING | GET https://api.elections.kalshi.com/trade-api/v2/portfolio/balance got 401 - refreshing auth and retrying...
2026-04-10 08:54:05 | ERROR | GET https://api.elections.kalshi.com/trade-api/v2/portfolio/balance failed after 3 attempts: 401 Client Error: Unauthorized for url: https://api.elections.kalshi.com/trade-api/v2/portfolio/balance
2026-04-10 08:54:05 | WARNING | get_balance error: 401 Client Error: Unauthorized for url: https://api.elections.kalshi.com/trade-api/v2/portfolio/balance
2026-04-10 08:54:05 | WARNING | [CashSync] API balance failed (auth error?) - using conservative estimate $5.00 (was $5.00)
2026-04-10 08:54:35 | INFO | Status: cash=$5.00, positions=0, loop=138, active_series=['KXDOGE15M', 'KXBTC15M', 'KXXRP15M', 'KXETH15M', 'KXSOL15M', 'KXHYPE15M', 'KXBNB15M']
2026-04-10 08:54:35 | INFO | Day Realized P&L: $-29.67 (-85.6%) / -$99999.00 daily stop-loss limit
2026-04-10 08:54:35 | INFO | Coins: BTC: idle | ETH: idle | BNB: idle | SOL: idle | DOGE: idle | XRP: idle | HYPE: idle | ADA: idle
2026-04-10 08:54:35 | WARNING | GET https://api.elections.kalshi.com/trade-api/v2/portfolio/balance got 401 - refreshing auth and retrying...
2026-04-10 08:54:35 | WARNING | GET https://api.elections.kalshi.com/trade-api/v2/portfolio/balance got 401 - refreshing auth and retrying...
2026-04-10 08:54:35 | ERROR | GET https://api.elections.kalshi.com/trade-api/v2/portfolio/balance failed after 3 attempts: 401 Client Error: Unauthorized for url: https://api.elections.kalshi.com/trade-api/v2/portfolio/balance
2026-04-10 08:54:35 | WARNING | get_balance error: 401 Client Error: Unauthorized for url: https://api.elections.kalshi.com/trade-api/v2/portfolio/balance
2026-04-10 08:54:35 | INFO | JSON summary saved to /home/ubuntu/.openclaw/workspace/workers/superbot/report.json
2026-04-10 08:54:35 | WARNING | GET https://api.elections.kalshi.com/trade-api/v2/portfolio/orders got 401 - refreshing auth and retrying...
2026-04-10 08:54:35 | WARNING | GET https://api.elections.kalshi.com/trade-api/v2/portfolio/orders got 401 - refreshing auth and retrying...
2026-04-10 08:54:35 | ERROR | GET https://api.elections.kalshi.com/trade-api/v2/portfolio/orders failed after 3 attempts: 401 Client Error: Unauthorized for url: https://api.elections.kalshi.com/trade-api/v2/portfolio/orders?status=open
2026-04-10 08:54:35 | WARNING | GET https://api.elections.kalshi.com/trade-api/v2/portfolio/balance got 401 - refreshing auth and retrying...
2026-04-10 08:54:35 | WARNING | GET https://api.elections.kalshi.com/trade-api/v2/portfolio/balance got 401 - refreshing auth and retrying...
2026-04-10 08:54:35 | ERROR | GET https://api.elections.kalshi.com/trade-api/v2/portfolio/balance failed after 3 attempts: 401 Client Error: Unauthorized for url: https://api.elections.kalshi.com/trade-api/v2/portfolio/balance
2026-04-10 08:54:35 | WARNING | get_balance error: 401 Client Error: Unauthorized for url: https://api.elections.kalshi.com/trade-api/v2/portfolio/balance
2026-04-10 08:54:35 | WARNING | [CashSync] API balance failed (auth error?) - using conservative estimate $5.00 (was $5.00)
2026-04-10 08:55:06 | INFO | Status: cash=$5.00, positions=0, loop=139, active_series=['KXDOGE15M', 'KXBTC15M', 'KXXRP15M', 'KXETH15M', 'KXSOL15M', 'KXHYPE15M', 'KXBNB15M']
2026-04-10 08:55:06 | INFO | Day Realized P&L: $-29.67 (-85.6%) / -$99999.00 daily stop-loss limit
2026-04-10 08:55:06 | INFO | Coins: BTC: idle | ETH: idle | BNB: idle | SOL: idle | DOGE: idle | XRP: idle | HYPE: idle | ADA: idle
2026-04-10 08:55:06 | WARNING | GET https://api.elections.kalshi.com/trade-api/v2/portfolio/balance got 401 - refreshing auth and retrying...
2026-04-10 08:55:06 | WARNING | GET https://api.elections.kalshi.com/trade-api/v2/portfolio/balance got 401 - refreshing auth and retrying...
2026-04-10 08:55:06 | ERROR | GET https://api.elections.kalshi.com/trade-api/v2/portfolio/balance failed after 3 attempts: 401 Client Error: Unauthorized for url: https://api.elections.kalshi.com/trade-api/v2/portfolio/balance
2026-04-10 08:55:06 | WARNING | get_balance error: 401 Client Error: Unauthorized for url: https://api.elections.kalshi.com/trade-api/v2/portfolio/balance
2026-04-10 08:55:06 | INFO | JSON summary saved to /home/ubuntu/.openclaw/workspace/workers/superbot/report.json
2026-04-10 08:55:06 | WARNING | GET https://api.elections.kalshi.com/trade-api/v2/portfolio/orders got 401 - refreshing auth and retrying...
2026-04-10 08:55:06 | WARNING | GET https://api.elections.kalshi.com/trade-api/v2/portfolio/orders got 401 - refreshing auth and retrying...
2026-04-10 08:55:06 | ERROR | GET https://api.elections.kalshi.com/trade-api/v2/portfolio/orders failed after 3 attempts: 401 Client Error: Unauthorized for url: https://api.elections.kalshi.com/trade-api/v2/portfolio/orders?status=open
2026-04-10 08:55:06 | WARNING | GET https://api.elections.kalshi.com/trade-api/v2/portfolio/balance got 401 - refreshing auth and retrying...
2026-04-10 08:55:06 | WARNING | GET https://api.elections.kalshi.com/trade-api/v2/portfolio/balance got 401 - refreshing auth and retrying...
2026-04-10 08:55:06 | ERROR | GET https://api.elections.kalshi.com/trade-api/v2/portfolio/balance failed after 3 attempts: 401 Client Error: Unauthorized for url: https://api.elections.kalshi.com/trade-api/v2/portfolio/balance
2026-04-10 08:55:06 | WARNING | get_balance error: 401 Client Error: Unauthorized for url: https://api.elections.kalshi.com/trade-api/v2/portfolio/balance
2026-04-10 08:55:06 | WARNING | [CashSync] API balance failed (auth error?) - using conservative estimate $5.00 (was $5.00)
2026-04-10 08:55:36 | INFO | Status: cash=$5.00, positions=0, loop=140, active_series=['KXDOGE15M', 'KXBTC15M', 'KXXRP15M', 'KXETH15M', 'KXSOL15M', 'KXHYPE15M', 'KXBNB15M']
2026-04-10 08:55:36 | INFO | Day Realized P&L: $-29.67 (-85.6%) / -$99999.00 daily stop-loss limit
2026-04-10 08:55:36 | INFO | Coins: BTC: idle | ETH: idle | BNB: idle | SOL: idle | DOGE: idle | XRP: idle | HYPE: idle | ADA: idle
2026-04-10 08:55:36 | WARNING | GET https://api.elections.kalshi.com/trade-api/v2/portfolio/balance got 401 - refreshing auth and retrying...
2026-04-10 08:55:36 | WARNING | GET https://api.elections.kalshi.com/trade-api/v2/portfolio/balance got 401 - refreshing auth and retrying...
2026-04-10 08:55:36 | ERROR | GET https://api.elections.kalshi.com/trade-api/v2/portfolio/balance failed after 3 attempts: 401 Client Error: Unauthorized for url: https://api.elections.kalshi.com/trade-api/v2/portfolio/balance
2026-04-10 08:55:36 | WARNING | get_balance error: 401 Client Error: Unauthorized for url: https://api.elections.kalshi.com/trade-api/v2/portfolio/balance
2026-04-10 08:55:36 | INFO | JSON summary saved to /home/ubuntu/.openclaw/workspace/workers/superbot/report.json
2026-04-10 08:55:36 | WARNING | GET https://api.elections.kalshi.com/trade-api/v2/portfolio/orders got 401 - refreshing auth and retrying...
2026-04-10 08:55:36 | WARNING | GET https://api.elections.kalshi.com/trade-api/v2/portfolio/orders got 401 - refreshing auth and retrying...
2026-04-10 08:55:36 | ERROR | GET https://api.elections.kalshi.com/trade-api/v2/portfolio/orders failed after 3 attempts: 401 Client Error: Unauthorized for url: https://api.elections.kalshi.com/trade-api/v2/portfolio/orders?status=open
2026-04-10 08:55:36 | WARNING | GET https://api.elections.kalshi.com/trade-api/v2/portfolio/balance got 401 - refreshing auth and retrying...
2026-04-10 08:55:36 | WARNING | GET https://api.elections.kalshi.com/trade-api/v2/portfolio/balance got 401 - refreshing auth and retrying...
2026-04-10 08:55:36 | ERROR | GET https://api.elections.kalshi.com/trade-api/v2/portfolio/balance failed after 3 attempts: 401 Client Error: Unauthorized for url: https://api.elections.kalshi.com/trade-api/v2/portfolio/balance
2026-04-10 08:55:36 | WARNING | get_balance error: 401 Client Error: Unauthorized for url: https://api.elections.kalshi.com/trade-api/v2/portfolio/balance
2026-04-10 08:55:36 | WARNING | [CashSync] API balance failed (auth error?) - using conservative estimate $5.00 (was $5.00)
2026-04-10 08:56:06 | INFO | Status: cash=$5.00, positions=0, loop=141, active_series=['KXDOGE15M', 'KXBTC15M', 'KXXRP15M', 'KXETH15M', 'KXSOL15M', 'KXHYPE15M', 'KXBNB15M']
2026-04-10 08:56:06 | INFO | Day Realized P&L: $-29.67 (-85.6%) / -$99999.00 daily stop-loss limit
2026-04-10 08:56:06 | INFO | Coins: BTC: idle | ETH: idle | BNB: idle | SOL: idle | DOGE: idle | XRP: idle | HYPE: idle | ADA: idle
2026-04-10 08:56:07 | WARNING | GET https://api.elections.kalshi.com/trade-api/v2/portfolio/balance got 401 - refreshing auth and retrying...
2026-04-10 08:56:07 | WARNING | GET https://api.elections.kalshi.com/trade-api/v2/portfolio/balance got 401 - refreshing auth and retrying...
2026-04-10 08:56:07 | ERROR | GET https://api.elections.kalshi.com/trade-api/v2/portfolio/balance failed after 3 attempts: 401 Client Error: Unauthorized for url: https://api.elections.kalshi.com/trade-api/v2/portfolio/balance
2026-04-10 08:56:07 | WARNING | get_balance error: 401 Client Error: Unauthorized for url: https://api.elections.kalshi.com/trade-api/v2/portfolio/balance
2026-04-10 08:56:07 | INFO | JSON summary saved to /home/ubuntu/.openclaw/workspace/workers/superbot/report.json
2026-04-10 08:56:07 | WARNING | GET https://api.elections.kalshi.com/trade-api/v2/portfolio/orders got 401 - refreshing auth and retrying...
2026-04-10 08:56:07 | WARNING | GET https://api.elections.kalshi.com/trade-api/v2/portfolio/orders got 401 - refreshing auth and retrying...
2026-04-10 08:56:07 | ERROR | GET https://api.elections.kalshi.com/trade-api/v2/portfolio/orders failed after 3 attempts: 401 Client Error: Unauthorized for url: https://api.elections.kalshi.com/trade-api/v2/portfolio/orders?status=open
2026-04-10 08:56:07 | WARNING | GET https://api.elections.kalshi.com/trade-api/v2/portfolio/balance got 401 - refreshing auth and retrying...
2026-04-10 08:56:07 | WARNING | GET https://api.elections.kalshi.com/trade-api/v2/portfolio/balance got 401 - refreshing auth and retrying...
2026-04-10 08:56:07 | ERROR | GET https://api.elections.kalshi.com/trade-api/v2/portfolio/balance failed after 3 attempts: 401 Client Error: Unauthorized for url: https://api.elections.kalshi.com/trade-api/v2/portfolio/balance
2026-04-10 08:56:07 | WARNING | get_balance error: 401 Client Error: Unauthorized for url: https://api.elections.kalshi.com/trade-api/v2/portfolio/balance
2026-04-10 08:56:07 | WARNING | [CashSync] API balance failed (auth error?) - using conservative estimate $5.00 (was $5.00)
2026-04-10 08:56:37 | INFO | Status: cash=$5.00, positions=0, loop=142, active_series=['KXDOGE15M', 'KXBTC15M', 'KXXRP15M', 'KXETH15M', 'KXSOL15M', 'KXHYPE15M', 'KXBNB15M']
2026-04-10 08:56:37 | INFO | Day Realized P&L: $-29.67 (-85.6%) / -$99999.00 daily stop-loss limit
2026-04-10 08:56:37 | INFO | Coins: BTC: idle | ETH: idle | BNB: idle | SOL: idle | DOGE: idle | XRP: idle | HYPE: idle | ADA: idle
2026-04-10 08:56:37 | WARNING | GET https://api.elections.kalshi.com/trade-api/v2/portfolio/balance got 401 - refreshing auth and retrying...
2026-04-10 08:56:37 | WARNING | GET https://api.elections.kalshi.com/trade-api/v2/portfolio/balance got 401 - refreshing auth and retrying...
2026-04-10 08:56:37 | ERROR | GET https://api.elections.kalshi.com/trade-api/v2/portfolio/balance failed after 3 attempts: 401 Client Error: Unauthorized for url: https://api.elections.kalshi.com/trade-api/v2/portfolio/balance
2026-04-10 08:56:37 | WARNING | get_balance error: 401 Client Error: Unauthorized for url: https://api.elections.kalshi.com/trade-api/v2/portfolio/balance
2026-04-10 08:56:37 | INFO | JSON summary saved to /home/ubuntu/.openclaw/workspace/workers/superbot/report.json
2026-04-10 08:56:37 | WARNING | GET https://api.elections.kalshi.com/trade-api/v2/portfolio/orders got 401 - refreshing auth and retrying...
2026-04-10 08:56:37 | WARNING | GET https://api.elections.kalshi.com/trade-api/v2/portfolio/orders got 401 - refreshing auth and retrying...
2026-04-10 08:56:37 | ERROR | GET https://api.elections.kalshi.com/trade-api/v2/portfolio/orders failed after 3 attempts: 401 Client Error: Unauthorized for url: https://api.elections.kalshi.com/trade-api/v2/portfolio/orders?status=open
2026-04-10 08:56:37 | WARNING | GET https://api.elections.kalshi.com/trade-api/v2/portfolio/balance got 401 - refreshing auth and retrying...
2026-04-10 08:56:37 | WARNING | GET https://api.elections.kalshi.com/trade-api/v2/portfolio/balance got 401 - refreshing auth and retrying...
2026-04-10 08:56:37 | ERROR | GET https://api.elections.kalshi.com/trade-api/v2/portfolio/balance failed after 3 attempts: 401 Client Error: Unauthorized for url: https://api.elections.kalshi.com/trade-api/v2/portfolio/balance
2026-04-10 08:56:37 | WARNING | get_balance error: 401 Client Error: Unauthorized for url: https://api.elections.kalshi.com/trade-api/v2/portfolio/balance
2026-04-10 08:56:37 | WARNING | [CashSync] API balance failed (auth error?) - using conservative estimate $5.00 (was $5.00)
2026-04-10 08:57:07 | INFO | Status: cash=$5.00, positions=0, loop=143, active_series=['KXDOGE15M', 'KXBTC15M', 'KXXRP15M', 'KXETH15M', 'KXSOL15M', 'KXHYPE15M', 'KXBNB15M']
2026-04-10 08:57:07 | INFO | Day Realized P&L: $-29.67 (-85.6%) / -$99999.00 daily stop-loss limit
2026-04-10 08:57:07 | INFO | Coins: BTC: idle | ETH: idle | BNB: idle | SOL: idle | DOGE: idle | XRP: idle | HYPE: idle | ADA: idle
2026-04-10 08:57:07 | WARNING | GET https://api.elections.kalshi.com/trade-api/v2/portfolio/balance got 401 - refreshing auth and retrying...
2026-04-10 08:57:07 | WARNING | GET https://api.elections.kalshi.com/trade-api/v2/portfolio/balance got 401 - refreshing auth and retrying...
2026-04-10 08:57:07 | ERROR | GET https://api.elections.kalshi.com/trade-api/v2/portfolio/balance failed after 3 attempts: 401 Client Error: Unauthorized for url: https://api.elections.kalshi.com/trade-api/v2/portfolio/balance
2026-04-10 08:57:07 | WARNING | get_balance error: 401 Client Error: Unauthorized for url: https://api.elections.kalshi.com/trade-api/v2/portfolio/balance
2026-04-10 08:57:07 | INFO | JSON summary saved to /home/ubuntu/.openclaw/workspace/workers/superbot/report.json
2026-04-10 08:57:07 | WARNING | GET https://api.elections.kalshi.com/trade-api/v2/portfolio/orders got 401 - refreshing auth and retrying...
2026-04-10 08:57:07 | WARNING | GET https://api.elections.kalshi.com/trade-api/v2/portfolio/orders got 401 - refreshing auth and retrying...
2026-04-10 08:57:07 | ERROR | GET https://api.elections.kalshi.com/trade-api/v2/portfolio/orders failed after 3 attempts: 401 Client Error: Unauthorized for url: https://api.elections.kalshi.com/trade-api/v2/portfolio/orders?status=open
2026-04-10 08:57:07 | WARNING | GET https://api.elections.kalshi.com/trade-api/v2/portfolio/balance got 401 - refreshing auth and retrying...
2026-04-10 08:57:07 | WARNING | GET https://api.elections.kalshi.com/trade-api/v2/portfolio/balance got 401 - refreshing auth and retrying...
2026-04-10 08:57:07 | ERROR | GET https://api.elections.kalshi.com/trade-api/v2/portfolio/balance failed after 3 attempts: 401 Client Error: Unauthorized for url: https://api.elections.kalshi.com/trade-api/v2/portfolio/balance
2026-04-10 08:57:07 | WARNING | get_balance error: 401 Client Error: Unauthorized for url: https://api.elections.kalshi.com/trade-api/v2/portfolio/balance
2026-04-10 08:57:07 | WARNING | [CashSync] API balance failed (auth error?) - using conservative estimate $5.00 (was $5.00)
2026-04-10 08:57:38 | INFO | Status: cash=$5.00, positions=0, loop=144, active_series=['KXDOGE15M', 'KXBTC15M', 'KXXRP15M', 'KXETH15M', 'KXSOL15M', 'KXHYPE15M', 'KXBNB15M']
2026-04-10 08:57:38 | INFO | Day Realized P&L: $-29.67 (-85.6%) / -$99999.00 daily stop-loss limit
2026-04-10 08:57:38 | INFO | Coins: BTC: idle | ETH: idle | BNB: idle | SOL: idle | DOGE: idle | XRP: idle | HYPE: idle | ADA: idle
2026-04-10 08:57:38 | WARNING | GET https://api.elections.kalshi.com/trade-api/v2/portfolio/balance got 401 - refreshing auth and retrying...
2026-04-10 08:57:38 | WARNING | GET https://api.elections.kalshi.com/trade-api/v2/portfolio/balance got 401 - refreshing auth and retrying...
2026-04-10 08:57:38 | ERROR | GET https://api.elections.kalshi.com/trade-api/v2/portfolio/balance failed after 3 attempts: 401 Client Error: Unauthorized for url: https://api.elections.kalshi.com/trade-api/v2/portfolio/balance
2026-04-10 08:57:38 | WARNING | get_balance error: 401 Client Error: Unauthorized for url: https://api.elections.kalshi.com/trade-api/v2/portfolio/balance
2026-04-10 08:57:38 | INFO | JSON summary saved to /home/ubuntu/.openclaw/workspace/workers/superbot/report.json
2026-04-10 08:57:38 | WARNING | GET https://api.elections.kalshi.com/trade-api/v2/portfolio/orders got 401 - refreshing auth and retrying...
2026-04-10 08:57:38 | WARNING | GET https://api.elections.kalshi.com/trade-api/v2/portfolio/orders got 401 - refreshing auth and retrying...
2026-04-10 08:57:38 | ERROR | GET https://api.elections.kalshi.com/trade-api/v2/portfolio/orders failed after 3 attempts: 401 Client Error: Unauthorized for url: https://api.elections.kalshi.com/trade-api/v2/portfolio/orders?status=open
2026-04-10 08:57:38 | WARNING | GET https://api.elections.kalshi.com/trade-api/v2/portfolio/balance got 401 - refreshing auth and retrying...
2026-04-10 08:57:38 | WARNING | GET https://api.elections.kalshi.com/trade-api/v2/portfolio/balance got 401 - refreshing auth and retrying...
2026-04-10 08:57:38 | ERROR | GET https://api.elections.kalshi.com/trade-api/v2/portfolio/balance failed after 3 attempts: 401 Client Error: Unauthorized for url: https://api.elections.kalshi.com/trade-api/v2/portfolio/balance
2026-04-10 08:57:38 | WARNING | get_balance error: 401 Client Error: Unauthorized for url: https://api.elections.kalshi.com/trade-api/v2/portfolio/balance
2026-04-10 08:57:38 | WARNING | [CashSync] API balance failed (auth error?) - using conservative estimate $5.00 (was $5.00)
2026-04-10 08:58:08 | INFO | Status: cash=$5.00, positions=0, loop=145, active_series=['KXDOGE15M', 'KXBTC15M', 'KXXRP15M', 'KXETH15M', 'KXSOL15M', 'KXHYPE15M', 'KXBNB15M']
2026-04-10 08:58:08 | INFO | Day Realized P&L: $-29.67 (-85.6%) / -$99999.00 daily stop-loss limit
2026-04-10 08:58:08 | INFO | Coins: BTC: idle | ETH: idle | BNB: idle | SOL: idle | DOGE: idle | XRP: idle | HYPE: idle | ADA: idle
2026-04-10 08:58:08 | WARNING | GET https://api.elections.kalshi.com/trade-api/v2/portfolio/balance got 401 - refreshing auth and retrying...
2026-04-10 08:58:08 | WARNING | GET https://api.elections.kalshi.com/trade-api/v2/portfolio/balance got 401 - refreshing auth and retrying...
2026-04-10 08:58:08 | ERROR | GET https://api.elections.kalshi.com/trade-api/v2/portfolio/balance failed after 3 attempts: 401 Client Error: Unauthorized for url: https://api.elections.kalshi.com/trade-api/v2/portfolio/balance
2026-04-10 08:58:08 | WARNING | get_balance error: 401 Client Error: Unauthorized for url: https://api.elections.kalshi.com/trade-api/v2/portfolio/balance
2026-04-10 08:58:08 | INFO | JSON summary saved to /home/ubuntu/.openclaw/workspace/workers/superbot/report.json
2026-04-10 08:58:08 | WARNING | GET https://api.elections.kalshi.com/trade-api/v2/portfolio/orders got 401 - refreshing auth and retrying...
2026-04-10 08:58:08 | WARNING | GET https://api.elections.kalshi.com/trade-api/v2/portfolio/orders got 401 - refreshing auth and retrying...
2026-04-10 08:58:08 | ERROR | GET https://api.elections.kalshi.com/trade-api/v2/portfolio/orders failed after 3 attempts: 401 Client Error: Unauthorized for url: https://api.elections.kalshi.com/trade-api/v2/portfolio/orders?status=open
2026-04-10 08:58:08 | WARNING | GET https://api.elections.kalshi.com/trade-api/v2/portfolio/balance got 401 - refreshing auth and retrying...
2026-04-10 08:58:08 | WARNING | GET https://api.elections.kalshi.com/trade-api/v2/portfolio/balance got 401 - refreshing auth and retrying...
2026-04-10 08:58:08 | ERROR | GET https://api.elections.kalshi.com/trade-api/v2/portfolio/balance failed after 3 attempts: 401 Client Error: Unauthorized for url: https://api.elections.kalshi.com/trade-api/v2/portfolio/balance
2026-04-10 08:58:08 | WARNING | get_balance error: 401 Client Error: Unauthorized for url: https://api.elections.kalshi.com/trade-api/v2/portfolio/balance
2026-04-10 08:58:08 | WARNING | [CashSync] API balance failed (auth error?) - using conservative estimate $5.00 (was $5.00)
2026-04-10 08:58:38 | INFO | Status: cash=$5.00, positions=0, loop=146, active_series=['KXDOGE15M', 'KXBTC15M', 'KXXRP15M', 'KXETH15M', 'KXSOL15M', 'KXHYPE15M', 'KXBNB15M']
2026-04-10 08:58:38 | INFO | Day Realized P&L: $-29.67 (-85.6%) / -$99999.00 daily stop-loss limit
2026-04-10 08:58:38 | INFO | Coins: BTC: idle | ETH: idle | BNB: idle | SOL: idle | DOGE: idle | XRP: idle | HYPE: idle | ADA: idle
2026-04-10 08:58:39 | WARNING | GET https://api.elections.kalshi.com/trade-api/v2/portfolio/balance got 401 - refreshing auth and retrying...
2026-04-10 08:58:39 | WARNING | GET https://api.elections.kalshi.com/trade-api/v2/portfolio/balance got 401 - refreshing auth and retrying...
2026-04-10 08:58:39 | ERROR | GET https://api.elections.kalshi.com/trade-api/v2/portfolio/balance failed after 3 attempts: 401 Client Error: Unauthorized for url: https://api.elections.kalshi.com/trade-api/v2/portfolio/balance
2026-04-10 08:58:39 | WARNING | get_balance error: 401 Client Error: Unauthorized for url: https://api.elections.kalshi.com/trade-api/v2/portfolio/balance
2026-04-10 08:58:39 | INFO | JSON summary saved to /home/ubuntu/.openclaw/workspace/workers/superbot/report.json
2026-04-10 08:58:39 | WARNING | GET https://api.elections.kalshi.com/trade-api/v2/portfolio/orders got 401 - refreshing auth and retrying...
2026-04-10 08:58:39 | WARNING | GET https://api.elections.kalshi.com/trade-api/v2/portfolio/orders got 401 - refreshing auth and retrying...
2026-04-10 08:58:39 | ERROR | GET https://api.elections.kalshi.com/trade-api/v2/portfolio/orders failed after 3 attempts: 401 Client Error: Unauthorized for url: https://api.elections.kalshi.com/trade-api/v2/portfolio/orders?status=open
2026-04-10 08:58:39 | WARNING | GET https://api.elections.kalshi.com/trade-api/v2/portfolio/balance got 401 - refreshing auth and retrying...
2026-04-10 08:58:39 | WARNING | GET https://api.elections.kalshi.com/trade-api/v2/portfolio/balance got 401 - refreshing auth and retrying...
2026-04-10 08:58:39 | ERROR | GET https://api.elections.kalshi.com/trade-api/v2/portfolio/balance failed after 3 attempts: 401 Client Error: Unauthorized for url: https://api.elections.kalshi.com/trade-api/v2/portfolio/balance
2026-04-10 08:58:39 | WARNING | get_balance error: 401 Client Error: Unauthorized for url: https://api.elections.kalshi.com/trade-api/v2/portfolio/balance
2026-04-10 08:58:39 | WARNING | [CashSync] API balance failed (auth error?) - using conservative estimate $5.00 (was $5.00)
2026-04-10 08:59:09 | INFO | Status: cash=$5.00, positions=0, loop=147, active_series=['KXDOGE15M', 'KXBTC15M', 'KXXRP15M', 'KXETH15M', 'KXSOL15M', 'KXHYPE15M', 'KXBNB15M']
2026-04-10 08:59:09 | INFO | Day Realized P&L: $-29.67 (-85.6%) / -$99999.00 daily stop-loss limit
2026-04-10 08:59:09 | INFO | Coins: BTC: idle | ETH: idle | BNB: idle | SOL: idle | DOGE: idle | XRP: idle | HYPE: idle | ADA: idle
2026-04-10 08:59:09 | WARNING | GET https://api.elections.kalshi.com/trade-api/v2/portfolio/balance got 401 - refreshing auth and retrying...
2026-04-10 08:59:09 | WARNING | GET https://api.elections.kalshi.com/trade-api/v2/portfolio/balance got 401 - refreshing auth and retrying...
2026-04-10 08:59:09 | ERROR | GET https://api.elections.kalshi.com/trade-api/v2/portfolio/balance failed after 3 attempts: 401 Client Error: Unauthorized for url: https://api.elections.kalshi.com/trade-api/v2/portfolio/balance
2026-04-10 08:59:09 | WARNING | get_balance error: 401 Client Error: Unauthorized for url: https://api.elections.kalshi.com/trade-api/v2/portfolio/balance
2026-04-10 08:59:09 | INFO | JSON summary saved to /home/ubuntu/.openclaw/workspace/workers/superbot/report.json
2026-04-10 08:59:09 | WARNING | GET https://api.elections.kalshi.com/trade-api/v2/portfolio/orders got 401 - refreshing auth and retrying...
2026-04-10 08:59:09 | WARNING | GET https://api.elections.kalshi.com/trade-api/v2/portfolio/orders got 401 - refreshing auth and retrying...
2026-04-10 08:59:09 | ERROR | GET https://api.elections.kalshi.com/trade-api/v2/portfolio/orders failed after 3 attempts: 401 Client Error: Unauthorized for url: https://api.elections.kalshi.com/trade-api/v2/portfolio/orders?status=open
2026-04-10 08:59:09 | WARNING | GET https://api.elections.kalshi.com/trade-api/v2/portfolio/balance got 401 - refreshing auth and retrying...
2026-04-10 08:59:09 | WARNING | GET https://api.elections.kalshi.com/trade-api/v2/portfolio/balance got 401 - refreshing auth and retrying...
2026-04-10 08:59:09 | ERROR | GET https://api.elections.kalshi.com/trade-api/v2/portfolio/balance failed after 3 attempts: 401 Client Error: Unauthorized for url: https://api.elections.kalshi.com/trade-api/v2/portfolio/balance
2026-04-10 08:59:09 | WARNING | get_balance error: 401 Client Error: Unauthorized for url: https://api.elections.kalshi.com/trade-api/v2/portfolio/balance
2026-04-10 08:59:09 | WARNING | [CashSync] API balance failed (auth error?) - using conservative estimate $5.00 (was $5.00)
2026-04-10 08:59:39 | INFO | Status: cash=$5.00, positions=0, loop=148, active_series=['KXDOGE15M', 'KXBTC15M', 'KXXRP15M', 'KXETH15M', 'KXSOL15M', 'KXHYPE15M', 'KXBNB15M']
2026-04-10 08:59:39 | INFO | Day Realized P&L: $-29.67 (-85.6%) / -$99999.00 daily stop-loss limit
2026-04-10 08:59:39 | INFO | Coins: BTC: idle | ETH: idle | BNB: idle | SOL: idle | DOGE: idle | XRP: idle | HYPE: idle | ADA: idle
2026-04-10 08:59:39 | WARNING | GET https://api.elections.kalshi.com/trade-api/v2/portfolio/balance got 401 - refreshing auth and retrying...
2026-04-10 08:59:39 | WARNING | GET https://api.elections.kalshi.com/trade-api/v2/portfolio/balance got 401 - refreshing auth and retrying...
2026-04-10 08:59:39 | ERROR | GET https://api.elections.kalshi.com/trade-api/v2/portfolio/balance failed after 3 attempts: 401 Client Error: Unauthorized for url: https://api.elections.kalshi.com/trade-api/v2/portfolio/balance
2026-04-10 08:59:39 | WARNING | get_balance error: 401 Client Error: Unauthorized for url: https://api.elections.kalshi.com/trade-api/v2/portfolio/balance
2026-04-10 08:59:39 | INFO | JSON summary saved to /home/ubuntu/.openclaw/workspace/workers/superbot/report.json
2026-04-10 08:59:39 | WARNING | GET https://api.elections.kalshi.com/trade-api/v2/portfolio/orders got 401 - refreshing auth and retrying...
2026-04-10 08:59:39 | WARNING | GET https://api.elections.kalshi.com/trade-api/v2/portfolio/orders got 401 - refreshing auth and retrying...
2026-04-10 08:59:39 | ERROR | GET https://api.elections.kalshi.com/trade-api/v2/portfolio/orders failed after 3 attempts: 401 Client Error: Unauthorized for url: https://api.elections.kalshi.com/trade-api/v2/portfolio/orders?status=open
2026-04-10 08:59:39 | WARNING | GET https://api.elections.kalshi.com/trade-api/v2/portfolio/balance got 401 - refreshing auth and retrying...
2026-04-10 08:59:39 | WARNING | GET https://api.elections.kalshi.com/trade-api/v2/portfolio/balance got 401 - refreshing auth and retrying...
2026-04-10 08:59:39 | ERROR | GET https://api.elections.kalshi.com/trade-api/v2/portfolio/balance failed after 3 attempts: 401 Client Error: Unauthorized for url: https://api.elections.kalshi.com/trade-api/v2/portfolio/balance
2026-04-10 08:59:39 | WARNING | get_balance error: 401 Client Error: Unauthorized for url: https://api.elections.kalshi.com/trade-api/v2/portfolio/balance
2026-04-10 08:59:39 | WARNING | [CashSync] API balance failed (auth error?) - using conservative estimate $5.00 (was $5.00)
2026-04-10 09:00:10 | INFO | Status: cash=$5.00, positions=0, loop=149, active_series=['KXDOGE15M', 'KXBTC15M', 'KXXRP15M', 'KXETH15M', 'KXSOL15M', 'KXHYPE15M', 'KXBNB15M']
2026-04-10 09:00:10 | INFO | Day Realized P&L: $-29.67 (-85.6%) / -$99999.00 daily stop-loss limit
2026-04-10 09:00:10 | INFO | Coins: BTC: idle | ETH: idle | BNB: idle | SOL: idle | DOGE: idle | XRP: idle | HYPE: idle | ADA: idle
2026-04-10 09:00:10 | WARNING | GET https://api.elections.kalshi.com/trade-api/v2/portfolio/balance got 401 - refreshing auth and retrying...
2026-04-10 09:00:10 | WARNING | GET https://api.elections.kalshi.com/trade-api/v2/portfolio/balance got 401 - refreshing auth and retrying...
2026-04-10 09:00:10 | ERROR | GET https://api.elections.kalshi.com/trade-api/v2/portfolio/balance failed after 3 attempts: 401 Client Error: Unauthorized for url: https://api.elections.kalshi.com/trade-api/v2/portfolio/balance
2026-04-10 09:00:10 | WARNING | get_balance error: 401 Client Error: Unauthorized for url: https://api.elections.kalshi.com/trade-api/v2/portfolio/balance
2026-04-10 09:00:10 | INFO | JSON summary saved to /home/ubuntu/.openclaw/workspace/workers/superbot/report.json
2026-04-10 09:00:10 | WARNING | GET https://api.elections.kalshi.com/trade-api/v2/portfolio/orders got 401 - refreshing auth and retrying...
2026-04-10 09:00:10 | WARNING | GET https://api.elections.kalshi.com/trade-api/v2/portfolio/orders got 401 - refreshing auth and retrying...
2026-04-10 09:00:10 | ERROR | GET https://api.elections.kalshi.com/trade-api/v2/portfolio/orders failed after 3 attempts: 401 Client Error: Unauthorized for url: https://api.elections.kalshi.com/trade-api/v2/portfolio/orders?status=open
2026-04-10 09:00:10 | WARNING | GET https://api.elections.kalshi.com/trade-api/v2/portfolio/balance got 401 - refreshing auth and retrying...
2026-04-10 09:00:10 | WARNING | GET https://api.elections.kalshi.com/trade-api/v2/portfolio/balance got 401 - refreshing auth and retrying...
2026-04-10 09:00:10 | ERROR | GET https://api.elections.kalshi.com/trade-api/v2/portfolio/balance failed after 3 attempts: 401 Client Error: Unauthorized for url: https://api.elections.kalshi.com/trade-api/v2/portfolio/balance
2026-04-10 09:00:10 | WARNING | get_balance error: 401 Client Error: Unauthorized for url: https://api.elections.kalshi.com/trade-api/v2/portfolio/balance
2026-04-10 09:00:10 | WARNING | [CashSync] API balance failed (auth error?) - using conservative estimate $5.00 (was $5.00)
2026-04-10 09:00:40 | INFO | Status: cash=$5.00, positions=0, loop=150, active_series=['KXDOGE15M', 'KXBTC15M', 'KXXRP15M', 'KXETH15M', 'KXSOL15M', 'KXHYPE15M', 'KXBNB15M']
2026-04-10 09:00:40 | INFO | Day Realized P&L: $-29.67 (-85.6%) / -$99999.00 daily stop-loss limit
2026-04-10 09:00:40 | INFO | Coins: BTC: idle | ETH: idle | BNB: idle | SOL: idle | DOGE: idle | XRP: idle | HYPE: idle | ADA: idle
2026-04-10 09:00:40 | WARNING | GET https://api.elections.kalshi.com/trade-api/v2/portfolio/balance got 401 - refreshing auth and retrying...
2026-04-10 09:00:40 | WARNING | GET https://api.elections.kalshi.com/trade-api/v2/portfolio/balance got 401 - refreshing auth and retrying...
2026-04-10 09:00:40 | ERROR | GET https://api.elections.kalshi.com/trade-api/v2/portfolio/balance failed after 3 attempts: 401 Client Error: Unauthorized for url: https://api.elections.kalshi.com/trade-api/v2/portfolio/balance
2026-04-10 09:00:40 | WARNING | get_balance error: 401 Client Error: Unauthorized for url: https://api.elections.kalshi.com/trade-api/v2/portfolio/balance
2026-04-10 09:00:40 | INFO | JSON summary saved to /home/ubuntu/.openclaw/workspace/workers/superbot/report.json
2026-04-10 09:00:40 | WARNING | GET https://api.elections.kalshi.com/trade-api/v2/portfolio/orders got 401 - refreshing auth and retrying...
2026-04-10 09:00:40 | WARNING | GET https://api.elections.kalshi.com/trade-api/v2/portfolio/orders got 401 - refreshing auth and retrying...
2026-04-10 09:00:40 | ERROR | GET https://api.elections.kalshi.com/trade-api/v2/portfolio/orders failed after 3 attempts: 401 Client Error: Unauthorized for url: https://api.elections.kalshi.com/trade-api/v2/portfolio/orders?status=open
2026-04-10 09:00:40 | WARNING | GET https://api.elections.kalshi.com/trade-api/v2/portfolio/balance got 401 - refreshing auth and retrying...
2026-04-10 09:00:40 | WARNING | GET https://api.elections.kalshi.com/trade-api/v2/portfolio/balance got 401 - refreshing auth and retrying...
2026-04-10 09:00:40 | ERROR | GET https://api.elections.kalshi.com/trade-api/v2/portfolio/balance failed after 3 attempts: 401 Client Error: Unauthorized for url: https://api.elections.kalshi.com/trade-api/v2/portfolio/balance
2026-04-10 09:00:40 | WARNING | get_balance error: 401 Client Error: Unauthorized for url: https://api.elections.kalshi.com/trade-api/v2/portfolio/balance
2026-04-10 09:00:40 | WARNING | [CashSync] API balance failed (auth error?) - using conservative estimate $5.00 (was $5.00)
2026-04-10 09:00:40 | INFO | CANDLE_DURATION COMPLETED: KXBTC15M-26APR100500-00 | Was above open 100.0% (>90% threshold) -> PENDING BUY YES, CONF=98
2026-04-10 09:00:40 | INFO | CANDLE_DURATION COMPLETED: KXETH15M-26APR100500-00 | Was above open 0.0% (<40% threshold) -> PENDING BUY NO, CONF=80
2026-04-10 09:00:40 | INFO | CANDLE_DURATION COMPLETED: KXBNB15M-26APR100500-00 | Was above open 33.3% (<40% threshold) -> PENDING BUY NO, CONF=80
2026-04-10 09:00:40 | INFO | CANDLE_DURATION COMPLETED: KXSOL15M-26APR100500-00 | Was above open 25.0% (<40% threshold) -> PENDING BUY NO, CONF=80
2026-04-10 09:00:40 | INFO | CANDLE_DURATION COMPLETED: KXDOGE15M-26APR100500-00 | Was above open 25.0% (<40% threshold) -> PENDING BUY NO, CONF=80
2026-04-10 09:00:40 | INFO | CANDLE_DURATION COMPLETED: KXXRP15M-26APR100500-00 | Was above open 0.0% (<40% threshold) -> PENDING BUY NO, CONF=80
2026-04-10 09:00:40 | INFO | CANDLE_DURATION COMPLETED: KXHYPE15M-26APR100500-00 | Was above open 25.0% (<40% threshold) -> PENDING BUY NO, CONF=80
2026-04-10 09:01:10 | INFO | Status: cash=$5.00, positions=0, loop=151, active_series=['KXDOGE15M', 'KXBTC15M', 'KXXRP15M', 'KXETH15M', 'KXSOL15M', 'KXHYPE15M', 'KXBNB15M']
2026-04-10 09:01:10 | INFO | Day Realized P&L: $-29.67 (-85.6%) / -$99999.00 daily stop-loss limit
2026-04-10 09:01:10 | INFO | Coins: BTC: idle | ETH: idle | BNB: idle | SOL: idle | DOGE: idle | XRP: idle | HYPE: idle | ADA: idle
2026-04-10 09:01:10 | WARNING | GET https://api.elections.kalshi.com/trade-api/v2/portfolio/balance got 401 - refreshing auth and retrying...
2026-04-10 09:01:11 | WARNING | GET https://api.elections.kalshi.com/trade-api/v2/portfolio/balance got 401 - refreshing auth and retrying...
2026-04-10 09:01:11 | ERROR | GET https://api.elections.kalshi.com/trade-api/v2/portfolio/balance failed after 3 attempts: 401 Client Error: Unauthorized for url: https://api.elections.kalshi.com/trade-api/v2/portfolio/balance
2026-04-10 09:01:11 | WARNING | get_balance error: 401 Client Error: Unauthorized for url: https://api.elections.kalshi.com/trade-api/v2/portfolio/balance
2026-04-10 09:01:11 | INFO | JSON summary saved to /home/ubuntu/.openclaw/workspace/workers/superbot/report.json
2026-04-10 09:01:11 | WARNING | GET https://api.elections.kalshi.com/trade-api/v2/portfolio/orders got 401 - refreshing auth and retrying...
2026-04-10 09:01:11 | WARNING | GET https://api.elections.kalshi.com/trade-api/v2/portfolio/orders got 401 - refreshing auth and retrying...
2026-04-10 09:01:11 | ERROR | GET https://api.elections.kalshi.com/trade-api/v2/portfolio/orders failed after 3 attempts: 401 Client Error: Unauthorized for url: https://api.elections.kalshi.com/trade-api/v2/portfolio/orders?status=open
2026-04-10 09:01:11 | WARNING | GET https://api.elections.kalshi.com/trade-api/v2/portfolio/balance got 401 - refreshing auth and retrying...
2026-04-10 09:01:11 | WARNING | GET https://api.elections.kalshi.com/trade-api/v2/portfolio/balance got 401 - refreshing auth and retrying...
2026-04-10 09:01:11 | ERROR | GET https://api.elections.kalshi.com/trade-api/v2/portfolio/balance failed after 3 attempts: 401 Client Error: Unauthorized for url: https://api.elections.kalshi.com/trade-api/v2/portfolio/balance
2026-04-10 09:01:11 | WARNING | get_balance error: 401 Client Error: Unauthorized for url: https://api.elections.kalshi.com/trade-api/v2/portfolio/balance
2026-04-10 09:01:11 | WARNING | [CashSync] API balance failed (auth error?) - using conservative estimate $5.00 (was $5.00)
2026-04-10 09:01:41 | INFO | Status: cash=$5.00, positions=0, loop=152, active_series=['KXDOGE15M', 'KXBTC15M', 'KXXRP15M', 'KXETH15M', 'KXSOL15M', 'KXHYPE15M', 'KXBNB15M']
2026-04-10 09:01:41 | INFO | Day Realized P&L: $-29.67 (-85.6%) / -$99999.00 daily stop-loss limit
2026-04-10 09:01:41 | INFO | Coins: BTC: idle | ETH: idle | BNB: idle | SOL: idle | DOGE: idle | XRP: idle | HYPE: idle | ADA: idle
2026-04-10 09:01:41 | WARNING | GET https://api.elections.kalshi.com/trade-api/v2/portfolio/balance got 401 - refreshing auth and retrying...
2026-04-10 09:01:41 | WARNING | GET https://api.elections.kalshi.com/trade-api/v2/portfolio/balance got 401 - refreshing auth and retrying...
2026-04-10 09:01:41 | ERROR | GET https://api.elections.kalshi.com/trade-api/v2/portfolio/balance failed after 3 attempts: 401 Client Error: Unauthorized for url: https://api.elections.kalshi.com/trade-api/v2/portfolio/balance
2026-04-10 09:01:41 | WARNING | get_balance error: 401 Client Error: Unauthorized for url: https://api.elections.kalshi.com/trade-api/v2/portfolio/balance
2026-04-10 09:01:41 | INFO | JSON summary saved to /home/ubuntu/.openclaw/workspace/workers/superbot/report.json
2026-04-10 09:01:41 | WARNING | GET https://api.elections.kalshi.com/trade-api/v2/portfolio/orders got 401 - refreshing auth and retrying...
2026-04-10 09:01:41 | WARNING | GET https://api.elections.kalshi.com/trade-api/v2/portfolio/orders got 401 - refreshing auth and retrying...
2026-04-10 09:01:41 | ERROR | GET https://api.elections.kalshi.com/trade-api/v2/portfolio/orders failed after 3 attempts: 401 Client Error: Unauthorized for url: https://api.elections.kalshi.com/trade-api/v2/portfolio/orders?status=open
2026-04-10 09:01:41 | WARNING | GET https://api.elections.kalshi.com/trade-api/v2/portfolio/balance got 401 - refreshing auth and retrying...
2026-04-10 09:01:41 | WARNING | GET https://api.elections.kalshi.com/trade-api/v2/portfolio/balance got 401 - refreshing auth and retrying...
2026-04-10 09:01:41 | ERROR | GET https://api.elections.kalshi.com/trade-api/v2/portfolio/balance failed after 3 attempts: 401 Client Error: Unauthorized for url: https://api.elections.kalshi.com/trade-api/v2/portfolio/balance
2026-04-10 09:01:41 | WARNING | get_balance error: 401 Client Error: Unauthorized for url: https://api.elections.kalshi.com/trade-api/v2/portfolio/balance
2026-04-10 09:01:41 | WARNING | [CashSync] API balance failed (auth error?) - using conservative estimate $5.00 (was $5.00)
2026-04-10 09:02:11 | INFO | Status: cash=$5.00, positions=0, loop=153, active_series=['KXDOGE15M', 'KXBTC15M', 'KXXRP15M', 'KXETH15M', 'KXSOL15M', 'KXHYPE15M', 'KXBNB15M']
2026-04-10 09:02:11 | INFO | Day Realized P&L: $-29.67 (-85.6%) / -$99999.00 daily stop-loss limit
2026-04-10 09:02:11 | INFO | Coins: BTC: idle | ETH: idle | BNB: idle | SOL: idle | DOGE: idle | XRP: idle | HYPE: idle | ADA: idle
2026-04-10 09:02:11 | WARNING | GET https://api.elections.kalshi.com/trade-api/v2/portfolio/balance got 401 - refreshing auth and retrying...
2026-04-10 09:02:11 | WARNING | GET https://api.elections.kalshi.com/trade-api/v2/portfolio/balance got 401 - refreshing auth and retrying...
2026-04-10 09:02:11 | ERROR | GET https://api.elections.kalshi.com/trade-api/v2/portfolio/balance failed after 3 attempts: 401 Client Error: Unauthorized for url: https://api.elections.kalshi.com/trade-api/v2/portfolio/balance
2026-04-10 09:02:11 | WARNING | get_balance error: 401 Client Error: Unauthorized for url: https://api.elections.kalshi.com/trade-api/v2/portfolio/balance
2026-04-10 09:02:11 | INFO | JSON summary saved to /home/ubuntu/.openclaw/workspace/workers/superbot/report.json
2026-04-10 09:02:11 | WARNING | GET https://api.elections.kalshi.com/trade-api/v2/portfolio/orders got 401 - refreshing auth and retrying...
2026-04-10 09:02:11 | WARNING | GET https://api.elections.kalshi.com/trade-api/v2/portfolio/orders got 401 - refreshing auth and retrying...
2026-04-10 09:02:11 | ERROR | GET https://api.elections.kalshi.com/trade-api/v2/portfolio/orders failed after 3 attempts: 401 Client Error: Unauthorized for url: https://api.elections.kalshi.com/trade-api/v2/portfolio/orders?status=open
2026-04-10 09:02:12 | WARNING | GET https://api.elections.kalshi.com/trade-api/v2/portfolio/balance got 401 - refreshing auth and retrying...
2026-04-10 09:02:12 | WARNING | GET https://api.elections.kalshi.com/trade-api/v2/portfolio/balance got 401 - refreshing auth and retrying...
2026-04-10 09:02:12 | ERROR | GET https://api.elections.kalshi.com/trade-api/v2/portfolio/balance failed after 3 attempts: 401 Client Error: Unauthorized for url: https://api.elections.kalshi.com/trade-api/v2/portfolio/balance
2026-04-10 09:02:12 | WARNING | get_balance error: 401 Client Error: Unauthorized for url: https://api.elections.kalshi.com/trade-api/v2/portfolio/balance
2026-04-10 09:02:12 | WARNING | [CashSync] API balance failed (auth error?) - using conservative estimate $5.00 (was $5.00)
2026-04-10 09:02:42 | INFO | Status: cash=$5.00, positions=0, loop=154, active_series=['KXDOGE15M', 'KXBTC15M', 'KXXRP15M', 'KXETH15M', 'KXSOL15M', 'KXHYPE15M', 'KXBNB15M']
2026-04-10 09:02:42 | INFO | Day Realized P&L: $-29.67 (-85.6%) / -$99999.00 daily stop-loss limit
2026-04-10 09:02:42 | INFO | Coins: BTC: idle | ETH: idle | BNB: idle | SOL: idle | DOGE: idle | XRP: idle | HYPE: idle | ADA: idle
2026-04-10 09:02:42 | WARNING | GET https://api.elections.kalshi.com/trade-api/v2/portfolio/balance got 401 - refreshing auth and retrying...
2026-04-10 09:02:42 | WARNING | GET https://api.elections.kalshi.com/trade-api/v2/portfolio/balance got 401 - refreshing auth and retrying...
2026-04-10 09:02:42 | ERROR | GET https://api.elections.kalshi.com/trade-api/v2/portfolio/balance failed after 3 attempts: 401 Client Error: Unauthorized for url: https://api.elections.kalshi.com/trade-api/v2/portfolio/balance
2026-04-10 09:02:42 | WARNING | get_balance error: 401 Client Error: Unauthorized for url: https://api.elections.kalshi.com/trade-api/v2/portfolio/balance
2026-04-10 09:02:42 | INFO | JSON summary saved to /home/ubuntu/.openclaw/workspace/workers/superbot/report.json
2026-04-10 09:02:42 | WARNING | GET https://api.elections.kalshi.com/trade-api/v2/portfolio/orders got 401 - refreshing auth and retrying...
2026-04-10 09:02:42 | WARNING | GET https://api.elections.kalshi.com/trade-api/v2/portfolio/orders got 401 - refreshing auth and retrying...
2026-04-10 09:02:42 | ERROR | GET https://api.elections.kalshi.com/trade-api/v2/portfolio/orders failed after 3 attempts: 401 Client Error: Unauthorized for url: https://api.elections.kalshi.com/trade-api/v2/portfolio/orders?status=open
2026-04-10 09:02:42 | WARNING | GET https://api.elections.kalshi.com/trade-api/v2/portfolio/balance got 401 - refreshing auth and retrying...
2026-04-10 09:02:42 | WARNING | GET https://api.elections.kalshi.com/trade-api/v2/portfolio/balance got 401 - refreshing auth and retrying...
2026-04-10 09:02:42 | ERROR | GET https://api.elections.kalshi.com/trade-api/v2/portfolio/balance failed after 3 attempts: 401 Client Error: Unauthorized for url: https://api.elections.kalshi.com/trade-api/v2/portfolio/balance
2026-04-10 09:02:42 | WARNING | get_balance error: 401 Client Error: Unauthorized for url: https://api.elections.kalshi.com/trade-api/v2/portfolio/balance
2026-04-10 09:02:42 | WARNING | [CashSync] API balance failed (auth error?) - using conservative estimate $5.00 (was $5.00)
2026-04-10 09:03:12 | INFO | Status: cash=$5.00, positions=0, loop=155, active_series=['KXDOGE15M', 'KXBTC15M', 'KXXRP15M', 'KXETH15M', 'KXSOL15M', 'KXHYPE15M', 'KXBNB15M']
2026-04-10 09:03:12 | INFO | Day Realized P&L: $-29.67 (-85.6%) / -$99999.00 daily stop-loss limit
2026-04-10 09:03:12 | INFO | Coins: BTC: idle | ETH: idle | BNB: idle | SOL: idle | DOGE: idle | XRP: idle | HYPE: idle | ADA: idle
2026-04-10 09:03:12 | WARNING | GET https://api.elections.kalshi.com/trade-api/v2/portfolio/balance got 401 - refreshing auth and retrying...
2026-04-10 09:03:12 | WARNING | GET https://api.elections.kalshi.com/trade-api/v2/portfolio/balance got 401 - refreshing auth and retrying...
2026-04-10 09:03:12 | ERROR | GET https://api.elections.kalshi.com/trade-api/v2/portfolio/balance failed after 3 attempts: 401 Client Error: Unauthorized for url: https://api.elections.kalshi.com/trade-api/v2/portfolio/balance
2026-04-10 09:03:12 | WARNING | get_balance error: 401 Client Error: Unauthorized for url: https://api.elections.kalshi.com/trade-api/v2/portfolio/balance
2026-04-10 09:03:12 | INFO | JSON summary saved to /home/ubuntu/.openclaw/workspace/workers/superbot/report.json
2026-04-10 09:03:12 | WARNING | GET https://api.elections.kalshi.com/trade-api/v2/portfolio/orders got 401 - refreshing auth and retrying...
2026-04-10 09:03:12 | WARNING | GET https://api.elections.kalshi.com/trade-api/v2/portfolio/orders got 401 - refreshing auth and retrying...
2026-04-10 09:03:12 | ERROR | GET https://api.elections.kalshi.com/trade-api/v2/portfolio/orders failed after 3 attempts: 401 Client Error: Unauthorized for url: https://api.elections.kalshi.com/trade-api/v2/portfolio/orders?status=open
2026-04-10 09:03:12 | WARNING | GET https://api.elections.kalshi.com/trade-api/v2/portfolio/balance got 401 - refreshing auth and retrying...
2026-04-10 09:03:12 | WARNING | GET https://api.elections.kalshi.com/trade-api/v2/portfolio/balance got 401 - refreshing auth and retrying...
2026-04-10 09:03:12 | ERROR | GET https://api.elections.kalshi.com/trade-api/v2/portfolio/balance failed after 3 attempts: 401 Client Error: Unauthorized for url: https://api.elections.kalshi.com/trade-api/v2/portfolio/balance
2026-04-10 09:03:12 | WARNING | get_balance error: 401 Client Error: Unauthorized for url: https://api.elections.kalshi.com/trade-api/v2/portfolio/balance
2026-04-10 09:03:12 | WARNING | [CashSync] API balance failed (auth error?) - using conservative estimate $5.00 (was $5.00)
2026-04-10 09:03:42 | INFO | Status: cash=$5.00, positions=0, loop=156, active_series=['KXDOGE15M', 'KXBTC15M', 'KXXRP15M', 'KXETH15M', 'KXSOL15M', 'KXHYPE15M', 'KXBNB15M']
2026-04-10 09:03:42 | INFO | Day Realized P&L: $-29.67 (-85.6%) / -$99999.00 daily stop-loss limit
2026-04-10 09:03:42 | INFO | Coins: BTC: idle | ETH: idle | BNB: idle | SOL: idle | DOGE: idle | XRP: idle | HYPE: idle | ADA: idle
2026-04-10 09:03:43 | WARNING | GET https://api.elections.kalshi.com/trade-api/v2/portfolio/balance got 401 - refreshing auth and retrying...
2026-04-10 09:03:43 | WARNING | GET https://api.elections.kalshi.com/trade-api/v2/portfolio/balance got 401 - refreshing auth and retrying...
2026-04-10 09:03:43 | ERROR | GET https://api.elections.kalshi.com/trade-api/v2/portfolio/balance failed after 3 attempts: 401 Client Error: Unauthorized for url: https://api.elections.kalshi.com/trade-api/v2/portfolio/balance
2026-04-10 09:03:43 | WARNING | get_balance error: 401 Client Error: Unauthorized for url: https://api.elections.kalshi.com/trade-api/v2/portfolio/balance
2026-04-10 09:03:43 | INFO | JSON summary saved to /home/ubuntu/.openclaw/workspace/workers/superbot/report.json
2026-04-10 09:03:43 | WARNING | GET https://api.elections.kalshi.com/trade-api/v2/portfolio/orders got 401 - refreshing auth and retrying...
2026-04-10 09:03:43 | WARNING | GET https://api.elections.kalshi.com/trade-api/v2/portfolio/orders got 401 - refreshing auth and retrying...
2026-04-10 09:03:43 | ERROR | GET https://api.elections.kalshi.com/trade-api/v2/portfolio/orders failed after 3 attempts: 401 Client Error: Unauthorized for url: https://api.elections.kalshi.com/trade-api/v2/portfolio/orders?status=open
2026-04-10 09:03:43 | WARNING | GET https://api.elections.kalshi.com/trade-api/v2/portfolio/balance got 401 - refreshing auth and retrying...
2026-04-10 09:03:43 | WARNING | GET https://api.elections.kalshi.com/trade-api/v2/portfolio/balance got 401 - refreshing auth and retrying...
2026-04-10 09:03:43 | ERROR | GET https://api.elections.kalshi.com/trade-api/v2/portfolio/balance failed after 3 attempts: 401 Client Error: Unauthorized for url: https://api.elections.kalshi.com/trade-api/v2/portfolio/balance
2026-04-10 09:03:43 | WARNING | get_balance error: 401 Client Error: Unauthorized for url: https://api.elections.kalshi.com/trade-api/v2/portfolio/balance
2026-04-10 09:03:43 | WARNING | [CashSync] API balance failed (auth error?) - using conservative estimate $5.00 (was $5.00)
2026-04-10 09:04:13 | INFO | Status: cash=$5.00, positions=0, loop=157, active_series=['KXDOGE15M', 'KXBTC15M', 'KXXRP15M', 'KXETH15M', 'KXSOL15M', 'KXHYPE15M', 'KXBNB15M']
2026-04-10 09:04:13 | INFO | Day Realized P&L: $-29.67 (-85.6%) / -$99999.00 daily stop-loss limit
2026-04-10 09:04:13 | INFO | Coins: BTC: idle | ETH: idle | BNB: idle | SOL: idle | DOGE: idle | XRP: idle | HYPE: idle | ADA: idle
2026-04-10 09:04:13 | WARNING | GET https://api.elections.kalshi.com/trade-api/v2/portfolio/balance got 401 - refreshing auth and retrying...
2026-04-10 09:04:13 | WARNING | GET https://api.elections.kalshi.com/trade-api/v2/portfolio/balance got 401 - refreshing auth and retrying...
2026-04-10 09:04:13 | ERROR | GET https://api.elections.kalshi.com/trade-api/v2/portfolio/balance failed after 3 attempts: 401 Client Error: Unauthorized for url: https://api.elections.kalshi.com/trade-api/v2/portfolio/balance
2026-04-10 09:04:13 | WARNING | get_balance error: 401 Client Error: Unauthorized for url: https://api.elections.kalshi.com/trade-api/v2/portfolio/balance
2026-04-10 09:04:13 | INFO | JSON summary saved to /home/ubuntu/.openclaw/workspace/workers/superbot/report.json
2026-04-10 09:04:13 | WARNING | GET https://api.elections.kalshi.com/trade-api/v2/portfolio/orders got 401 - refreshing auth and retrying...
2026-04-10 09:04:13 | WARNING | GET https://api.elections.kalshi.com/trade-api/v2/portfolio/orders got 401 - refreshing auth and retrying...
2026-04-10 09:04:13 | ERROR | GET https://api.elections.kalshi.com/trade-api/v2/portfolio/orders failed after 3 attempts: 401 Client Error: Unauthorized for url: https://api.elections.kalshi.com/trade-api/v2/portfolio/orders?status=open
2026-04-10 09:04:13 | WARNING | GET https://api.elections.kalshi.com/trade-api/v2/portfolio/balance got 401 - refreshing auth and retrying...
2026-04-10 09:04:13 | WARNING | GET https://api.elections.kalshi.com/trade-api/v2/portfolio/balance got 401 - refreshing auth and retrying...
2026-04-10 09:04:13 | ERROR | GET https://api.elections.kalshi.com/trade-api/v2/portfolio/balance failed after 3 attempts: 401 Client Error: Unauthorized for url: https://api.elections.kalshi.com/trade-api/v2/portfolio/balance
2026-04-10 09:04:13 | WARNING | get_balance error: 401 Client Error: Unauthorized for url: https://api.elections.kalshi.com/trade-api/v2/portfolio/balance
2026-04-10 09:04:13 | WARNING | [CashSync] API balance failed (auth error?) - using conservative estimate $5.00 (was $5.00)
2026-04-10 09:04:43 | INFO | Status: cash=$5.00, positions=0, loop=158, active_series=['KXDOGE15M', 'KXBTC15M', 'KXXRP15M', 'KXETH15M', 'KXSOL15M', 'KXHYPE15M', 'KXBNB15M']
2026-04-10 09:04:43 | INFO | Day Realized P&L: $-29.67 (-85.6%) / -$99999.00 daily stop-loss limit
2026-04-10 09:04:43 | INFO | Coins: BTC: idle | ETH: idle | BNB: idle | SOL: idle | DOGE: idle | XRP: idle | HYPE: idle | ADA: idle
2026-04-10 09:04:43 | WARNING | GET https://api.elections.kalshi.com/trade-api/v2/portfolio/balance got 401 - refreshing auth and retrying...
2026-04-10 09:04:43 | WARNING | GET https://api.elections.kalshi.com/trade-api/v2/portfolio/balance got 401 - refreshing auth and retrying...
2026-04-10 09:04:43 | ERROR | GET https://api.elections.kalshi.com/trade-api/v2/portfolio/balance failed after 3 attempts: 401 Client Error: Unauthorized for url: https://api.elections.kalshi.com/trade-api/v2/portfolio/balance
2026-04-10 09:04:43 | WARNING | get_balance error: 401 Client Error: Unauthorized for url: https://api.elections.kalshi.com/trade-api/v2/portfolio/balance
2026-04-10 09:04:43 | INFO | JSON summary saved to /home/ubuntu/.openclaw/workspace/workers/superbot/report.json
2026-04-10 09:04:43 | WARNING | GET https://api.elections.kalshi.com/trade-api/v2/portfolio/orders got 401 - refreshing auth and retrying...
2026-04-10 09:04:44 | WARNING | GET https://api.elections.kalshi.com/trade-api/v2/portfolio/orders got 401 - refreshing auth and retrying...
2026-04-10 09:04:44 | ERROR | GET https://api.elections.kalshi.com/trade-api/v2/portfolio/orders failed after 3 attempts: 401 Client Error: Unauthorized for url: https://api.elections.kalshi.com/trade-api/v2/portfolio/orders?status=open
2026-04-10 09:04:44 | WARNING | GET https://api.elections.kalshi.com/trade-api/v2/portfolio/balance got 401 - refreshing auth and retrying...
2026-04-10 09:04:44 | WARNING | GET https://api.elections.kalshi.com/trade-api/v2/portfolio/balance got 401 - refreshing auth and retrying...
2026-04-10 09:04:44 | ERROR | GET https://api.elections.kalshi.com/trade-api/v2/portfolio/balance failed after 3 attempts: 401 Client Error: Unauthorized for url: https://api.elections.kalshi.com/trade-api/v2/portfolio/balance
2026-04-10 09:04:44 | WARNING | get_balance error: 401 Client Error: Unauthorized for url: https://api.elections.kalshi.com/trade-api/v2/portfolio/balance
2026-04-10 09:04:44 | WARNING | [CashSync] API balance failed (auth error?) - using conservative estimate $5.00 (was $5.00)
2026-04-10 09:05:14 | INFO | Status: cash=$5.00, positions=0, loop=159, active_series=['KXDOGE15M', 'KXBTC15M', 'KXXRP15M', 'KXETH15M', 'KXSOL15M', 'KXHYPE15M', 'KXBNB15M']
2026-04-10 09:05:14 | INFO | Day Realized P&L: $-29.67 (-85.6%) / -$99999.00 daily stop-loss limit
2026-04-10 09:05:14 | INFO | Coins: BTC: idle | ETH: idle | BNB: idle | SOL: idle | DOGE: idle | XRP: idle | HYPE: idle | ADA: idle
2026-04-10 09:05:14 | WARNING | GET https://api.elections.kalshi.com/trade-api/v2/portfolio/balance got 401 - refreshing auth and retrying...
2026-04-10 09:05:14 | WARNING | GET https://api.elections.kalshi.com/trade-api/v2/portfolio/balance got 401 - refreshing auth and retrying...
2026-04-10 09:05:14 | ERROR | GET https://api.elections.kalshi.com/trade-api/v2/portfolio/balance failed after 3 attempts: 401 Client Error: Unauthorized for url: https://api.elections.kalshi.com/trade-api/v2/portfolio/balance
2026-04-10 09:05:14 | WARNING | get_balance error: 401 Client Error: Unauthorized for url: https://api.elections.kalshi.com/trade-api/v2/portfolio/balance
2026-04-10 09:05:14 | INFO | JSON summary saved to /home/ubuntu/.openclaw/workspace/workers/superbot/report.json
2026-04-10 09:05:14 | WARNING | GET https://api.elections.kalshi.com/trade-api/v2/portfolio/orders got 401 - refreshing auth and retrying...
2026-04-10 09:05:14 | WARNING | GET https://api.elections.kalshi.com/trade-api/v2/portfolio/orders got 401 - refreshing auth and retrying...
2026-04-10 09:05:14 | ERROR | GET https://api.elections.kalshi.com/trade-api/v2/portfolio/orders failed after 3 attempts: 401 Client Error: Unauthorized for url: https://api.elections.kalshi.com/trade-api/v2/portfolio/orders?status=open
2026-04-10 09:05:14 | WARNING | GET https://api.elections.kalshi.com/trade-api/v2/portfolio/balance got 401 - refreshing auth and retrying...
2026-04-10 09:05:14 | WARNING | GET https://api.elections.kalshi.com/trade-api/v2/portfolio/balance got 401 - refreshing auth and retrying...
2026-04-10 09:05:14 | ERROR | GET https://api.elections.kalshi.com/trade-api/v2/portfolio/balance failed after 3 attempts: 401 Client Error: Unauthorized for url: https://api.elections.kalshi.com/trade-api/v2/portfolio/balance
2026-04-10 09:05:14 | WARNING | get_balance error: 401 Client Error: Unauthorized for url: https://api.elections.kalshi.com/trade-api/v2/portfolio/balance
2026-04-10 09:05:14 | WARNING | [CashSync] API balance failed (auth error?) - using conservative estimate $5.00 (was $5.00)
2026-04-10 09:05:44 | INFO | Status: cash=$5.00, positions=0, loop=160, active_series=['KXDOGE15M', 'KXBTC15M', 'KXXRP15M', 'KXETH15M', 'KXSOL15M', 'KXHYPE15M', 'KXBNB15M']
2026-04-10 09:05:44 | INFO | Day Realized P&L: $-29.67 (-85.6%) / -$99999.00 daily stop-loss limit
2026-04-10 09:05:44 | INFO | Coins: BTC: idle | ETH: idle | BNB: idle | SOL: idle | DOGE: idle | XRP: idle | HYPE: idle | ADA: idle
2026-04-10 09:05:44 | WARNING | GET https://api.elections.kalshi.com/trade-api/v2/portfolio/balance got 401 - refreshing auth and retrying...
2026-04-10 09:05:44 | WARNING | GET https://api.elections.kalshi.com/trade-api/v2/portfolio/balance got 401 - refreshing auth and retrying...
2026-04-10 09:05:44 | ERROR | GET https://api.elections.kalshi.com/trade-api/v2/portfolio/balance failed after 3 attempts: 401 Client Error: Unauthorized for url: https://api.elections.kalshi.com/trade-api/v2/portfolio/balance
2026-04-10 09:05:44 | WARNING | get_balance error: 401 Client Error: Unauthorized for url: https://api.elections.kalshi.com/trade-api/v2/portfolio/balance
2026-04-10 09:05:44 | INFO | JSON summary saved to /home/ubuntu/.openclaw/workspace/workers/superbot/report.json
2026-04-10 09:05:44 | WARNING | GET https://api.elections.kalshi.com/trade-api/v2/portfolio/orders got 401 - refreshing auth and retrying...
2026-04-10 09:05:44 | WARNING | GET https://api.elections.kalshi.com/trade-api/v2/portfolio/orders got 401 - refreshing auth and retrying...
2026-04-10 09:05:44 | ERROR | GET https://api.elections.kalshi.com/trade-api/v2/portfolio/orders failed after 3 attempts: 401 Client Error: Unauthorized for url: https://api.elections.kalshi.com/trade-api/v2/portfolio/orders?status=open
2026-04-10 09:05:44 | WARNING | GET https://api.elections.kalshi.com/trade-api/v2/portfolio/balance got 401 - refreshing auth and retrying...
2026-04-10 09:05:44 | WARNING | GET https://api.elections.kalshi.com/trade-api/v2/portfolio/balance got 401 - refreshing auth and retrying...
2026-04-10 09:05:44 | ERROR | GET https://api.elections.kalshi.com/trade-api/v2/portfolio/balance failed after 3 attempts: 401 Client Error: Unauthorized for url: https://api.elections.kalshi.com/trade-api/v2/portfolio/balance
2026-04-10 09:05:44 | WARNING | get_balance error: 401 Client Error: Unauthorized for url: https://api.elections.kalshi.com/trade-api/v2/portfolio/balance
2026-04-10 09:05:44 | WARNING | [CashSync] API balance failed (auth error?) - using conservative estimate $5.00 (was $5.00)
2026-04-10 09:06:15 | INFO | Status: cash=$5.00, positions=0, loop=161, active_series=['KXDOGE15M', 'KXBTC15M', 'KXXRP15M', 'KXETH15M', 'KXSOL15M', 'KXHYPE15M', 'KXBNB15M']
2026-04-10 09:06:15 | INFO | Day Realized P&L: $-29.67 (-85.6%) / -$99999.00 daily stop-loss limit
2026-04-10 09:06:15 | INFO | Coins: BTC: idle | ETH: idle | BNB: idle | SOL: idle | DOGE: idle | XRP: idle | HYPE: idle | ADA: idle
2026-04-10 09:06:15 | WARNING | GET https://api.elections.kalshi.com/trade-api/v2/portfolio/balance got 401 - refreshing auth and retrying...
2026-04-10 09:06:15 | WARNING | GET https://api.elections.kalshi.com/trade-api/v2/portfolio/balance got 401 - refreshing auth and retrying...
2026-04-10 09:06:15 | ERROR | GET https://api.elections.kalshi.com/trade-api/v2/portfolio/balance failed after 3 attempts: 401 Client Error: Unauthorized for url: https://api.elections.kalshi.com/trade-api/v2/portfolio/balance
2026-04-10 09:06:15 | WARNING | get_balance error: 401 Client Error: Unauthorized for url: https://api.elections.kalshi.com/trade-api/v2/portfolio/balance
2026-04-10 09:06:15 | INFO | JSON summary saved to /home/ubuntu/.openclaw/workspace/workers/superbot/report.json
2026-04-10 09:06:15 | WARNING | GET https://api.elections.kalshi.com/trade-api/v2/portfolio/orders got 401 - refreshing auth and retrying...
2026-04-10 09:06:15 | WARNING | GET https://api.elections.kalshi.com/trade-api/v2/portfolio/orders got 401 - refreshing auth and retrying...
2026-04-10 09:06:15 | ERROR | GET https://api.elections.kalshi.com/trade-api/v2/portfolio/orders failed after 3 attempts: 401 Client Error: Unauthorized for url: https://api.elections.kalshi.com/trade-api/v2/portfolio/orders?status=open
2026-04-10 09:06:15 | WARNING | GET https://api.elections.kalshi.com/trade-api/v2/portfolio/balance got 401 - refreshing auth and retrying...
2026-04-10 09:06:15 | WARNING | GET https://api.elections.kalshi.com/trade-api/v2/portfolio/balance got 401 - refreshing auth and retrying...
2026-04-10 09:06:15 | ERROR | GET https://api.elections.kalshi.com/trade-api/v2/portfolio/balance failed after 3 attempts: 401 Client Error: Unauthorized for url: https://api.elections.kalshi.com/trade-api/v2/portfolio/balance
2026-04-10 09:06:15 | WARNING | get_balance error: 401 Client Error: Unauthorized for url: https://api.elections.kalshi.com/trade-api/v2/portfolio/balance
2026-04-10 09:06:15 | WARNING | [CashSync] API balance failed (auth error?) - using conservative estimate $5.00 (was $5.00)
2026-04-10 09:06:45 | INFO | Status: cash=$5.00, positions=0, loop=162, active_series=['KXDOGE15M', 'KXBTC15M', 'KXXRP15M', 'KXETH15M', 'KXSOL15M', 'KXHYPE15M', 'KXBNB15M']
2026-04-10 09:06:45 | INFO | Day Realized P&L: $-29.67 (-85.6%) / -$99999.00 daily stop-loss limit
2026-04-10 09:06:45 | INFO | Coins: BTC: idle | ETH: idle | BNB: idle | SOL: idle | DOGE: idle | XRP: idle | HYPE: idle | ADA: idle
2026-04-10 09:06:45 | WARNING | GET https://api.elections.kalshi.com/trade-api/v2/portfolio/balance got 401 - refreshing auth and retrying...
2026-04-10 09:06:45 | WARNING | GET https://api.elections.kalshi.com/trade-api/v2/portfolio/balance got 401 - refreshing auth and retrying...
2026-04-10 09:06:45 | ERROR | GET https://api.elections.kalshi.com/trade-api/v2/portfolio/balance failed after 3 attempts: 401 Client Error: Unauthorized for url: https://api.elections.kalshi.com/trade-api/v2/portfolio/balance
2026-04-10 09:06:45 | WARNING | get_balance error: 401 Client Error: Unauthorized for url: https://api.elections.kalshi.com/trade-api/v2/portfolio/balance
2026-04-10 09:06:45 | INFO | JSON summary saved to /home/ubuntu/.openclaw/workspace/workers/superbot/report.json
2026-04-10 09:06:45 | WARNING | GET https://api.elections.kalshi.com/trade-api/v2/portfolio/orders got 401 - refreshing auth and retrying...
2026-04-10 09:06:45 | WARNING | GET https://api.elections.kalshi.com/trade-api/v2/portfolio/orders got 401 - refreshing auth and retrying...
2026-04-10 09:06:45 | ERROR | GET https://api.elections.kalshi.com/trade-api/v2/portfolio/orders failed after 3 attempts: 401 Client Error: Unauthorized for url: https://api.elections.kalshi.com/trade-api/v2/portfolio/orders?status=open
2026-04-10 09:06:45 | WARNING | GET https://api.elections.kalshi.com/trade-api/v2/portfolio/balance got 401 - refreshing auth and retrying...
2026-04-10 09:06:45 | WARNING | GET https://api.elections.kalshi.com/trade-api/v2/portfolio/balance got 401 - refreshing auth and retrying...
2026-04-10 09:06:45 | ERROR | GET https://api.elections.kalshi.com/trade-api/v2/portfolio/balance failed after 3 attempts: 401 Client Error: Unauthorized for url: https://api.elections.kalshi.com/trade-api/v2/portfolio/balance
2026-04-10 09:06:45 | WARNING | get_balance error: 401 Client Error: Unauthorized for url: https://api.elections.kalshi.com/trade-api/v2/portfolio/balance
2026-04-10 09:06:45 | WARNING | [CashSync] API balance failed (auth error?) - using conservative estimate $5.00 (was $5.00)
2026-04-10 09:07:15 | INFO | Status: cash=$5.00, positions=0, loop=163, active_series=['KXDOGE15M', 'KXBTC15M', 'KXXRP15M', 'KXETH15M', 'KXSOL15M', 'KXHYPE15M', 'KXBNB15M']
2026-04-10 09:07:15 | INFO | Day Realized P&L: $-29.67 (-85.6%) / -$99999.00 daily stop-loss limit
2026-04-10 09:07:15 | INFO | Coins: BTC: idle | ETH: idle | BNB: idle | SOL: idle | DOGE: idle | XRP: idle | HYPE: idle | ADA: idle
2026-04-10 09:07:15 | WARNING | GET https://api.elections.kalshi.com/trade-api/v2/portfolio/balance got 401 - refreshing auth and retrying...
2026-04-10 09:07:15 | WARNING | GET https://api.elections.kalshi.com/trade-api/v2/portfolio/balance got 401 - refreshing auth and retrying...
2026-04-10 09:07:15 | ERROR | GET https://api.elections.kalshi.com/trade-api/v2/portfolio/balance failed after 3 attempts: 401 Client Error: Unauthorized for url: https://api.elections.kalshi.com/trade-api/v2/portfolio/balance
2026-04-10 09:07:15 | WARNING | get_balance error: 401 Client Error: Unauthorized for url: https://api.elections.kalshi.com/trade-api/v2/portfolio/balance
2026-04-10 09:07:15 | INFO | JSON summary saved to /home/ubuntu/.openclaw/workspace/workers/superbot/report.json
2026-04-10 09:07:16 | WARNING | GET https://api.elections.kalshi.com/trade-api/v2/portfolio/orders got 401 - refreshing auth and retrying...
2026-04-10 09:07:16 | WARNING | GET https://api.elections.kalshi.com/trade-api/v2/portfolio/orders got 401 - refreshing auth and retrying...
2026-04-10 09:07:16 | ERROR | GET https://api.elections.kalshi.com/trade-api/v2/portfolio/orders failed after 3 attempts: 401 Client Error: Unauthorized for url: https://api.elections.kalshi.com/trade-api/v2/portfolio/orders?status=open
2026-04-10 09:07:16 | WARNING | GET https://api.elections.kalshi.com/trade-api/v2/portfolio/balance got 401 - refreshing auth and retrying...
2026-04-10 09:07:16 | WARNING | GET https://api.elections.kalshi.com/trade-api/v2/portfolio/balance got 401 - refreshing auth and retrying...
2026-04-10 09:07:16 | ERROR | GET https://api.elections.kalshi.com/trade-api/v2/portfolio/balance failed after 3 attempts: 401 Client Error: Unauthorized for url: https://api.elections.kalshi.com/trade-api/v2/portfolio/balance
2026-04-10 09:07:16 | WARNING | get_balance error: 401 Client Error: Unauthorized for url: https://api.elections.kalshi.com/trade-api/v2/portfolio/balance
2026-04-10 09:07:16 | WARNING | [CashSync] API balance failed (auth error?) - using conservative estimate $5.00 (was $5.00)
2026-04-10 09:07:46 | INFO | Status: cash=$5.00, positions=0, loop=164, active_series=['KXDOGE15M', 'KXBTC15M', 'KXXRP15M', 'KXETH15M', 'KXSOL15M', 'KXHYPE15M', 'KXBNB15M']
2026-04-10 09:07:46 | INFO | Day Realized P&L: $-29.67 (-85.6%) / -$99999.00 daily stop-loss limit
2026-04-10 09:07:46 | INFO | Coins: BTC: idle | ETH: idle | BNB: idle | SOL: idle | DOGE: idle | XRP: idle | HYPE: idle | ADA: idle
2026-04-10 09:07:46 | WARNING | GET https://api.elections.kalshi.com/trade-api/v2/portfolio/balance got 401 - refreshing auth and retrying...
2026-04-10 09:07:46 | WARNING | GET https://api.elections.kalshi.com/trade-api/v2/portfolio/balance got 401 - refreshing auth and retrying...
2026-04-10 09:07:46 | ERROR | GET https://api.elections.kalshi.com/trade-api/v2/portfolio/balance failed after 3 attempts: 401 Client Error: Unauthorized for url: https://api.elections.kalshi.com/trade-api/v2/portfolio/balance
2026-04-10 09:07:46 | WARNING | get_balance error: 401 Client Error: Unauthorized for url: https://api.elections.kalshi.com/trade-api/v2/portfolio/balance
2026-04-10 09:07:46 | INFO | JSON summary saved to /home/ubuntu/.openclaw/workspace/workers/superbot/report.json
2026-04-10 09:07:46 | WARNING | GET https://api.elections.kalshi.com/trade-api/v2/portfolio/orders got 401 - refreshing auth and retrying...
2026-04-10 09:07:46 | WARNING | GET https://api.elections.kalshi.com/trade-api/v2/portfolio/orders got 401 - refreshing auth and retrying...
2026-04-10 09:07:46 | ERROR | GET https://api.elections.kalshi.com/trade-api/v2/portfolio/orders failed after 3 attempts: 401 Client Error: Unauthorized for url: https://api.elections.kalshi.com/trade-api/v2/portfolio/orders?status=open
2026-04-10 09:07:46 | WARNING | GET https://api.elections.kalshi.com/trade-api/v2/portfolio/balance got 401 - refreshing auth and retrying...
2026-04-10 09:07:46 | WARNING | GET https://api.elections.kalshi.com/trade-api/v2/portfolio/balance got 401 - refreshing auth and retrying...
2026-04-10 09:07:46 | ERROR | GET https://api.elections.kalshi.com/trade-api/v2/portfolio/balance failed after 3 attempts: 401 Client Error: Unauthorized for url: https://api.elections.kalshi.com/trade-api/v2/portfolio/balance
2026-04-10 09:07:46 | WARNING | get_balance error: 401 Client Error: Unauthorized for url: https://api.elections.kalshi.com/trade-api/v2/portfolio/balance
2026-04-10 09:07:46 | WARNING | [CashSync] API balance failed (auth error?) - using conservative estimate $5.00 (was $5.00)
2026-04-10 09:08:16 | INFO | Status: cash=$5.00, positions=0, loop=165, active_series=['KXDOGE15M', 'KXBTC15M', 'KXXRP15M', 'KXETH15M', 'KXSOL15M', 'KXHYPE15M', 'KXBNB15M']
2026-04-10 09:08:16 | INFO | Day Realized P&L: $-29.67 (-85.6%) / -$99999.00 daily stop-loss limit
2026-04-10 09:08:16 | INFO | Coins: BTC: idle | ETH: idle | BNB: idle | SOL: idle | DOGE: idle | XRP: idle | HYPE: idle | ADA: idle
2026-04-10 09:08:16 | WARNING | GET https://api.elections.kalshi.com/trade-api/v2/portfolio/balance got 401 - refreshing auth and retrying...
2026-04-10 09:08:16 | WARNING | GET https://api.elections.kalshi.com/trade-api/v2/portfolio/balance got 401 - refreshing auth and retrying...
2026-04-10 09:08:16 | ERROR | GET https://api.elections.kalshi.com/trade-api/v2/portfolio/balance failed after 3 attempts: 401 Client Error: Unauthorized for url: https://api.elections.kalshi.com/trade-api/v2/portfolio/balance
2026-04-10 09:08:16 | WARNING | get_balance error: 401 Client Error: Unauthorized for url: https://api.elections.kalshi.com/trade-api/v2/portfolio/balance
2026-04-10 09:08:16 | INFO | JSON summary saved to /home/ubuntu/.openclaw/workspace/workers/superbot/report.json
2026-04-10 09:08:16 | WARNING | GET https://api.elections.kalshi.com/trade-api/v2/portfolio/orders got 401 - refreshing auth and retrying...
2026-04-10 09:08:16 | WARNING | GET https://api.elections.kalshi.com/trade-api/v2/portfolio/orders got 401 - refreshing auth and retrying...
2026-04-10 09:08:16 | ERROR | GET https://api.elections.kalshi.com/trade-api/v2/portfolio/orders failed after 3 attempts: 401 Client Error: Unauthorized for url: https://api.elections.kalshi.com/trade-api/v2/portfolio/orders?status=open
2026-04-10 09:08:16 | WARNING | GET https://api.elections.kalshi.com/trade-api/v2/portfolio/balance got 401 - refreshing auth and retrying...
2026-04-10 09:08:16 | WARNING | GET https://api.elections.kalshi.com/trade-api/v2/portfolio/balance got 401 - refreshing auth and retrying...
2026-04-10 09:08:16 | ERROR | GET https://api.elections.kalshi.com/trade-api/v2/portfolio/balance failed after 3 attempts: 401 Client Error: Unauthorized for url: https://api.elections.kalshi.com/trade-api/v2/portfolio/balance
2026-04-10 09:08:16 | WARNING | get_balance error: 401 Client Error: Unauthorized for url: https://api.elections.kalshi.com/trade-api/v2/portfolio/balance
2026-04-10 09:08:16 | WARNING | [CashSync] API balance failed (auth error?) - using conservative estimate $5.00 (was $5.00)
2026-04-10 09:08:47 | INFO | Status: cash=$5.00, positions=0, loop=166, active_series=['KXDOGE15M', 'KXBTC15M', 'KXXRP15M', 'KXETH15M', 'KXSOL15M', 'KXHYPE15M', 'KXBNB15M']
2026-04-10 09:08:47 | INFO | Day Realized P&L: $-29.67 (-85.6%) / -$99999.00 daily stop-loss limit
2026-04-10 09:08:47 | INFO | Coins: BTC: idle | ETH: idle | BNB: idle | SOL: idle | DOGE: idle | XRP: idle | HYPE: idle | ADA: idle
2026-04-10 09:08:47 | WARNING | GET https://api.elections.kalshi.com/trade-api/v2/portfolio/balance got 401 - refreshing auth and retrying...
2026-04-10 09:08:47 | WARNING | GET https://api.elections.kalshi.com/trade-api/v2/portfolio/balance got 401 - refreshing auth and retrying...
2026-04-10 09:08:47 | ERROR | GET https://api.elections.kalshi.com/trade-api/v2/portfolio/balance failed after 3 attempts: 401 Client Error: Unauthorized for url: https://api.elections.kalshi.com/trade-api/v2/portfolio/balance
2026-04-10 09:08:47 | WARNING | get_balance error: 401 Client Error: Unauthorized for url: https://api.elections.kalshi.com/trade-api/v2/portfolio/balance
2026-04-10 09:08:47 | INFO | JSON summary saved to /home/ubuntu/.openclaw/workspace/workers/superbot/report.json
2026-04-10 09:08:47 | WARNING | GET https://api.elections.kalshi.com/trade-api/v2/portfolio/orders got 401 - refreshing auth and retrying...
2026-04-10 09:08:47 | WARNING | GET https://api.elections.kalshi.com/trade-api/v2/portfolio/orders got 401 - refreshing auth and retrying...
2026-04-10 09:08:47 | ERROR | GET https://api.elections.kalshi.com/trade-api/v2/portfolio/orders failed after 3 attempts: 401 Client Error: Unauthorized for url: https://api.elections.kalshi.com/trade-api/v2/portfolio/orders?status=open
2026-04-10 09:08:47 | WARNING | GET https://api.elections.kalshi.com/trade-api/v2/portfolio/balance got 401 - refreshing auth and retrying...
2026-04-10 09:08:47 | WARNING | GET https://api.elections.kalshi.com/trade-api/v2/portfolio/balance got 401 - refreshing auth and retrying...
2026-04-10 09:08:47 | ERROR | GET https://api.elections.kalshi.com/trade-api/v2/portfolio/balance failed after 3 attempts: 401 Client Error: Unauthorized for url: https://api.elections.kalshi.com/trade-api/v2/portfolio/balance
2026-04-10 09:08:47 | WARNING | get_balance error: 401 Client Error: Unauthorized for url: https://api.elections.kalshi.com/trade-api/v2/portfolio/balance
2026-04-10 09:08:47 | WARNING | [CashSync] API balance failed (auth error?) - using conservative estimate $5.00 (was $5.00)
2026-04-10 09:09:17 | INFO | Status: cash=$5.00, positions=0, loop=167, active_series=['KXDOGE15M', 'KXBTC15M', 'KXXRP15M', 'KXETH15M', 'KXSOL15M', 'KXHYPE15M', 'KXBNB15M']
2026-04-10 09:09:17 | INFO | Day Realized P&L: $-29.67 (-85.6%) / -$99999.00 daily stop-loss limit
2026-04-10 09:09:17 | INFO | Coins: BTC: idle | ETH: idle | BNB: idle | SOL: idle | DOGE: idle | XRP: idle | HYPE: idle | ADA: idle
2026-04-10 09:09:17 | WARNING | GET https://api.elections.kalshi.com/trade-api/v2/portfolio/balance got 401 - refreshing auth and retrying...
2026-04-10 09:09:17 | WARNING | GET https://api.elections.kalshi.com/trade-api/v2/portfolio/balance got 401 - refreshing auth and retrying...
2026-04-10 09:09:17 | ERROR | GET https://api.elections.kalshi.com/trade-api/v2/portfolio/balance failed after 3 attempts: 401 Client Error: Unauthorized for url: https://api.elections.kalshi.com/trade-api/v2/portfolio/balance
2026-04-10 09:09:17 | WARNING | get_balance error: 401 Client Error: Unauthorized for url: https://api.elections.kalshi.com/trade-api/v2/portfolio/balance
2026-04-10 09:09:17 | INFO | JSON summary saved to /home/ubuntu/.openclaw/workspace/workers/superbot/report.json
2026-04-10 09:09:17 | WARNING | GET https://api.elections.kalshi.com/trade-api/v2/portfolio/orders got 401 - refreshing auth and retrying...
2026-04-10 09:09:17 | WARNING | GET https://api.elections.kalshi.com/trade-api/v2/portfolio/orders got 401 - refreshing auth and retrying...
2026-04-10 09:09:17 | ERROR | GET https://api.elections.kalshi.com/trade-api/v2/portfolio/orders failed after 3 attempts: 401 Client Error: Unauthorized for url: https://api.elections.kalshi.com/trade-api/v2/portfolio/orders?status=open
2026-04-10 09:09:17 | WARNING | GET https://api.elections.kalshi.com/trade-api/v2/portfolio/balance got 401 - refreshing auth and retrying...
2026-04-10 09:09:17 | WARNING | GET https://api.elections.kalshi.com/trade-api/v2/portfolio/balance got 401 - refreshing auth and retrying...
2026-04-10 09:09:17 | ERROR | GET https://api.elections.kalshi.com/trade-api/v2/portfolio/balance failed after 3 attempts: 401 Client Error: Unauthorized for url: https://api.elections.kalshi.com/trade-api/v2/portfolio/balance
2026-04-10 09:09:17 | WARNING | get_balance error: 401 Client Error: Unauthorized for url: https://api.elections.kalshi.com/trade-api/v2/portfolio/balance
2026-04-10 09:09:17 | WARNING | [CashSync] API balance failed (auth error?) - using conservative estimate $5.00 (was $5.00)
2026-04-10 09:09:47 | INFO | Status: cash=$5.00, positions=0, loop=168, active_series=['KXDOGE15M', 'KXBTC15M', 'KXXRP15M', 'KXETH15M', 'KXSOL15M', 'KXHYPE15M', 'KXBNB15M']
2026-04-10 09:09:47 | INFO | Day Realized P&L: $-29.67 (-85.6%) / -$99999.00 daily stop-loss limit
2026-04-10 09:09:47 | INFO | Coins: BTC: idle | ETH: idle | BNB: idle | SOL: idle | DOGE: idle | XRP: idle | HYPE: idle | ADA: idle
2026-04-10 09:09:47 | WARNING | GET https://api.elections.kalshi.com/trade-api/v2/portfolio/balance got 401 - refreshing auth and retrying...
2026-04-10 09:09:48 | WARNING | GET https://api.elections.kalshi.com/trade-api/v2/portfolio/balance got 401 - refreshing auth and retrying...
2026-04-10 09:09:48 | ERROR | GET https://api.elections.kalshi.com/trade-api/v2/portfolio/balance failed after 3 attempts: 401 Client Error: Unauthorized for url: https://api.elections.kalshi.com/trade-api/v2/portfolio/balance
2026-04-10 09:09:48 | WARNING | get_balance error: 401 Client Error: Unauthorized for url: https://api.elections.kalshi.com/trade-api/v2/portfolio/balance
2026-04-10 09:09:48 | INFO | JSON summary saved to /home/ubuntu/.openclaw/workspace/workers/superbot/report.json
2026-04-10 09:09:48 | WARNING | GET https://api.elections.kalshi.com/trade-api/v2/portfolio/orders got 401 - refreshing auth and retrying...
2026-04-10 09:09:48 | WARNING | GET https://api.elections.kalshi.com/trade-api/v2/portfolio/orders got 401 - refreshing auth and retrying...
2026-04-10 09:09:48 | ERROR | GET https://api.elections.kalshi.com/trade-api/v2/portfolio/orders failed after 3 attempts: 401 Client Error: Unauthorized for url: https://api.elections.kalshi.com/trade-api/v2/portfolio/orders?status=open
2026-04-10 09:09:48 | WARNING | GET https://api.elections.kalshi.com/trade-api/v2/portfolio/balance got 401 - refreshing auth and retrying...
2026-04-10 09:09:48 | WARNING | GET https://api.elections.kalshi.com/trade-api/v2/portfolio/balance got 401 - refreshing auth and retrying...
2026-04-10 09:09:48 | ERROR | GET https://api.elections.kalshi.com/trade-api/v2/portfolio/balance failed after 3 attempts: 401 Client Error: Unauthorized for url: https://api.elections.kalshi.com/trade-api/v2/portfolio/balance
2026-04-10 09:09:48 | WARNING | get_balance error: 401 Client Error: Unauthorized for url: https://api.elections.kalshi.com/trade-api/v2/portfolio/balance
2026-04-10 09:09:48 | WARNING | [CashSync] API balance failed (auth error?) - using conservative estimate $5.00 (was $5.00)
2026-04-10 09:10:18 | INFO | Status: cash=$5.00, positions=0, loop=169, active_series=['KXDOGE15M', 'KXBTC15M', 'KXXRP15M', 'KXETH15M', 'KXSOL15M', 'KXHYPE15M', 'KXBNB15M']
2026-04-10 09:10:18 | INFO | Day Realized P&L: $-29.67 (-85.6%) / -$99999.00 daily stop-loss limit
2026-04-10 09:10:18 | INFO | Coins: BTC: idle | ETH: idle | BNB: idle | SOL: idle | DOGE: idle | XRP: idle | HYPE: idle | ADA: idle
2026-04-10 09:10:18 | WARNING | GET https://api.elections.kalshi.com/trade-api/v2/portfolio/balance got 401 - refreshing auth and retrying...
2026-04-10 09:10:18 | WARNING | GET https://api.elections.kalshi.com/trade-api/v2/portfolio/balance got 401 - refreshing auth and retrying...
2026-04-10 09:10:18 | ERROR | GET https://api.elections.kalshi.com/trade-api/v2/portfolio/balance failed after 3 attempts: 401 Client Error: Unauthorized for url: https://api.elections.kalshi.com/trade-api/v2/portfolio/balance
2026-04-10 09:10:18 | WARNING | get_balance error: 401 Client Error: Unauthorized for url: https://api.elections.kalshi.com/trade-api/v2/portfolio/balance
2026-04-10 09:10:18 | INFO | JSON summary saved to /home/ubuntu/.openclaw/workspace/workers/superbot/report.json
2026-04-10 09:10:18 | WARNING | GET https://api.elections.kalshi.com/trade-api/v2/portfolio/orders got 401 - refreshing auth and retrying...
2026-04-10 09:10:18 | WARNING | GET https://api.elections.kalshi.com/trade-api/v2/portfolio/orders got 401 - refreshing auth and retrying...
2026-04-10 09:10:18 | ERROR | GET https://api.elections.kalshi.com/trade-api/v2/portfolio/orders failed after 3 attempts: 401 Client Error: Unauthorized for url: https://api.elections.kalshi.com/trade-api/v2/portfolio/orders?status=open
2026-04-10 09:10:18 | WARNING | GET https://api.elections.kalshi.com/trade-api/v2/portfolio/balance got 401 - refreshing auth and retrying...
2026-04-10 09:10:18 | WARNING | GET https://api.elections.kalshi.com/trade-api/v2/portfolio/balance got 401 - refreshing auth and retrying...
2026-04-10 09:10:18 | ERROR | GET https://api.elections.kalshi.com/trade-api/v2/portfolio/balance failed after 3 attempts: 401 Client Error: Unauthorized for url: https://api.elections.kalshi.com/trade-api/v2/portfolio/balance
2026-04-10 09:10:18 | WARNING | get_balance error: 401 Client Error: Unauthorized for url: https://api.elections.kalshi.com/trade-api/v2/portfolio/balance
2026-04-10 09:10:18 | WARNING | [CashSync] API balance failed (auth error?) - using conservative estimate $5.00 (was $5.00)
2026-04-10 09:10:48 | INFO | Status: cash=$5.00, positions=0, loop=170, active_series=['KXDOGE15M', 'KXBTC15M', 'KXXRP15M', 'KXETH15M', 'KXSOL15M', 'KXHYPE15M', 'KXBNB15M']
2026-04-10 09:10:48 | INFO | Day Realized P&L: $-29.67 (-85.6%) / -$99999.00 daily stop-loss limit
2026-04-10 09:10:48 | INFO | Coins: BTC: idle | ETH: idle | BNB: idle | SOL: idle | DOGE: idle | XRP: idle | HYPE: idle | ADA: idle
2026-04-10 09:10:48 | WARNING | GET https://api.elections.kalshi.com/trade-api/v2/portfolio/balance got 401 - refreshing auth and retrying...
2026-04-10 09:10:48 | WARNING | GET https://api.elections.kalshi.com/trade-api/v2/portfolio/balance got 401 - refreshing auth and retrying...
2026-04-10 09:10:48 | ERROR | GET https://api.elections.kalshi.com/trade-api/v2/portfolio/balance failed after 3 attempts: 401 Client Error: Unauthorized for url: https://api.elections.kalshi.com/trade-api/v2/portfolio/balance
2026-04-10 09:10:48 | WARNING | get_balance error: 401 Client Error: Unauthorized for url: https://api.elections.kalshi.com/trade-api/v2/portfolio/balance
2026-04-10 09:10:48 | INFO | JSON summary saved to /home/ubuntu/.openclaw/workspace/workers/superbot/report.json
2026-04-10 09:10:48 | WARNING | GET https://api.elections.kalshi.com/trade-api/v2/portfolio/orders got 401 - refreshing auth and retrying...
2026-04-10 09:10:48 | WARNING | GET https://api.elections.kalshi.com/trade-api/v2/portfolio/orders got 401 - refreshing auth and retrying...
2026-04-10 09:10:48 | ERROR | GET https://api.elections.kalshi.com/trade-api/v2/portfolio/orders failed after 3 attempts: 401 Client Error: Unauthorized for url: https://api.elections.kalshi.com/trade-api/v2/portfolio/orders?status=open
2026-04-10 09:10:48 | WARNING | GET https://api.elections.kalshi.com/trade-api/v2/portfolio/balance got 401 - refreshing auth and retrying...
2026-04-10 09:10:48 | WARNING | GET https://api.elections.kalshi.com/trade-api/v2/portfolio/balance got 401 - refreshing auth and retrying...
2026-04-10 09:10:48 | ERROR | GET https://api.elections.kalshi.com/trade-api/v2/portfolio/balance failed after 3 attempts: 401 Client Error: Unauthorized for url: https://api.elections.kalshi.com/trade-api/v2/portfolio/balance
2026-04-10 09:10:48 | WARNING | get_balance error: 401 Client Error: Unauthorized for url: https://api.elections.kalshi.com/trade-api/v2/portfolio/balance
2026-04-10 09:10:48 | WARNING | [CashSync] API balance failed (auth error?) - using conservative estimate $5.00 (was $5.00)
2026-04-10 09:11:19 | INFO | Status: cash=$5.00, positions=0, loop=171, active_series=['KXDOGE15M', 'KXBTC15M', 'KXXRP15M', 'KXETH15M', 'KXSOL15M', 'KXHYPE15M', 'KXBNB15M']
2026-04-10 09:11:19 | INFO | Day Realized P&L: $-29.67 (-85.6%) / -$99999.00 daily stop-loss limit
2026-04-10 09:11:19 | INFO | Coins: BTC: idle | ETH: idle | BNB: idle | SOL: idle | DOGE: idle | XRP: idle | HYPE: idle | ADA: idle
2026-04-10 09:11:19 | WARNING | GET https://api.elections.kalshi.com/trade-api/v2/portfolio/balance got 401 - refreshing auth and retrying...
2026-04-10 09:11:19 | WARNING | GET https://api.elections.kalshi.com/trade-api/v2/portfolio/balance got 401 - refreshing auth and retrying...
2026-04-10 09:11:19 | ERROR | GET https://api.elections.kalshi.com/trade-api/v2/portfolio/balance failed after 3 attempts: 401 Client Error: Unauthorized for url: https://api.elections.kalshi.com/trade-api/v2/portfolio/balance
2026-04-10 09:11:19 | WARNING | get_balance error: 401 Client Error: Unauthorized for url: https://api.elections.kalshi.com/trade-api/v2/portfolio/balance
2026-04-10 09:11:19 | INFO | JSON summary saved to /home/ubuntu/.openclaw/workspace/workers/superbot/report.json
2026-04-10 09:11:19 | WARNING | GET https://api.elections.kalshi.com/trade-api/v2/portfolio/orders got 401 - refreshing auth and retrying...
2026-04-10 09:11:19 | WARNING | GET https://api.elections.kalshi.com/trade-api/v2/portfolio/orders got 401 - refreshing auth and retrying...
2026-04-10 09:11:19 | ERROR | GET https://api.elections.kalshi.com/trade-api/v2/portfolio/orders failed after 3 attempts: 401 Client Error: Unauthorized for url: https://api.elections.kalshi.com/trade-api/v2/portfolio/orders?status=open
2026-04-10 09:11:19 | WARNING | GET https://api.elections.kalshi.com/trade-api/v2/portfolio/balance got 401 - refreshing auth and retrying...
2026-04-10 09:11:19 | WARNING | GET https://api.elections.kalshi.com/trade-api/v2/portfolio/balance got 401 - refreshing auth and retrying...
2026-04-10 09:11:19 | ERROR | GET https://api.elections.kalshi.com/trade-api/v2/portfolio/balance failed after 3 attempts: 401 Client Error: Unauthorized for url: https://api.elections.kalshi.com/trade-api/v2/portfolio/balance
2026-04-10 09:11:19 | WARNING | get_balance error: 401 Client Error: Unauthorized for url: https://api.elections.kalshi.com/trade-api/v2/portfolio/balance
2026-04-10 09:11:19 | WARNING | [CashSync] API balance failed (auth error?) - using conservative estimate $5.00 (was $5.00)
2026-04-10 09:11:49 | INFO | Status: cash=$5.00, positions=0, loop=172, active_series=['KXDOGE15M', 'KXBTC15M', 'KXXRP15M', 'KXETH15M', 'KXSOL15M', 'KXHYPE15M', 'KXBNB15M']
2026-04-10 09:11:49 | INFO | Day Realized P&L: $-29.67 (-85.6%) / -$99999.00 daily stop-loss limit
2026-04-10 09:11:49 | INFO | Coins: BTC: idle | ETH: idle | BNB: idle | SOL: idle | DOGE: idle | XRP: idle | HYPE: idle | ADA: idle
2026-04-10 09:11:49 | WARNING | GET https://api.elections.kalshi.com/trade-api/v2/portfolio/balance got 401 - refreshing auth and retrying...
2026-04-10 09:11:49 | WARNING | GET https://api.elections.kalshi.com/trade-api/v2/portfolio/balance got 401 - refreshing auth and retrying...
2026-04-10 09:11:49 | ERROR | GET https://api.elections.kalshi.com/trade-api/v2/portfolio/balance failed after 3 attempts: 401 Client Error: Unauthorized for url: https://api.elections.kalshi.com/trade-api/v2/portfolio/balance
2026-04-10 09:11:49 | WARNING | get_balance error: 401 Client Error: Unauthorized for url: https://api.elections.kalshi.com/trade-api/v2/portfolio/balance
2026-04-10 09:11:49 | INFO | JSON summary saved to /home/ubuntu/.openclaw/workspace/workers/superbot/report.json
2026-04-10 09:11:49 | WARNING | GET https://api.elections.kalshi.com/trade-api/v2/portfolio/orders got 401 - refreshing auth and retrying...
2026-04-10 09:11:49 | WARNING | GET https://api.elections.kalshi.com/trade-api/v2/portfolio/orders got 401 - refreshing auth and retrying...
2026-04-10 09:11:49 | ERROR | GET https://api.elections.kalshi.com/trade-api/v2/portfolio/orders failed after 3 attempts: 401 Client Error: Unauthorized for url: https://api.elections.kalshi.com/trade-api/v2/portfolio/orders?status=open
2026-04-10 09:11:49 | WARNING | GET https://api.elections.kalshi.com/trade-api/v2/portfolio/balance got 401 - refreshing auth and retrying...
2026-04-10 09:11:49 | WARNING | GET https://api.elections.kalshi.com/trade-api/v2/portfolio/balance got 401 - refreshing auth and retrying...
2026-04-10 09:11:49 | ERROR | GET https://api.elections.kalshi.com/trade-api/v2/portfolio/balance failed after 3 attempts: 401 Client Error: Unauthorized for url: https://api.elections.kalshi.com/trade-api/v2/portfolio/balance
2026-04-10 09:11:49 | WARNING | get_balance error: 401 Client Error: Unauthorized for url: https://api.elections.kalshi.com/trade-api/v2/portfolio/balance
2026-04-10 09:11:49 | WARNING | [CashSync] API balance failed (auth error?) - using conservative estimate $5.00 (was $5.00)
2026-04-10 09:12:19 | INFO | Status: cash=$5.00, positions=0, loop=173, active_series=['KXDOGE15M', 'KXBTC15M', 'KXXRP15M', 'KXETH15M', 'KXSOL15M', 'KXHYPE15M', 'KXBNB15M']
2026-04-10 09:12:19 | INFO | Day Realized P&L: $-29.67 (-85.6%) / -$99999.00 daily stop-loss limit
2026-04-10 09:12:19 | INFO | Coins: BTC: idle | ETH: idle | BNB: idle | SOL: idle | DOGE: idle | XRP: idle | HYPE: idle | ADA: idle
2026-04-10 09:12:19 | WARNING | GET https://api.elections.kalshi.com/trade-api/v2/portfolio/balance got 401 - refreshing auth and retrying...
2026-04-10 09:12:19 | WARNING | GET https://api.elections.kalshi.com/trade-api/v2/portfolio/balance got 401 - refreshing auth and retrying...
2026-04-10 09:12:19 | ERROR | GET https://api.elections.kalshi.com/trade-api/v2/portfolio/balance failed after 3 attempts: 401 Client Error: Unauthorized for url: https://api.elections.kalshi.com/trade-api/v2/portfolio/balance
2026-04-10 09:12:19 | WARNING | get_balance error: 401 Client Error: Unauthorized for url: https://api.elections.kalshi.com/trade-api/v2/portfolio/balance
2026-04-10 09:12:19 | INFO | JSON summary saved to /home/ubuntu/.openclaw/workspace/workers/superbot/report.json
2026-04-10 09:12:19 | WARNING | GET https://api.elections.kalshi.com/trade-api/v2/portfolio/orders got 401 - refreshing auth and retrying...
2026-04-10 09:12:19 | WARNING | GET https://api.elections.kalshi.com/trade-api/v2/portfolio/orders got 401 - refreshing auth and retrying...
2026-04-10 09:12:20 | ERROR | GET https://api.elections.kalshi.com/trade-api/v2/portfolio/orders failed after 3 attempts: 401 Client Error: Unauthorized for url: https://api.elections.kalshi.com/trade-api/v2/portfolio/orders?status=open
2026-04-10 09:12:20 | WARNING | GET https://api.elections.kalshi.com/trade-api/v2/portfolio/balance got 401 - refreshing auth and retrying...
2026-04-10 09:12:20 | WARNING | GET https://api.elections.kalshi.com/trade-api/v2/portfolio/balance got 401 - refreshing auth and retrying...
2026-04-10 09:12:20 | ERROR | GET https://api.elections.kalshi.com/trade-api/v2/portfolio/balance failed after 3 attempts: 401 Client Error: Unauthorized for url: https://api.elections.kalshi.com/trade-api/v2/portfolio/balance
2026-04-10 09:12:20 | WARNING | get_balance error: 401 Client Error: Unauthorized for url: https://api.elections.kalshi.com/trade-api/v2/portfolio/balance
2026-04-10 09:12:20 | WARNING | [CashSync] API balance failed (auth error?) - using conservative estimate $5.00 (was $5.00)
2026-04-10 09:12:50 | INFO | Status: cash=$5.00, positions=0, loop=174, active_series=['KXDOGE15M', 'KXBTC15M', 'KXXRP15M', 'KXETH15M', 'KXSOL15M', 'KXHYPE15M', 'KXBNB15M']
2026-04-10 09:12:50 | INFO | Day Realized P&L: $-29.67 (-85.6%) / -$99999.00 daily stop-loss limit
2026-04-10 09:12:50 | INFO | Coins: BTC: idle | ETH: idle | BNB: idle | SOL: idle | DOGE: idle | XRP: idle | HYPE: idle | ADA: idle
2026-04-10 09:12:50 | WARNING | GET https://api.elections.kalshi.com/trade-api/v2/portfolio/balance got 401 - refreshing auth and retrying...
2026-04-10 09:12:50 | WARNING | GET https://api.elections.kalshi.com/trade-api/v2/portfolio/balance got 401 - refreshing auth and retrying...
2026-04-10 09:12:50 | ERROR | GET https://api.elections.kalshi.com/trade-api/v2/portfolio/balance failed after 3 attempts: 401 Client Error: Unauthorized for url: https://api.elections.kalshi.com/trade-api/v2/portfolio/balance
2026-04-10 09:12:50 | WARNING | get_balance error: 401 Client Error: Unauthorized for url: https://api.elections.kalshi.com/trade-api/v2/portfolio/balance
2026-04-10 09:12:50 | INFO | JSON summary saved to /home/ubuntu/.openclaw/workspace/workers/superbot/report.json
2026-04-10 09:12:50 | WARNING | GET https://api.elections.kalshi.com/trade-api/v2/portfolio/orders got 401 - refreshing auth and retrying...
2026-04-10 09:12:50 | WARNING | GET https://api.elections.kalshi.com/trade-api/v2/portfolio/orders got 401 - refreshing auth and retrying...
2026-04-10 09:12:50 | ERROR | GET https://api.elections.kalshi.com/trade-api/v2/portfolio/orders failed after 3 attempts: 401 Client Error: Unauthorized for url: https://api.elections.kalshi.com/trade-api/v2/portfolio/orders?status=open
2026-04-10 09:12:50 | WARNING | GET https://api.elections.kalshi.com/trade-api/v2/portfolio/balance got 401 - refreshing auth and retrying...
2026-04-10 09:12:50 | WARNING | GET https://api.elections.kalshi.com/trade-api/v2/portfolio/balance got 401 - refreshing auth and retrying...
2026-04-10 09:12:50 | ERROR | GET https://api.elections.kalshi.com/trade-api/v2/portfolio/balance failed after 3 attempts: 401 Client Error: Unauthorized for url: https://api.elections.kalshi.com/trade-api/v2/portfolio/balance
2026-04-10 09:12:50 | WARNING | get_balance error: 401 Client Error: Unauthorized for url: https://api.elections.kalshi.com/trade-api/v2/portfolio/balance
2026-04-10 09:12:50 | WARNING | [CashSync] API balance failed (auth error?) - using conservative estimate $5.00 (was $5.00)
2026-04-10 09:13:20 | INFO | Status: cash=$5.00, positions=0, loop=175, active_series=['KXDOGE15M', 'KXBTC15M', 'KXXRP15M', 'KXETH15M', 'KXSOL15M', 'KXHYPE15M', 'KXBNB15M']
2026-04-10 09:13:20 | INFO | Day Realized P&L: $-29.67 (-85.6%) / -$99999.00 daily stop-loss limit
2026-04-10 09:13:20 | INFO | Coins: BTC: idle | ETH: idle | BNB: idle | SOL: idle | DOGE: idle | XRP: idle | HYPE: idle | ADA: idle
2026-04-10 09:13:20 | WARNING | GET https://api.elections.kalshi.com/trade-api/v2/portfolio/balance got 401 - refreshing auth and retrying...
2026-04-10 09:13:20 | WARNING | GET https://api.elections.kalshi.com/trade-api/v2/portfolio/balance got 401 - refreshing auth and retrying...
2026-04-10 09:13:20 | ERROR | GET https://api.elections.kalshi.com/trade-api/v2/portfolio/balance failed after 3 attempts: 401 Client Error: Unauthorized for url: https://api.elections.kalshi.com/trade-api/v2/portfolio/balance
2026-04-10 09:13:20 | WARNING | get_balance error: 401 Client Error: Unauthorized for url: https://api.elections.kalshi.com/trade-api/v2/portfolio/balance
2026-04-10 09:13:20 | INFO | JSON summary saved to /home/ubuntu/.openclaw/workspace/workers/superbot/report.json
2026-04-10 09:13:20 | WARNING | GET https://api.elections.kalshi.com/trade-api/v2/portfolio/orders got 401 - refreshing auth and retrying...
2026-04-10 09:13:20 | WARNING | GET https://api.elections.kalshi.com/trade-api/v2/portfolio/orders got 401 - refreshing auth and retrying...
2026-04-10 09:13:20 | ERROR | GET https://api.elections.kalshi.com/trade-api/v2/portfolio/orders failed after 3 attempts: 401 Client Error: Unauthorized for url: https://api.elections.kalshi.com/trade-api/v2/portfolio/orders?status=open
2026-04-10 09:13:20 | WARNING | GET https://api.elections.kalshi.com/trade-api/v2/portfolio/balance got 401 - refreshing auth and retrying...
2026-04-10 09:13:20 | WARNING | GET https://api.elections.kalshi.com/trade-api/v2/portfolio/balance got 401 - refreshing auth and retrying...
2026-04-10 09:13:20 | ERROR | GET https://api.elections.kalshi.com/trade-api/v2/portfolio/balance failed after 3 attempts: 401 Client Error: Unauthorized for url: https://api.elections.kalshi.com/trade-api/v2/portfolio/balance
2026-04-10 09:13:20 | WARNING | get_balance error: 401 Client Error: Unauthorized for url: https://api.elections.kalshi.com/trade-api/v2/portfolio/balance
2026-04-10 09:13:20 | WARNING | [CashSync] API balance failed (auth error?) - using conservative estimate $5.00 (was $5.00)
2026-04-10 09:13:51 | INFO | Status: cash=$5.00, positions=0, loop=176, active_series=['KXDOGE15M', 'KXBTC15M', 'KXXRP15M', 'KXETH15M', 'KXSOL15M', 'KXHYPE15M', 'KXBNB15M']
2026-04-10 09:13:51 | INFO | Day Realized P&L: $-29.67 (-85.6%) / -$99999.00 daily stop-loss limit
2026-04-10 09:13:51 | INFO | Coins: BTC: idle | ETH: idle | BNB: idle | SOL: idle | DOGE: idle | XRP: idle | HYPE: idle | ADA: idle
2026-04-10 09:13:51 | WARNING | GET https://api.elections.kalshi.com/trade-api/v2/portfolio/balance got 401 - refreshing auth and retrying...
2026-04-10 09:13:51 | WARNING | GET https://api.elections.kalshi.com/trade-api/v2/portfolio/balance got 401 - refreshing auth and retrying...
2026-04-10 09:13:51 | ERROR | GET https://api.elections.kalshi.com/trade-api/v2/portfolio/balance failed after 3 attempts: 401 Client Error: Unauthorized for url: https://api.elections.kalshi.com/trade-api/v2/portfolio/balance
2026-04-10 09:13:51 | WARNING | get_balance error: 401 Client Error: Unauthorized for url: https://api.elections.kalshi.com/trade-api/v2/portfolio/balance
2026-04-10 09:13:51 | INFO | JSON summary saved to /home/ubuntu/.openclaw/workspace/workers/superbot/report.json
2026-04-10 09:13:51 | WARNING | GET https://api.elections.kalshi.com/trade-api/v2/portfolio/orders got 401 - refreshing auth and retrying...
2026-04-10 09:13:51 | WARNING | GET https://api.elections.kalshi.com/trade-api/v2/portfolio/orders got 401 - refreshing auth and retrying...
2026-04-10 09:13:51 | ERROR | GET https://api.elections.kalshi.com/trade-api/v2/portfolio/orders failed after 3 attempts: 401 Client Error: Unauthorized for url: https://api.elections.kalshi.com/trade-api/v2/portfolio/orders?status=open
2026-04-10 09:13:51 | WARNING | GET https://api.elections.kalshi.com/trade-api/v2/portfolio/balance got 401 - refreshing auth and retrying...
2026-04-10 09:13:51 | WARNING | GET https://api.elections.kalshi.com/trade-api/v2/portfolio/balance got 401 - refreshing auth and retrying...
2026-04-10 09:13:51 | ERROR | GET https://api.elections.kalshi.com/trade-api/v2/portfolio/balance failed after 3 attempts: 401 Client Error: Unauthorized for url: https://api.elections.kalshi.com/trade-api/v2/portfolio/balance
2026-04-10 09:13:51 | WARNING | get_balance error: 401 Client Error: Unauthorized for url: https://api.elections.kalshi.com/trade-api/v2/portfolio/balance
2026-04-10 09:13:51 | WARNING | [CashSync] API balance failed (auth error?) - using conservative estimate $5.00 (was $5.00)
2026-04-10 09:14:21 | INFO | Status: cash=$5.00, positions=0, loop=177, active_series=['KXDOGE15M', 'KXBTC15M', 'KXXRP15M', 'KXETH15M', 'KXSOL15M', 'KXHYPE15M', 'KXBNB15M']
2026-04-10 09:14:21 | INFO | Day Realized P&L: $-29.67 (-85.6%) / -$99999.00 daily stop-loss limit
2026-04-10 09:14:21 | INFO | Coins: BTC: idle | ETH: idle | BNB: idle | SOL: idle | DOGE: idle | XRP: idle | HYPE: idle | ADA: idle
2026-04-10 09:14:21 | WARNING | GET https://api.elections.kalshi.com/trade-api/v2/portfolio/balance got 401 - refreshing auth and retrying...
2026-04-10 09:14:21 | WARNING | GET https://api.elections.kalshi.com/trade-api/v2/portfolio/balance got 401 - refreshing auth and retrying...
2026-04-10 09:14:21 | ERROR | GET https://api.elections.kalshi.com/trade-api/v2/portfolio/balance failed after 3 attempts: 401 Client Error: Unauthorized for url: https://api.elections.kalshi.com/trade-api/v2/portfolio/balance
2026-04-10 09:14:21 | WARNING | get_balance error: 401 Client Error: Unauthorized for url: https://api.elections.kalshi.com/trade-api/v2/portfolio/balance
2026-04-10 09:14:21 | INFO | JSON summary saved to /home/ubuntu/.openclaw/workspace/workers/superbot/report.json
2026-04-10 09:14:21 | WARNING | GET https://api.elections.kalshi.com/trade-api/v2/portfolio/orders got 401 - refreshing auth and retrying...
2026-04-10 09:14:21 | WARNING | GET https://api.elections.kalshi.com/trade-api/v2/portfolio/orders got 401 - refreshing auth and retrying...
2026-04-10 09:14:21 | ERROR | GET https://api.elections.kalshi.com/trade-api/v2/portfolio/orders failed after 3 attempts: 401 Client Error: Unauthorized for url: https://api.elections.kalshi.com/trade-api/v2/portfolio/orders?status=open
2026-04-10 09:14:21 | WARNING | GET https://api.elections.kalshi.com/trade-api/v2/portfolio/balance got 401 - refreshing auth and retrying...
2026-04-10 09:14:21 | WARNING | GET https://api.elections.kalshi.com/trade-api/v2/portfolio/balance got 401 - refreshing auth and retrying...
2026-04-10 09:14:21 | ERROR | GET https://api.elections.kalshi.com/trade-api/v2/portfolio/balance failed after 3 attempts: 401 Client Error: Unauthorized for url: https://api.elections.kalshi.com/trade-api/v2/portfolio/balance
2026-04-10 09:14:21 | WARNING | get_balance error: 401 Client Error: Unauthorized for url: https://api.elections.kalshi.com/trade-api/v2/portfolio/balance
2026-04-10 09:14:21 | WARNING | [CashSync] API balance failed (auth error?) - using conservative estimate $5.00 (was $5.00)
2026-04-10 09:14:51 | INFO | Status: cash=$5.00, positions=0, loop=178, active_series=['KXDOGE15M', 'KXBTC15M', 'KXXRP15M', 'KXETH15M', 'KXSOL15M', 'KXHYPE15M', 'KXBNB15M']
2026-04-10 09:14:51 | INFO | Day Realized P&L: $-29.67 (-85.6%) / -$99999.00 daily stop-loss limit
2026-04-10 09:14:51 | INFO | Coins: BTC: idle | ETH: idle | BNB: idle | SOL: idle | DOGE: idle | XRP: idle | HYPE: idle | ADA: idle
2026-04-10 09:14:51 | WARNING | GET https://api.elections.kalshi.com/trade-api/v2/portfolio/balance got 401 - refreshing auth and retrying...
2026-04-10 09:14:51 | WARNING | GET https://api.elections.kalshi.com/trade-api/v2/portfolio/balance got 401 - refreshing auth and retrying...
2026-04-10 09:14:51 | ERROR | GET https://api.elections.kalshi.com/trade-api/v2/portfolio/balance failed after 3 attempts: 401 Client Error: Unauthorized for url: https://api.elections.kalshi.com/trade-api/v2/portfolio/balance
2026-04-10 09:14:51 | WARNING | get_balance error: 401 Client Error: Unauthorized for url: https://api.elections.kalshi.com/trade-api/v2/portfolio/balance
2026-04-10 09:14:51 | INFO | JSON summary saved to /home/ubuntu/.openclaw/workspace/workers/superbot/report.json
2026-04-10 09:14:51 | WARNING | GET https://api.elections.kalshi.com/trade-api/v2/portfolio/orders got 401 - refreshing auth and retrying...
2026-04-10 09:14:52 | WARNING | GET https://api.elections.kalshi.com/trade-api/v2/portfolio/orders got 401 - refreshing auth and retrying...
2026-04-10 09:14:52 | ERROR | GET https://api.elections.kalshi.com/trade-api/v2/portfolio/orders failed after 3 attempts: 401 Client Error: Unauthorized for url: https://api.elections.kalshi.com/trade-api/v2/portfolio/orders?status=open
2026-04-10 09:14:52 | WARNING | GET https://api.elections.kalshi.com/trade-api/v2/portfolio/balance got 401 - refreshing auth and retrying...
2026-04-10 09:14:52 | WARNING | GET https://api.elections.kalshi.com/trade-api/v2/portfolio/balance got 401 - refreshing auth and retrying...
2026-04-10 09:14:52 | ERROR | GET https://api.elections.kalshi.com/trade-api/v2/portfolio/balance failed after 3 attempts: 401 Client Error: Unauthorized for url: https://api.elections.kalshi.com/trade-api/v2/portfolio/balance
2026-04-10 09:14:52 | WARNING | get_balance error: 401 Client Error: Unauthorized for url: https://api.elections.kalshi.com/trade-api/v2/portfolio/balance
2026-04-10 09:14:52 | WARNING | [CashSync] API balance failed (auth error?) - using conservative estimate $5.00 (was $5.00)
2026-04-10 09:15:22 | INFO | Status: cash=$5.00, positions=0, loop=179, active_series=['KXDOGE15M', 'KXBTC15M', 'KXXRP15M', 'KXETH15M', 'KXSOL15M', 'KXHYPE15M', 'KXBNB15M']
2026-04-10 09:15:22 | INFO | Day Realized P&L: $-29.67 (-85.6%) / -$99999.00 daily stop-loss limit
2026-04-10 09:15:22 | INFO | Coins: BTC: idle | ETH: idle | BNB: idle | SOL: idle | DOGE: idle | XRP: idle | HYPE: idle | ADA: idle
2026-04-10 09:15:22 | WARNING | GET https://api.elections.kalshi.com/trade-api/v2/portfolio/balance got 401 - refreshing auth and retrying...
2026-04-10 09:15:22 | WARNING | GET https://api.elections.kalshi.com/trade-api/v2/portfolio/balance got 401 - refreshing auth and retrying...
2026-04-10 09:15:22 | ERROR | GET https://api.elections.kalshi.com/trade-api/v2/portfolio/balance failed after 3 attempts: 401 Client Error: Unauthorized for url: https://api.elections.kalshi.com/trade-api/v2/portfolio/balance
2026-04-10 09:15:22 | WARNING | get_balance error: 401 Client Error: Unauthorized for url: https://api.elections.kalshi.com/trade-api/v2/portfolio/balance
2026-04-10 09:15:22 | INFO | JSON summary saved to /home/ubuntu/.openclaw/workspace/workers/superbot/report.json
2026-04-10 09:15:22 | WARNING | GET https://api.elections.kalshi.com/trade-api/v2/portfolio/orders got 401 - refreshing auth and retrying...
2026-04-10 09:15:22 | WARNING | GET https://api.elections.kalshi.com/trade-api/v2/portfolio/orders got 401 - refreshing auth and retrying...
2026-04-10 09:15:22 | ERROR | GET https://api.elections.kalshi.com/trade-api/v2/portfolio/orders failed after 3 attempts: 401 Client Error: Unauthorized for url: https://api.elections.kalshi.com/trade-api/v2/portfolio/orders?status=open
2026-04-10 09:15:22 | WARNING | GET https://api.elections.kalshi.com/trade-api/v2/portfolio/balance got 401 - refreshing auth and retrying...
2026-04-10 09:15:22 | WARNING | GET https://api.elections.kalshi.com/trade-api/v2/portfolio/balance got 401 - refreshing auth and retrying...
2026-04-10 09:15:22 | ERROR | GET https://api.elections.kalshi.com/trade-api/v2/portfolio/balance failed after 3 attempts: 401 Client Error: Unauthorized for url: https://api.elections.kalshi.com/trade-api/v2/portfolio/balance
2026-04-10 09:15:22 | WARNING | get_balance error: 401 Client Error: Unauthorized for url: https://api.elections.kalshi.com/trade-api/v2/portfolio/balance
2026-04-10 09:15:22 | WARNING | [CashSync] API balance failed (auth error?) - using conservative estimate $5.00 (was $5.00)
2026-04-10 09:15:22 | INFO | CANDLE_DURATION COMPLETED: KXETH15M-26APR100515-15 | Was above open 100.0% (>90% threshold) -> PENDING BUY YES, CONF=98
2026-04-10 09:15:22 | INFO | CANDLE_DURATION COMPLETED: KXBNB15M-26APR100515-15 | Was above open 100.0% (>90% threshold) -> PENDING BUY YES, CONF=98
2026-04-10 09:15:22 | INFO | CANDLE_DURATION COMPLETED: KXDOGE15M-26APR100515-15 | Was above open 100.0% (>90% threshold) -> PENDING BUY YES, CONF=98
2026-04-10 09:15:22 | INFO | CANDLE_DURATION COMPLETED: KXXRP15M-26APR100515-15 | Was above open 100.0% (>90% threshold) -> PENDING BUY YES, CONF=98
2026-04-10 09:15:22 | INFO | CANDLE_DURATION COMPLETED: KXHYPE15M-26APR100515-15 | Was above open 30.0% (<40% threshold) -> PENDING BUY NO, CONF=80
2026-04-10 09:15:52 | INFO | Status: cash=$5.00, positions=0, loop=180, active_series=['KXDOGE15M', 'KXBTC15M', 'KXXRP15M', 'KXETH15M', 'KXSOL15M', 'KXHYPE15M', 'KXBNB15M']
2026-04-10 09:15:52 | INFO | Day Realized P&L: $-29.67 (-85.6%) / -$99999.00 daily stop-loss limit
2026-04-10 09:15:52 | INFO | Coins: BTC: idle | ETH: idle | BNB: idle | SOL: idle | DOGE: idle | XRP: idle | HYPE: idle | ADA: idle
2026-04-10 09:15:52 | WARNING | GET https://api.elections.kalshi.com/trade-api/v2/portfolio/balance got 401 - refreshing auth and retrying...
2026-04-10 09:15:52 | WARNING | GET https://api.elections.kalshi.com/trade-api/v2/portfolio/balance got 401 - refreshing auth and retrying...
2026-04-10 09:15:52 | ERROR | GET https://api.elections.kalshi.com/trade-api/v2/portfolio/balance failed after 3 attempts: 401 Client Error: Unauthorized for url: https://api.elections.kalshi.com/trade-api/v2/portfolio/balance
2026-04-10 09:15:52 | WARNING | get_balance error: 401 Client Error: Unauthorized for url: https://api.elections.kalshi.com/trade-api/v2/portfolio/balance
2026-04-10 09:15:52 | INFO | JSON summary saved to /home/ubuntu/.openclaw/workspace/workers/superbot/report.json
2026-04-10 09:15:52 | WARNING | GET https://api.elections.kalshi.com/trade-api/v2/portfolio/orders got 401 - refreshing auth and retrying...
2026-04-10 09:15:52 | WARNING | GET https://api.elections.kalshi.com/trade-api/v2/portfolio/orders got 401 - refreshing auth and retrying...
2026-04-10 09:15:52 | ERROR | GET https://api.elections.kalshi.com/trade-api/v2/portfolio/orders failed after 3 attempts: 401 Client Error: Unauthorized for url: https://api.elections.kalshi.com/trade-api/v2/portfolio/orders?status=open
2026-04-10 09:15:52 | WARNING | GET https://api.elections.kalshi.com/trade-api/v2/portfolio/balance got 401 - refreshing auth and retrying...
2026-04-10 09:15:52 | WARNING | GET https://api.elections.kalshi.com/trade-api/v2/portfolio/balance got 401 - refreshing auth and retrying...
2026-04-10 09:15:52 | ERROR | GET https://api.elections.kalshi.com/trade-api/v2/portfolio/balance failed after 3 attempts: 401 Client Error: Unauthorized for url: https://api.elections.kalshi.com/trade-api/v2/portfolio/balance
2026-04-10 09:15:52 | WARNING | get_balance error: 401 Client Error: Unauthorized for url: https://api.elections.kalshi.com/trade-api/v2/portfolio/balance
2026-04-10 09:15:52 | WARNING | [CashSync] API balance failed (auth error?) - using conservative estimate $5.00 (was $5.00)
2026-04-10 09:15:53 | INFO | CANDLE_DURATION COMPLETED: KXSOL15M-26APR100515-15 | Was above open 100.0% (>90% threshold) -> PENDING BUY YES, CONF=98
2026-04-10 09:16:23 | INFO | Status: cash=$5.00, positions=0, loop=181, active_series=['KXDOGE15M', 'KXBTC15M', 'KXXRP15M', 'KXETH15M', 'KXSOL15M', 'KXHYPE15M', 'KXBNB15M']
2026-04-10 09:16:23 | INFO | Day Realized P&L: $-29.67 (-85.6%) / -$99999.00 daily stop-loss limit
2026-04-10 09:16:23 | INFO | Coins: BTC: idle | ETH: idle | BNB: idle | SOL: idle | DOGE: idle | XRP: idle | HYPE: idle | ADA: idle
2026-04-10 09:16:23 | WARNING | GET https://api.elections.kalshi.com/trade-api/v2/portfolio/balance got 401 - refreshing auth and retrying...
2026-04-10 09:16:23 | WARNING | GET https://api.elections.kalshi.com/trade-api/v2/portfolio/balance got 401 - refreshing auth and retrying...
2026-04-10 09:16:23 | ERROR | GET https://api.elections.kalshi.com/trade-api/v2/portfolio/balance failed after 3 attempts: 401 Client Error: Unauthorized for url: https://api.elections.kalshi.com/trade-api/v2/portfolio/balance
2026-04-10 09:16:23 | WARNING | get_balance error: 401 Client Error: Unauthorized for url: https://api.elections.kalshi.com/trade-api/v2/portfolio/balance
2026-04-10 09:16:23 | INFO | JSON summary saved to /home/ubuntu/.openclaw/workspace/workers/superbot/report.json
2026-04-10 09:16:23 | WARNING | GET https://api.elections.kalshi.com/trade-api/v2/portfolio/orders got 401 - refreshing auth and retrying...
2026-04-10 09:16:23 | WARNING | GET https://api.elections.kalshi.com/trade-api/v2/portfolio/orders got 401 - refreshing auth and retrying...
2026-04-10 09:16:23 | ERROR | GET https://api.elections.kalshi.com/trade-api/v2/portfolio/orders failed after 3 attempts: 401 Client Error: Unauthorized for url: https://api.elections.kalshi.com/trade-api/v2/portfolio/orders?status=open
2026-04-10 09:16:23 | WARNING | GET https://api.elections.kalshi.com/trade-api/v2/portfolio/balance got 401 - refreshing auth and retrying...
2026-04-10 09:16:23 | WARNING | GET https://api.elections.kalshi.com/trade-api/v2/portfolio/balance got 401 - refreshing auth and retrying...
2026-04-10 09:16:23 | ERROR | GET https://api.elections.kalshi.com/trade-api/v2/portfolio/balance failed after 3 attempts: 401 Client Error: Unauthorized for url: https://api.elections.kalshi.com/trade-api/v2/portfolio/balance
2026-04-10 09:16:23 | WARNING | get_balance error: 401 Client Error: Unauthorized for url: https://api.elections.kalshi.com/trade-api/v2/portfolio/balance
2026-04-10 09:16:23 | WARNING | [CashSync] API balance failed (auth error?) - using conservative estimate $5.00 (was $5.00)
2026-04-10 09:16:53 | INFO | Status: cash=$5.00, positions=0, loop=182, active_series=['KXDOGE15M', 'KXBTC15M', 'KXXRP15M', 'KXETH15M', 'KXSOL15M', 'KXHYPE15M', 'KXBNB15M']
2026-04-10 09:16:53 | INFO | Day Realized P&L: $-29.67 (-85.6%) / -$99999.00 daily stop-loss limit
2026-04-10 09:16:53 | INFO | Coins: BTC: idle | ETH: idle | BNB: idle | SOL: idle | DOGE: idle | XRP: idle | HYPE: idle | ADA: idle
2026-04-10 09:16:53 | WARNING | GET https://api.elections.kalshi.com/trade-api/v2/portfolio/balance got 401 - refreshing auth and retrying...
2026-04-10 09:16:53 | WARNING | GET https://api.elections.kalshi.com/trade-api/v2/portfolio/balance got 401 - refreshing auth and retrying...
2026-04-10 09:16:53 | ERROR | GET https://api.elections.kalshi.com/trade-api/v2/portfolio/balance failed after 3 attempts: 401 Client Error: Unauthorized for url: https://api.elections.kalshi.com/trade-api/v2/portfolio/balance
2026-04-10 09:16:53 | WARNING | get_balance error: 401 Client Error: Unauthorized for url: https://api.elections.kalshi.com/trade-api/v2/portfolio/balance
2026-04-10 09:16:53 | INFO | JSON summary saved to /home/ubuntu/.openclaw/workspace/workers/superbot/report.json
2026-04-10 09:16:53 | WARNING | GET https://api.elections.kalshi.com/trade-api/v2/portfolio/orders got 401 - refreshing auth and retrying...
2026-04-10 09:16:53 | WARNING | GET https://api.elections.kalshi.com/trade-api/v2/portfolio/orders got 401 - refreshing auth and retrying...
2026-04-10 09:16:53 | ERROR | GET https://api.elections.kalshi.com/trade-api/v2/portfolio/orders failed after 3 attempts: 401 Client Error: Unauthorized for url: https://api.elections.kalshi.com/trade-api/v2/portfolio/orders?status=open
2026-04-10 09:16:53 | WARNING | GET https://api.elections.kalshi.com/trade-api/v2/portfolio/balance got 401 - refreshing auth and retrying...
2026-04-10 09:16:53 | WARNING | GET https://api.elections.kalshi.com/trade-api/v2/portfolio/balance got 401 - refreshing auth and retrying...
2026-04-10 09:16:53 | ERROR | GET https://api.elections.kalshi.com/trade-api/v2/portfolio/balance failed after 3 attempts: 401 Client Error: Unauthorized for url: https://api.elections.kalshi.com/trade-api/v2/portfolio/balance
2026-04-10 09:16:53 | WARNING | get_balance error: 401 Client Error: Unauthorized for url: https://api.elections.kalshi.com/trade-api/v2/portfolio/balance
2026-04-10 09:16:53 | WARNING | [CashSync] API balance failed (auth error?) - using conservative estimate $5.00 (was $5.00)
2026-04-10 09:17:23 | INFO | Status: cash=$5.00, positions=0, loop=183, active_series=['KXDOGE15M', 'KXBTC15M', 'KXXRP15M', 'KXETH15M', 'KXSOL15M', 'KXHYPE15M', 'KXBNB15M']
2026-04-10 09:17:23 | INFO | Day Realized P&L: $-29.67 (-85.6%) / -$99999.00 daily stop-loss limit
2026-04-10 09:17:23 | INFO | Coins: BTC: idle | ETH: idle | BNB: idle | SOL: idle | DOGE: idle | XRP: idle | HYPE: idle | ADA: idle
2026-04-10 09:17:24 | WARNING | GET https://api.elections.kalshi.com/trade-api/v2/portfolio/balance got 401 - refreshing auth and retrying...
2026-04-10 09:17:24 | WARNING | GET https://api.elections.kalshi.com/trade-api/v2/portfolio/balance got 401 - refreshing auth and retrying...
2026-04-10 09:17:24 | ERROR | GET https://api.elections.kalshi.com/trade-api/v2/portfolio/balance failed after 3 attempts: 401 Client Error: Unauthorized for url: https://api.elections.kalshi.com/trade-api/v2/portfolio/balance
2026-04-10 09:17:24 | WARNING | get_balance error: 401 Client Error: Unauthorized for url: https://api.elections.kalshi.com/trade-api/v2/portfolio/balance
2026-04-10 09:17:24 | INFO | JSON summary saved to /home/ubuntu/.openclaw/workspace/workers/superbot/report.json
2026-04-10 09:17:24 | WARNING | GET https://api.elections.kalshi.com/trade-api/v2/portfolio/orders got 401 - refreshing auth and retrying...
2026-04-10 09:17:24 | WARNING | GET https://api.elections.kalshi.com/trade-api/v2/portfolio/orders got 401 - refreshing auth and retrying...
2026-04-10 09:17:24 | ERROR | GET https://api.elections.kalshi.com/trade-api/v2/portfolio/orders failed after 3 attempts: 401 Client Error: Unauthorized for url: https://api.elections.kalshi.com/trade-api/v2/portfolio/orders?status=open
2026-04-10 09:17:24 | WARNING | GET https://api.elections.kalshi.com/trade-api/v2/portfolio/balance got 401 - refreshing auth and retrying...
2026-04-10 09:17:24 | WARNING | GET https://api.elections.kalshi.com/trade-api/v2/portfolio/balance got 401 - refreshing auth and retrying...
2026-04-10 09:17:24 | ERROR | GET https://api.elections.kalshi.com/trade-api/v2/portfolio/balance failed after 3 attempts: 401 Client Error: Unauthorized for url: https://api.elections.kalshi.com/trade-api/v2/portfolio/balance
2026-04-10 09:17:24 | WARNING | get_balance error: 401 Client Error: Unauthorized for url: https://api.elections.kalshi.com/trade-api/v2/portfolio/balance
2026-04-10 09:17:24 | WARNING | [CashSync] API balance failed (auth error?) - using conservative estimate $5.00 (was $5.00)
2026-04-10 09:17:54 | INFO | Status: cash=$5.00, positions=0, loop=184, active_series=['KXDOGE15M', 'KXBTC15M', 'KXXRP15M', 'KXETH15M', 'KXSOL15M', 'KXHYPE15M', 'KXBNB15M']
2026-04-10 09:17:54 | INFO | Day Realized P&L: $-29.67 (-85.6%) / -$99999.00 daily stop-loss limit
2026-04-10 09:17:54 | INFO | Coins: BTC: idle | ETH: idle | BNB: idle | SOL: idle | DOGE: idle | XRP: idle | HYPE: idle | ADA: idle
2026-04-10 09:17:54 | WARNING | GET https://api.elections.kalshi.com/trade-api/v2/portfolio/balance got 401 - refreshing auth and retrying...
2026-04-10 09:17:54 | WARNING | GET https://api.elections.kalshi.com/trade-api/v2/portfolio/balance got 401 - refreshing auth and retrying...
2026-04-10 09:17:54 | ERROR | GET https://api.elections.kalshi.com/trade-api/v2/portfolio/balance failed after 3 attempts: 401 Client Error: Unauthorized for url: https://api.elections.kalshi.com/trade-api/v2/portfolio/balance
2026-04-10 09:17:54 | WARNING | get_balance error: 401 Client Error: Unauthorized for url: https://api.elections.kalshi.com/trade-api/v2/portfolio/balance
2026-04-10 09:17:54 | INFO | JSON summary saved to /home/ubuntu/.openclaw/workspace/workers/superbot/report.json
2026-04-10 09:17:54 | WARNING | GET https://api.elections.kalshi.com/trade-api/v2/portfolio/orders got 401 - refreshing auth and retrying...
2026-04-10 09:17:54 | WARNING | GET https://api.elections.kalshi.com/trade-api/v2/portfolio/orders got 401 - refreshing auth and retrying...
2026-04-10 09:17:54 | ERROR | GET https://api.elections.kalshi.com/trade-api/v2/portfolio/orders failed after 3 attempts: 401 Client Error: Unauthorized for url: https://api.elections.kalshi.com/trade-api/v2/portfolio/orders?status=open
2026-04-10 09:17:54 | WARNING | GET https://api.elections.kalshi.com/trade-api/v2/portfolio/balance got 401 - refreshing auth and retrying...
2026-04-10 09:17:54 | WARNING | GET https://api.elections.kalshi.com/trade-api/v2/portfolio/balance got 401 - refreshing auth and retrying...
2026-04-10 09:17:54 | ERROR | GET https://api.elections.kalshi.com/trade-api/v2/portfolio/balance failed after 3 attempts: 401 Client Error: Unauthorized for url: https://api.elections.kalshi.com/trade-api/v2/portfolio/balance
2026-04-10 09:17:54 | WARNING | get_balance error: 401 Client Error: Unauthorized for url: https://api.elections.kalshi.com/trade-api/v2/portfolio/balance
2026-04-10 09:17:54 | WARNING | [CashSync] API balance failed (auth error?) - using conservative estimate $5.00 (was $5.00)
2026-04-10 09:18:24 | INFO | Status: cash=$5.00, positions=0, loop=185, active_series=['KXDOGE15M', 'KXBTC15M', 'KXXRP15M', 'KXETH15M', 'KXSOL15M', 'KXHYPE15M', 'KXBNB15M']
2026-04-10 09:18:24 | INFO | Day Realized P&L: $-29.67 (-85.6%) / -$99999.00 daily stop-loss limit
2026-04-10 09:18:24 | INFO | Coins: BTC: idle | ETH: idle | BNB: idle | SOL: idle | DOGE: idle | XRP: idle | HYPE: idle | ADA: idle
2026-04-10 09:18:24 | WARNING | GET https://api.elections.kalshi.com/trade-api/v2/portfolio/balance got 401 - refreshing auth and retrying...
2026-04-10 09:18:25 | WARNING | GET https://api.elections.kalshi.com/trade-api/v2/portfolio/balance got 401 - refreshing auth and retrying...
2026-04-10 09:18:25 | ERROR | GET https://api.elections.kalshi.com/trade-api/v2/portfolio/balance failed after 3 attempts: 401 Client Error: Unauthorized for url: https://api.elections.kalshi.com/trade-api/v2/portfolio/balance
2026-04-10 09:18:25 | WARNING | get_balance error: 401 Client Error: Unauthorized for url: https://api.elections.kalshi.com/trade-api/v2/portfolio/balance
2026-04-10 09:18:25 | INFO | JSON summary saved to /home/ubuntu/.openclaw/workspace/workers/superbot/report.json
2026-04-10 09:18:25 | WARNING | GET https://api.elections.kalshi.com/trade-api/v2/portfolio/orders got 401 - refreshing auth and retrying...
2026-04-10 09:18:25 | WARNING | GET https://api.elections.kalshi.com/trade-api/v2/portfolio/orders got 401 - refreshing auth and retrying...
2026-04-10 09:18:25 | ERROR | GET https://api.elections.kalshi.com/trade-api/v2/portfolio/orders failed after 3 attempts: 401 Client Error: Unauthorized for url: https://api.elections.kalshi.com/trade-api/v2/portfolio/orders?status=open
2026-04-10 09:18:25 | WARNING | GET https://api.elections.kalshi.com/trade-api/v2/portfolio/balance got 401 - refreshing auth and retrying...
2026-04-10 09:18:25 | WARNING | GET https://api.elections.kalshi.com/trade-api/v2/portfolio/balance got 401 - refreshing auth and retrying...
2026-04-10 09:18:25 | ERROR | GET https://api.elections.kalshi.com/trade-api/v2/portfolio/balance failed after 3 attempts: 401 Client Error: Unauthorized for url: https://api.elections.kalshi.com/trade-api/v2/portfolio/balance
2026-04-10 09:18:25 | WARNING | get_balance error: 401 Client Error: Unauthorized for url: https://api.elections.kalshi.com/trade-api/v2/portfolio/balance
2026-04-10 09:18:25 | WARNING | [CashSync] API balance failed (auth error?) - using conservative estimate $5.00 (was $5.00)
2026-04-10 09:18:55 | INFO | Status: cash=$5.00, positions=0, loop=186, active_series=['KXDOGE15M', 'KXBTC15M', 'KXXRP15M', 'KXETH15M', 'KXSOL15M', 'KXHYPE15M', 'KXBNB15M']
2026-04-10 09:18:55 | INFO | Day Realized P&L: $-29.67 (-85.6%) / -$99999.00 daily stop-loss limit
2026-04-10 09:18:55 | INFO | Coins: BTC: idle | ETH: idle | BNB: idle | SOL: idle | DOGE: idle | XRP: idle | HYPE: idle | ADA: idle
2026-04-10 09:18:55 | WARNING | GET https://api.elections.kalshi.com/trade-api/v2/portfolio/balance got 401 - refreshing auth and retrying...
2026-04-10 09:18:55 | WARNING | GET https://api.elections.kalshi.com/trade-api/v2/portfolio/balance got 401 - refreshing auth and retrying...
2026-04-10 09:18:55 | ERROR | GET https://api.elections.kalshi.com/trade-api/v2/portfolio/balance failed after 3 attempts: 401 Client Error: Unauthorized for url: https://api.elections.kalshi.com/trade-api/v2/portfolio/balance
2026-04-10 09:18:55 | WARNING | get_balance error: 401 Client Error: Unauthorized for url: https://api.elections.kalshi.com/trade-api/v2/portfolio/balance
2026-04-10 09:18:55 | INFO | JSON summary saved to /home/ubuntu/.openclaw/workspace/workers/superbot/report.json
2026-04-10 09:18:55 | WARNING | GET https://api.elections.kalshi.com/trade-api/v2/portfolio/orders got 401 - refreshing auth and retrying...
2026-04-10 09:18:55 | WARNING | GET https://api.elections.kalshi.com/trade-api/v2/portfolio/orders got 401 - refreshing auth and retrying...
2026-04-10 09:18:55 | ERROR | GET https://api.elections.kalshi.com/trade-api/v2/portfolio/orders failed after 3 attempts: 401 Client Error: Unauthorized for url: https://api.elections.kalshi.com/trade-api/v2/portfolio/orders?status=open
2026-04-10 09:18:55 | WARNING | GET https://api.elections.kalshi.com/trade-api/v2/portfolio/balance got 401 - refreshing auth and retrying...
2026-04-10 09:18:55 | WARNING | GET https://api.elections.kalshi.com/trade-api/v2/portfolio/balance got 401 - refreshing auth and retrying...
2026-04-10 09:18:55 | ERROR | GET https://api.elections.kalshi.com/trade-api/v2/portfolio/balance failed after 3 attempts: 401 Client Error: Unauthorized for url: https://api.elections.kalshi.com/trade-api/v2/portfolio/balance
2026-04-10 09:18:55 | WARNING | get_balance error: 401 Client Error: Unauthorized for url: https://api.elections.kalshi.com/trade-api/v2/portfolio/balance
2026-04-10 09:18:55 | WARNING | [CashSync] API balance failed (auth error?) - using conservative estimate $5.00 (was $5.00)
2026-04-10 09:19:25 | INFO | Status: cash=$5.00, positions=0, loop=187, active_series=['KXDOGE15M', 'KXBTC15M', 'KXXRP15M', 'KXETH15M', 'KXSOL15M', 'KXHYPE15M', 'KXBNB15M']
2026-04-10 09:19:25 | INFO | Day Realized P&L: $-29.67 (-85.6%) / -$99999.00 daily stop-loss limit
2026-04-10 09:19:25 | INFO | Coins: BTC: idle | ETH: idle | BNB: idle | SOL: idle | DOGE: idle | XRP: idle | HYPE: idle | ADA: idle
2026-04-10 09:19:25 | WARNING | GET https://api.elections.kalshi.com/trade-api/v2/portfolio/balance got 401 - refreshing auth and retrying...
2026-04-10 09:19:26 | WARNING | GET https://api.elections.kalshi.com/trade-api/v2/portfolio/balance got 401 - refreshing auth and retrying...
2026-04-10 09:19:26 | ERROR | GET https://api.elections.kalshi.com/trade-api/v2/portfolio/balance failed after 3 attempts: 401 Client Error: Unauthorized for url: https://api.elections.kalshi.com/trade-api/v2/portfolio/balance
2026-04-10 09:19:26 | WARNING | get_balance error: 401 Client Error: Unauthorized for url: https://api.elections.kalshi.com/trade-api/v2/portfolio/balance
2026-04-10 09:19:26 | INFO | JSON summary saved to /home/ubuntu/.openclaw/workspace/workers/superbot/report.json
2026-04-10 09:19:26 | WARNING | GET https://api.elections.kalshi.com/trade-api/v2/portfolio/orders got 401 - refreshing auth and retrying...
2026-04-10 09:19:26 | WARNING | GET https://api.elections.kalshi.com/trade-api/v2/portfolio/orders got 401 - refreshing auth and retrying...
2026-04-10 09:19:26 | ERROR | GET https://api.elections.kalshi.com/trade-api/v2/portfolio/orders failed after 3 attempts: 401 Client Error: Unauthorized for url: https://api.elections.kalshi.com/trade-api/v2/portfolio/orders?status=open
2026-04-10 09:19:26 | WARNING | GET https://api.elections.kalshi.com/trade-api/v2/portfolio/balance got 401 - refreshing auth and retrying...
2026-04-10 09:19:26 | WARNING | GET https://api.elections.kalshi.com/trade-api/v2/portfolio/balance got 401 - refreshing auth and retrying...
2026-04-10 09:19:26 | ERROR | GET https://api.elections.kalshi.com/trade-api/v2/portfolio/balance failed after 3 attempts: 401 Client Error: Unauthorized for url: https://api.elections.kalshi.com/trade-api/v2/portfolio/balance
2026-04-10 09:19:26 | WARNING | get_balance error: 401 Client Error: Unauthorized for url: https://api.elections.kalshi.com/trade-api/v2/portfolio/balance
2026-04-10 09:19:26 | WARNING | [CashSync] API balance failed (auth error?) - using conservative estimate $5.00 (was $5.00)
2026-04-10 09:19:56 | INFO | Status: cash=$5.00, positions=0, loop=188, active_series=['KXDOGE15M', 'KXBTC15M', 'KXXRP15M', 'KXETH15M', 'KXSOL15M', 'KXHYPE15M', 'KXBNB15M']
2026-04-10 09:19:56 | INFO | Day Realized P&L: $-29.67 (-85.6%) / -$99999.00 daily stop-loss limit
2026-04-10 09:19:56 | INFO | Coins: BTC: idle | ETH: idle | BNB: idle | SOL: idle | DOGE: idle | XRP: idle | HYPE: idle | ADA: idle
2026-04-10 09:19:56 | WARNING | GET https://api.elections.kalshi.com/trade-api/v2/portfolio/balance got 401 - refreshing auth and retrying...
2026-04-10 09:19:56 | WARNING | GET https://api.elections.kalshi.com/trade-api/v2/portfolio/balance got 401 - refreshing auth and retrying...
2026-04-10 09:19:56 | ERROR | GET https://api.elections.kalshi.com/trade-api/v2/portfolio/balance failed after 3 attempts: 401 Client Error: Unauthorized for url: https://api.elections.kalshi.com/trade-api/v2/portfolio/balance
2026-04-10 09:19:56 | WARNING | get_balance error: 401 Client Error: Unauthorized for url: https://api.elections.kalshi.com/trade-api/v2/portfolio/balance
2026-04-10 09:19:56 | INFO | JSON summary saved to /home/ubuntu/.openclaw/workspace/workers/superbot/report.json
2026-04-10 09:19:56 | WARNING | GET https://api.elections.kalshi.com/trade-api/v2/portfolio/orders got 401 - refreshing auth and retrying...
2026-04-10 09:19:56 | WARNING | GET https://api.elections.kalshi.com/trade-api/v2/portfolio/orders got 401 - refreshing auth and retrying...
2026-04-10 09:19:56 | ERROR | GET https://api.elections.kalshi.com/trade-api/v2/portfolio/orders failed after 3 attempts: 401 Client Error: Unauthorized for url: https://api.elections.kalshi.com/trade-api/v2/portfolio/orders?status=open
2026-04-10 09:19:56 | WARNING | GET https://api.elections.kalshi.com/trade-api/v2/portfolio/balance got 401 - refreshing auth and retrying...
2026-04-10 09:19:56 | WARNING | GET https://api.elections.kalshi.com/trade-api/v2/portfolio/balance got 401 - refreshing auth and retrying...
2026-04-10 09:19:56 | ERROR | GET https://api.elections.kalshi.com/trade-api/v2/portfolio/balance failed after 3 attempts: 401 Client Error: Unauthorized for url: https://api.elections.kalshi.com/trade-api/v2/portfolio/balance
2026-04-10 09:19:56 | WARNING | get_balance error: 401 Client Error: Unauthorized for url: https://api.elections.kalshi.com/trade-api/v2/portfolio/balance
2026-04-10 09:19:56 | WARNING | [CashSync] API balance failed (auth error?) - using conservative estimate $5.00 (was $5.00)
2026-04-10 09:20:26 | INFO | Status: cash=$5.00, positions=0, loop=189, active_series=['KXDOGE15M', 'KXBTC15M', 'KXXRP15M', 'KXETH15M', 'KXSOL15M', 'KXHYPE15M', 'KXBNB15M']
2026-04-10 09:20:26 | INFO | Day Realized P&L: $-29.67 (-85.6%) / -$99999.00 daily stop-loss limit
2026-04-10 09:20:26 | INFO | Coins: BTC: idle | ETH: idle | BNB: idle | SOL: idle | DOGE: idle | XRP: idle | HYPE: idle | ADA: idle
2026-04-10 09:20:26 | WARNING | GET https://api.elections.kalshi.com/trade-api/v2/portfolio/balance got 401 - refreshing auth and retrying...
2026-04-10 09:20:26 | WARNING | GET https://api.elections.kalshi.com/trade-api/v2/portfolio/balance got 401 - refreshing auth and retrying...
2026-04-10 09:20:26 | ERROR | GET https://api.elections.kalshi.com/trade-api/v2/portfolio/balance failed after 3 attempts: 401 Client Error: Unauthorized for url: https://api.elections.kalshi.com/trade-api/v2/portfolio/balance
2026-04-10 09:20:26 | WARNING | get_balance error: 401 Client Error: Unauthorized for url: https://api.elections.kalshi.com/trade-api/v2/portfolio/balance
2026-04-10 09:20:26 | INFO | JSON summary saved to /home/ubuntu/.openclaw/workspace/workers/superbot/report.json
2026-04-10 09:20:26 | WARNING | GET https://api.elections.kalshi.com/trade-api/v2/portfolio/orders got 401 - refreshing auth and retrying...
2026-04-10 09:20:26 | WARNING | GET https://api.elections.kalshi.com/trade-api/v2/portfolio/orders got 401 - refreshing auth and retrying...
2026-04-10 09:20:27 | ERROR | GET https://api.elections.kalshi.com/trade-api/v2/portfolio/orders failed after 3 attempts: 401 Client Error: Unauthorized for url: https://api.elections.kalshi.com/trade-api/v2/portfolio/orders?status=open
2026-04-10 09:20:27 | WARNING | GET https://api.elections.kalshi.com/trade-api/v2/portfolio/balance got 401 - refreshing auth and retrying...
2026-04-10 09:20:27 | WARNING | GET https://api.elections.kalshi.com/trade-api/v2/portfolio/balance got 401 - refreshing auth and retrying...
2026-04-10 09:20:27 | ERROR | GET https://api.elections.kalshi.com/trade-api/v2/portfolio/balance failed after 3 attempts: 401 Client Error: Unauthorized for url: https://api.elections.kalshi.com/trade-api/v2/portfolio/balance
2026-04-10 09:20:27 | WARNING | get_balance error: 401 Client Error: Unauthorized for url: https://api.elections.kalshi.com/trade-api/v2/portfolio/balance
2026-04-10 09:20:27 | WARNING | [CashSync] API balance failed (auth error?) - using conservative estimate $5.00 (was $5.00)
2026-04-10 09:20:34 | INFO | Received signal 15, shutting down...
2026-04-10 09:20:57 | INFO | Status: cash=$5.00, positions=0, loop=190, active_series=['KXDOGE15M', 'KXBTC15M', 'KXXRP15M', 'KXETH15M', 'KXSOL15M', 'KXHYPE15M', 'KXBNB15M']
2026-04-10 09:20:57 | INFO | Day Realized P&L: $-29.67 (-85.6%) / -$99999.00 daily stop-loss limit
2026-04-10 09:20:57 | INFO | Coins: BTC: idle | ETH: idle | BNB: idle | SOL: idle | DOGE: idle | XRP: idle | HYPE: idle | ADA: idle
2026-04-10 09:20:57 | WARNING | GET https://api.elections.kalshi.com/trade-api/v2/portfolio/balance got 401 - refreshing auth and retrying...
2026-04-10 09:20:57 | WARNING | GET https://api.elections.kalshi.com/trade-api/v2/portfolio/balance got 401 - refreshing auth and retrying...
2026-04-10 09:20:57 | ERROR | GET https://api.elections.kalshi.com/trade-api/v2/portfolio/balance failed after 3 attempts: 401 Client Error: Unauthorized for url: https://api.elections.kalshi.com/trade-api/v2/portfolio/balance
2026-04-10 09:20:57 | WARNING | get_balance error: 401 Client Error: Unauthorized for url: https://api.elections.kalshi.com/trade-api/v2/portfolio/balance
2026-04-10 09:20:57 | INFO | JSON summary saved to /home/ubuntu/.openclaw/workspace/workers/superbot/report.json
2026-04-10 09:20:57 | INFO | Shutting down superbot...
2026-04-10 09:20:57 | INFO | Report session ended: 2026-04-10 09:20:57 UTC
2026-04-10 09:20:57 | INFO | Report saved to /home/ubuntu/.openclaw/workspace/workers/superbot/report.html
2026-04-10 09:20:57 | INFO | JSON summary saved to /home/ubuntu/.openclaw/workspace/workers/superbot/report.json
2026-04-10 09:20:57 | INFO | ============================================================
2026-04-10 09:20:57 | INFO | FINAL BALANCE: $5.00
2026-04-10 09:20:57 | INFO | Total trades: 0
2026-04-10 09:20:57 | INFO | Report saved to: /home/ubuntu/.openclaw/workspace/workers/superbot/report.html
2026-04-10 09:20:57 | INFO | ============================================================
