2026-04-06 02:03:41 | INFO | CoinTrader initialized for BTC (KXBTC15M)
2026-04-06 02:03:41 | INFO | CoinTrader initialized for ETH (KXETH15M)
2026-04-06 02:03:41 | INFO | CoinTrader initialized for BNB (KXBNB15M)
2026-04-06 02:03:41 | INFO | CoinTrader initialized for SOL (KXSOL15M)
2026-04-06 02:03:41 | INFO | CoinTrader initialized for DOGE (KXDOGE15M)
2026-04-06 02:03:41 | INFO | CoinTrader initialized for XRP (KXXRP15M)
2026-04-06 02:03:41 | INFO | CoinTrader initialized for HYPE (KXHYPE15M)
2026-04-06 02:03:41 | INFO | CoinTrader initialized for ADA (KXADA15M)
2026-04-06 02:03:41 | INFO | ============================================================
2026-04-06 02:03:41 | INFO | SUPERBOT INITIALIZED - NERD v2 STRATEGY
2026-04-06 02:03:41 | INFO | Coins: ['BTC', 'ETH', 'BNB', 'SOL', 'DOGE', 'XRP', 'HYPE', 'ADA']
2026-04-06 02:03:41 | INFO | Tickers: ['KXBTC15M', 'KXETH15M', 'KXBNB15M', 'KXSOL15M', 'KXDOGE15M', 'KXXRP15M', 'KXHYPE15M', 'KXADA15M']
2026-04-06 02:03:41 | INFO | Starting balance: $38.90
2026-04-06 02:03:41 | INFO | Max positions: 3 (was 5)
2026-04-06 02:03:41 | INFO | Max bet per trade: $2.00
2026-04-06 02:03:41 | INFO | Max daily loss: $99999.00
2026-04-06 02:03:41 | INFO | Max daily trades: 30
2026-04-06 02:03:41 | INFO | Coinbase pre-filter: poll every 10s (FREE)
2026-04-06 02:03:41 | INFO | Kalshi polling: every 30s (was 2s)
2026-04-06 02:03:41 | INFO | STRATEGY: First Cross + Momentum BOTH (let them compete)
2026-04-06 02:03:41 | INFO | ============================================================
2026-04-06 02:03:41 | INFO | Starting SMART POLLING trading loop (Recorder's approach)...
2026-04-06 02:03:41 | INFO | Report session started: 2026-04-06 02:03:41 UTC
2026-04-06 02:03:41 | WARNING | !!! SIZING REDUCED !!! Cash $38.90 < $80 - reducing position sizes by 50%
2026-04-06 02:03:41 | INFO | FIRST_CROSS: KXBTC15M-26APR052215-15 target price set to $68,796.14
2026-04-06 02:03:41 | INFO | 😴 IDLE: checked KXBTC15M (poll #1) | Day Realized P&L: $0.00 (0e+00%)
2026-04-06 02:03:41 | INFO | FIRST_CROSS: KXETH15M-26APR052215-15 target price set to $2,114.70
2026-04-06 02:03:42 | INFO | FIRST_CROSS: KXBNB15M-26APR052215-15 target price set to $600.66
2026-04-06 02:03:42 | INFO | FIRST_CROSS: KXSOL15M-26APR052215-15 target price set to $81.72
2026-04-06 02:03:42 | INFO | FIRST_CROSS: KXDOGE15M-26APR052215-15 target price set to $0.09
2026-04-06 02:03:42 | INFO | FIRST_CROSS: KXXRP15M-26APR052215-15 target price set to $1.33
2026-04-06 02:03:42 | INFO | FIRST_CROSS: KXHYPE15M-26APR052215-15 target price set to $37.02
2026-04-06 02:04:12 | INFO | Status: cash=$38.90, positions=0, loop=2, active_series=['KXDOGE15M', 'KXETH15M', 'KXBNB15M', 'KXHYPE15M', 'KXSOL15M', 'KXBTC15M', 'KXXRP15M']
2026-04-06 02:04:12 | INFO | Day Realized P&L: $0.00 (0.0%) / -$99999.00 daily stop-loss limit
2026-04-06 02:04:12 | INFO | Coins: BTC: idle | ETH: idle | BNB: idle | SOL: idle | DOGE: idle | XRP: idle | HYPE: idle | ADA: idle
2026-04-06 02:04:12 | INFO | JSON summary saved to /home/ubuntu/.openclaw/workspace/workers/superbot/report.json
2026-04-06 02:04:42 | INFO | Status: cash=$38.90, positions=0, loop=3, active_series=['KXDOGE15M', 'KXETH15M', 'KXBNB15M', 'KXHYPE15M', 'KXSOL15M', 'KXBTC15M', 'KXXRP15M']
2026-04-06 02:04:42 | INFO | Day Realized P&L: $0.00 (0.0%) / -$99999.00 daily stop-loss limit
2026-04-06 02:04:42 | INFO | Coins: BTC: idle | ETH: idle | BNB: idle | SOL: idle | DOGE: idle | XRP: idle | HYPE: idle | ADA: idle
2026-04-06 02:04:42 | INFO | JSON summary saved to /home/ubuntu/.openclaw/workspace/workers/superbot/report.json
2026-04-06 02:05:12 | INFO | Status: cash=$38.90, positions=0, loop=4, active_series=['KXDOGE15M', 'KXETH15M', 'KXBNB15M', 'KXHYPE15M', 'KXSOL15M', 'KXBTC15M', 'KXXRP15M']
2026-04-06 02:05:12 | INFO | Day Realized P&L: $0.00 (0.0%) / -$99999.00 daily stop-loss limit
2026-04-06 02:05:12 | INFO | Coins: BTC: idle | ETH: idle | BNB: idle | SOL: idle | DOGE: idle | XRP: idle | HYPE: idle | ADA: idle
2026-04-06 02:05:12 | INFO | JSON summary saved to /home/ubuntu/.openclaw/workspace/workers/superbot/report.json
2026-04-06 02:05:43 | INFO | Status: cash=$38.90, positions=0, loop=5, active_series=['KXDOGE15M', 'KXETH15M', 'KXBNB15M', 'KXHYPE15M', 'KXSOL15M', 'KXBTC15M', 'KXXRP15M']
2026-04-06 02:05:43 | INFO | Day Realized P&L: $0.00 (0.0%) / -$99999.00 daily stop-loss limit
2026-04-06 02:05:43 | INFO | Coins: BTC: idle | ETH: idle | BNB: idle | SOL: idle | DOGE: idle | XRP: idle | HYPE: idle | ADA: idle
2026-04-06 02:05:43 | INFO | JSON summary saved to /home/ubuntu/.openclaw/workspace/workers/superbot/report.json
2026-04-06 02:05:43 | INFO | FIRST_CROSS: KXHYPE15M-26APR052215-15 | Direction: up | Target: $37.02 | Coin Price: $37.03
2026-04-06 02:05:43 | INFO | FIRST_CROSS SIGNAL (coin): KXHYPE15M-26APR052215-15 | Direction: up | Target: $37.02 | Side: yes @ $0.3750 | contracts=3 | CONF=45 | Coinbase=None
2026-04-06 02:05:43 | WARNING | API POST failed (attempt 1/3): 400 Client Error: Bad Request for url: https://api.elections.kalshi.com/trade-api/v2/portfolio/orders, retrying...
2026-04-06 02:05:44 | WARNING | API POST failed (attempt 2/3): 400 Client Error: Bad Request for url: https://api.elections.kalshi.com/trade-api/v2/portfolio/orders, retrying...
2026-04-06 02:05:46 | ERROR | API POST failed after 3 attempts: 400 Client Error: Bad Request for url: https://api.elections.kalshi.com/trade-api/v2/portfolio/orders
2026-04-06 02:05:46 | ERROR | [HYPE] REAL ORDER FAILED: 400 Client Error: Bad Request for url: https://api.elections.kalshi.com/trade-api/v2/portfolio/orders
2026-04-06 02:06:17 | INFO | Status: cash=$38.90, positions=0, loop=6, active_series=['KXDOGE15M', 'KXETH15M', 'KXBNB15M', 'KXHYPE15M', 'KXSOL15M', 'KXBTC15M', 'KXXRP15M']
2026-04-06 02:06:17 | INFO | Day Realized P&L: $0.00 (0.0%) / -$99999.00 daily stop-loss limit
2026-04-06 02:06:17 | INFO | Coins: BTC: idle | ETH: idle | BNB: idle | SOL: idle | DOGE: idle | XRP: idle | HYPE: idle | ADA: idle
2026-04-06 02:06:17 | INFO | JSON summary saved to /home/ubuntu/.openclaw/workspace/workers/superbot/report.json
2026-04-06 02:06:47 | INFO | Status: cash=$38.90, positions=0, loop=7, active_series=['KXDOGE15M', 'KXETH15M', 'KXBNB15M', 'KXHYPE15M', 'KXSOL15M', 'KXBTC15M', 'KXXRP15M']
2026-04-06 02:06:47 | INFO | Day Realized P&L: $0.00 (0.0%) / -$99999.00 daily stop-loss limit
2026-04-06 02:06:47 | INFO | Coins: BTC: idle | ETH: idle | BNB: idle | SOL: idle | DOGE: idle | XRP: idle | HYPE: idle | ADA: idle
2026-04-06 02:06:47 | INFO | JSON summary saved to /home/ubuntu/.openclaw/workspace/workers/superbot/report.json
2026-04-06 02:07:17 | INFO | Status: cash=$38.90, positions=0, loop=8, active_series=['KXDOGE15M', 'KXETH15M', 'KXBNB15M', 'KXHYPE15M', 'KXSOL15M', 'KXBTC15M', 'KXXRP15M']
2026-04-06 02:07:17 | INFO | Day Realized P&L: $0.00 (0.0%) / -$99999.00 daily stop-loss limit
2026-04-06 02:07:17 | INFO | Coins: BTC: idle | ETH: idle | BNB: idle | SOL: idle | DOGE: idle | XRP: idle | HYPE: idle | ADA: idle
2026-04-06 02:07:17 | INFO | JSON summary saved to /home/ubuntu/.openclaw/workspace/workers/superbot/report.json
2026-04-06 02:07:47 | INFO | Status: cash=$38.90, positions=0, loop=9, active_series=['KXDOGE15M', 'KXETH15M', 'KXBNB15M', 'KXHYPE15M', 'KXSOL15M', 'KXBTC15M', 'KXXRP15M']
2026-04-06 02:07:47 | INFO | Day Realized P&L: $0.00 (0.0%) / -$99999.00 daily stop-loss limit
2026-04-06 02:07:47 | INFO | Coins: BTC: idle | ETH: idle | BNB: idle | SOL: idle | DOGE: idle | XRP: idle | HYPE: idle | ADA: idle
2026-04-06 02:07:47 | INFO | JSON summary saved to /home/ubuntu/.openclaw/workspace/workers/superbot/report.json
2026-04-06 02:08:17 | INFO | Status: cash=$38.90, positions=0, loop=10, active_series=['KXDOGE15M', 'KXETH15M', 'KXBNB15M', 'KXHYPE15M', 'KXSOL15M', 'KXBTC15M', 'KXXRP15M']
2026-04-06 02:08:17 | INFO | Day Realized P&L: $0.00 (0.0%) / -$99999.00 daily stop-loss limit
2026-04-06 02:08:17 | INFO | Coins: BTC: idle | ETH: idle | BNB: idle | SOL: idle | DOGE: idle | XRP: idle | HYPE: idle | ADA: idle
2026-04-06 02:08:17 | INFO | JSON summary saved to /home/ubuntu/.openclaw/workspace/workers/superbot/report.json
2026-04-06 02:08:47 | INFO | Status: cash=$38.90, positions=0, loop=11, active_series=['KXDOGE15M', 'KXETH15M', 'KXBNB15M', 'KXHYPE15M', 'KXSOL15M', 'KXBTC15M', 'KXXRP15M']
2026-04-06 02:08:47 | INFO | Day Realized P&L: $0.00 (0.0%) / -$99999.00 daily stop-loss limit
2026-04-06 02:08:47 | INFO | Coins: BTC: idle | ETH: idle | BNB: idle | SOL: idle | DOGE: idle | XRP: idle | HYPE: idle | ADA: idle
2026-04-06 02:08:47 | INFO | JSON summary saved to /home/ubuntu/.openclaw/workspace/workers/superbot/report.json
2026-04-06 02:09:17 | INFO | Status: cash=$38.90, positions=0, loop=12, active_series=['KXDOGE15M', 'KXETH15M', 'KXBNB15M', 'KXHYPE15M', 'KXSOL15M', 'KXBTC15M', 'KXXRP15M']
2026-04-06 02:09:17 | INFO | Day Realized P&L: $0.00 (0.0%) / -$99999.00 daily stop-loss limit
2026-04-06 02:09:17 | INFO | Coins: BTC: idle | ETH: idle | BNB: idle | SOL: idle | DOGE: idle | XRP: idle | HYPE: idle | ADA: idle
2026-04-06 02:09:17 | INFO | JSON summary saved to /home/ubuntu/.openclaw/workspace/workers/superbot/report.json
2026-04-06 02:09:48 | INFO | Status: cash=$38.90, positions=0, loop=13, active_series=['KXDOGE15M', 'KXETH15M', 'KXBNB15M', 'KXHYPE15M', 'KXSOL15M', 'KXBTC15M', 'KXXRP15M']
2026-04-06 02:09:48 | INFO | Day Realized P&L: $0.00 (0.0%) / -$99999.00 daily stop-loss limit
2026-04-06 02:09:48 | INFO | Coins: BTC: idle | ETH: idle | BNB: idle | SOL: idle | DOGE: idle | XRP: idle | HYPE: idle | ADA: idle
2026-04-06 02:09:48 | INFO | JSON summary saved to /home/ubuntu/.openclaw/workspace/workers/superbot/report.json
2026-04-06 02:10:18 | INFO | Status: cash=$38.90, positions=0, loop=14, active_series=['KXDOGE15M', 'KXETH15M', 'KXBNB15M', 'KXHYPE15M', 'KXSOL15M', 'KXBTC15M', 'KXXRP15M']
2026-04-06 02:10:18 | INFO | Day Realized P&L: $0.00 (0.0%) / -$99999.00 daily stop-loss limit
2026-04-06 02:10:18 | INFO | Coins: BTC: idle | ETH: idle | BNB: idle | SOL: idle | DOGE: idle | XRP: idle | HYPE: idle | ADA: idle
2026-04-06 02:10:18 | INFO | JSON summary saved to /home/ubuntu/.openclaw/workspace/workers/superbot/report.json
2026-04-06 02:10:48 | INFO | Status: cash=$38.90, positions=0, loop=15, active_series=['KXDOGE15M', 'KXETH15M', 'KXBNB15M', 'KXHYPE15M', 'KXSOL15M', 'KXBTC15M', 'KXXRP15M']
2026-04-06 02:10:48 | INFO | Day Realized P&L: $0.00 (0.0%) / -$99999.00 daily stop-loss limit
2026-04-06 02:10:48 | INFO | Coins: BTC: idle | ETH: idle | BNB: idle | SOL: idle | DOGE: idle | XRP: idle | HYPE: idle | ADA: idle
2026-04-06 02:10:48 | INFO | JSON summary saved to /home/ubuntu/.openclaw/workspace/workers/superbot/report.json
2026-04-06 02:11:18 | INFO | Status: cash=$38.90, positions=0, loop=16, active_series=['KXDOGE15M', 'KXETH15M', 'KXBNB15M', 'KXHYPE15M', 'KXSOL15M', 'KXBTC15M', 'KXXRP15M']
2026-04-06 02:11:18 | INFO | Day Realized P&L: $0.00 (0.0%) / -$99999.00 daily stop-loss limit
2026-04-06 02:11:18 | INFO | Coins: BTC: idle | ETH: idle | BNB: idle | SOL: idle | DOGE: idle | XRP: idle | HYPE: idle | ADA: idle
2026-04-06 02:11:18 | INFO | JSON summary saved to /home/ubuntu/.openclaw/workspace/workers/superbot/report.json
2026-04-06 02:11:45 | INFO | CoinTrader initialized for BTC (KXBTC15M)
2026-04-06 02:11:45 | INFO | CoinTrader initialized for ETH (KXETH15M)
2026-04-06 02:11:45 | INFO | CoinTrader initialized for BNB (KXBNB15M)
2026-04-06 02:11:45 | INFO | CoinTrader initialized for SOL (KXSOL15M)
2026-04-06 02:11:45 | INFO | CoinTrader initialized for DOGE (KXDOGE15M)
2026-04-06 02:11:45 | INFO | CoinTrader initialized for XRP (KXXRP15M)
2026-04-06 02:11:45 | INFO | CoinTrader initialized for HYPE (KXHYPE15M)
2026-04-06 02:11:45 | INFO | CoinTrader initialized for ADA (KXADA15M)
2026-04-06 02:11:45 | INFO | ============================================================
2026-04-06 02:11:45 | INFO | SUPERBOT INITIALIZED - NERD v2 STRATEGY
2026-04-06 02:11:45 | INFO | Coins: ['BTC', 'ETH', 'BNB', 'SOL', 'DOGE', 'XRP', 'HYPE', 'ADA']
2026-04-06 02:11:45 | INFO | Tickers: ['KXBTC15M', 'KXETH15M', 'KXBNB15M', 'KXSOL15M', 'KXDOGE15M', 'KXXRP15M', 'KXHYPE15M', 'KXADA15M']
2026-04-06 02:11:45 | INFO | Starting balance: $38.90
2026-04-06 02:11:45 | INFO | Max positions: 3 (was 5)
2026-04-06 02:11:45 | INFO | Max bet per trade: $2.00
2026-04-06 02:11:45 | INFO | Max daily loss: $99999.00
2026-04-06 02:11:45 | INFO | Max daily trades: 30
2026-04-06 02:11:45 | INFO | Coinbase pre-filter: poll every 10s (FREE)
2026-04-06 02:11:45 | INFO | Kalshi polling: every 30s (was 2s)
2026-04-06 02:11:45 | INFO | STRATEGY: First Cross + Momentum BOTH (let them compete)
2026-04-06 02:11:45 | INFO | ============================================================
2026-04-06 02:11:45 | INFO | Starting SMART POLLING trading loop (Recorder's approach)...
2026-04-06 02:11:45 | INFO | Report session started: 2026-04-06 02:11:45 UTC
2026-04-06 02:11:45 | WARNING | !!! SIZING REDUCED !!! Cash $38.90 < $80 - reducing position sizes by 50%
2026-04-06 02:11:45 | INFO | 😴 IDLE: checked KXBTC15M (poll #1) | Day Realized P&L: $0.00 (0e+00%)
2026-04-06 02:11:45 | INFO | FIRST_CROSS: KXHYPE15M-26APR052215-15 target price set to $37.02
2026-04-06 02:12:15 | INFO | Status: cash=$38.90, positions=0, loop=2, active_series=['KXXRP15M', 'KXBNB15M', 'KXBTC15M', 'KXSOL15M', 'KXHYPE15M', 'KXDOGE15M', 'KXETH15M']
2026-04-06 02:12:15 | INFO | Day Realized P&L: $0.00 (0.0%) / -$99999.00 daily stop-loss limit
2026-04-06 02:12:15 | INFO | Coins: BTC: idle | ETH: idle | BNB: idle | SOL: idle | DOGE: idle | XRP: idle | HYPE: idle | ADA: idle
2026-04-06 02:12:15 | INFO | JSON summary saved to /home/ubuntu/.openclaw/workspace/workers/superbot/report.json
2026-04-06 02:12:45 | INFO | Status: cash=$38.90, positions=0, loop=3, active_series=['KXXRP15M', 'KXBNB15M', 'KXBTC15M', 'KXSOL15M', 'KXHYPE15M', 'KXDOGE15M', 'KXETH15M']
2026-04-06 02:12:45 | INFO | Day Realized P&L: $0.00 (0.0%) / -$99999.00 daily stop-loss limit
2026-04-06 02:12:45 | INFO | Coins: BTC: idle | ETH: idle | BNB: idle | SOL: idle | DOGE: idle | XRP: idle | HYPE: idle | ADA: idle
2026-04-06 02:12:45 | INFO | JSON summary saved to /home/ubuntu/.openclaw/workspace/workers/superbot/report.json
2026-04-06 02:13:15 | INFO | Status: cash=$38.90, positions=0, loop=4, active_series=['KXXRP15M', 'KXBNB15M', 'KXBTC15M', 'KXSOL15M', 'KXHYPE15M', 'KXDOGE15M', 'KXETH15M']
2026-04-06 02:13:15 | INFO | Day Realized P&L: $0.00 (0.0%) / -$99999.00 daily stop-loss limit
2026-04-06 02:13:15 | INFO | Coins: BTC: idle | ETH: idle | BNB: idle | SOL: idle | DOGE: idle | XRP: idle | HYPE: idle | ADA: idle
2026-04-06 02:13:15 | INFO | JSON summary saved to /home/ubuntu/.openclaw/workspace/workers/superbot/report.json
2026-04-06 02:13:45 | INFO | Status: cash=$38.90, positions=0, loop=5, active_series=['KXXRP15M', 'KXBNB15M', 'KXBTC15M', 'KXSOL15M', 'KXHYPE15M', 'KXDOGE15M', 'KXETH15M']
2026-04-06 02:13:45 | INFO | Day Realized P&L: $0.00 (0.0%) / -$99999.00 daily stop-loss limit
2026-04-06 02:13:45 | INFO | Coins: BTC: idle | ETH: idle | BNB: idle | SOL: idle | DOGE: idle | XRP: idle | HYPE: idle | ADA: idle
2026-04-06 02:13:45 | INFO | JSON summary saved to /home/ubuntu/.openclaw/workspace/workers/superbot/report.json
2026-04-06 02:13:45 | INFO | FIRST_CROSS: KXHYPE15M-26APR052215-15 crossed DOWN through $0.50 (was $0.6600, now $0.4800)
2026-04-06 02:14:15 | INFO | Status: cash=$38.90, positions=0, loop=6, active_series=['KXXRP15M', 'KXBNB15M', 'KXBTC15M', 'KXSOL15M', 'KXHYPE15M', 'KXDOGE15M', 'KXETH15M']
2026-04-06 02:14:15 | INFO | Day Realized P&L: $0.00 (0.0%) / -$99999.00 daily stop-loss limit
2026-04-06 02:14:15 | INFO | Coins: BTC: idle | ETH: idle | BNB: idle | SOL: idle | DOGE: idle | XRP: idle | HYPE: idle | ADA: idle
2026-04-06 02:14:15 | INFO | JSON summary saved to /home/ubuntu/.openclaw/workspace/workers/superbot/report.json
2026-04-06 02:14:32 | INFO | CoinTrader initialized for BTC (KXBTC15M)
2026-04-06 02:14:32 | INFO | CoinTrader initialized for ETH (KXETH15M)
2026-04-06 02:14:32 | INFO | CoinTrader initialized for BNB (KXBNB15M)
2026-04-06 02:14:32 | INFO | CoinTrader initialized for SOL (KXSOL15M)
2026-04-06 02:14:32 | INFO | CoinTrader initialized for DOGE (KXDOGE15M)
2026-04-06 02:14:32 | INFO | CoinTrader initialized for XRP (KXXRP15M)
2026-04-06 02:14:32 | INFO | CoinTrader initialized for HYPE (KXHYPE15M)
2026-04-06 02:14:32 | INFO | CoinTrader initialized for ADA (KXADA15M)
2026-04-06 02:14:32 | INFO | ============================================================
2026-04-06 02:14:32 | INFO | SUPERBOT INITIALIZED - NERD v2 STRATEGY
2026-04-06 02:14:32 | INFO | Coins: ['BTC', 'ETH', 'BNB', 'SOL', 'DOGE', 'XRP', 'HYPE', 'ADA']
2026-04-06 02:14:32 | INFO | Tickers: ['KXBTC15M', 'KXETH15M', 'KXBNB15M', 'KXSOL15M', 'KXDOGE15M', 'KXXRP15M', 'KXHYPE15M', 'KXADA15M']
2026-04-06 02:14:32 | INFO | Starting balance: $38.90
2026-04-06 02:14:32 | INFO | Max positions: 3 (was 5)
2026-04-06 02:14:32 | INFO | Max bet per trade: $2.00
2026-04-06 02:14:32 | INFO | Max daily loss: $99999.00
2026-04-06 02:14:32 | INFO | Max daily trades: 30
2026-04-06 02:14:32 | INFO | Coinbase pre-filter: poll every 10s (FREE)
2026-04-06 02:14:32 | INFO | Kalshi polling: every 30s (was 2s)
2026-04-06 02:14:32 | INFO | STRATEGY: First Cross + Momentum BOTH (let them compete)
2026-04-06 02:14:32 | INFO | ============================================================
2026-04-06 02:14:32 | INFO | Starting SMART POLLING trading loop (Recorder's approach)...
2026-04-06 02:14:32 | INFO | Report session started: 2026-04-06 02:14:32 UTC
2026-04-06 02:14:32 | WARNING | !!! SIZING REDUCED !!! Cash $38.90 < $80 - reducing position sizes by 50%
2026-04-06 02:14:32 | INFO | 😴 IDLE: checked KXBTC15M (poll #1) | Day Realized P&L: $0.00 (0e+00%)
2026-04-06 02:15:02 | INFO | Status: cash=$38.90, positions=0, loop=2, active_series=['KXSOL15M', 'KXBTC15M', 'KXBNB15M', 'KXXRP15M', 'KXETH15M', 'KXHYPE15M', 'KXDOGE15M']
2026-04-06 02:15:02 | INFO | Day Realized P&L: $0.00 (0.0%) / -$99999.00 daily stop-loss limit
2026-04-06 02:15:02 | INFO | Coins: BTC: idle | ETH: idle | BNB: idle | SOL: idle | DOGE: idle | XRP: idle | HYPE: idle | ADA: idle
2026-04-06 02:15:02 | INFO | JSON summary saved to /home/ubuntu/.openclaw/workspace/workers/superbot/report.json
2026-04-06 02:15:32 | INFO | Status: cash=$38.90, positions=0, loop=3, active_series=['KXSOL15M', 'KXBTC15M', 'KXBNB15M', 'KXXRP15M', 'KXETH15M', 'KXHYPE15M', 'KXDOGE15M']
2026-04-06 02:15:32 | INFO | Day Realized P&L: $0.00 (0.0%) / -$99999.00 daily stop-loss limit
2026-04-06 02:15:32 | INFO | Coins: BTC: idle | ETH: idle | BNB: idle | SOL: idle | DOGE: idle | XRP: idle | HYPE: idle | ADA: idle
2026-04-06 02:15:32 | INFO | JSON summary saved to /home/ubuntu/.openclaw/workspace/workers/superbot/report.json
2026-04-06 02:15:32 | INFO | FIRST_CROSS: KXBTC15M-26APR052230-30 target price set to $69,117.40
2026-04-06 02:15:32 | INFO | FIRST_CROSS: KXETH15M-26APR052230-30 target price set to $2,134.04
2026-04-06 02:15:32 | INFO | FIRST_CROSS: KXSOL15M-26APR052230-30 target price set to $82.50
2026-04-06 02:15:32 | INFO | FIRST_CROSS: KXHYPE15M-26APR052230-30 target price set to $36.97
2026-04-06 02:16:02 | INFO | Status: cash=$38.90, positions=0, loop=4, active_series=['KXSOL15M', 'KXBTC15M', 'KXBNB15M', 'KXXRP15M', 'KXETH15M', 'KXHYPE15M', 'KXDOGE15M']
2026-04-06 02:16:02 | INFO | Day Realized P&L: $0.00 (0.0%) / -$99999.00 daily stop-loss limit
2026-04-06 02:16:02 | INFO | Coins: BTC: idle | ETH: idle | BNB: idle | SOL: idle | DOGE: idle | XRP: idle | HYPE: idle | ADA: idle
2026-04-06 02:16:02 | INFO | JSON summary saved to /home/ubuntu/.openclaw/workspace/workers/superbot/report.json
2026-04-06 02:16:03 | INFO | FIRST_CROSS: KXBNB15M-26APR052230-30 target price set to $603.59
2026-04-06 02:16:03 | INFO | FIRST_CROSS: KXDOGE15M-26APR052230-30 target price set to $0.09
2026-04-06 02:16:03 | INFO | FIRST_CROSS: KXXRP15M-26APR052230-30 target price set to $1.34
2026-04-06 02:16:03 | INFO | FIRST_CROSS: KXHYPE15M-26APR052230-30 crossed DOWN through $0.50 (was $0.5100, now $0.4300)
2026-04-06 02:16:33 | INFO | Status: cash=$38.90, positions=0, loop=5, active_series=['KXSOL15M', 'KXBTC15M', 'KXBNB15M', 'KXXRP15M', 'KXETH15M', 'KXHYPE15M', 'KXDOGE15M']
2026-04-06 02:16:33 | INFO | Day Realized P&L: $0.00 (0.0%) / -$99999.00 daily stop-loss limit
2026-04-06 02:16:33 | INFO | Coins: BTC: idle | ETH: idle | BNB: idle | SOL: idle | DOGE: idle | XRP: idle | HYPE: idle | ADA: idle
2026-04-06 02:16:33 | INFO | JSON summary saved to /home/ubuntu/.openclaw/workspace/workers/superbot/report.json
2026-04-06 02:16:33 | INFO | FIRST_CROSS: KXBTC15M-26APR052230-30 | Direction: up | Target: $69,117.40 | Coin Price: $69,164.00
2026-04-06 02:16:33 | INFO | FIRST_CROSS: KXETH15M-26APR052230-30 | Direction: up | Target: $2,134.04 | Coin Price: $2,134.53
2026-04-06 02:16:33 | INFO | FIRST_CROSS: KXDOGE15M-26APR052230-30 crossed UP through $0.50 (was $0.4550, now $0.5500)
2026-04-06 02:16:33 | INFO | FIRST_CROSS SIGNAL (midpoint): KXDOGE15M-26APR052230-30 | Direction: yes | Side: yes @ $0.5500 | contracts=0 | CONF=43 | TS=50%/40% | Coinbase=bullish | max_hold=10min
2026-04-06 02:16:33 | ERROR | [DOGE] REAL ORDER FAILED: Invalid price or amount
2026-04-06 02:16:33 | INFO | FIRST_CROSS: KXHYPE15M-26APR052230-30 | Direction: up | Target: $36.97 | Coin Price: $37.00
2026-04-06 02:16:33 | INFO | FIRST_CROSS SIGNAL (coin): KXHYPE15M-26APR052230-30 | Direction: up | Target: $36.97 | Side: yes @ $0.3150 | contracts=0 | CONF=51 | Coinbase=neutral
2026-04-06 02:16:33 | ERROR | [HYPE] REAL ORDER FAILED: Invalid price or amount
2026-04-06 02:17:03 | INFO | Status: cash=$38.90, positions=0, loop=6, active_series=['KXSOL15M', 'KXBTC15M', 'KXBNB15M', 'KXXRP15M', 'KXETH15M', 'KXHYPE15M', 'KXDOGE15M']
2026-04-06 02:17:03 | INFO | Day Realized P&L: $0.00 (0.0%) / -$99999.00 daily stop-loss limit
2026-04-06 02:17:03 | INFO | Coins: BTC: idle | ETH: idle | BNB: idle | SOL: idle | DOGE: idle | XRP: idle | HYPE: idle | ADA: idle
2026-04-06 02:17:03 | INFO | JSON summary saved to /home/ubuntu/.openclaw/workspace/workers/superbot/report.json
2026-04-06 02:17:03 | INFO | FIRST_CROSS: KXBTC15M-26APR052230-30 crossed UP through $0.50 (was $0.4550, now $0.6350)
2026-04-06 02:17:03 | INFO | FIRST_CROSS SIGNAL (midpoint): KXBTC15M-26APR052230-30 | Direction: yes | Side: yes @ $0.6350 | contracts=0 | CONF=56 | TS=50%/40% | Coinbase=bullish | max_hold=10min
2026-04-06 02:17:03 | ERROR | [BTC] REAL ORDER FAILED: Invalid price or amount
2026-04-06 02:17:03 | INFO | FIRST_CROSS: KXETH15M-26APR052230-30 crossed UP through $0.50 (was $0.4050, now $0.5500)
2026-04-06 02:17:03 | INFO | FIRST_CROSS SIGNAL (midpoint): KXETH15M-26APR052230-30 | Direction: yes | Side: yes @ $0.5500 | contracts=0 | CONF=43 | TS=50%/40% | Coinbase=bullish | max_hold=10min
2026-04-06 02:17:03 | ERROR | [ETH] REAL ORDER FAILED: Invalid price or amount
2026-04-06 02:17:03 | INFO | FIRST_CROSS: KXBNB15M-26APR052230-30 crossed UP through $0.50 (was $0.4550, now $0.5100)
2026-04-06 02:17:03 | INFO | FIRST_CROSS SIGNAL (midpoint): KXBNB15M-26APR052230-30 | Direction: yes | Side: yes @ $0.5100 | contracts=0 | CONF=43 | TS=50%/40% | Coinbase=bullish | max_hold=10min
2026-04-06 02:17:03 | ERROR | [BNB] REAL ORDER FAILED: Invalid price or amount
2026-04-06 02:17:03 | INFO | FIRST_CROSS: KXSOL15M-26APR052230-30 crossed UP through $0.50 (was $0.4250, now $0.5450)
2026-04-06 02:17:03 | INFO | FIRST_CROSS SIGNAL (midpoint): KXSOL15M-26APR052230-30 | Direction: yes | Side: yes @ $0.5450 | contracts=0 | CONF=43 | TS=50%/40% | Coinbase=bullish | max_hold=10min
2026-04-06 02:17:03 | ERROR | [SOL] REAL ORDER FAILED: Invalid price or amount
2026-04-06 02:17:03 | INFO | FIRST_CROSS SIGNAL (midpoint): KXDOGE15M-26APR052230-30 | Direction: yes | Side: yes @ $0.5800 | contracts=0 | CONF=43 | TS=50%/40% | Coinbase=bullish | max_hold=10min
2026-04-06 02:17:03 | ERROR | [DOGE] REAL ORDER FAILED: Invalid price or amount
2026-04-06 02:17:03 | INFO | FIRST_CROSS SIGNAL (midpoint): KXHYPE15M-26APR052230-30 | Direction: no | Side: no @ $0.3500 | contracts=0 | CONF=51 | TS=50%/40% | Coinbase=neutral | max_hold=10min
2026-04-06 02:17:03 | ERROR | [HYPE] REAL ORDER FAILED: Invalid price or amount
2026-04-06 02:17:33 | INFO | Status: cash=$38.90, positions=0, loop=7, active_series=['KXSOL15M', 'KXBTC15M', 'KXBNB15M', 'KXXRP15M', 'KXETH15M', 'KXHYPE15M', 'KXDOGE15M']
2026-04-06 02:17:33 | INFO | Day Realized P&L: $0.00 (0.0%) / -$99999.00 daily stop-loss limit
2026-04-06 02:17:33 | INFO | Coins: BTC: idle | ETH: idle | BNB: idle | SOL: idle | DOGE: idle | XRP: idle | HYPE: idle | ADA: idle
2026-04-06 02:17:33 | INFO | JSON summary saved to /home/ubuntu/.openclaw/workspace/workers/superbot/report.json
2026-04-06 02:17:33 | INFO | MOMENTUM SIGNAL: KXBTC15M-26APR052230-30 | Side: yes @ $0.6900 | contracts=2 | CONF=60 | TS=30%/40% | Coinbase=bullish | age=121s
2026-04-06 02:17:34 | INFO | [BTC] REAL ORDER PLACED: {'order': {'action': 'buy', 'client_order_id': '', 'created_time': '2026-04-06T02:17:34.175582Z', 'fill_count_fp': '2.00', 'initial_count_fp': '2.00', 'last_update_time': '2026-04-06T02:17:34.175582Z', 'maker_fees_dollars': '0.000000', 'maker_fill_cost_dollars': '0.000000', 'no_price_dollars': '0.3100', 'order_id': 'f3966b83-e861-4a36-b634-743a645fbd65', 'remaining_count_fp': '0.00', 'side': 'yes', 'status': 'executed', 'subaccount_number': 0, 'taker_fees_dollars': '0.040000', 'taker_fill_cost_dollars': '1.300000', 'ticker': 'KXBTC15M-26APR052230-30', 'type': 'limit', 'user_id': 'dd8ef7dd-9e7f-40f7-965e-e9276a7805a4', 'yes_price_dollars': '0.6900'}}
2026-04-06 02:17:34 | INFO | [BTC] Opened momentum: yes KXBTC15M-26APR052230-30 @ $0.6900, contracts=2, cost=$1.38
2026-04-06 02:17:34 | INFO | 🚀 [BTC] TRADE EXECUTED: momentum yes KXBTC15M-26APR052230-30 @ $0.6900, contracts=2 (daily trades: 1/30)
2026-04-06 02:17:34 | INFO | MOMENTUM SIGNAL: KXETH15M-26APR052230-30 | Side: yes @ $0.6700 | contracts=2 | CONF=60 | TS=30%/40% | Coinbase=bullish | age=121s
2026-04-06 02:17:34 | INFO | [ETH] REAL ORDER PLACED: {'order': {'action': 'buy', 'client_order_id': '', 'created_time': '2026-04-06T02:17:34.404835Z', 'fill_count_fp': '2.00', 'initial_count_fp': '2.00', 'last_update_time': '2026-04-06T02:17:34.404835Z', 'maker_fees_dollars': '0.000000', 'maker_fill_cost_dollars': '0.000000', 'no_price_dollars': '0.3300', 'order_id': '6f492943-e3f8-47ec-a3d8-e000d5cc0908', 'remaining_count_fp': '0.00', 'side': 'yes', 'status': 'executed', 'subaccount_number': 0, 'taker_fees_dollars': '0.040000', 'taker_fill_cost_dollars': '1.000000', 'ticker': 'KXETH15M-26APR052230-30', 'type': 'limit', 'user_id': 'dd8ef7dd-9e7f-40f7-965e-e9276a7805a4', 'yes_price_dollars': '0.6700'}}
2026-04-06 02:17:34 | INFO | [ETH] Opened momentum: yes KXETH15M-26APR052230-30 @ $0.6700, contracts=2, cost=$1.34
2026-04-06 02:17:34 | INFO | 🚀 [ETH] TRADE EXECUTED: momentum yes KXETH15M-26APR052230-30 @ $0.6700, contracts=2 (daily trades: 2/30)
2026-04-06 02:17:34 | INFO | FIRST_CROSS SIGNAL (midpoint): KXBNB15M-26APR052230-30 | Direction: yes | Side: yes @ $0.4400 | contracts=0 | CONF=43 | TS=50%/40% | Coinbase=None | max_hold=10min
2026-04-06 02:17:34 | ERROR | [BNB] REAL ORDER FAILED: Invalid price or amount
2026-04-06 02:17:34 | INFO | MOMENTUM SIGNAL: KXSOL15M-26APR052230-30 | Side: yes @ $0.5700 | contracts=3 | CONF=60 | TS=30%/40% | Coinbase=bullish | age=122s
2026-04-06 02:17:34 | INFO | [SOL] REAL ORDER PLACED: {'order': {'action': 'buy', 'client_order_id': '', 'created_time': '2026-04-06T02:17:34.706977Z', 'fill_count_fp': '2.00', 'initial_count_fp': '2.00', 'last_update_time': '2026-04-06T02:17:34.706977Z', 'maker_fees_dollars': '0.000000', 'maker_fill_cost_dollars': '0.000000', 'no_price_dollars': '0.4300', 'order_id': 'ed740ca9-3493-40b9-aa32-130941e85c52', 'remaining_count_fp': '0.00', 'side': 'yes', 'status': 'executed', 'subaccount_number': 0, 'taker_fees_dollars': '0.040000', 'taker_fill_cost_dollars': '0.960000', 'ticker': 'KXSOL15M-26APR052230-30', 'type': 'limit', 'user_id': 'dd8ef7dd-9e7f-40f7-965e-e9276a7805a4', 'yes_price_dollars': '0.5700'}}
2026-04-06 02:17:34 | INFO | [SOL] Opened momentum: yes KXSOL15M-26APR052230-30 @ $0.5700, contracts=2, cost=$1.14
2026-04-06 02:17:34 | INFO | 🚀 [SOL] TRADE EXECUTED: momentum yes KXSOL15M-26APR052230-30 @ $0.5700, contracts=2 (daily trades: 3/30)
2026-04-06 02:18:04 | INFO | Status: cash=$35.04, positions=3, loop=8, active_series=['KXSOL15M', 'KXBTC15M', 'KXBNB15M', 'KXXRP15M', 'KXETH15M', 'KXHYPE15M', 'KXDOGE15M']
2026-04-06 02:18:04 | INFO | Day Realized P&L: $-3.86 (-9.9%) / -$99999.00 daily stop-loss limit
2026-04-06 02:18:04 | INFO | Coins: BTC: momentum yes@0.69 | ETH: momentum yes@0.67 | BNB: idle | SOL: momentum yes@0.57 | DOGE: idle | XRP: idle | HYPE: idle | ADA: idle
2026-04-06 02:18:04 | INFO | JSON summary saved to /home/ubuntu/.openclaw/workspace/workers/superbot/report.json
2026-04-06 02:18:35 | INFO | Status: cash=$35.04, positions=3, loop=9, active_series=['KXSOL15M', 'KXBTC15M', 'KXBNB15M', 'KXXRP15M', 'KXETH15M', 'KXHYPE15M', 'KXDOGE15M']
2026-04-06 02:18:35 | INFO | Day Realized P&L: $-3.86 (-9.9%) / -$99999.00 daily stop-loss limit
2026-04-06 02:18:35 | INFO | Coins: BTC: momentum yes@0.69 | ETH: momentum yes@0.67 | BNB: idle | SOL: momentum yes@0.57 | DOGE: idle | XRP: idle | HYPE: idle | ADA: idle
2026-04-06 02:18:35 | INFO | JSON summary saved to /home/ubuntu/.openclaw/workspace/workers/superbot/report.json
2026-04-06 02:19:05 | INFO | Status: cash=$35.04, positions=3, loop=10, active_series=['KXSOL15M', 'KXBTC15M', 'KXBNB15M', 'KXXRP15M', 'KXETH15M', 'KXHYPE15M', 'KXDOGE15M']
2026-04-06 02:19:05 | INFO | Day Realized P&L: $-3.86 (-9.9%) / -$99999.00 daily stop-loss limit
2026-04-06 02:19:05 | INFO | Coins: BTC: momentum yes@0.69 | ETH: momentum yes@0.67 | BNB: idle | SOL: momentum yes@0.57 | DOGE: idle | XRP: idle | HYPE: idle | ADA: idle
2026-04-06 02:19:05 | INFO | JSON summary saved to /home/ubuntu/.openclaw/workspace/workers/superbot/report.json
2026-04-06 02:19:35 | INFO | Status: cash=$35.04, positions=3, loop=11, active_series=['KXSOL15M', 'KXBTC15M', 'KXBNB15M', 'KXXRP15M', 'KXETH15M', 'KXHYPE15M', 'KXDOGE15M']
2026-04-06 02:19:35 | INFO | Day Realized P&L: $-3.86 (-9.9%) / -$99999.00 daily stop-loss limit
2026-04-06 02:19:35 | INFO | Coins: BTC: momentum yes@0.69 | ETH: momentum yes@0.67 | BNB: idle | SOL: momentum yes@0.57 | DOGE: idle | XRP: idle | HYPE: idle | ADA: idle
2026-04-06 02:19:35 | INFO | JSON summary saved to /home/ubuntu/.openclaw/workspace/workers/superbot/report.json
2026-04-06 02:20:05 | INFO | Status: cash=$35.04, positions=3, loop=12, active_series=['KXSOL15M', 'KXBTC15M', 'KXBNB15M', 'KXXRP15M', 'KXETH15M', 'KXHYPE15M', 'KXDOGE15M']
2026-04-06 02:20:05 | INFO | Day Realized P&L: $-3.86 (-9.9%) / -$99999.00 daily stop-loss limit
2026-04-06 02:20:05 | INFO | Coins: BTC: momentum yes@0.69 | ETH: momentum yes@0.67 | BNB: idle | SOL: momentum yes@0.57 | DOGE: idle | XRP: idle | HYPE: idle | ADA: idle
2026-04-06 02:20:05 | INFO | JSON summary saved to /home/ubuntu/.openclaw/workspace/workers/superbot/report.json
2026-04-06 02:20:05 | INFO | KXBTC15M-26APR052230-30: SCALED IN @ $0.7950 (+$1.00), new size=$3.00, avg_price=$0.7250, scale_ins=1
2026-04-06 02:20:05 | INFO | [BTC] SCALED IN KXBTC15M-26APR052230-30: +$1.00 @ $0.7950, new_size=$3.00
2026-04-06 02:20:35 | INFO | Status: cash=$35.04, positions=3, loop=13, active_series=['KXSOL15M', 'KXBTC15M', 'KXBNB15M', 'KXXRP15M', 'KXETH15M', 'KXHYPE15M', 'KXDOGE15M']
2026-04-06 02:20:35 | INFO | Day Realized P&L: $-3.86 (-9.9%) / -$99999.00 daily stop-loss limit
2026-04-06 02:20:35 | INFO | Coins: BTC: momentum yes@0.69 | ETH: momentum yes@0.67 | BNB: idle | SOL: momentum yes@0.57 | DOGE: idle | XRP: idle | HYPE: idle | ADA: idle
2026-04-06 02:20:35 | INFO | JSON summary saved to /home/ubuntu/.openclaw/workspace/workers/superbot/report.json
2026-04-06 02:20:35 | INFO | KXBTC15M-26APR052230-30: SCALED IN @ $0.8150 (+$1.00), new size=$4.00, avg_price=$0.7475, scale_ins=2
2026-04-06 02:20:35 | INFO | [BTC] SCALED IN KXBTC15M-26APR052230-30: +$1.00 @ $0.8150, new_size=$4.00
2026-04-06 02:21:06 | INFO | Status: cash=$35.04, positions=3, loop=14, active_series=['KXSOL15M', 'KXBTC15M', 'KXBNB15M', 'KXXRP15M', 'KXETH15M', 'KXHYPE15M', 'KXDOGE15M']
2026-04-06 02:21:06 | INFO | Day Realized P&L: $-3.86 (-9.9%) / -$99999.00 daily stop-loss limit
2026-04-06 02:21:06 | INFO | Coins: BTC: momentum yes@0.69 | ETH: momentum yes@0.67 | BNB: idle | SOL: momentum yes@0.57 | DOGE: idle | XRP: idle | HYPE: idle | ADA: idle
2026-04-06 02:21:06 | INFO | JSON summary saved to /home/ubuntu/.openclaw/workspace/workers/superbot/report.json
2026-04-06 02:21:36 | INFO | Status: cash=$35.04, positions=3, loop=15, active_series=['KXSOL15M', 'KXBTC15M', 'KXBNB15M', 'KXXRP15M', 'KXETH15M', 'KXHYPE15M', 'KXDOGE15M']
2026-04-06 02:21:36 | INFO | Day Realized P&L: $-3.86 (-9.9%) / -$99999.00 daily stop-loss limit
2026-04-06 02:21:36 | INFO | Coins: BTC: momentum yes@0.69 | ETH: momentum yes@0.67 | BNB: idle | SOL: momentum yes@0.57 | DOGE: idle | XRP: idle | HYPE: idle | ADA: idle
2026-04-06 02:21:36 | INFO | JSON summary saved to /home/ubuntu/.openclaw/workspace/workers/superbot/report.json
2026-04-06 02:21:36 | INFO | KXETH15M-26APR052230-30: SCALED IN @ $0.8000 (+$1.00), new size=$3.00, avg_price=$0.7133, scale_ins=1
2026-04-06 02:21:36 | INFO | [ETH] SCALED IN KXETH15M-26APR052230-30: +$1.00 @ $0.8000, new_size=$3.00
2026-04-06 02:22:06 | INFO | Status: cash=$35.04, positions=3, loop=16, active_series=['KXSOL15M', 'KXBTC15M', 'KXBNB15M', 'KXXRP15M', 'KXETH15M', 'KXHYPE15M', 'KXDOGE15M']
2026-04-06 02:22:06 | INFO | Day Realized P&L: $-3.86 (-9.9%) / -$99999.00 daily stop-loss limit
2026-04-06 02:22:06 | INFO | Coins: BTC: momentum yes@0.69 | ETH: momentum yes@0.67 | BNB: idle | SOL: momentum yes@0.57 | DOGE: idle | XRP: idle | HYPE: idle | ADA: idle
2026-04-06 02:22:06 | INFO | JSON summary saved to /home/ubuntu/.openclaw/workspace/workers/superbot/report.json
2026-04-06 02:22:06 | INFO | KXETH15M-26APR052230-30: SCALED IN @ $0.7600 (+$1.00), new size=$4.00, avg_price=$0.7250, scale_ins=2
2026-04-06 02:22:06 | INFO | [ETH] SCALED IN KXETH15M-26APR052230-30: +$1.00 @ $0.7600, new_size=$4.00
2026-04-06 02:22:36 | INFO | Status: cash=$35.04, positions=3, loop=17, active_series=['KXSOL15M', 'KXBTC15M', 'KXBNB15M', 'KXXRP15M', 'KXETH15M', 'KXHYPE15M', 'KXDOGE15M']
2026-04-06 02:22:36 | INFO | Day Realized P&L: $-3.86 (-9.9%) / -$99999.00 daily stop-loss limit
2026-04-06 02:22:36 | INFO | Coins: BTC: momentum yes@0.69 | ETH: momentum yes@0.67 | BNB: idle | SOL: momentum yes@0.57 | DOGE: idle | XRP: idle | HYPE: idle | ADA: idle
2026-04-06 02:22:36 | INFO | JSON summary saved to /home/ubuntu/.openclaw/workspace/workers/superbot/report.json
2026-04-06 02:23:07 | INFO | Status: cash=$35.04, positions=3, loop=18, active_series=['KXSOL15M', 'KXBTC15M', 'KXBNB15M', 'KXXRP15M', 'KXETH15M', 'KXHYPE15M', 'KXDOGE15M']
2026-04-06 02:23:07 | INFO | Day Realized P&L: $-3.86 (-9.9%) / -$99999.00 daily stop-loss limit
2026-04-06 02:23:07 | INFO | Coins: BTC: momentum yes@0.69 | ETH: momentum yes@0.67 | BNB: idle | SOL: momentum yes@0.57 | DOGE: idle | XRP: idle | HYPE: idle | ADA: idle
2026-04-06 02:23:07 | INFO | JSON summary saved to /home/ubuntu/.openclaw/workspace/workers/superbot/report.json
2026-04-06 02:23:37 | INFO | Status: cash=$35.04, positions=3, loop=19, active_series=['KXSOL15M', 'KXBTC15M', 'KXBNB15M', 'KXXRP15M', 'KXETH15M', 'KXHYPE15M', 'KXDOGE15M']
2026-04-06 02:23:37 | INFO | Day Realized P&L: $-3.86 (-9.9%) / -$99999.00 daily stop-loss limit
2026-04-06 02:23:37 | INFO | Coins: BTC: momentum yes@0.69 | ETH: momentum yes@0.67 | BNB: idle | SOL: momentum yes@0.57 | DOGE: idle | XRP: idle | HYPE: idle | ADA: idle
2026-04-06 02:23:37 | INFO | JSON summary saved to /home/ubuntu/.openclaw/workspace/workers/superbot/report.json
2026-04-06 02:23:37 | INFO | KXSOL15M-26APR052230-30: TIME-SCALED STOP HIT @ $0.2400 (entry=$0.5700, stop=38%, loss=57.9%, age=6.0min)
2026-04-06 02:23:37 | INFO | [SOL] REAL CLOSE ORDER PLACED: {'order': {'action': 'buy', 'client_order_id': '', 'created_time': '2026-04-06T02:23:37.629686Z', 'fill_count_fp': '6.00', 'initial_count_fp': '6.00', 'last_update_time': '2026-04-06T02:23:37.629686Z', 'maker_fees_dollars': '0.000000', 'maker_fill_cost_dollars': '0.000000', 'no_price_dollars': '0.7600', 'order_id': 'cc476b6a-0e7b-4574-828e-c241d0f26d7f', 'remaining_count_fp': '0.00', 'side': 'no', 'status': 'executed', 'subaccount_number': 0, 'taker_fees_dollars': '0.090000', 'taker_fill_cost_dollars': '4.140000', 'ticker': 'KXSOL15M-26APR052230-30', 'type': 'limit', 'user_id': 'dd8ef7dd-9e7f-40f7-965e-e9276a7805a4', 'yes_price_dollars': '0.2400'}}
2026-04-06 02:23:37 | INFO | [SOL] Closed KXSOL15M-26APR052230-30: TIME-SCALED STOP: -38% loss locked in, PnL=$-0.66
2026-04-06 02:23:37 | INFO | Strategy momentum stats: W=0.00%, R=1.52x, Kelly=4.00%
2026-04-06 02:23:37 | INFO | Trade recorded: KXSOL15M-26APR052230-30 yes momentum PnL=$-0.66
2026-04-06 02:23:37 | INFO | [SOL] Position closed. Cooldown started: must wait 2 cycles before re-entering
2026-04-06 02:24:07 | INFO | Status: cash=$35.04, positions=2, loop=20, active_series=['KXSOL15M', 'KXBTC15M', 'KXBNB15M', 'KXXRP15M', 'KXETH15M', 'KXHYPE15M', 'KXDOGE15M']
2026-04-06 02:24:07 | INFO | Day Realized P&L: $-3.86 (-9.9%) / -$99999.00 daily stop-loss limit
2026-04-06 02:24:07 | INFO | Coins: BTC: momentum yes@0.69 | ETH: momentum yes@0.67 | BNB: idle | SOL: idle | DOGE: idle | XRP: idle | HYPE: idle | ADA: idle
2026-04-06 02:24:07 | INFO | JSON summary saved to /home/ubuntu/.openclaw/workspace/workers/superbot/report.json
2026-04-06 02:24:07 | INFO | FIRST_CROSS SIGNAL (midpoint): KXBNB15M-26APR052230-30 | Direction: yes | Side: yes @ $0.3700 | contracts=0 | CONF=53 | TS=50%/40% | Coinbase=None | max_hold=10min
2026-04-06 02:24:07 | ERROR | [BNB] REAL ORDER FAILED: Invalid price or amount
2026-04-06 02:24:38 | INFO | Status: cash=$35.04, positions=2, loop=21, active_series=['KXSOL15M', 'KXBTC15M', 'KXBNB15M', 'KXXRP15M', 'KXETH15M', 'KXHYPE15M', 'KXDOGE15M']
2026-04-06 02:24:38 | INFO | Day Realized P&L: $-3.86 (-9.9%) / -$99999.00 daily stop-loss limit
2026-04-06 02:24:38 | INFO | Coins: BTC: momentum yes@0.69 | ETH: momentum yes@0.67 | BNB: idle | SOL: idle | DOGE: idle | XRP: idle | HYPE: idle | ADA: idle
2026-04-06 02:24:38 | INFO | JSON summary saved to /home/ubuntu/.openclaw/workspace/workers/superbot/report.json
2026-04-06 02:24:38 | INFO | [SOL] Cooldown complete - can trade again
2026-04-06 02:24:38 | INFO | MOMENTUM SIGNAL: KXBNB15M-26APR052230-30 | Side: yes @ $0.5400 | contracts=2 | CONF=60 | TS=30%/40% | Coinbase=bullish | age=515s
2026-04-06 02:24:38 | INFO | [BNB] REAL ORDER PLACED: {'order': {'action': 'buy', 'client_order_id': '', 'created_time': '2026-04-06T02:24:38.343285Z', 'fill_count_fp': '2.00', 'initial_count_fp': '2.00', 'last_update_time': '2026-04-06T02:24:38.343285Z', 'maker_fees_dollars': '0.000000', 'maker_fill_cost_dollars': '0.000000', 'no_price_dollars': '0.4600', 'order_id': 'f6fb2cee-9819-4a35-b15c-5dd1a1e6ec7a', 'remaining_count_fp': '0.00', 'side': 'yes', 'status': 'executed', 'subaccount_number': 0, 'taker_fees_dollars': '0.040000', 'taker_fill_cost_dollars': '0.920000', 'ticker': 'KXBNB15M-26APR052230-30', 'type': 'limit', 'user_id': 'dd8ef7dd-9e7f-40f7-965e-e9276a7805a4', 'yes_price_dollars': '0.5400'}}
2026-04-06 02:24:38 | INFO | [BNB] Opened momentum: yes KXBNB15M-26APR052230-30 @ $0.5400, contracts=2, cost=$1.08
2026-04-06 02:24:38 | INFO | 🚀 [BNB] TRADE EXECUTED: momentum yes KXBNB15M-26APR052230-30 @ $0.5400, contracts=2 (daily trades: 4/30)
2026-04-06 02:25:08 | INFO | Status: cash=$33.96, positions=3, loop=22, active_series=['KXSOL15M', 'KXBTC15M', 'KXBNB15M', 'KXXRP15M', 'KXETH15M', 'KXHYPE15M', 'KXDOGE15M']
2026-04-06 02:25:08 | INFO | Day Realized P&L: $-4.94 (-12.7%) / -$99999.00 daily stop-loss limit
2026-04-06 02:25:08 | INFO | Coins: BTC: momentum yes@0.69 | ETH: momentum yes@0.67 | BNB: momentum yes@0.54 | SOL: idle | DOGE: idle | XRP: idle | HYPE: idle | ADA: idle
2026-04-06 02:25:08 | INFO | JSON summary saved to /home/ubuntu/.openclaw/workspace/workers/superbot/report.json
2026-04-06 02:25:38 | INFO | Status: cash=$33.96, positions=3, loop=23, active_series=['KXSOL15M', 'KXBTC15M', 'KXBNB15M', 'KXXRP15M', 'KXETH15M', 'KXHYPE15M', 'KXDOGE15M']
2026-04-06 02:25:38 | INFO | Day Realized P&L: $-4.94 (-12.7%) / -$99999.00 daily stop-loss limit
2026-04-06 02:25:38 | INFO | Coins: BTC: momentum yes@0.69 | ETH: momentum yes@0.67 | BNB: momentum yes@0.54 | SOL: idle | DOGE: idle | XRP: idle | HYPE: idle | ADA: idle
2026-04-06 02:25:38 | INFO | JSON summary saved to /home/ubuntu/.openclaw/workspace/workers/superbot/report.json
2026-04-06 02:26:08 | INFO | Status: cash=$33.96, positions=3, loop=24, active_series=['KXSOL15M', 'KXBTC15M', 'KXBNB15M', 'KXXRP15M', 'KXETH15M', 'KXHYPE15M', 'KXDOGE15M']
2026-04-06 02:26:08 | INFO | Day Realized P&L: $-4.94 (-12.7%) / -$99999.00 daily stop-loss limit
2026-04-06 02:26:08 | INFO | Coins: BTC: momentum yes@0.69 | ETH: momentum yes@0.67 | BNB: momentum yes@0.54 | SOL: idle | DOGE: idle | XRP: idle | HYPE: idle | ADA: idle
2026-04-06 02:26:08 | INFO | JSON summary saved to /home/ubuntu/.openclaw/workspace/workers/superbot/report.json
2026-04-06 02:26:08 | INFO | KXETH15M-26APR052230-30: TIME-SCALED STOP HIT @ $0.2250 (entry=$0.6700, stop=33%, loss=66.4%, age=8.6min)
2026-04-06 02:26:09 | INFO | [ETH] REAL CLOSE ORDER PLACED: {'order': {'action': 'buy', 'client_order_id': '', 'created_time': '2026-04-06T02:26:09.209754Z', 'fill_count_fp': '0.00', 'initial_count_fp': '13.00', 'last_update_time': '2026-04-06T02:26:09.209754Z', 'maker_fees_dollars': '0.000000', 'maker_fill_cost_dollars': '0.000000', 'no_price_dollars': '0.7800', 'order_id': '7f58a381-4806-407f-8711-35c9010dba58', 'remaining_count_fp': '13.00', 'side': 'no', 'status': 'resting', 'subaccount_number': 0, 'taker_fees_dollars': '0.000000', 'taker_fill_cost_dollars': '0.000000', 'ticker': 'KXETH15M-26APR052230-30', 'type': 'limit', 'user_id': 'dd8ef7dd-9e7f-40f7-965e-e9276a7805a4', 'yes_price_dollars': '0.2200'}}
2026-04-06 02:26:09 | INFO | [ETH] Closed KXETH15M-26APR052230-30: TIME-SCALED STOP: -33% loss locked in, PnL=$-2.00
2026-04-06 02:26:09 | INFO | Strategy momentum stats: W=0.00%, R=0.50x, Kelly=4.00%
2026-04-06 02:26:09 | INFO | Trade recorded: KXETH15M-26APR052230-30 yes momentum PnL=$-2.00
2026-04-06 02:26:09 | INFO | [ETH] Position closed. Cooldown started: must wait 2 cycles before re-entering
2026-04-06 02:26:39 | INFO | Status: cash=$33.96, positions=2, loop=25, active_series=['KXSOL15M', 'KXBTC15M', 'KXBNB15M', 'KXXRP15M', 'KXETH15M', 'KXHYPE15M', 'KXDOGE15M']
2026-04-06 02:26:39 | INFO | Day Realized P&L: $-4.94 (-12.7%) / -$99999.00 daily stop-loss limit
2026-04-06 02:26:39 | INFO | Coins: BTC: momentum yes@0.69 | ETH: idle | BNB: momentum yes@0.54 | SOL: idle | DOGE: idle | XRP: idle | HYPE: idle | ADA: idle
2026-04-06 02:26:39 | INFO | JSON summary saved to /home/ubuntu/.openclaw/workspace/workers/superbot/report.json
2026-04-06 02:26:39 | INFO | KXBNB15M-26APR052230-30: TIME-SCALED STOP HIT @ $0.1700 (entry=$0.5400, stop=46%, loss=68.5%, age=2.0min)
2026-04-06 02:26:39 | INFO | [BNB] REAL CLOSE ORDER PLACED: {'order': {'action': 'buy', 'client_order_id': '', 'created_time': '2026-04-06T02:26:39.675924Z', 'fill_count_fp': '0.00', 'initial_count_fp': '9.00', 'last_update_time': '2026-04-06T02:26:39.675924Z', 'maker_fees_dollars': '0.000000', 'maker_fill_cost_dollars': '0.000000', 'no_price_dollars': '0.8300', 'order_id': '15a4b922-cc99-4ce4-aeba-9676c77145dc', 'remaining_count_fp': '9.00', 'side': 'no', 'status': 'resting', 'subaccount_number': 0, 'taker_fees_dollars': '0.000000', 'taker_fill_cost_dollars': '0.000000', 'ticker': 'KXBNB15M-26APR052230-30', 'type': 'limit', 'user_id': 'dd8ef7dd-9e7f-40f7-965e-e9276a7805a4', 'yes_price_dollars': '0.1700'}}
2026-04-06 02:26:39 | INFO | [BNB] Closed KXBNB15M-26APR052230-30: TIME-SCALED STOP: -46% loss locked in, PnL=$-0.74
2026-04-06 02:26:39 | INFO | Strategy momentum stats: W=0.00%, R=1.35x, Kelly=4.00%
2026-04-06 02:26:39 | INFO | Trade recorded: KXBNB15M-26APR052230-30 yes momentum PnL=$-0.74
2026-04-06 02:26:39 | INFO | [BNB] Position closed. Cooldown started: must wait 2 cycles before re-entering
2026-04-06 02:27:09 | INFO | Status: cash=$33.96, positions=1, loop=26, active_series=['KXSOL15M', 'KXBTC15M', 'KXBNB15M', 'KXXRP15M', 'KXETH15M', 'KXHYPE15M', 'KXDOGE15M']
2026-04-06 02:27:09 | INFO | Day Realized P&L: $-4.94 (-12.7%) / -$99999.00 daily stop-loss limit
2026-04-06 02:27:09 | INFO | Coins: BTC: momentum yes@0.69 | ETH: idle | BNB: idle | SOL: idle | DOGE: idle | XRP: idle | HYPE: idle | ADA: idle
2026-04-06 02:27:09 | INFO | JSON summary saved to /home/ubuntu/.openclaw/workspace/workers/superbot/report.json
2026-04-06 02:27:09 | INFO | [ETH] Cooldown complete - can trade again
2026-04-06 02:27:39 | INFO | Status: cash=$33.96, positions=1, loop=27, active_series=['KXSOL15M', 'KXBTC15M', 'KXBNB15M', 'KXXRP15M', 'KXETH15M', 'KXHYPE15M', 'KXDOGE15M']
2026-04-06 02:27:39 | INFO | Day Realized P&L: $-4.94 (-12.7%) / -$99999.00 daily stop-loss limit
2026-04-06 02:27:39 | INFO | Coins: BTC: momentum yes@0.69 | ETH: idle | BNB: idle | SOL: idle | DOGE: idle | XRP: idle | HYPE: idle | ADA: idle
2026-04-06 02:27:39 | INFO | JSON summary saved to /home/ubuntu/.openclaw/workspace/workers/superbot/report.json
2026-04-06 02:27:39 | INFO | [BNB] Cooldown complete - can trade again
2026-04-06 02:28:10 | INFO | Status: cash=$33.96, positions=1, loop=28, active_series=['KXSOL15M', 'KXBTC15M', 'KXBNB15M', 'KXXRP15M', 'KXETH15M', 'KXHYPE15M', 'KXDOGE15M']
2026-04-06 02:28:10 | INFO | Day Realized P&L: $-4.94 (-12.7%) / -$99999.00 daily stop-loss limit
2026-04-06 02:28:10 | INFO | Coins: BTC: momentum yes@0.69 | ETH: idle | BNB: idle | SOL: idle | DOGE: idle | XRP: idle | HYPE: idle | ADA: idle
2026-04-06 02:28:10 | INFO | JSON summary saved to /home/ubuntu/.openclaw/workspace/workers/superbot/report.json
2026-04-06 02:28:10 | INFO | KXBTC15M-26APR052230-30: TIME-SCALED STOP HIT @ $0.4750 (entry=$0.6900, stop=30%, loss=31.2%, age=10.6min)
2026-04-06 02:28:10 | INFO | [BTC] REAL CLOSE ORDER PLACED: {'order': {'action': 'buy', 'client_order_id': '', 'created_time': '2026-04-06T02:28:10.38799Z', 'fill_count_fp': '4.00', 'initial_count_fp': '4.00', 'last_update_time': '2026-04-06T02:28:10.38799Z', 'maker_fees_dollars': '0.000000', 'maker_fill_cost_dollars': '0.000000', 'no_price_dollars': '0.5300', 'order_id': 'd448cb1a-8dda-42cc-8c68-69ebfa612a27', 'remaining_count_fp': '0.00', 'side': 'no', 'status': 'executed', 'subaccount_number': 0, 'taker_fees_dollars': '0.050000', 'taker_fill_cost_dollars': '0.760000', 'ticker': 'KXBTC15M-26APR052230-30', 'type': 'limit', 'user_id': 'dd8ef7dd-9e7f-40f7-965e-e9276a7805a4', 'yes_price_dollars': '0.4700'}}
2026-04-06 02:28:10 | INFO | [BTC] Closed KXBTC15M-26APR052230-30: TIME-SCALED STOP: -30% loss locked in, PnL=$-1.09
2026-04-06 02:28:10 | INFO | Strategy momentum stats: W=0.00%, R=0.92x, Kelly=4.00%
2026-04-06 02:28:10 | INFO | Trade recorded: KXBTC15M-26APR052230-30 yes momentum PnL=$-1.09
2026-04-06 02:28:10 | INFO | [BTC] Position closed. Cooldown started: must wait 2 cycles before re-entering
2026-04-06 02:28:40 | INFO | Status: cash=$33.96, positions=0, loop=29, active_series=['KXSOL15M', 'KXBTC15M', 'KXBNB15M', 'KXXRP15M', 'KXETH15M', 'KXHYPE15M', 'KXDOGE15M']
2026-04-06 02:28:40 | INFO | Day Realized P&L: $-4.94 (-12.7%) / -$99999.00 daily stop-loss limit
2026-04-06 02:28:40 | INFO | Coins: BTC: idle | ETH: idle | BNB: idle | SOL: idle | DOGE: idle | XRP: idle | HYPE: idle | ADA: idle
2026-04-06 02:28:40 | INFO | JSON summary saved to /home/ubuntu/.openclaw/workspace/workers/superbot/report.json
2026-04-06 02:29:10 | INFO | Status: cash=$33.96, positions=0, loop=30, active_series=['KXSOL15M', 'KXBTC15M', 'KXBNB15M', 'KXXRP15M', 'KXETH15M', 'KXHYPE15M', 'KXDOGE15M']
2026-04-06 02:29:10 | INFO | Day Realized P&L: $-4.94 (-12.7%) / -$99999.00 daily stop-loss limit
2026-04-06 02:29:10 | INFO | Coins: BTC: idle | ETH: idle | BNB: idle | SOL: idle | DOGE: idle | XRP: idle | HYPE: idle | ADA: idle
2026-04-06 02:29:10 | INFO | JSON summary saved to /home/ubuntu/.openclaw/workspace/workers/superbot/report.json
2026-04-06 02:29:10 | INFO | [BTC] Cooldown complete - can trade again
2026-04-06 02:29:40 | INFO | Status: cash=$33.96, positions=0, loop=31, active_series=['KXSOL15M', 'KXBTC15M', 'KXBNB15M', 'KXXRP15M', 'KXETH15M', 'KXHYPE15M', 'KXDOGE15M']
2026-04-06 02:29:40 | INFO | Day Realized P&L: $-4.94 (-12.7%) / -$99999.00 daily stop-loss limit
2026-04-06 02:29:40 | INFO | Coins: BTC: idle | ETH: idle | BNB: idle | SOL: idle | DOGE: idle | XRP: idle | HYPE: idle | ADA: idle
2026-04-06 02:29:40 | INFO | JSON summary saved to /home/ubuntu/.openclaw/workspace/workers/superbot/report.json
2026-04-06 02:30:10 | INFO | Status: cash=$33.96, positions=0, loop=32, active_series=['KXSOL15M', 'KXBTC15M', 'KXBNB15M', 'KXXRP15M', 'KXETH15M', 'KXHYPE15M', 'KXDOGE15M']
2026-04-06 02:30:10 | INFO | Day Realized P&L: $-4.94 (-12.7%) / -$99999.00 daily stop-loss limit
2026-04-06 02:30:10 | INFO | Coins: BTC: idle | ETH: idle | BNB: idle | SOL: idle | DOGE: idle | XRP: idle | HYPE: idle | ADA: idle
2026-04-06 02:30:10 | INFO | JSON summary saved to /home/ubuntu/.openclaw/workspace/workers/superbot/report.json
2026-04-06 02:30:11 | INFO | FIRST_CROSS: KXHYPE15M-26APR052245-45 target price set to $36.78
2026-04-06 02:30:41 | INFO | Status: cash=$33.96, positions=0, loop=33, active_series=['KXSOL15M', 'KXBTC15M', 'KXBNB15M', 'KXXRP15M', 'KXETH15M', 'KXHYPE15M', 'KXDOGE15M']
2026-04-06 02:30:41 | INFO | Day Realized P&L: $-4.94 (-12.7%) / -$99999.00 daily stop-loss limit
2026-04-06 02:30:41 | INFO | Coins: BTC: idle | ETH: idle | BNB: idle | SOL: idle | DOGE: idle | XRP: idle | HYPE: idle | ADA: idle
2026-04-06 02:30:41 | INFO | JSON summary saved to /home/ubuntu/.openclaw/workspace/workers/superbot/report.json
2026-04-06 02:30:41 | INFO | FIRST_CROSS: KXBTC15M-26APR052245-45 target price set to $69,199.40
2026-04-06 02:30:41 | INFO | FIRST_CROSS: KXETH15M-26APR052245-45 target price set to $2,133.82
2026-04-06 02:30:41 | INFO | FIRST_CROSS: KXBNB15M-26APR052245-45 target price set to $603.42
2026-04-06 02:30:41 | INFO | FIRST_CROSS: KXSOL15M-26APR052245-45 target price set to $82.45
2026-04-06 02:30:41 | INFO | FIRST_CROSS: KXXRP15M-26APR052245-45 target price set to $1.34
2026-04-06 02:31:11 | INFO | Status: cash=$33.96, positions=0, loop=34, active_series=['KXSOL15M', 'KXBTC15M', 'KXBNB15M', 'KXXRP15M', 'KXETH15M', 'KXHYPE15M', 'KXDOGE15M']
2026-04-06 02:31:11 | INFO | Day Realized P&L: $-4.94 (-12.7%) / -$99999.00 daily stop-loss limit
2026-04-06 02:31:11 | INFO | Coins: BTC: idle | ETH: idle | BNB: idle | SOL: idle | DOGE: idle | XRP: idle | HYPE: idle | ADA: idle
2026-04-06 02:31:11 | INFO | JSON summary saved to /home/ubuntu/.openclaw/workspace/workers/superbot/report.json
2026-04-06 02:31:11 | INFO | FIRST_CROSS: KXDOGE15M-26APR052245-45 target price set to $0.09
2026-04-06 02:31:11 | INFO | FIRST_CROSS: KXHYPE15M-26APR052245-45 | Direction: down | Target: $36.78 | Coin Price: $36.78
2026-04-06 02:31:41 | INFO | Status: cash=$33.96, positions=0, loop=35, active_series=['KXSOL15M', 'KXBTC15M', 'KXBNB15M', 'KXXRP15M', 'KXETH15M', 'KXHYPE15M', 'KXDOGE15M']
2026-04-06 02:31:41 | INFO | Day Realized P&L: $-4.94 (-12.7%) / -$99999.00 daily stop-loss limit
2026-04-06 02:31:41 | INFO | Coins: BTC: idle | ETH: idle | BNB: idle | SOL: idle | DOGE: idle | XRP: idle | HYPE: idle | ADA: idle
2026-04-06 02:31:41 | INFO | JSON summary saved to /home/ubuntu/.openclaw/workspace/workers/superbot/report.json
2026-04-06 02:31:41 | INFO | FIRST_CROSS: KXHYPE15M-26APR052245-45 crossed DOWN through $0.50 (was $0.5100, now $0.4900)
2026-04-06 02:31:41 | INFO | FIRST_CROSS SIGNAL (midpoint): KXHYPE15M-26APR052245-45 | Direction: no | Side: no @ $0.4900 | contracts=0 | CONF=43 | TS=50%/40% | Coinbase=bearish | max_hold=10min
2026-04-06 02:31:41 | ERROR | [HYPE] REAL ORDER FAILED: Invalid price or amount
2026-04-06 02:32:11 | INFO | Status: cash=$33.96, positions=0, loop=36, active_series=['KXSOL15M', 'KXBTC15M', 'KXBNB15M', 'KXXRP15M', 'KXETH15M', 'KXHYPE15M', 'KXDOGE15M']
2026-04-06 02:32:11 | INFO | Day Realized P&L: $-4.94 (-12.7%) / -$99999.00 daily stop-loss limit
2026-04-06 02:32:11 | INFO | Coins: BTC: idle | ETH: idle | BNB: idle | SOL: idle | DOGE: idle | XRP: idle | HYPE: idle | ADA: idle
2026-04-06 02:32:11 | INFO | JSON summary saved to /home/ubuntu/.openclaw/workspace/workers/superbot/report.json
2026-04-06 02:32:12 | INFO | MOMENTUM SIGNAL: KXHYPE15M-26APR052245-45 | Side: no @ $0.4900 | contracts=3 | CONF=60 | TS=30%/40% | Coinbase=bearish | age=121s
2026-04-06 02:32:12 | INFO | [HYPE] REAL ORDER PLACED: {'order': {'action': 'buy', 'client_order_id': '', 'created_time': '2026-04-06T02:32:12.404049Z', 'fill_count_fp': '0.00', 'initial_count_fp': '3.00', 'last_update_time': '2026-04-06T02:32:12.404049Z', 'maker_fees_dollars': '0.000000', 'maker_fill_cost_dollars': '0.000000', 'no_price_dollars': '0.5100', 'order_id': '6f323f70-cbca-4171-b082-547b0d30193a', 'remaining_count_fp': '3.00', 'side': 'no', 'status': 'resting', 'subaccount_number': 0, 'taker_fees_dollars': '0.000000', 'taker_fill_cost_dollars': '0.000000', 'ticker': 'KXHYPE15M-26APR052245-45', 'type': 'limit', 'user_id': 'dd8ef7dd-9e7f-40f7-965e-e9276a7805a4', 'yes_price_dollars': '0.4900'}}
2026-04-06 02:32:12 | INFO | [HYPE] Opened momentum: no KXHYPE15M-26APR052245-45 @ $0.4900, contracts=3, cost=$1.53
2026-04-06 02:32:12 | INFO | 🚀 [HYPE] TRADE EXECUTED: momentum no KXHYPE15M-26APR052245-45 @ $0.4900, contracts=3 (daily trades: 5/30)
2026-04-06 02:32:42 | INFO | Status: cash=$32.43, positions=1, loop=37, active_series=['KXSOL15M', 'KXBTC15M', 'KXBNB15M', 'KXXRP15M', 'KXETH15M', 'KXHYPE15M', 'KXDOGE15M']
2026-04-06 02:32:42 | INFO | Day Realized P&L: $-6.47 (-16.6%) / -$99999.00 daily stop-loss limit
2026-04-06 02:32:42 | INFO | Coins: BTC: idle | ETH: idle | BNB: idle | SOL: idle | DOGE: idle | XRP: idle | HYPE: momentum no@0.49 | ADA: idle
2026-04-06 02:32:42 | INFO | JSON summary saved to /home/ubuntu/.openclaw/workspace/workers/superbot/report.json
2026-04-06 02:32:42 | INFO | MOMENTUM SIGNAL: KXBTC15M-26APR052245-45 | Side: yes @ $0.6800 | contracts=2 | CONF=60 | TS=30%/40% | Coinbase=bullish | age=121s
2026-04-06 02:32:42 | INFO | [BTC] REAL ORDER PLACED: {'order': {'action': 'buy', 'client_order_id': '', 'created_time': '2026-04-06T02:32:42.722152Z', 'fill_count_fp': '0.00', 'initial_count_fp': '2.00', 'last_update_time': '2026-04-06T02:32:42.722152Z', 'maker_fees_dollars': '0.000000', 'maker_fill_cost_dollars': '0.000000', 'no_price_dollars': '0.3200', 'order_id': 'd3043075-d507-4ba2-afdf-e1dcf7a266c0', 'remaining_count_fp': '2.00', 'side': 'yes', 'status': 'resting', 'subaccount_number': 0, 'taker_fees_dollars': '0.000000', 'taker_fill_cost_dollars': '0.000000', 'ticker': 'KXBTC15M-26APR052245-45', 'type': 'limit', 'user_id': 'dd8ef7dd-9e7f-40f7-965e-e9276a7805a4', 'yes_price_dollars': '0.6800'}}
2026-04-06 02:32:42 | INFO | [BTC] Opened momentum: yes KXBTC15M-26APR052245-45 @ $0.6800, contracts=2, cost=$1.36
2026-04-06 02:32:42 | INFO | 🚀 [BTC] TRADE EXECUTED: momentum yes KXBTC15M-26APR052245-45 @ $0.6800, contracts=2 (daily trades: 6/30)
2026-04-06 02:33:12 | INFO | Status: cash=$31.07, positions=2, loop=38, active_series=['KXSOL15M', 'KXBTC15M', 'KXBNB15M', 'KXXRP15M', 'KXETH15M', 'KXHYPE15M', 'KXDOGE15M']
2026-04-06 02:33:12 | INFO | Day Realized P&L: $-7.83 (-20.1%) / -$99999.00 daily stop-loss limit
2026-04-06 02:33:12 | INFO | Coins: BTC: momentum yes@0.68 | ETH: idle | BNB: idle | SOL: idle | DOGE: idle | XRP: idle | HYPE: momentum no@0.49 | ADA: idle
2026-04-06 02:33:12 | INFO | JSON summary saved to /home/ubuntu/.openclaw/workspace/workers/superbot/report.json
2026-04-06 02:33:12 | INFO | KXBTC15M-26APR052245-45: SCALED IN @ $0.8400 (+$1.00), new size=$3.00, avg_price=$0.7333, scale_ins=1
2026-04-06 02:33:12 | INFO | [BTC] SCALED IN KXBTC15M-26APR052245-45: +$1.00 @ $0.8400, new_size=$3.00
2026-04-06 02:33:43 | INFO | Status: cash=$31.07, positions=2, loop=39, active_series=['KXSOL15M', 'KXBTC15M', 'KXBNB15M', 'KXXRP15M', 'KXETH15M', 'KXHYPE15M', 'KXDOGE15M']
2026-04-06 02:33:43 | INFO | Day Realized P&L: $-7.83 (-20.1%) / -$99999.00 daily stop-loss limit
2026-04-06 02:33:43 | INFO | Coins: BTC: momentum yes@0.68 | ETH: idle | BNB: idle | SOL: idle | DOGE: idle | XRP: idle | HYPE: momentum no@0.49 | ADA: idle
2026-04-06 02:33:43 | INFO | JSON summary saved to /home/ubuntu/.openclaw/workspace/workers/superbot/report.json
2026-04-06 02:33:43 | INFO | KXBTC15M-26APR052245-45: SCALED IN @ $0.8600 (+$1.00), new size=$4.00, avg_price=$0.7650, scale_ins=2
2026-04-06 02:33:43 | INFO | [BTC] SCALED IN KXBTC15M-26APR052245-45: +$1.00 @ $0.8600, new_size=$4.00
2026-04-06 02:34:13 | INFO | Status: cash=$31.07, positions=2, loop=40, active_series=['KXSOL15M', 'KXBTC15M', 'KXBNB15M', 'KXXRP15M', 'KXETH15M', 'KXHYPE15M', 'KXDOGE15M']
2026-04-06 02:34:13 | INFO | Day Realized P&L: $-7.83 (-20.1%) / -$99999.00 daily stop-loss limit
2026-04-06 02:34:13 | INFO | Coins: BTC: momentum yes@0.68 | ETH: idle | BNB: idle | SOL: idle | DOGE: idle | XRP: idle | HYPE: momentum no@0.49 | ADA: idle
2026-04-06 02:34:13 | INFO | JSON summary saved to /home/ubuntu/.openclaw/workspace/workers/superbot/report.json
2026-04-06 02:34:43 | INFO | Status: cash=$31.07, positions=2, loop=41, active_series=['KXSOL15M', 'KXBTC15M', 'KXBNB15M', 'KXXRP15M', 'KXETH15M', 'KXHYPE15M', 'KXDOGE15M']
2026-04-06 02:34:43 | INFO | Day Realized P&L: $-7.83 (-20.1%) / -$99999.00 daily stop-loss limit
2026-04-06 02:34:43 | INFO | Coins: BTC: momentum yes@0.68 | ETH: idle | BNB: idle | SOL: idle | DOGE: idle | XRP: idle | HYPE: momentum no@0.49 | ADA: idle
2026-04-06 02:34:43 | INFO | JSON summary saved to /home/ubuntu/.openclaw/workspace/workers/superbot/report.json
2026-04-06 02:34:43 | INFO | KXHYPE15M-26APR052245-45: TIME-SCALED STOP HIT @ $0.7450 (entry=$0.4900, stop=45%, loss=52.0%, age=2.5min)
2026-04-06 02:34:44 | INFO | [HYPE] REAL CLOSE ORDER PLACED: {'order': {'action': 'buy', 'client_order_id': '', 'created_time': '2026-04-06T02:34:44.12329Z', 'fill_count_fp': '0.00', 'initial_count_fp': '3.00', 'last_update_time': '2026-04-06T02:34:44.12329Z', 'maker_fees_dollars': '0.000000', 'maker_fill_cost_dollars': '0.000000', 'no_price_dollars': '0.2600', 'order_id': '4239bf22-9888-4e15-bc98-e2009d898ebb', 'remaining_count_fp': '3.00', 'side': 'yes', 'status': 'resting', 'subaccount_number': 0, 'taker_fees_dollars': '0.000000', 'taker_fill_cost_dollars': '0.000000', 'ticker': 'KXHYPE15M-26APR052245-45', 'type': 'limit', 'user_id': 'dd8ef7dd-9e7f-40f7-965e-e9276a7805a4', 'yes_price_dollars': '0.7400'}}
2026-04-06 02:34:44 | INFO | [HYPE] Closed KXHYPE15M-26APR052245-45: TIME-SCALED STOP: -45% loss locked in, PnL=$0.77
2026-04-06 02:34:44 | INFO | Strategy momentum stats: W=100.00%, R=0.77x, Kelly=20.00%
2026-04-06 02:34:44 | INFO | Trade recorded: KXHYPE15M-26APR052245-45 no momentum PnL=$0.77
2026-04-06 02:34:44 | INFO | [HYPE] Position closed. Cooldown started: must wait 2 cycles before re-entering
2026-04-06 02:35:14 | INFO | Status: cash=$31.07, positions=1, loop=42, active_series=['KXSOL15M', 'KXBTC15M', 'KXBNB15M', 'KXXRP15M', 'KXETH15M', 'KXHYPE15M', 'KXDOGE15M']
2026-04-06 02:35:14 | INFO | Day Realized P&L: $-7.83 (-20.1%) / -$99999.00 daily stop-loss limit
2026-04-06 02:35:14 | INFO | Coins: BTC: momentum yes@0.68 | ETH: idle | BNB: idle | SOL: idle | DOGE: idle | XRP: idle | HYPE: idle | ADA: idle
2026-04-06 02:35:14 | INFO | JSON summary saved to /home/ubuntu/.openclaw/workspace/workers/superbot/report.json
2026-04-06 02:35:44 | INFO | Status: cash=$31.07, positions=1, loop=43, active_series=['KXSOL15M', 'KXBTC15M', 'KXBNB15M', 'KXXRP15M', 'KXETH15M', 'KXHYPE15M', 'KXDOGE15M']
2026-04-06 02:35:44 | INFO | Day Realized P&L: $-7.83 (-20.1%) / -$99999.00 daily stop-loss limit
2026-04-06 02:35:44 | INFO | Coins: BTC: momentum yes@0.68 | ETH: idle | BNB: idle | SOL: idle | DOGE: idle | XRP: idle | HYPE: idle | ADA: idle
2026-04-06 02:35:44 | INFO | JSON summary saved to /home/ubuntu/.openclaw/workspace/workers/superbot/report.json
2026-04-06 02:35:44 | INFO | [HYPE] Cooldown complete - can trade again
2026-04-06 02:36:14 | INFO | Status: cash=$31.07, positions=1, loop=44, active_series=['KXSOL15M', 'KXBTC15M', 'KXBNB15M', 'KXXRP15M', 'KXETH15M', 'KXHYPE15M', 'KXDOGE15M']
2026-04-06 02:36:14 | INFO | Day Realized P&L: $-7.83 (-20.1%) / -$99999.00 daily stop-loss limit
2026-04-06 02:36:14 | INFO | Coins: BTC: momentum yes@0.68 | ETH: idle | BNB: idle | SOL: idle | DOGE: idle | XRP: idle | HYPE: idle | ADA: idle
2026-04-06 02:36:14 | INFO | JSON summary saved to /home/ubuntu/.openclaw/workspace/workers/superbot/report.json
2026-04-06 02:36:44 | INFO | Status: cash=$31.07, positions=1, loop=45, active_series=['KXSOL15M', 'KXBTC15M', 'KXBNB15M', 'KXXRP15M', 'KXETH15M', 'KXHYPE15M', 'KXDOGE15M']
2026-04-06 02:36:44 | INFO | Day Realized P&L: $-7.83 (-20.1%) / -$99999.00 daily stop-loss limit
2026-04-06 02:36:44 | INFO | Coins: BTC: momentum yes@0.68 | ETH: idle | BNB: idle | SOL: idle | DOGE: idle | XRP: idle | HYPE: idle | ADA: idle
2026-04-06 02:36:44 | INFO | JSON summary saved to /home/ubuntu/.openclaw/workspace/workers/superbot/report.json
2026-04-06 02:37:15 | INFO | Status: cash=$31.07, positions=1, loop=46, active_series=['KXSOL15M', 'KXBTC15M', 'KXBNB15M', 'KXXRP15M', 'KXETH15M', 'KXHYPE15M', 'KXDOGE15M']
2026-04-06 02:37:15 | INFO | Day Realized P&L: $-7.83 (-20.1%) / -$99999.00 daily stop-loss limit
2026-04-06 02:37:15 | INFO | Coins: BTC: momentum yes@0.68 | ETH: idle | BNB: idle | SOL: idle | DOGE: idle | XRP: idle | HYPE: idle | ADA: idle
2026-04-06 02:37:15 | INFO | JSON summary saved to /home/ubuntu/.openclaw/workspace/workers/superbot/report.json
2026-04-06 02:37:15 | INFO | FIRST_CROSS: KXDOGE15M-26APR052245-45 | Direction: down | Target: $0.09 | Coin Price: $0.09
2026-04-06 02:37:15 | INFO | FIRST_CROSS SIGNAL (coin): KXDOGE15M-26APR052245-45 | Direction: down | Target: $0.09 | Side: no @ $0.6300 | contracts=0 | CONF=40 | Coinbase=neutral
2026-04-06 02:37:15 | ERROR | [DOGE] REAL ORDER FAILED: Invalid price or amount
2026-04-06 02:37:15 | INFO | FIRST_CROSS SIGNAL (midpoint): KXHYPE15M-26APR052245-45 | Direction: no | Side: no @ $0.6550 | contracts=0 | CONF=53 | TS=50%/40% | Coinbase=None | max_hold=10min
2026-04-06 02:37:15 | ERROR | [HYPE] REAL ORDER FAILED: Invalid price or amount
2026-04-06 02:37:45 | INFO | Status: cash=$31.07, positions=1, loop=47, active_series=['KXSOL15M', 'KXBTC15M', 'KXBNB15M', 'KXXRP15M', 'KXETH15M', 'KXHYPE15M', 'KXDOGE15M']
2026-04-06 02:37:45 | INFO | Day Realized P&L: $-7.83 (-20.1%) / -$99999.00 daily stop-loss limit
2026-04-06 02:37:45 | INFO | Coins: BTC: momentum yes@0.68 | ETH: idle | BNB: idle | SOL: idle | DOGE: idle | XRP: idle | HYPE: idle | ADA: idle
2026-04-06 02:37:45 | INFO | JSON summary saved to /home/ubuntu/.openclaw/workspace/workers/superbot/report.json
2026-04-06 02:37:45 | INFO | FIRST_CROSS: KXXRP15M-26APR052245-45 | Direction: down | Target: $1.34 | Coin Price: $1.34
2026-04-06 02:37:45 | INFO | FIRST_CROSS SIGNAL (midpoint): KXHYPE15M-26APR052245-45 | Direction: no | Side: no @ $0.6150 | contracts=0 | CONF=53 | TS=50%/40% | Coinbase=None | max_hold=10min
2026-04-06 02:37:45 | ERROR | [HYPE] REAL ORDER FAILED: Invalid price or amount
2026-04-06 02:38:15 | INFO | Status: cash=$31.07, positions=1, loop=48, active_series=['KXSOL15M', 'KXBTC15M', 'KXBNB15M', 'KXXRP15M', 'KXETH15M', 'KXHYPE15M', 'KXDOGE15M']
2026-04-06 02:38:15 | INFO | Day Realized P&L: $-7.83 (-20.1%) / -$99999.00 daily stop-loss limit
2026-04-06 02:38:15 | INFO | Coins: BTC: momentum yes@0.68 | ETH: idle | BNB: idle | SOL: idle | DOGE: idle | XRP: idle | HYPE: idle | ADA: idle
2026-04-06 02:38:15 | INFO | JSON summary saved to /home/ubuntu/.openclaw/workspace/workers/superbot/report.json
2026-04-06 02:38:15 | INFO | FIRST_CROSS SIGNAL (midpoint): KXHYPE15M-26APR052245-45 | Direction: no | Side: no @ $0.5300 | contracts=0 | CONF=40 | TS=50%/40% | Coinbase=None | max_hold=10min
2026-04-06 02:38:15 | ERROR | [HYPE] REAL ORDER FAILED: Invalid price or amount
2026-04-06 02:38:45 | INFO | Status: cash=$31.07, positions=1, loop=49, active_series=['KXSOL15M', 'KXBTC15M', 'KXBNB15M', 'KXXRP15M', 'KXETH15M', 'KXHYPE15M', 'KXDOGE15M']
2026-04-06 02:38:45 | INFO | Day Realized P&L: $-7.83 (-20.1%) / -$99999.00 daily stop-loss limit
2026-04-06 02:38:45 | INFO | Coins: BTC: momentum yes@0.68 | ETH: idle | BNB: idle | SOL: idle | DOGE: idle | XRP: idle | HYPE: idle | ADA: idle
2026-04-06 02:38:45 | INFO | JSON summary saved to /home/ubuntu/.openclaw/workspace/workers/superbot/report.json
2026-04-06 02:38:45 | INFO | FIRST_CROSS: KXBNB15M-26APR052245-45 crossed DOWN through $0.50 (was $0.6400, now $0.4900)
2026-04-06 02:38:45 | INFO | FIRST_CROSS: KXDOGE15M-26APR052245-45 crossed DOWN through $0.50 (was $0.5700, now $0.4500)
2026-04-06 02:38:45 | INFO | FIRST_CROSS: KXXRP15M-26APR052245-45 crossed DOWN through $0.50 (was $0.5050, now $0.3700)
2026-04-06 02:38:45 | INFO | FIRST_CROSS SIGNAL (midpoint): KXXRP15M-26APR052245-45 | Direction: no | Side: no @ $0.3700 | contracts=0 | CONF=48 | TS=50%/40% | Coinbase=neutral | max_hold=10min
2026-04-06 02:38:45 | ERROR | [XRP] REAL ORDER FAILED: Invalid price or amount
2026-04-06 02:38:45 | INFO | FIRST_CROSS SIGNAL (midpoint): KXHYPE15M-26APR052245-45 | Direction: no | Side: no @ $0.6150 | contracts=0 | CONF=53 | TS=50%/40% | Coinbase=None | max_hold=10min
2026-04-06 02:38:45 | ERROR | [HYPE] REAL ORDER FAILED: Invalid price or amount
2026-04-06 02:39:15 | INFO | Status: cash=$31.07, positions=1, loop=50, active_series=['KXSOL15M', 'KXBTC15M', 'KXBNB15M', 'KXXRP15M', 'KXETH15M', 'KXHYPE15M', 'KXDOGE15M']
2026-04-06 02:39:15 | INFO | Day Realized P&L: $-7.83 (-20.1%) / -$99999.00 daily stop-loss limit
2026-04-06 02:39:15 | INFO | Coins: BTC: momentum yes@0.68 | ETH: idle | BNB: idle | SOL: idle | DOGE: idle | XRP: idle | HYPE: idle | ADA: idle
2026-04-06 02:39:15 | INFO | JSON summary saved to /home/ubuntu/.openclaw/workspace/workers/superbot/report.json
2026-04-06 02:39:15 | INFO | FIRST_CROSS SIGNAL (midpoint): KXBNB15M-26APR052245-45 | Direction: no | Side: no @ $0.6500 | contracts=0 | CONF=48 | TS=50%/40% | Coinbase=neutral | max_hold=10min
2026-04-06 02:39:15 | ERROR | [BNB] REAL ORDER FAILED: Invalid price or amount
2026-04-06 02:39:15 | INFO | FIRST_CROSS SIGNAL (midpoint): KXHYPE15M-26APR052245-45 | Direction: no | Side: no @ $0.6450 | contracts=0 | CONF=53 | TS=50%/40% | Coinbase=None | max_hold=10min
2026-04-06 02:39:15 | ERROR | [HYPE] REAL ORDER FAILED: Invalid price or amount
2026-04-06 02:39:45 | INFO | Status: cash=$31.07, positions=1, loop=51, active_series=['KXSOL15M', 'KXBTC15M', 'KXBNB15M', 'KXXRP15M', 'KXETH15M', 'KXHYPE15M', 'KXDOGE15M']
2026-04-06 02:39:45 | INFO | Day Realized P&L: $-7.83 (-20.1%) / -$99999.00 daily stop-loss limit
2026-04-06 02:39:45 | INFO | Coins: BTC: momentum yes@0.68 | ETH: idle | BNB: idle | SOL: idle | DOGE: idle | XRP: idle | HYPE: idle | ADA: idle
2026-04-06 02:39:45 | INFO | JSON summary saved to /home/ubuntu/.openclaw/workspace/workers/superbot/report.json
2026-04-06 02:39:46 | INFO | FIRST_CROSS: KXBNB15M-26APR052245-45 | Direction: down | Target: $603.42 | Coin Price: $603.37
2026-04-06 02:39:46 | INFO | FIRST_CROSS SIGNAL (midpoint): KXHYPE15M-26APR052245-45 | Direction: no | Side: no @ $0.5850 | contracts=0 | CONF=40 | TS=50%/40% | Coinbase=None | max_hold=10min
2026-04-06 02:39:46 | ERROR | [HYPE] REAL ORDER FAILED: Invalid price or amount
2026-04-06 02:40:16 | INFO | Status: cash=$31.07, positions=1, loop=52, active_series=['KXSOL15M', 'KXBTC15M', 'KXBNB15M', 'KXXRP15M', 'KXETH15M', 'KXHYPE15M', 'KXDOGE15M']
2026-04-06 02:40:16 | INFO | Day Realized P&L: $-7.83 (-20.1%) / -$99999.00 daily stop-loss limit
2026-04-06 02:40:16 | INFO | Coins: BTC: momentum yes@0.68 | ETH: idle | BNB: idle | SOL: idle | DOGE: idle | XRP: idle | HYPE: idle | ADA: idle
2026-04-06 02:40:16 | INFO | JSON summary saved to /home/ubuntu/.openclaw/workspace/workers/superbot/report.json
2026-04-06 02:40:46 | INFO | Status: cash=$31.07, positions=1, loop=53, active_series=['KXSOL15M', 'KXBTC15M', 'KXBNB15M', 'KXXRP15M', 'KXETH15M', 'KXHYPE15M', 'KXDOGE15M']
2026-04-06 02:40:46 | INFO | Day Realized P&L: $-7.83 (-20.1%) / -$99999.00 daily stop-loss limit
2026-04-06 02:40:46 | INFO | Coins: BTC: momentum yes@0.68 | ETH: idle | BNB: idle | SOL: idle | DOGE: idle | XRP: idle | HYPE: idle | ADA: idle
2026-04-06 02:40:46 | INFO | JSON summary saved to /home/ubuntu/.openclaw/workspace/workers/superbot/report.json
2026-04-06 02:40:46 | INFO | FIRST_CROSS: KXETH15M-26APR052245-45 | Direction: down | Target: $2,133.82 | Coin Price: $2,132.55
2026-04-06 02:40:46 | INFO | FIRST_CROSS SIGNAL (midpoint): KXDOGE15M-26APR052245-45 | Direction: no | Side: no @ $0.3850 | contracts=0 | CONF=45 | TS=50%/40% | Coinbase=neutral | max_hold=10min
2026-04-06 02:40:46 | ERROR | [DOGE] REAL ORDER FAILED: Invalid price or amount
2026-04-06 02:40:46 | INFO | FIRST_CROSS SIGNAL (midpoint): KXHYPE15M-26APR052245-45 | Direction: no | Side: no @ $0.6400 | contracts=0 | CONF=50 | TS=50%/40% | Coinbase=None | max_hold=10min
2026-04-06 02:40:46 | ERROR | [HYPE] REAL ORDER FAILED: Invalid price or amount
2026-04-06 02:41:16 | INFO | Status: cash=$31.07, positions=1, loop=54, active_series=['KXSOL15M', 'KXBTC15M', 'KXBNB15M', 'KXXRP15M', 'KXETH15M', 'KXHYPE15M', 'KXDOGE15M']
2026-04-06 02:41:16 | INFO | Day Realized P&L: $-7.83 (-20.1%) / -$99999.00 daily stop-loss limit
2026-04-06 02:41:16 | INFO | Coins: BTC: momentum yes@0.68 | ETH: idle | BNB: idle | SOL: idle | DOGE: idle | XRP: idle | HYPE: idle | ADA: idle
2026-04-06 02:41:16 | INFO | JSON summary saved to /home/ubuntu/.openclaw/workspace/workers/superbot/report.json
2026-04-06 02:41:16 | INFO | FIRST_CROSS: KXETH15M-26APR052245-45 crossed DOWN through $0.50 (was $0.5900, now $0.4350)
2026-04-06 02:41:16 | INFO | FIRST_CROSS SIGNAL (midpoint): KXDOGE15M-26APR052245-45 | Direction: no | Side: no @ $0.3500 | contracts=0 | CONF=45 | TS=50%/40% | Coinbase=neutral | max_hold=10min
2026-04-06 02:41:16 | ERROR | [DOGE] REAL ORDER FAILED: Invalid price or amount
2026-04-06 02:41:16 | INFO | FIRST_CROSS SIGNAL (midpoint): KXHYPE15M-26APR052245-45 | Direction: no | Side: no @ $0.6450 | contracts=0 | CONF=50 | TS=50%/40% | Coinbase=None | max_hold=10min
2026-04-06 02:41:16 | ERROR | [HYPE] REAL ORDER FAILED: Invalid price or amount
2026-04-06 02:41:46 | INFO | Status: cash=$31.07, positions=1, loop=55, active_series=['KXSOL15M', 'KXBTC15M', 'KXBNB15M', 'KXXRP15M', 'KXETH15M', 'KXHYPE15M', 'KXDOGE15M']
2026-04-06 02:41:46 | INFO | Day Realized P&L: $-7.83 (-20.1%) / -$99999.00 daily stop-loss limit
2026-04-06 02:41:46 | INFO | Coins: BTC: momentum yes@0.68 | ETH: idle | BNB: idle | SOL: idle | DOGE: idle | XRP: idle | HYPE: idle | ADA: idle
2026-04-06 02:41:46 | INFO | JSON summary saved to /home/ubuntu/.openclaw/workspace/workers/superbot/report.json
2026-04-06 02:41:46 | INFO | KXBTC15M-26APR052245-45: TIME-SCALED STOP HIT @ $0.4250 (entry=$0.6800, stop=32%, loss=37.5%, age=9.1min)
2026-04-06 02:41:46 | INFO | [BTC] REAL CLOSE ORDER PLACED: {'order': {'action': 'buy', 'client_order_id': '', 'created_time': '2026-04-06T02:41:46.924654Z', 'fill_count_fp': '5.00', 'initial_count_fp': '5.00', 'last_update_time': '2026-04-06T02:41:46.924654Z', 'maker_fees_dollars': '0.000000', 'maker_fill_cost_dollars': '0.000000', 'no_price_dollars': '0.5700', 'order_id': 'de74e85b-2369-42e4-bd96-4e97d0a5e1c0', 'remaining_count_fp': '0.00', 'side': 'no', 'status': 'executed', 'subaccount_number': 0, 'taker_fees_dollars': '0.090000', 'taker_fill_cost_dollars': '2.600000', 'ticker': 'KXBTC15M-26APR052245-45', 'type': 'limit', 'user_id': 'dd8ef7dd-9e7f-40f7-965e-e9276a7805a4', 'yes_price_dollars': '0.4300'}}
2026-04-06 02:41:46 | INFO | [BTC] Closed KXBTC15M-26APR052245-45: TIME-SCALED STOP: -32% loss locked in, PnL=$-1.36
2026-04-06 02:41:46 | INFO | Strategy momentum stats: W=0.00%, R=0.82x, Kelly=4.00%
2026-04-06 02:41:46 | INFO | Trade recorded: KXBTC15M-26APR052245-45 yes momentum PnL=$-1.36
2026-04-06 02:41:46 | INFO | [BTC] Position closed. Cooldown started: must wait 2 cycles before re-entering
2026-04-06 02:41:46 | INFO | FIRST_CROSS: KXBTC15M-26APR052245-45 | Direction: down | Target: $69,199.40 | Coin Price: $69,190.01
2026-04-06 02:41:46 | INFO | FIRST_CROSS SIGNAL (midpoint): KXETH15M-26APR052245-45 | Direction: no | Side: no @ $0.3550 | contracts=0 | CONF=45 | TS=50%/40% | Coinbase=neutral | max_hold=10min
2026-04-06 02:41:46 | ERROR | [ETH] REAL ORDER FAILED: Invalid price or amount
2026-04-06 02:41:46 | INFO | FIRST_CROSS SIGNAL (midpoint): KXDOGE15M-26APR052245-45 | Direction: no | Side: no @ $0.3350 | contracts=0 | CONF=45 | TS=50%/40% | Coinbase=neutral | max_hold=10min
2026-04-06 02:41:46 | ERROR | [DOGE] REAL ORDER FAILED: Invalid price or amount
2026-04-06 02:42:17 | INFO | Status: cash=$31.07, positions=0, loop=56, active_series=['KXSOL15M', 'KXBTC15M', 'KXBNB15M', 'KXXRP15M', 'KXETH15M', 'KXHYPE15M', 'KXDOGE15M']
2026-04-06 02:42:17 | INFO | Day Realized P&L: $-7.83 (-20.1%) / -$99999.00 daily stop-loss limit
2026-04-06 02:42:17 | INFO | Coins: BTC: idle | ETH: idle | BNB: idle | SOL: idle | DOGE: idle | XRP: idle | HYPE: idle | ADA: idle
2026-04-06 02:42:17 | INFO | JSON summary saved to /home/ubuntu/.openclaw/workspace/workers/superbot/report.json
2026-04-06 02:42:17 | INFO | FIRST_CROSS: KXBTC15M-26APR052245-45 crossed DOWN through $0.50 (was $0.6650, now $0.4850)
2026-04-06 02:42:17 | INFO | FIRST_CROSS SIGNAL (midpoint): KXHYPE15M-26APR052245-45 | Direction: no | Side: no @ $0.6550 | contracts=0 | CONF=41 | TS=50%/40% | Coinbase=None | max_hold=10min
2026-04-06 02:42:17 | ERROR | [HYPE] REAL ORDER FAILED: Invalid price or amount
2026-04-06 02:42:47 | INFO | Status: cash=$31.07, positions=0, loop=57, active_series=['KXSOL15M', 'KXBTC15M', 'KXBNB15M', 'KXXRP15M', 'KXETH15M', 'KXHYPE15M', 'KXDOGE15M']
2026-04-06 02:42:47 | INFO | Day Realized P&L: $-7.83 (-20.1%) / -$99999.00 daily stop-loss limit
2026-04-06 02:42:47 | INFO | Coins: BTC: idle | ETH: idle | BNB: idle | SOL: idle | DOGE: idle | XRP: idle | HYPE: idle | ADA: idle
2026-04-06 02:42:47 | INFO | JSON summary saved to /home/ubuntu/.openclaw/workspace/workers/superbot/report.json
2026-04-06 02:42:47 | INFO | [BTC] Cooldown complete - can trade again
2026-04-06 02:43:17 | INFO | Status: cash=$31.07, positions=0, loop=58, active_series=['KXSOL15M', 'KXBTC15M', 'KXBNB15M', 'KXXRP15M', 'KXETH15M', 'KXHYPE15M', 'KXDOGE15M']
2026-04-06 02:43:17 | INFO | Day Realized P&L: $-7.83 (-20.1%) / -$99999.00 daily stop-loss limit
2026-04-06 02:43:17 | INFO | Coins: BTC: idle | ETH: idle | BNB: idle | SOL: idle | DOGE: idle | XRP: idle | HYPE: idle | ADA: idle
2026-04-06 02:43:17 | INFO | JSON summary saved to /home/ubuntu/.openclaw/workspace/workers/superbot/report.json
2026-04-06 02:43:17 | INFO | FIRST_CROSS SIGNAL (midpoint): KXHYPE15M-26APR052245-45 | Direction: no | Side: no @ $0.6450 | contracts=0 | CONF=41 | TS=50%/40% | Coinbase=None | max_hold=10min
2026-04-06 02:43:17 | ERROR | [HYPE] REAL ORDER FAILED: Invalid price or amount
2026-04-06 02:43:47 | INFO | Status: cash=$31.07, positions=0, loop=59, active_series=['KXSOL15M', 'KXBTC15M', 'KXBNB15M', 'KXXRP15M', 'KXETH15M', 'KXHYPE15M', 'KXDOGE15M']
2026-04-06 02:43:47 | INFO | Day Realized P&L: $-7.83 (-20.1%) / -$99999.00 daily stop-loss limit
2026-04-06 02:43:47 | INFO | Coins: BTC: idle | ETH: idle | BNB: idle | SOL: idle | DOGE: idle | XRP: idle | HYPE: idle | ADA: idle
2026-04-06 02:43:47 | INFO | JSON summary saved to /home/ubuntu/.openclaw/workspace/workers/superbot/report.json
2026-04-06 02:43:47 | INFO | FIRST_CROSS SIGNAL (midpoint): KXBTC15M-26APR052245-45 | Direction: no | Side: no @ $0.3450 | contracts=0 | CONF=41 | TS=50%/40% | Coinbase=None | max_hold=10min
2026-04-06 02:43:47 | ERROR | [BTC] REAL ORDER FAILED: Invalid price or amount
2026-04-06 02:44:17 | INFO | Status: cash=$31.07, positions=0, loop=60, active_series=['KXSOL15M', 'KXBTC15M', 'KXBNB15M', 'KXXRP15M', 'KXETH15M', 'KXHYPE15M', 'KXDOGE15M']
2026-04-06 02:44:17 | INFO | Day Realized P&L: $-7.83 (-20.1%) / -$99999.00 daily stop-loss limit
2026-04-06 02:44:17 | INFO | Coins: BTC: idle | ETH: idle | BNB: idle | SOL: idle | DOGE: idle | XRP: idle | HYPE: idle | ADA: idle
2026-04-06 02:44:17 | INFO | JSON summary saved to /home/ubuntu/.openclaw/workspace/workers/superbot/report.json
2026-04-06 02:44:47 | INFO | Status: cash=$31.07, positions=0, loop=61, active_series=['KXSOL15M', 'KXBTC15M', 'KXBNB15M', 'KXXRP15M', 'KXETH15M', 'KXHYPE15M', 'KXDOGE15M']
2026-04-06 02:44:47 | INFO | Day Realized P&L: $-7.83 (-20.1%) / -$99999.00 daily stop-loss limit
2026-04-06 02:44:47 | INFO | Coins: BTC: idle | ETH: idle | BNB: idle | SOL: idle | DOGE: idle | XRP: idle | HYPE: idle | ADA: idle
2026-04-06 02:44:47 | INFO | JSON summary saved to /home/ubuntu/.openclaw/workspace/workers/superbot/report.json
2026-04-06 02:45:17 | INFO | Status: cash=$31.07, positions=0, loop=62, active_series=['KXSOL15M', 'KXBTC15M', 'KXBNB15M', 'KXXRP15M', 'KXETH15M', 'KXHYPE15M', 'KXDOGE15M']
2026-04-06 02:45:17 | INFO | Day Realized P&L: $-7.83 (-20.1%) / -$99999.00 daily stop-loss limit
2026-04-06 02:45:17 | INFO | Coins: BTC: idle | ETH: idle | BNB: idle | SOL: idle | DOGE: idle | XRP: idle | HYPE: idle | ADA: idle
2026-04-06 02:45:17 | INFO | JSON summary saved to /home/ubuntu/.openclaw/workspace/workers/superbot/report.json
2026-04-06 02:45:17 | INFO | FIRST_CROSS: KXBNB15M-26APR052300-00 target price set to $602.91
2026-04-06 02:45:17 | INFO | FIRST_CROSS: KXSOL15M-26APR052300-00 target price set to $82.45
2026-04-06 02:45:17 | INFO | FIRST_CROSS: KXDOGE15M-26APR052300-00 target price set to $0.09
2026-04-06 02:45:18 | INFO | FIRST_CROSS: KXXRP15M-26APR052300-00 target price set to $1.34
2026-04-06 02:45:18 | INFO | FIRST_CROSS: KXHYPE15M-26APR052300-00 target price set to $36.80
2026-04-06 02:45:48 | INFO | Status: cash=$31.07, positions=0, loop=63, active_series=['KXSOL15M', 'KXBTC15M', 'KXBNB15M', 'KXXRP15M', 'KXETH15M', 'KXHYPE15M', 'KXDOGE15M']
2026-04-06 02:45:48 | INFO | Day Realized P&L: $-7.83 (-20.1%) / -$99999.00 daily stop-loss limit
2026-04-06 02:45:48 | INFO | Coins: BTC: idle | ETH: idle | BNB: idle | SOL: idle | DOGE: idle | XRP: idle | HYPE: idle | ADA: idle
2026-04-06 02:45:48 | INFO | JSON summary saved to /home/ubuntu/.openclaw/workspace/workers/superbot/report.json
2026-04-06 02:45:48 | INFO | FIRST_CROSS: KXBTC15M-26APR052300-00 target price set to $69,181.92
2026-04-06 02:45:48 | INFO | FIRST_CROSS: KXETH15M-26APR052300-00 target price set to $2,132.23
2026-04-06 02:46:18 | INFO | Status: cash=$31.07, positions=0, loop=64, active_series=['KXSOL15M', 'KXBTC15M', 'KXBNB15M', 'KXXRP15M', 'KXETH15M', 'KXHYPE15M', 'KXDOGE15M']
2026-04-06 02:46:18 | INFO | Day Realized P&L: $-7.83 (-20.1%) / -$99999.00 daily stop-loss limit
2026-04-06 02:46:18 | INFO | Coins: BTC: idle | ETH: idle | BNB: idle | SOL: idle | DOGE: idle | XRP: idle | HYPE: idle | ADA: idle
2026-04-06 02:46:18 | INFO | JSON summary saved to /home/ubuntu/.openclaw/workspace/workers/superbot/report.json
2026-04-06 02:46:18 | INFO | FIRST_CROSS: KXBNB15M-26APR052300-00 crossed UP through $0.50 (was $0.4900, now $0.6150)
2026-04-06 02:46:18 | INFO | FIRST_CROSS SIGNAL (midpoint): KXBNB15M-26APR052300-00 | Direction: yes | Side: yes @ $0.6150 | contracts=0 | CONF=56 | TS=50%/40% | Coinbase=None | max_hold=10min
2026-04-06 02:46:18 | ERROR | [BNB] REAL ORDER FAILED: Invalid price or amount
2026-04-06 02:46:48 | INFO | Status: cash=$31.07, positions=0, loop=65, active_series=['KXSOL15M', 'KXBTC15M', 'KXBNB15M', 'KXXRP15M', 'KXETH15M', 'KXHYPE15M', 'KXDOGE15M']
2026-04-06 02:46:48 | INFO | Day Realized P&L: $-7.83 (-20.1%) / -$99999.00 daily stop-loss limit
2026-04-06 02:46:48 | INFO | Coins: BTC: idle | ETH: idle | BNB: idle | SOL: idle | DOGE: idle | XRP: idle | HYPE: idle | ADA: idle
2026-04-06 02:46:48 | INFO | JSON summary saved to /home/ubuntu/.openclaw/workspace/workers/superbot/report.json
2026-04-06 02:46:48 | INFO | FIRST_CROSS SIGNAL (midpoint): KXBNB15M-26APR052300-00 | Direction: yes | Side: yes @ $0.6950 | contracts=0 | CONF=56 | TS=50%/40% | Coinbase=None | max_hold=10min
2026-04-06 02:46:48 | ERROR | [BNB] REAL ORDER FAILED: Invalid price or amount
2026-04-06 02:47:19 | INFO | Status: cash=$31.07, positions=0, loop=66, active_series=['KXSOL15M', 'KXBTC15M', 'KXBNB15M', 'KXXRP15M', 'KXETH15M', 'KXHYPE15M', 'KXDOGE15M']
2026-04-06 02:47:19 | INFO | Day Realized P&L: $-7.83 (-20.1%) / -$99999.00 daily stop-loss limit
2026-04-06 02:47:19 | INFO | Coins: BTC: idle | ETH: idle | BNB: idle | SOL: idle | DOGE: idle | XRP: idle | HYPE: idle | ADA: idle
2026-04-06 02:47:19 | INFO | JSON summary saved to /home/ubuntu/.openclaw/workspace/workers/superbot/report.json
2026-04-06 02:47:19 | INFO | FIRST_CROSS SIGNAL (midpoint): KXBNB15M-26APR052300-00 | Direction: yes | Side: yes @ $0.6800 | contracts=0 | CONF=56 | TS=50%/40% | Coinbase=None | max_hold=10min
2026-04-06 02:47:19 | ERROR | [BNB] REAL ORDER FAILED: Invalid price or amount
2026-04-06 02:47:19 | INFO | MOMENTUM SIGNAL: KXHYPE15M-26APR052300-00 | Side: yes @ $0.6250 | contracts=3 | CONF=60 | TS=30%/40% | Coinbase=bullish | age=121s
2026-04-06 02:47:19 | INFO | [HYPE] REAL ORDER PLACED: {'order': {'action': 'buy', 'client_order_id': '', 'created_time': '2026-04-06T02:47:19.385364Z', 'fill_count_fp': '0.00', 'initial_count_fp': '2.00', 'last_update_time': '2026-04-06T02:47:19.385364Z', 'maker_fees_dollars': '0.000000', 'maker_fill_cost_dollars': '0.000000', 'no_price_dollars': '0.3800', 'order_id': 'a2a0164c-6706-4adc-8eeb-b647bf03bb81', 'remaining_count_fp': '2.00', 'side': 'yes', 'status': 'resting', 'subaccount_number': 0, 'taker_fees_dollars': '0.000000', 'taker_fill_cost_dollars': '0.000000', 'ticker': 'KXHYPE15M-26APR052300-00', 'type': 'limit', 'user_id': 'dd8ef7dd-9e7f-40f7-965e-e9276a7805a4', 'yes_price_dollars': '0.6200'}}
2026-04-06 02:47:19 | INFO | [HYPE] Opened momentum: yes KXHYPE15M-26APR052300-00 @ $0.6250, contracts=2, cost=$1.25
2026-04-06 02:47:19 | INFO | 🚀 [HYPE] TRADE EXECUTED: momentum yes KXHYPE15M-26APR052300-00 @ $0.6250, contracts=2 (daily trades: 7/30)
2026-04-06 02:47:49 | INFO | Status: cash=$29.82, positions=1, loop=67, active_series=['KXSOL15M', 'KXBTC15M', 'KXBNB15M', 'KXXRP15M', 'KXETH15M', 'KXHYPE15M', 'KXDOGE15M']
2026-04-06 02:47:49 | INFO | Day Realized P&L: $-9.08 (-23.3%) / -$99999.00 daily stop-loss limit
2026-04-06 02:47:49 | INFO | Coins: BTC: idle | ETH: idle | BNB: idle | SOL: idle | DOGE: idle | XRP: idle | HYPE: momentum yes@0.62 | ADA: idle
2026-04-06 02:47:49 | INFO | JSON summary saved to /home/ubuntu/.openclaw/workspace/workers/superbot/report.json
2026-04-06 02:47:49 | INFO | FIRST_CROSS SIGNAL (midpoint): KXBNB15M-26APR052300-00 | Direction: yes | Side: yes @ $0.6750 | contracts=0 | CONF=56 | TS=50%/40% | Coinbase=None | max_hold=10min
2026-04-06 02:47:49 | ERROR | [BNB] REAL ORDER FAILED: Invalid price or amount
2026-04-06 02:47:49 | INFO | KXHYPE15M-26APR052300-00: SCALED IN @ $0.6950 (+$1.00), new size=$3.00, avg_price=$0.6483, scale_ins=1
2026-04-06 02:47:49 | INFO | [HYPE] SCALED IN KXHYPE15M-26APR052300-00: +$1.00 @ $0.6950, new_size=$3.00
2026-04-06 02:48:19 | INFO | Status: cash=$29.82, positions=1, loop=68, active_series=['KXSOL15M', 'KXBTC15M', 'KXBNB15M', 'KXXRP15M', 'KXETH15M', 'KXHYPE15M', 'KXDOGE15M']
2026-04-06 02:48:19 | INFO | Day Realized P&L: $-9.08 (-23.3%) / -$99999.00 daily stop-loss limit
2026-04-06 02:48:19 | INFO | Coins: BTC: idle | ETH: idle | BNB: idle | SOL: idle | DOGE: idle | XRP: idle | HYPE: momentum yes@0.62 | ADA: idle
2026-04-06 02:48:19 | INFO | JSON summary saved to /home/ubuntu/.openclaw/workspace/workers/superbot/report.json
2026-04-06 02:48:19 | INFO | FIRST_CROSS SIGNAL (midpoint): KXBNB15M-26APR052300-00 | Direction: yes | Side: yes @ $0.6450 | contracts=0 | CONF=56 | TS=50%/40% | Coinbase=None | max_hold=10min
2026-04-06 02:48:19 | ERROR | [BNB] REAL ORDER FAILED: Invalid price or amount
2026-04-06 02:48:49 | INFO | Status: cash=$29.82, positions=1, loop=69, active_series=['KXSOL15M', 'KXBTC15M', 'KXBNB15M', 'KXXRP15M', 'KXETH15M', 'KXHYPE15M', 'KXDOGE15M']
2026-04-06 02:48:49 | INFO | Day Realized P&L: $-9.08 (-23.3%) / -$99999.00 daily stop-loss limit
2026-04-06 02:48:49 | INFO | Coins: BTC: idle | ETH: idle | BNB: idle | SOL: idle | DOGE: idle | XRP: idle | HYPE: momentum yes@0.62 | ADA: idle
2026-04-06 02:48:49 | INFO | JSON summary saved to /home/ubuntu/.openclaw/workspace/workers/superbot/report.json
2026-04-06 02:48:50 | INFO | FIRST_CROSS SIGNAL (midpoint): KXBNB15M-26APR052300-00 | Direction: yes | Side: yes @ $0.6400 | contracts=0 | CONF=56 | TS=50%/40% | Coinbase=None | max_hold=10min
2026-04-06 02:48:50 | ERROR | [BNB] REAL ORDER FAILED: Invalid price or amount
2026-04-06 02:49:20 | INFO | Status: cash=$29.82, positions=1, loop=70, active_series=['KXSOL15M', 'KXBTC15M', 'KXBNB15M', 'KXXRP15M', 'KXETH15M', 'KXHYPE15M', 'KXDOGE15M']
2026-04-06 02:49:20 | INFO | Day Realized P&L: $-9.08 (-23.3%) / -$99999.00 daily stop-loss limit
2026-04-06 02:49:20 | INFO | Coins: BTC: idle | ETH: idle | BNB: idle | SOL: idle | DOGE: idle | XRP: idle | HYPE: momentum yes@0.62 | ADA: idle
2026-04-06 02:49:20 | INFO | JSON summary saved to /home/ubuntu/.openclaw/workspace/workers/superbot/report.json
2026-04-06 02:49:20 | INFO | FIRST_CROSS SIGNAL (midpoint): KXBNB15M-26APR052300-00 | Direction: yes | Side: yes @ $0.6850 | contracts=0 | CONF=56 | TS=50%/40% | Coinbase=None | max_hold=10min
2026-04-06 02:49:20 | ERROR | [BNB] REAL ORDER FAILED: Invalid price or amount
2026-04-06 02:49:50 | INFO | Status: cash=$29.82, positions=1, loop=71, active_series=['KXSOL15M', 'KXBTC15M', 'KXBNB15M', 'KXXRP15M', 'KXETH15M', 'KXHYPE15M', 'KXDOGE15M']
2026-04-06 02:49:50 | INFO | Day Realized P&L: $-9.08 (-23.3%) / -$99999.00 daily stop-loss limit
2026-04-06 02:49:50 | INFO | Coins: BTC: idle | ETH: idle | BNB: idle | SOL: idle | DOGE: idle | XRP: idle | HYPE: momentum yes@0.62 | ADA: idle
2026-04-06 02:49:50 | INFO | JSON summary saved to /home/ubuntu/.openclaw/workspace/workers/superbot/report.json
2026-04-06 02:50:20 | INFO | Status: cash=$29.82, positions=1, loop=72, active_series=['KXSOL15M', 'KXBTC15M', 'KXBNB15M', 'KXXRP15M', 'KXETH15M', 'KXHYPE15M', 'KXDOGE15M']
2026-04-06 02:50:20 | INFO | Day Realized P&L: $-9.08 (-23.3%) / -$99999.00 daily stop-loss limit
2026-04-06 02:50:20 | INFO | Coins: BTC: idle | ETH: idle | BNB: idle | SOL: idle | DOGE: idle | XRP: idle | HYPE: momentum yes@0.62 | ADA: idle
2026-04-06 02:50:20 | INFO | JSON summary saved to /home/ubuntu/.openclaw/workspace/workers/superbot/report.json
2026-04-06 02:50:20 | INFO | FIRST_CROSS SIGNAL (midpoint): KXBNB15M-26APR052300-00 | Direction: yes | Side: yes @ $0.5500 | contracts=0 | CONF=40 | TS=50%/40% | Coinbase=None | max_hold=10min
2026-04-06 02:50:20 | ERROR | [BNB] REAL ORDER FAILED: Invalid price or amount
2026-04-06 02:50:50 | INFO | Status: cash=$29.82, positions=1, loop=73, active_series=['KXSOL15M', 'KXBTC15M', 'KXBNB15M', 'KXXRP15M', 'KXETH15M', 'KXHYPE15M', 'KXDOGE15M']
2026-04-06 02:50:50 | INFO | Day Realized P&L: $-9.08 (-23.3%) / -$99999.00 daily stop-loss limit
2026-04-06 02:50:50 | INFO | Coins: BTC: idle | ETH: idle | BNB: idle | SOL: idle | DOGE: idle | XRP: idle | HYPE: momentum yes@0.62 | ADA: idle
2026-04-06 02:50:50 | INFO | JSON summary saved to /home/ubuntu/.openclaw/workspace/workers/superbot/report.json
2026-04-06 02:50:50 | INFO | FIRST_CROSS SIGNAL (midpoint): KXBNB15M-26APR052300-00 | Direction: yes | Side: yes @ $0.5800 | contracts=0 | CONF=40 | TS=50%/40% | Coinbase=None | max_hold=10min
2026-04-06 02:50:50 | ERROR | [BNB] REAL ORDER FAILED: Invalid price or amount
2026-04-06 02:51:21 | INFO | Status: cash=$29.82, positions=1, loop=74, active_series=['KXSOL15M', 'KXBTC15M', 'KXBNB15M', 'KXXRP15M', 'KXETH15M', 'KXHYPE15M', 'KXDOGE15M']
2026-04-06 02:51:21 | INFO | Day Realized P&L: $-9.08 (-23.3%) / -$99999.00 daily stop-loss limit
2026-04-06 02:51:21 | INFO | Coins: BTC: idle | ETH: idle | BNB: idle | SOL: idle | DOGE: idle | XRP: idle | HYPE: momentum yes@0.62 | ADA: idle
2026-04-06 02:51:21 | INFO | JSON summary saved to /home/ubuntu/.openclaw/workspace/workers/superbot/report.json
2026-04-06 02:51:21 | INFO | FIRST_CROSS: KXBNB15M-26APR052300-00 | Direction: down | Target: $602.91 | Coin Price: $602.90
2026-04-06 02:51:21 | INFO | FIRST_CROSS SIGNAL (coin): KXBNB15M-26APR052300-00 | Direction: down | Target: $602.91 | Side: no @ $0.6450 | contracts=0 | CONF=53 | Coinbase=None
2026-04-06 02:51:21 | ERROR | [BNB] REAL ORDER FAILED: Invalid price or amount
2026-04-06 02:51:51 | INFO | Status: cash=$29.82, positions=1, loop=75, active_series=['KXSOL15M', 'KXBTC15M', 'KXBNB15M', 'KXXRP15M', 'KXETH15M', 'KXHYPE15M', 'KXDOGE15M']
2026-04-06 02:51:51 | INFO | Day Realized P&L: $-9.08 (-23.3%) / -$99999.00 daily stop-loss limit
2026-04-06 02:51:51 | INFO | Coins: BTC: idle | ETH: idle | BNB: idle | SOL: idle | DOGE: idle | XRP: idle | HYPE: momentum yes@0.62 | ADA: idle
2026-04-06 02:51:51 | INFO | JSON summary saved to /home/ubuntu/.openclaw/workspace/workers/superbot/report.json
2026-04-06 02:51:51 | INFO | KXHYPE15M-26APR052300-00: SCALED IN @ $0.7050 (+$1.00), new size=$4.00, avg_price=$0.6625, scale_ins=2
2026-04-06 02:51:51 | INFO | [HYPE] SCALED IN KXHYPE15M-26APR052300-00: +$1.00 @ $0.7050, new_size=$4.00
2026-04-06 02:52:21 | INFO | Status: cash=$29.82, positions=1, loop=76, active_series=['KXSOL15M', 'KXBTC15M', 'KXBNB15M', 'KXXRP15M', 'KXETH15M', 'KXHYPE15M', 'KXDOGE15M']
2026-04-06 02:52:21 | INFO | Day Realized P&L: $-9.08 (-23.3%) / -$99999.00 daily stop-loss limit
2026-04-06 02:52:21 | INFO | Coins: BTC: idle | ETH: idle | BNB: idle | SOL: idle | DOGE: idle | XRP: idle | HYPE: momentum yes@0.62 | ADA: idle
2026-04-06 02:52:21 | INFO | JSON summary saved to /home/ubuntu/.openclaw/workspace/workers/superbot/report.json
2026-04-06 02:52:51 | INFO | Status: cash=$29.82, positions=1, loop=77, active_series=['KXSOL15M', 'KXBTC15M', 'KXBNB15M', 'KXXRP15M', 'KXETH15M', 'KXHYPE15M', 'KXDOGE15M']
2026-04-06 02:52:51 | INFO | Day Realized P&L: $-9.08 (-23.3%) / -$99999.00 daily stop-loss limit
2026-04-06 02:52:51 | INFO | Coins: BTC: idle | ETH: idle | BNB: idle | SOL: idle | DOGE: idle | XRP: idle | HYPE: momentum yes@0.62 | ADA: idle
2026-04-06 02:52:51 | INFO | JSON summary saved to /home/ubuntu/.openclaw/workspace/workers/superbot/report.json
2026-04-06 02:53:21 | INFO | Status: cash=$29.82, positions=1, loop=78, active_series=['KXSOL15M', 'KXBTC15M', 'KXBNB15M', 'KXXRP15M', 'KXETH15M', 'KXHYPE15M', 'KXDOGE15M']
2026-04-06 02:53:21 | INFO | Day Realized P&L: $-9.08 (-23.3%) / -$99999.00 daily stop-loss limit
2026-04-06 02:53:21 | INFO | Coins: BTC: idle | ETH: idle | BNB: idle | SOL: idle | DOGE: idle | XRP: idle | HYPE: momentum yes@0.62 | ADA: idle
2026-04-06 02:53:21 | INFO | JSON summary saved to /home/ubuntu/.openclaw/workspace/workers/superbot/report.json
2026-04-06 02:53:21 | INFO | FIRST_CROSS SIGNAL (midpoint): KXBNB15M-26APR052300-00 | Direction: yes | Side: yes @ $0.6700 | contracts=0 | CONF=53 | TS=50%/40% | Coinbase=None | max_hold=10min
2026-04-06 02:53:21 | ERROR | [BNB] REAL ORDER FAILED: Invalid price or amount
2026-04-06 02:53:51 | INFO | Status: cash=$29.82, positions=1, loop=79, active_series=['KXSOL15M', 'KXBTC15M', 'KXBNB15M', 'KXXRP15M', 'KXETH15M', 'KXHYPE15M', 'KXDOGE15M']
2026-04-06 02:53:51 | INFO | Day Realized P&L: $-9.08 (-23.3%) / -$99999.00 daily stop-loss limit
2026-04-06 02:53:51 | INFO | Coins: BTC: idle | ETH: idle | BNB: idle | SOL: idle | DOGE: idle | XRP: idle | HYPE: momentum yes@0.62 | ADA: idle
2026-04-06 02:53:51 | INFO | JSON summary saved to /home/ubuntu/.openclaw/workspace/workers/superbot/report.json
2026-04-06 02:53:53 | INFO | FIRST_CROSS SIGNAL (midpoint): KXBNB15M-26APR052300-00 | Direction: yes | Side: yes @ $0.5300 | contracts=0 | CONF=40 | TS=50%/40% | Coinbase=None | max_hold=10min
2026-04-06 02:53:53 | ERROR | [BNB] REAL ORDER FAILED: Invalid price or amount
2026-04-06 02:53:53 | INFO | FIRST_CROSS: KXSOL15M-26APR052300-00 | Direction: down | Target: $82.45 | Coin Price: $82.42
2026-04-06 02:54:23 | INFO | Status: cash=$29.82, positions=1, loop=80, active_series=['KXSOL15M', 'KXBTC15M', 'KXBNB15M', 'KXXRP15M', 'KXETH15M', 'KXHYPE15M', 'KXDOGE15M']
2026-04-06 02:54:23 | INFO | Day Realized P&L: $-9.08 (-23.3%) / -$99999.00 daily stop-loss limit
2026-04-06 02:54:23 | INFO | Coins: BTC: idle | ETH: idle | BNB: idle | SOL: idle | DOGE: idle | XRP: idle | HYPE: momentum yes@0.62 | ADA: idle
2026-04-06 02:54:23 | INFO | JSON summary saved to /home/ubuntu/.openclaw/workspace/workers/superbot/report.json
2026-04-06 02:54:23 | INFO | FIRST_CROSS SIGNAL (midpoint): KXBNB15M-26APR052300-00 | Direction: yes | Side: yes @ $0.6800 | contracts=0 | CONF=53 | TS=50%/40% | Coinbase=None | max_hold=10min
2026-04-06 02:54:23 | ERROR | [BNB] REAL ORDER FAILED: Invalid price or amount
2026-04-06 02:54:23 | INFO | FIRST_CROSS: KXSOL15M-26APR052300-00 crossed DOWN through $0.50 (was $0.6350, now $0.4950)
2026-04-06 02:54:23 | INFO | KXHYPE15M-26APR052300-00: TRAILING STOP ACTIVATED @ $0.8200 (entry=$0.6250, profit=31.2%)
2026-04-06 02:54:53 | INFO | Status: cash=$29.82, positions=1, loop=81, active_series=['KXSOL15M', 'KXBTC15M', 'KXBNB15M', 'KXXRP15M', 'KXETH15M', 'KXHYPE15M', 'KXDOGE15M']
2026-04-06 02:54:53 | INFO | Day Realized P&L: $-9.08 (-23.3%) / -$99999.00 daily stop-loss limit
2026-04-06 02:54:53 | INFO | Coins: BTC: idle | ETH: idle | BNB: idle | SOL: idle | DOGE: idle | XRP: idle | HYPE: momentum yes@0.62 | ADA: idle
2026-04-06 02:54:53 | INFO | JSON summary saved to /home/ubuntu/.openclaw/workspace/workers/superbot/report.json
2026-04-06 02:54:53 | INFO | FIRST_CROSS SIGNAL (midpoint): KXBNB15M-26APR052300-00 | Direction: yes | Side: yes @ $0.5450 | contracts=0 | CONF=40 | TS=50%/40% | Coinbase=None | max_hold=10min
2026-04-06 02:54:53 | ERROR | [BNB] REAL ORDER FAILED: Invalid price or amount
2026-04-06 02:55:23 | INFO | Status: cash=$29.82, positions=1, loop=82, active_series=['KXSOL15M', 'KXBTC15M', 'KXBNB15M', 'KXXRP15M', 'KXETH15M', 'KXHYPE15M', 'KXDOGE15M']
2026-04-06 02:55:23 | INFO | Day Realized P&L: $-9.08 (-23.3%) / -$99999.00 daily stop-loss limit
2026-04-06 02:55:23 | INFO | Coins: BTC: idle | ETH: idle | BNB: idle | SOL: idle | DOGE: idle | XRP: idle | HYPE: momentum yes@0.62 | ADA: idle
2026-04-06 02:55:23 | INFO | JSON summary saved to /home/ubuntu/.openclaw/workspace/workers/superbot/report.json
2026-04-06 02:55:24 | INFO | MOMENTUM SIGNAL: KXBNB15M-26APR052300-00 | Side: no @ $0.4350 | contracts=3 | CONF=60 | TS=30%/40% | Coinbase=bearish | age=606s
2026-04-06 02:55:24 | INFO | [BNB] REAL ORDER PLACED: {'order': {'action': 'buy', 'client_order_id': '', 'created_time': '2026-04-06T02:55:24.287384Z', 'fill_count_fp': '0.00', 'initial_count_fp': '3.00', 'last_update_time': '2026-04-06T02:55:24.287384Z', 'maker_fees_dollars': '0.000000', 'maker_fill_cost_dollars': '0.000000', 'no_price_dollars': '0.5600', 'order_id': '6f03eb76-7415-4293-a635-2379c4d547ff', 'remaining_count_fp': '3.00', 'side': 'no', 'status': 'resting', 'subaccount_number': 0, 'taker_fees_dollars': '0.000000', 'taker_fill_cost_dollars': '0.000000', 'ticker': 'KXBNB15M-26APR052300-00', 'type': 'limit', 'user_id': 'dd8ef7dd-9e7f-40f7-965e-e9276a7805a4', 'yes_price_dollars': '0.4400'}}
2026-04-06 02:55:24 | INFO | [BNB] Opened momentum: no KXBNB15M-26APR052300-00 @ $0.4350, contracts=3, cost=$1.69
2026-04-06 02:55:24 | INFO | 🚀 [BNB] TRADE EXECUTED: momentum no KXBNB15M-26APR052300-00 @ $0.4350, contracts=3 (daily trades: 8/30)
2026-04-06 02:55:54 | INFO | Status: cash=$28.12, positions=2, loop=83, active_series=['KXSOL15M', 'KXBTC15M', 'KXBNB15M', 'KXXRP15M', 'KXETH15M', 'KXHYPE15M', 'KXDOGE15M']
2026-04-06 02:55:54 | INFO | Day Realized P&L: $-10.78 (-27.7%) / -$99999.00 daily stop-loss limit
2026-04-06 02:55:54 | INFO | Coins: BTC: idle | ETH: idle | BNB: momentum no@0.43 | SOL: idle | DOGE: idle | XRP: idle | HYPE: momentum yes@0.62 | ADA: idle
2026-04-06 02:55:54 | INFO | JSON summary saved to /home/ubuntu/.openclaw/workspace/workers/superbot/report.json
2026-04-06 02:56:24 | INFO | Status: cash=$28.12, positions=2, loop=84, active_series=['KXSOL15M', 'KXBTC15M', 'KXBNB15M', 'KXXRP15M', 'KXETH15M', 'KXHYPE15M', 'KXDOGE15M']
2026-04-06 02:56:24 | INFO | Day Realized P&L: $-10.78 (-27.7%) / -$99999.00 daily stop-loss limit
2026-04-06 02:56:24 | INFO | Coins: BTC: idle | ETH: idle | BNB: momentum no@0.43 | SOL: idle | DOGE: idle | XRP: idle | HYPE: momentum yes@0.62 | ADA: idle
2026-04-06 02:56:24 | INFO | JSON summary saved to /home/ubuntu/.openclaw/workspace/workers/superbot/report.json
2026-04-06 02:56:54 | INFO | Status: cash=$28.12, positions=2, loop=85, active_series=['KXSOL15M', 'KXBTC15M', 'KXBNB15M', 'KXXRP15M', 'KXETH15M', 'KXHYPE15M', 'KXDOGE15M']
2026-04-06 02:56:54 | INFO | Day Realized P&L: $-10.78 (-27.7%) / -$99999.00 daily stop-loss limit
2026-04-06 02:56:54 | INFO | Coins: BTC: idle | ETH: idle | BNB: momentum no@0.43 | SOL: idle | DOGE: idle | XRP: idle | HYPE: momentum yes@0.62 | ADA: idle
2026-04-06 02:56:54 | INFO | JSON summary saved to /home/ubuntu/.openclaw/workspace/workers/superbot/report.json
2026-04-06 02:57:25 | INFO | Status: cash=$28.12, positions=2, loop=86, active_series=['KXSOL15M', 'KXBTC15M', 'KXBNB15M', 'KXXRP15M', 'KXETH15M', 'KXHYPE15M', 'KXDOGE15M']
2026-04-06 02:57:25 | INFO | Day Realized P&L: $-10.78 (-27.7%) / -$99999.00 daily stop-loss limit
2026-04-06 02:57:25 | INFO | Coins: BTC: idle | ETH: idle | BNB: momentum no@0.43 | SOL: idle | DOGE: idle | XRP: idle | HYPE: momentum yes@0.62 | ADA: idle
2026-04-06 02:57:25 | INFO | JSON summary saved to /home/ubuntu/.openclaw/workspace/workers/superbot/report.json
2026-04-06 02:57:55 | INFO | Status: cash=$28.12, positions=2, loop=87, active_series=['KXSOL15M', 'KXBTC15M', 'KXBNB15M', 'KXXRP15M', 'KXETH15M', 'KXHYPE15M', 'KXDOGE15M']
2026-04-06 02:57:55 | INFO | Day Realized P&L: $-10.78 (-27.7%) / -$99999.00 daily stop-loss limit
2026-04-06 02:57:55 | INFO | Coins: BTC: idle | ETH: idle | BNB: momentum no@0.43 | SOL: idle | DOGE: idle | XRP: idle | HYPE: momentum yes@0.62 | ADA: idle
2026-04-06 02:57:55 | INFO | JSON summary saved to /home/ubuntu/.openclaw/workspace/workers/superbot/report.json
2026-04-06 02:58:25 | INFO | Status: cash=$28.12, positions=2, loop=88, active_series=['KXSOL15M', 'KXBTC15M', 'KXBNB15M', 'KXXRP15M', 'KXETH15M', 'KXHYPE15M', 'KXDOGE15M']
2026-04-06 02:58:25 | INFO | Day Realized P&L: $-10.78 (-27.7%) / -$99999.00 daily stop-loss limit
2026-04-06 02:58:25 | INFO | Coins: BTC: idle | ETH: idle | BNB: momentum no@0.43 | SOL: idle | DOGE: idle | XRP: idle | HYPE: momentum yes@0.62 | ADA: idle
2026-04-06 02:58:25 | INFO | JSON summary saved to /home/ubuntu/.openclaw/workspace/workers/superbot/report.json
2026-04-06 02:58:55 | INFO | Status: cash=$28.12, positions=2, loop=89, active_series=['KXSOL15M', 'KXBTC15M', 'KXBNB15M', 'KXXRP15M', 'KXETH15M', 'KXHYPE15M', 'KXDOGE15M']
2026-04-06 02:58:55 | INFO | Day Realized P&L: $-10.78 (-27.7%) / -$99999.00 daily stop-loss limit
2026-04-06 02:58:55 | INFO | Coins: BTC: idle | ETH: idle | BNB: momentum no@0.43 | SOL: idle | DOGE: idle | XRP: idle | HYPE: momentum yes@0.62 | ADA: idle
2026-04-06 02:58:55 | INFO | JSON summary saved to /home/ubuntu/.openclaw/workspace/workers/superbot/report.json
2026-04-06 02:58:55 | INFO | KXBNB15M-26APR052300-00: TIME-SCALED STOP HIT @ $0.7700 (entry=$0.4350, stop=43%, loss=77.0%, age=3.5min)
2026-04-06 02:58:55 | INFO | [BNB] REAL CLOSE ORDER PLACED: {'order': {'action': 'buy', 'client_order_id': '', 'created_time': '2026-04-06T02:58:55.844717Z', 'fill_count_fp': '0.00', 'initial_count_fp': '3.00', 'last_update_time': '2026-04-06T02:58:55.844717Z', 'maker_fees_dollars': '0.000000', 'maker_fill_cost_dollars': '0.000000', 'no_price_dollars': '0.2300', 'order_id': 'ac34b542-a530-481b-8b56-15240a9183b8', 'remaining_count_fp': '3.00', 'side': 'yes', 'status': 'resting', 'subaccount_number': 0, 'taker_fees_dollars': '0.000000', 'taker_fill_cost_dollars': '0.000000', 'ticker': 'KXBNB15M-26APR052300-00', 'type': 'limit', 'user_id': 'dd8ef7dd-9e7f-40f7-965e-e9276a7805a4', 'yes_price_dollars': '0.7700'}}
2026-04-06 02:58:55 | INFO | [BNB] Closed KXBNB15M-26APR052300-00: TIME-SCALED STOP: -43% loss locked in, PnL=$1.01
2026-04-06 02:58:55 | INFO | Strategy momentum stats: W=50.00%, R=1.36x, Kelly=13.18%
2026-04-06 02:58:55 | INFO | Trade recorded: KXBNB15M-26APR052300-00 no momentum PnL=$1.01
2026-04-06 02:58:55 | INFO | [BNB] Position closed. Cooldown started: must wait 2 cycles before re-entering
2026-04-06 02:59:25 | INFO | Status: cash=$28.12, positions=1, loop=90, active_series=['KXSOL15M', 'KXBTC15M', 'KXBNB15M', 'KXXRP15M', 'KXETH15M', 'KXHYPE15M', 'KXDOGE15M']
2026-04-06 02:59:25 | INFO | Day Realized P&L: $-10.78 (-27.7%) / -$99999.00 daily stop-loss limit
2026-04-06 02:59:25 | INFO | Coins: BTC: idle | ETH: idle | BNB: idle | SOL: idle | DOGE: idle | XRP: idle | HYPE: momentum yes@0.62 | ADA: idle
2026-04-06 02:59:25 | INFO | JSON summary saved to /home/ubuntu/.openclaw/workspace/workers/superbot/report.json
2026-04-06 02:59:26 | INFO | KXHYPE15M-26APR052300-00: Near expiry (33s) - closing position
2026-04-06 02:59:26 | WARNING | API POST failed (attempt 1/3): 400 Client Error: Bad Request for url: https://api.elections.kalshi.com/trade-api/v2/portfolio/orders, retrying...
2026-04-06 02:59:27 | WARNING | API POST failed (attempt 2/3): 400 Client Error: Bad Request for url: https://api.elections.kalshi.com/trade-api/v2/portfolio/orders, retrying...
2026-04-06 02:59:29 | ERROR | API POST failed after 3 attempts: 400 Client Error: Bad Request for url: https://api.elections.kalshi.com/trade-api/v2/portfolio/orders
2026-04-06 02:59:29 | ERROR | [HYPE] REAL CLOSE ORDER FAILED: 400 Client Error: Bad Request for url: https://api.elections.kalshi.com/trade-api/v2/portfolio/orders
2026-04-06 02:59:29 | INFO | [HYPE] Closed KXHYPE15M-26APR052300-00: Expiry: closing at $0.9980, PnL=$1.34
2026-04-06 02:59:29 | INFO | Strategy momentum stats: W=100.00%, R=1.05x, Kelly=20.00%
2026-04-06 02:59:29 | INFO | Trade recorded: KXHYPE15M-26APR052300-00 yes momentum PnL=$1.34
2026-04-06 02:59:29 | INFO | [HYPE] Position closed. Cooldown started: must wait 2 cycles before re-entering
2026-04-06 02:59:59 | INFO | Status: cash=$28.12, positions=0, loop=91, active_series=['KXSOL15M', 'KXBTC15M', 'KXBNB15M', 'KXXRP15M', 'KXETH15M', 'KXHYPE15M', 'KXDOGE15M']
2026-04-06 02:59:59 | INFO | Day Realized P&L: $-10.78 (-27.7%) / -$99999.00 daily stop-loss limit
2026-04-06 02:59:59 | INFO | Coins: BTC: idle | ETH: idle | BNB: idle | SOL: idle | DOGE: idle | XRP: idle | HYPE: idle | ADA: idle
2026-04-06 02:59:59 | INFO | JSON summary saved to /home/ubuntu/.openclaw/workspace/workers/superbot/report.json
2026-04-06 02:59:59 | INFO | [BNB] Cooldown complete - can trade again
2026-04-06 03:00:29 | INFO | Status: cash=$28.12, positions=0, loop=92, active_series=['KXSOL15M', 'KXBTC15M', 'KXBNB15M', 'KXXRP15M', 'KXETH15M', 'KXHYPE15M', 'KXDOGE15M']
2026-04-06 03:00:29 | INFO | Day Realized P&L: $-10.78 (-27.7%) / -$99999.00 daily stop-loss limit
2026-04-06 03:00:29 | INFO | Coins: BTC: idle | ETH: idle | BNB: idle | SOL: idle | DOGE: idle | XRP: idle | HYPE: idle | ADA: idle
2026-04-06 03:00:29 | INFO | JSON summary saved to /home/ubuntu/.openclaw/workspace/workers/superbot/report.json
2026-04-06 03:00:29 | INFO | [HYPE] Cooldown complete - can trade again
2026-04-06 03:00:29 | INFO | FIRST_CROSS: KXBTC15M-26APR052315-15 target price set to $69,233.08
2026-04-06 03:00:29 | INFO | FIRST_CROSS: KXETH15M-26APR052315-15 target price set to $2,133.34
2026-04-06 03:00:30 | INFO | FIRST_CROSS: KXBNB15M-26APR052315-15 target price set to $603.03
2026-04-06 03:00:30 | INFO | FIRST_CROSS: KXSOL15M-26APR052315-15 target price set to $82.45
2026-04-06 03:00:30 | INFO | FIRST_CROSS: KXDOGE15M-26APR052315-15 target price set to $0.09
2026-04-06 03:00:30 | INFO | FIRST_CROSS: KXXRP15M-26APR052315-15 target price set to $1.34
2026-04-06 03:00:30 | INFO | FIRST_CROSS: KXHYPE15M-26APR052315-15 target price set to $36.90
2026-04-06 03:01:00 | INFO | Status: cash=$28.12, positions=0, loop=93, active_series=['KXSOL15M', 'KXBTC15M', 'KXBNB15M', 'KXXRP15M', 'KXETH15M', 'KXHYPE15M', 'KXDOGE15M']
2026-04-06 03:01:00 | INFO | Day Realized P&L: $-10.78 (-27.7%) / -$99999.00 daily stop-loss limit
2026-04-06 03:01:00 | INFO | Coins: BTC: idle | ETH: idle | BNB: idle | SOL: idle | DOGE: idle | XRP: idle | HYPE: idle | ADA: idle
2026-04-06 03:01:00 | INFO | JSON summary saved to /home/ubuntu/.openclaw/workspace/workers/superbot/report.json
2026-04-06 03:01:00 | INFO | FIRST_CROSS: KXHYPE15M-26APR052315-15 crossed DOWN through $0.50 (was $0.5100, now $0.4700)
2026-04-06 03:01:00 | INFO | FIRST_CROSS SIGNAL (midpoint): KXHYPE15M-26APR052315-15 | Direction: no | Side: no @ $0.4700 | contracts=0 | CONF=43 | TS=50%/40% | Coinbase=None | max_hold=10min
2026-04-06 03:01:00 | ERROR | [HYPE] REAL ORDER FAILED: Invalid price or amount
2026-04-06 03:01:30 | INFO | Status: cash=$28.12, positions=0, loop=94, active_series=['KXSOL15M', 'KXBTC15M', 'KXBNB15M', 'KXXRP15M', 'KXETH15M', 'KXHYPE15M', 'KXDOGE15M']
2026-04-06 03:01:30 | INFO | Day Realized P&L: $-10.78 (-27.7%) / -$99999.00 daily stop-loss limit
2026-04-06 03:01:30 | INFO | Coins: BTC: idle | ETH: idle | BNB: idle | SOL: idle | DOGE: idle | XRP: idle | HYPE: idle | ADA: idle
2026-04-06 03:01:30 | INFO | JSON summary saved to /home/ubuntu/.openclaw/workspace/workers/superbot/report.json
2026-04-06 03:01:30 | INFO | FIRST_CROSS: KXDOGE15M-26APR052315-15 crossed UP through $0.50 (was $0.4100, now $0.6250)
2026-04-06 03:01:30 | INFO | FIRST_CROSS SIGNAL (midpoint): KXDOGE15M-26APR052315-15 | Direction: yes | Side: yes @ $0.6250 | contracts=0 | CONF=51 | TS=50%/40% | Coinbase=neutral | max_hold=10min
2026-04-06 03:01:30 | ERROR | [DOGE] REAL ORDER FAILED: Invalid price or amount
2026-04-06 03:01:30 | INFO | FIRST_CROSS: KXXRP15M-26APR052315-15 | Direction: up | Target: $1.34 | Coin Price: $1.34
2026-04-06 03:01:30 | INFO | FIRST_CROSS: KXHYPE15M-26APR052315-15 | Direction: up | Target: $36.90 | Coin Price: $36.97
2026-04-06 03:01:30 | INFO | FIRST_CROSS SIGNAL (coin): KXHYPE15M-26APR052315-15 | Direction: up | Target: $36.90 | Side: yes @ $0.5950 | contracts=0 | CONF=43 | Coinbase=bullish
2026-04-06 03:01:30 | ERROR | [HYPE] REAL ORDER FAILED: Invalid price or amount
2026-04-06 03:02:00 | INFO | Status: cash=$28.12, positions=0, loop=95, active_series=['KXSOL15M', 'KXBTC15M', 'KXBNB15M', 'KXXRP15M', 'KXETH15M', 'KXHYPE15M', 'KXDOGE15M']
2026-04-06 03:02:00 | INFO | Day Realized P&L: $-10.78 (-27.7%) / -$99999.00 daily stop-loss limit
2026-04-06 03:02:00 | INFO | Coins: BTC: idle | ETH: idle | BNB: idle | SOL: idle | DOGE: idle | XRP: idle | HYPE: idle | ADA: idle
2026-04-06 03:02:00 | INFO | JSON summary saved to /home/ubuntu/.openclaw/workspace/workers/superbot/report.json
2026-04-06 03:02:00 | INFO | FIRST_CROSS: KXBTC15M-26APR052315-15 crossed UP through $0.50 (was $0.4050, now $0.5250)
2026-04-06 03:02:00 | INFO | FIRST_CROSS: KXETH15M-26APR052315-15 | Direction: up | Target: $2,133.34 | Coin Price: $2,133.71
2026-04-06 03:02:01 | INFO | FIRST_CROSS: KXXRP15M-26APR052315-15 crossed UP through $0.50 (was $0.4450, now $0.5850)
2026-04-06 03:02:31 | INFO | Status: cash=$28.12, positions=0, loop=96, active_series=['KXSOL15M', 'KXBTC15M', 'KXBNB15M', 'KXXRP15M', 'KXETH15M', 'KXHYPE15M', 'KXDOGE15M']
2026-04-06 03:02:31 | INFO | Day Realized P&L: $-10.78 (-27.7%) / -$99999.00 daily stop-loss limit
2026-04-06 03:02:31 | INFO | Coins: BTC: idle | ETH: idle | BNB: idle | SOL: idle | DOGE: idle | XRP: idle | HYPE: idle | ADA: idle
2026-04-06 03:02:31 | INFO | JSON summary saved to /home/ubuntu/.openclaw/workspace/workers/superbot/report.json
2026-04-06 03:02:31 | INFO | FIRST_CROSS: KXETH15M-26APR052315-15 crossed UP through $0.50 (was $0.4900, now $0.5400)
2026-04-06 03:02:31 | INFO | MOMENTUM SIGNAL: KXSOL15M-26APR052315-15 | Side: no @ $0.4850 | contracts=2 | CONF=60 | TS=30%/40% | Coinbase=bearish | age=121s
2026-04-06 03:02:31 | INFO | [SOL] REAL ORDER PLACED: {'order': {'action': 'buy', 'client_order_id': '', 'created_time': '2026-04-06T03:02:31.456019Z', 'fill_count_fp': '2.00', 'initial_count_fp': '2.00', 'last_update_time': '2026-04-06T03:02:31.456019Z', 'maker_fees_dollars': '0.000000', 'maker_fill_cost_dollars': '0.000000', 'no_price_dollars': '0.5200', 'order_id': 'd5982486-ae01-40a8-b13a-a65d1c46db4f', 'remaining_count_fp': '0.00', 'side': 'no', 'status': 'executed', 'subaccount_number': 0, 'taker_fees_dollars': '0.040000', 'taker_fill_cost_dollars': '1.040000', 'ticker': 'KXSOL15M-26APR052315-15', 'type': 'limit', 'user_id': 'dd8ef7dd-9e7f-40f7-965e-e9276a7805a4', 'yes_price_dollars': '0.4800'}}
2026-04-06 03:02:31 | INFO | [SOL] Opened momentum: no KXSOL15M-26APR052315-15 @ $0.4850, contracts=2, cost=$1.03
2026-04-06 03:02:31 | INFO | 🚀 [SOL] TRADE EXECUTED: momentum no KXSOL15M-26APR052315-15 @ $0.4850, contracts=2 (daily trades: 9/30)
2026-04-06 03:03:01 | INFO | Status: cash=$27.09, positions=1, loop=97, active_series=['KXSOL15M', 'KXBTC15M', 'KXBNB15M', 'KXXRP15M', 'KXETH15M', 'KXHYPE15M', 'KXDOGE15M']
2026-04-06 03:03:01 | INFO | Day Realized P&L: $-11.81 (-30.3%) / -$99999.00 daily stop-loss limit
2026-04-06 03:03:01 | INFO | Coins: BTC: idle | ETH: idle | BNB: idle | SOL: momentum no@0.48 | DOGE: idle | XRP: idle | HYPE: idle | ADA: idle
2026-04-06 03:03:01 | INFO | JSON summary saved to /home/ubuntu/.openclaw/workspace/workers/superbot/report.json
2026-04-06 03:03:01 | INFO | FIRST_CROSS SIGNAL (midpoint): KXDOGE15M-26APR052315-15 | Direction: yes | Side: yes @ $0.6450 | contracts=0 | CONF=51 | TS=50%/40% | Coinbase=neutral | max_hold=10min
2026-04-06 03:03:01 | ERROR | [DOGE] REAL ORDER FAILED: Invalid price or amount
2026-04-06 03:03:31 | INFO | Status: cash=$27.09, positions=1, loop=98, active_series=['KXSOL15M', 'KXBTC15M', 'KXBNB15M', 'KXXRP15M', 'KXETH15M', 'KXHYPE15M', 'KXDOGE15M']
2026-04-06 03:03:31 | INFO | Day Realized P&L: $-11.81 (-30.3%) / -$99999.00 daily stop-loss limit
2026-04-06 03:03:31 | INFO | Coins: BTC: idle | ETH: idle | BNB: idle | SOL: momentum no@0.48 | DOGE: idle | XRP: idle | HYPE: idle | ADA: idle
2026-04-06 03:03:31 | INFO | JSON summary saved to /home/ubuntu/.openclaw/workspace/workers/superbot/report.json
2026-04-06 03:03:31 | INFO | KXSOL15M-26APR052315-15: SCALED IN @ $0.3650 (+$1.00), new size=$3.00, avg_price=$0.4450, scale_ins=1
2026-04-06 03:03:31 | INFO | [SOL] SCALED IN KXSOL15M-26APR052315-15: +$1.00 @ $0.3650, new_size=$3.00
2026-04-06 03:03:31 | INFO | FIRST_CROSS SIGNAL (midpoint): KXDOGE15M-26APR052315-15 | Direction: yes | Side: yes @ $0.6350 | contracts=0 | CONF=51 | TS=50%/40% | Coinbase=neutral | max_hold=10min
2026-04-06 03:03:31 | ERROR | [DOGE] REAL ORDER FAILED: Invalid price or amount
2026-04-06 03:04:02 | INFO | Status: cash=$27.09, positions=1, loop=99, active_series=['KXSOL15M', 'KXBTC15M', 'KXBNB15M', 'KXXRP15M', 'KXETH15M', 'KXHYPE15M', 'KXDOGE15M']
2026-04-06 03:04:02 | INFO | Day Realized P&L: $-11.81 (-30.3%) / -$99999.00 daily stop-loss limit
2026-04-06 03:04:02 | INFO | Coins: BTC: idle | ETH: idle | BNB: idle | SOL: momentum no@0.48 | DOGE: idle | XRP: idle | HYPE: idle | ADA: idle
2026-04-06 03:04:02 | INFO | JSON summary saved to /home/ubuntu/.openclaw/workspace/workers/superbot/report.json
2026-04-06 03:04:02 | INFO | FIRST_CROSS SIGNAL (midpoint): KXBTC15M-26APR052315-15 | Direction: yes | Side: yes @ $0.3900 | contracts=0 | CONF=51 | TS=50%/40% | Coinbase=neutral | max_hold=10min
2026-04-06 03:04:02 | ERROR | [BTC] REAL ORDER FAILED: Invalid price or amount
2026-04-06 03:04:02 | INFO | KXSOL15M-26APR052315-15: SCALED IN @ $0.3100 (+$1.00), new size=$4.00, avg_price=$0.4113, scale_ins=2
2026-04-06 03:04:02 | INFO | [SOL] SCALED IN KXSOL15M-26APR052315-15: +$1.00 @ $0.3100, new_size=$4.00
2026-04-06 03:04:02 | INFO | FIRST_CROSS SIGNAL (midpoint): KXDOGE15M-26APR052315-15 | Direction: yes | Side: yes @ $0.6100 | contracts=0 | CONF=51 | TS=50%/40% | Coinbase=neutral | max_hold=10min
2026-04-06 03:04:02 | ERROR | [DOGE] REAL ORDER FAILED: Invalid price or amount
2026-04-06 03:04:32 | INFO | Status: cash=$27.09, positions=1, loop=100, active_series=['KXSOL15M', 'KXBTC15M', 'KXBNB15M', 'KXXRP15M', 'KXETH15M', 'KXHYPE15M', 'KXDOGE15M']
2026-04-06 03:04:32 | INFO | Day Realized P&L: $-11.81 (-30.3%) / -$99999.00 daily stop-loss limit
2026-04-06 03:04:32 | INFO | Coins: BTC: idle | ETH: idle | BNB: idle | SOL: momentum no@0.48 | DOGE: idle | XRP: idle | HYPE: idle | ADA: idle
2026-04-06 03:04:32 | INFO | JSON summary saved to /home/ubuntu/.openclaw/workspace/workers/superbot/report.json
2026-04-06 03:04:32 | INFO | FIRST_CROSS SIGNAL (midpoint): KXBTC15M-26APR052315-15 | Direction: yes | Side: yes @ $0.3150 | contracts=0 | CONF=51 | TS=50%/40% | Coinbase=neutral | max_hold=10min
2026-04-06 03:04:32 | ERROR | [BTC] REAL ORDER FAILED: Invalid price or amount
2026-04-06 03:05:02 | INFO | Status: cash=$27.09, positions=1, loop=101, active_series=['KXSOL15M', 'KXBTC15M', 'KXBNB15M', 'KXXRP15M', 'KXETH15M', 'KXHYPE15M', 'KXDOGE15M']
2026-04-06 03:05:02 | INFO | Day Realized P&L: $-11.81 (-30.3%) / -$99999.00 daily stop-loss limit
2026-04-06 03:05:02 | INFO | Coins: BTC: idle | ETH: idle | BNB: idle | SOL: momentum no@0.48 | DOGE: idle | XRP: idle | HYPE: idle | ADA: idle
2026-04-06 03:05:02 | INFO | JSON summary saved to /home/ubuntu/.openclaw/workspace/workers/superbot/report.json
2026-04-06 03:05:02 | INFO | FIRST_CROSS SIGNAL (midpoint): KXBTC15M-26APR052315-15 | Direction: yes | Side: yes @ $0.3650 | contracts=0 | CONF=48 | TS=50%/40% | Coinbase=neutral | max_hold=10min
2026-04-06 03:05:02 | ERROR | [BTC] REAL ORDER FAILED: Invalid price or amount
2026-04-06 03:05:02 | INFO | FIRST_CROSS SIGNAL (midpoint): KXDOGE15M-26APR052315-15 | Direction: yes | Side: yes @ $0.6200 | contracts=0 | CONF=48 | TS=50%/40% | Coinbase=neutral | max_hold=10min
2026-04-06 03:05:02 | ERROR | [DOGE] REAL ORDER FAILED: Invalid price or amount
2026-04-06 03:05:32 | INFO | Status: cash=$27.09, positions=1, loop=102, active_series=['KXSOL15M', 'KXBTC15M', 'KXBNB15M', 'KXXRP15M', 'KXETH15M', 'KXHYPE15M', 'KXDOGE15M']
2026-04-06 03:05:32 | INFO | Day Realized P&L: $-11.81 (-30.3%) / -$99999.00 daily stop-loss limit
2026-04-06 03:05:32 | INFO | Coins: BTC: idle | ETH: idle | BNB: idle | SOL: momentum no@0.48 | DOGE: idle | XRP: idle | HYPE: idle | ADA: idle
2026-04-06 03:05:32 | INFO | JSON summary saved to /home/ubuntu/.openclaw/workspace/workers/superbot/report.json
2026-04-06 03:05:32 | INFO | FIRST_CROSS SIGNAL (midpoint): KXETH15M-26APR052315-15 | Direction: yes | Side: yes @ $0.3850 | contracts=0 | CONF=48 | TS=50%/40% | Coinbase=neutral | max_hold=10min
2026-04-06 03:05:32 | ERROR | [ETH] REAL ORDER FAILED: Invalid price or amount
2026-04-06 03:05:32 | INFO | FIRST_CROSS SIGNAL (midpoint): KXDOGE15M-26APR052315-15 | Direction: yes | Side: yes @ $0.6750 | contracts=0 | CONF=48 | TS=50%/40% | Coinbase=neutral | max_hold=10min
2026-04-06 03:05:32 | ERROR | [DOGE] REAL ORDER FAILED: Invalid price or amount
2026-04-06 03:05:32 | INFO | MOMENTUM SIGNAL: KXHYPE15M-26APR052315-15 | Side: yes @ $0.6750 | contracts=2 | CONF=60 | TS=30%/40% | Coinbase=bullish | age=303s
2026-04-06 03:05:32 | INFO | [HYPE] REAL ORDER PLACED: {'order': {'action': 'buy', 'client_order_id': '', 'created_time': '2026-04-06T03:05:32.969959Z', 'fill_count_fp': '2.00', 'initial_count_fp': '2.00', 'last_update_time': '2026-04-06T03:05:32.969959Z', 'maker_fees_dollars': '0.000000', 'maker_fill_cost_dollars': '0.000000', 'no_price_dollars': '0.3200', 'order_id': '28cd0383-4bda-4c6d-9940-0e903573a0de', 'remaining_count_fp': '0.00', 'side': 'yes', 'status': 'executed', 'subaccount_number': 0, 'taker_fees_dollars': '0.040000', 'taker_fill_cost_dollars': '1.300000', 'ticker': 'KXHYPE15M-26APR052315-15', 'type': 'limit', 'user_id': 'dd8ef7dd-9e7f-40f7-965e-e9276a7805a4', 'yes_price_dollars': '0.6800'}}
2026-04-06 03:05:32 | INFO | [HYPE] Opened momentum: yes KXHYPE15M-26APR052315-15 @ $0.6750, contracts=2, cost=$1.35
2026-04-06 03:05:32 | INFO | 🚀 [HYPE] TRADE EXECUTED: momentum yes KXHYPE15M-26APR052315-15 @ $0.6750, contracts=2 (daily trades: 10/30)
2026-04-06 03:06:03 | INFO | Status: cash=$25.74, positions=2, loop=103, active_series=['KXSOL15M', 'KXBTC15M', 'KXBNB15M', 'KXXRP15M', 'KXETH15M', 'KXHYPE15M', 'KXDOGE15M']
2026-04-06 03:06:03 | INFO | Day Realized P&L: $-13.16 (-33.8%) / -$99999.00 daily stop-loss limit
2026-04-06 03:06:03 | INFO | Coins: BTC: idle | ETH: idle | BNB: idle | SOL: momentum no@0.48 | DOGE: idle | XRP: idle | HYPE: momentum yes@0.68 | ADA: idle
2026-04-06 03:06:03 | INFO | JSON summary saved to /home/ubuntu/.openclaw/workspace/workers/superbot/report.json
2026-04-06 03:06:03 | INFO | FIRST_CROSS SIGNAL (midpoint): KXBTC15M-26APR052315-15 | Direction: yes | Side: yes @ $0.3750 | contracts=0 | CONF=48 | TS=50%/40% | Coinbase=neutral | max_hold=10min
2026-04-06 03:06:03 | ERROR | [BTC] REAL ORDER FAILED: Invalid price or amount
2026-04-06 03:06:03 | INFO | FIRST_CROSS SIGNAL (midpoint): KXETH15M-26APR052315-15 | Direction: yes | Side: yes @ $0.3950 | contracts=0 | CONF=48 | TS=50%/40% | Coinbase=neutral | max_hold=10min
2026-04-06 03:06:03 | ERROR | [ETH] REAL ORDER FAILED: Invalid price or amount
2026-04-06 03:06:03 | INFO | FIRST_CROSS SIGNAL (midpoint): KXDOGE15M-26APR052315-15 | Direction: yes | Side: yes @ $0.6300 | contracts=0 | CONF=48 | TS=50%/40% | Coinbase=neutral | max_hold=10min
2026-04-06 03:06:03 | ERROR | [DOGE] REAL ORDER FAILED: Invalid price or amount
2026-04-06 03:06:03 | INFO | KXHYPE15M-26APR052315-15: SCALED IN @ $0.7600 (+$1.00), new size=$3.00, avg_price=$0.7033, scale_ins=1
2026-04-06 03:06:03 | INFO | [HYPE] SCALED IN KXHYPE15M-26APR052315-15: +$1.00 @ $0.7600, new_size=$3.00
2026-04-06 03:06:33 | INFO | Status: cash=$25.74, positions=2, loop=104, active_series=['KXSOL15M', 'KXBTC15M', 'KXBNB15M', 'KXXRP15M', 'KXETH15M', 'KXHYPE15M', 'KXDOGE15M']
2026-04-06 03:06:33 | INFO | Day Realized P&L: $-13.16 (-33.8%) / -$99999.00 daily stop-loss limit
2026-04-06 03:06:33 | INFO | Coins: BTC: idle | ETH: idle | BNB: idle | SOL: momentum no@0.48 | DOGE: idle | XRP: idle | HYPE: momentum yes@0.68 | ADA: idle
2026-04-06 03:06:33 | INFO | JSON summary saved to /home/ubuntu/.openclaw/workspace/workers/superbot/report.json
2026-04-06 03:06:33 | INFO | FIRST_CROSS: KXBTC15M-26APR052315-15 | Direction: up | Target: $69,233.08 | Coin Price: $69,236.79
2026-04-06 03:06:33 | INFO | FIRST_CROSS SIGNAL (midpoint): KXDOGE15M-26APR052315-15 | Direction: yes | Side: yes @ $0.6900 | contracts=0 | CONF=48 | TS=50%/40% | Coinbase=neutral | max_hold=10min
2026-04-06 03:06:33 | ERROR | [DOGE] REAL ORDER FAILED: Invalid price or amount
2026-04-06 03:06:33 | INFO | KXHYPE15M-26APR052315-15: SCALED IN @ $0.7650 (+$1.00), new size=$4.00, avg_price=$0.7188, scale_ins=2
2026-04-06 03:06:33 | INFO | [HYPE] SCALED IN KXHYPE15M-26APR052315-15: +$1.00 @ $0.7650, new_size=$4.00
2026-04-06 03:07:03 | INFO | Status: cash=$25.74, positions=2, loop=105, active_series=['KXSOL15M', 'KXBTC15M', 'KXBNB15M', 'KXXRP15M', 'KXETH15M', 'KXHYPE15M', 'KXDOGE15M']
2026-04-06 03:07:03 | INFO | Day Realized P&L: $-13.16 (-33.8%) / -$99999.00 daily stop-loss limit
2026-04-06 03:07:03 | INFO | Coins: BTC: idle | ETH: idle | BNB: idle | SOL: momentum no@0.48 | DOGE: idle | XRP: idle | HYPE: momentum yes@0.68 | ADA: idle
2026-04-06 03:07:03 | INFO | JSON summary saved to /home/ubuntu/.openclaw/workspace/workers/superbot/report.json
2026-04-06 03:07:03 | INFO | FIRST_CROSS SIGNAL (midpoint): KXETH15M-26APR052315-15 | Direction: yes | Side: yes @ $0.6650 | contracts=0 | CONF=48 | TS=50%/40% | Coinbase=neutral | max_hold=10min
2026-04-06 03:07:03 | ERROR | [ETH] REAL ORDER FAILED: Invalid price or amount
2026-04-06 03:07:03 | INFO | FIRST_CROSS SIGNAL (midpoint): KXXRP15M-26APR052315-15 | Direction: yes | Side: yes @ $0.6950 | contracts=0 | CONF=48 | TS=50%/40% | Coinbase=neutral | max_hold=10min
2026-04-06 03:07:03 | ERROR | [XRP] REAL ORDER FAILED: Invalid price or amount
2026-04-06 03:07:33 | INFO | Status: cash=$25.74, positions=2, loop=106, active_series=['KXSOL15M', 'KXBTC15M', 'KXBNB15M', 'KXXRP15M', 'KXETH15M', 'KXHYPE15M', 'KXDOGE15M']
2026-04-06 03:07:33 | INFO | Day Realized P&L: $-13.16 (-33.8%) / -$99999.00 daily stop-loss limit
2026-04-06 03:07:33 | INFO | Coins: BTC: idle | ETH: idle | BNB: idle | SOL: momentum no@0.48 | DOGE: idle | XRP: idle | HYPE: momentum yes@0.68 | ADA: idle
2026-04-06 03:07:33 | INFO | JSON summary saved to /home/ubuntu/.openclaw/workspace/workers/superbot/report.json
2026-04-06 03:07:33 | INFO | FIRST_CROSS SIGNAL (midpoint): KXBTC15M-26APR052315-15 | Direction: yes | Side: yes @ $0.3050 | contracts=0 | CONF=48 | TS=50%/40% | Coinbase=neutral | max_hold=10min
2026-04-06 03:07:33 | ERROR | [BTC] REAL ORDER FAILED: Invalid price or amount
2026-04-06 03:07:33 | INFO | FIRST_CROSS SIGNAL (midpoint): KXDOGE15M-26APR052315-15 | Direction: yes | Side: yes @ $0.6600 | contracts=0 | CONF=48 | TS=50%/40% | Coinbase=neutral | max_hold=10min
2026-04-06 03:07:33 | ERROR | [DOGE] REAL ORDER FAILED: Invalid price or amount
2026-04-06 03:07:33 | INFO | FIRST_CROSS SIGNAL (midpoint): KXXRP15M-26APR052315-15 | Direction: yes | Side: yes @ $0.6200 | contracts=0 | CONF=48 | TS=50%/40% | Coinbase=neutral | max_hold=10min
2026-04-06 03:07:33 | ERROR | [XRP] REAL ORDER FAILED: Invalid price or amount
2026-04-06 03:08:03 | INFO | Status: cash=$25.74, positions=2, loop=107, active_series=['KXSOL15M', 'KXBTC15M', 'KXBNB15M', 'KXXRP15M', 'KXETH15M', 'KXHYPE15M', 'KXDOGE15M']
2026-04-06 03:08:03 | INFO | Day Realized P&L: $-13.16 (-33.8%) / -$99999.00 daily stop-loss limit
2026-04-06 03:08:03 | INFO | Coins: BTC: idle | ETH: idle | BNB: idle | SOL: momentum no@0.48 | DOGE: idle | XRP: idle | HYPE: momentum yes@0.68 | ADA: idle
2026-04-06 03:08:03 | INFO | JSON summary saved to /home/ubuntu/.openclaw/workspace/workers/superbot/report.json
2026-04-06 03:08:03 | INFO | FIRST_CROSS SIGNAL (midpoint): KXBTC15M-26APR052315-15 | Direction: yes | Side: yes @ $0.3100 | contracts=0 | CONF=48 | TS=50%/40% | Coinbase=neutral | max_hold=10min
2026-04-06 03:08:03 | ERROR | [BTC] REAL ORDER FAILED: Invalid price or amount
2026-04-06 03:08:03 | INFO | FIRST_CROSS SIGNAL (midpoint): KXDOGE15M-26APR052315-15 | Direction: yes | Side: yes @ $0.6400 | contracts=0 | CONF=48 | TS=50%/40% | Coinbase=neutral | max_hold=10min
2026-04-06 03:08:03 | ERROR | [DOGE] REAL ORDER FAILED: Invalid price or amount
2026-04-06 03:08:34 | INFO | Status: cash=$25.74, positions=2, loop=108, active_series=['KXSOL15M', 'KXBTC15M', 'KXBNB15M', 'KXXRP15M', 'KXETH15M', 'KXHYPE15M', 'KXDOGE15M']
2026-04-06 03:08:34 | INFO | Day Realized P&L: $-13.16 (-33.8%) / -$99999.00 daily stop-loss limit
2026-04-06 03:08:34 | INFO | Coins: BTC: idle | ETH: idle | BNB: idle | SOL: momentum no@0.48 | DOGE: idle | XRP: idle | HYPE: momentum yes@0.68 | ADA: idle
2026-04-06 03:08:34 | INFO | JSON summary saved to /home/ubuntu/.openclaw/workspace/workers/superbot/report.json
2026-04-06 03:08:34 | INFO | FIRST_CROSS SIGNAL (midpoint): KXETH15M-26APR052315-15 | Direction: yes | Side: yes @ $0.3200 | contracts=0 | CONF=48 | TS=50%/40% | Coinbase=neutral | max_hold=10min
2026-04-06 03:08:34 | ERROR | [ETH] REAL ORDER FAILED: Invalid price or amount
2026-04-06 03:08:34 | INFO | FIRST_CROSS SIGNAL (midpoint): KXDOGE15M-26APR052315-15 | Direction: yes | Side: yes @ $0.6150 | contracts=0 | CONF=48 | TS=50%/40% | Coinbase=neutral | max_hold=10min
2026-04-06 03:08:34 | ERROR | [DOGE] REAL ORDER FAILED: Invalid price or amount
2026-04-06 03:08:34 | INFO | KXHYPE15M-26APR052315-15: TIME-SCALED STOP HIT @ $0.3500 (entry=$0.6750, stop=44%, loss=48.1%, age=3.0min)
2026-04-06 03:08:34 | INFO | [HYPE] REAL CLOSE ORDER PLACED: {'order': {'action': 'buy', 'client_order_id': '', 'created_time': '2026-04-06T03:08:34.438055Z', 'fill_count_fp': '7.00', 'initial_count_fp': '7.00', 'last_update_time': '2026-04-06T03:08:34.438055Z', 'maker_fees_dollars': '0.000000', 'maker_fill_cost_dollars': '0.000000', 'no_price_dollars': '0.6500', 'order_id': '544a8dba-5bd3-4533-8f39-e86aed88f7d5', 'remaining_count_fp': '0.00', 'side': 'no', 'status': 'executed', 'subaccount_number': 0, 'taker_fees_dollars': '0.120000', 'taker_fill_cost_dollars': '4.550000', 'ticker': 'KXHYPE15M-26APR052315-15', 'type': 'limit', 'user_id': 'dd8ef7dd-9e7f-40f7-965e-e9276a7805a4', 'yes_price_dollars': '0.3500'}}
2026-04-06 03:08:34 | INFO | [HYPE] Closed KXHYPE15M-26APR052315-15: TIME-SCALED STOP: -44% loss locked in, PnL=$-1.48
2026-04-06 03:08:34 | INFO | Strategy momentum stats: W=66.67%, R=0.71x, Kelly=20.00%
2026-04-06 03:08:34 | INFO | Trade recorded: KXHYPE15M-26APR052315-15 yes momentum PnL=$-1.48
2026-04-06 03:08:34 | INFO | [HYPE] Position closed. Cooldown started: must wait 2 cycles before re-entering
2026-04-06 03:08:34 | INFO | FIRST_CROSS SIGNAL (midpoint): KXHYPE15M-26APR052315-15 | Direction: no | Side: no @ $0.3500 | contracts=0 | CONF=53 | TS=50%/40% | Coinbase=None | max_hold=10min
2026-04-06 03:08:34 | ERROR | [HYPE] REAL ORDER FAILED: Invalid price or amount
2026-04-06 03:09:04 | INFO | Status: cash=$25.74, positions=1, loop=109, active_series=['KXSOL15M', 'KXBTC15M', 'KXBNB15M', 'KXXRP15M', 'KXETH15M', 'KXHYPE15M', 'KXDOGE15M']
2026-04-06 03:09:04 | INFO | Day Realized P&L: $-13.16 (-33.8%) / -$99999.00 daily stop-loss limit
2026-04-06 03:09:04 | INFO | Coins: BTC: idle | ETH: idle | BNB: idle | SOL: momentum no@0.48 | DOGE: idle | XRP: idle | HYPE: idle | ADA: idle
2026-04-06 03:09:04 | INFO | JSON summary saved to /home/ubuntu/.openclaw/workspace/workers/superbot/report.json
2026-04-06 03:09:04 | INFO | FIRST_CROSS SIGNAL (midpoint): KXDOGE15M-26APR052315-15 | Direction: yes | Side: yes @ $0.6050 | contracts=0 | CONF=48 | TS=50%/40% | Coinbase=neutral | max_hold=10min
2026-04-06 03:09:04 | ERROR | [DOGE] REAL ORDER FAILED: Invalid price or amount
2026-04-06 03:09:04 | INFO | FIRST_CROSS SIGNAL (midpoint): KXHYPE15M-26APR052315-15 | Direction: no | Side: no @ $0.4350 | contracts=0 | CONF=40 | TS=50%/40% | Coinbase=None | max_hold=10min
2026-04-06 03:09:04 | ERROR | [HYPE] REAL ORDER FAILED: Invalid price or amount
2026-04-06 03:09:34 | INFO | Status: cash=$25.74, positions=1, loop=110, active_series=['KXSOL15M', 'KXBTC15M', 'KXBNB15M', 'KXXRP15M', 'KXETH15M', 'KXHYPE15M', 'KXDOGE15M']
2026-04-06 03:09:34 | INFO | Day Realized P&L: $-13.16 (-33.8%) / -$99999.00 daily stop-loss limit
2026-04-06 03:09:34 | INFO | Coins: BTC: idle | ETH: idle | BNB: idle | SOL: momentum no@0.48 | DOGE: idle | XRP: idle | HYPE: idle | ADA: idle
2026-04-06 03:09:34 | INFO | JSON summary saved to /home/ubuntu/.openclaw/workspace/workers/superbot/report.json
2026-04-06 03:09:34 | INFO | [HYPE] Cooldown complete - can trade again
2026-04-06 03:09:34 | INFO | FIRST_CROSS SIGNAL (midpoint): KXHYPE15M-26APR052315-15 | Direction: no | Side: no @ $0.4350 | contracts=0 | CONF=40 | TS=50%/40% | Coinbase=None | max_hold=10min
2026-04-06 03:09:34 | ERROR | [HYPE] REAL ORDER FAILED: Invalid price or amount
2026-04-06 03:10:04 | INFO | Status: cash=$25.74, positions=1, loop=111, active_series=['KXSOL15M', 'KXBTC15M', 'KXBNB15M', 'KXXRP15M', 'KXETH15M', 'KXHYPE15M', 'KXDOGE15M']
2026-04-06 03:10:04 | INFO | Day Realized P&L: $-13.16 (-33.8%) / -$99999.00 daily stop-loss limit
2026-04-06 03:10:04 | INFO | Coins: BTC: idle | ETH: idle | BNB: idle | SOL: momentum no@0.48 | DOGE: idle | XRP: idle | HYPE: idle | ADA: idle
2026-04-06 03:10:04 | INFO | JSON summary saved to /home/ubuntu/.openclaw/workspace/workers/superbot/report.json
2026-04-06 03:10:04 | INFO | FIRST_CROSS SIGNAL (midpoint): KXETH15M-26APR052315-15 | Direction: yes | Side: yes @ $0.3500 | contracts=0 | CONF=45 | TS=50%/40% | Coinbase=neutral | max_hold=10min
2026-04-06 03:10:04 | ERROR | [ETH] REAL ORDER FAILED: Invalid price or amount
2026-04-06 03:10:05 | INFO | FIRST_CROSS SIGNAL (midpoint): KXDOGE15M-26APR052315-15 | Direction: yes | Side: yes @ $0.6150 | contracts=0 | CONF=45 | TS=50%/40% | Coinbase=neutral | max_hold=10min
2026-04-06 03:10:05 | ERROR | [DOGE] REAL ORDER FAILED: Invalid price or amount
2026-04-06 03:10:05 | INFO | FIRST_CROSS SIGNAL (midpoint): KXXRP15M-26APR052315-15 | Direction: yes | Side: yes @ $0.3650 | contracts=0 | CONF=45 | TS=50%/40% | Coinbase=neutral | max_hold=10min
2026-04-06 03:10:05 | ERROR | [XRP] REAL ORDER FAILED: Invalid price or amount
2026-04-06 03:10:35 | INFO | Status: cash=$25.74, positions=1, loop=112, active_series=['KXSOL15M', 'KXBTC15M', 'KXBNB15M', 'KXXRP15M', 'KXETH15M', 'KXHYPE15M', 'KXDOGE15M']
2026-04-06 03:10:35 | INFO | Day Realized P&L: $-13.16 (-33.8%) / -$99999.00 daily stop-loss limit
2026-04-06 03:10:35 | INFO | Coins: BTC: idle | ETH: idle | BNB: idle | SOL: momentum no@0.48 | DOGE: idle | XRP: idle | HYPE: idle | ADA: idle
2026-04-06 03:10:35 | INFO | JSON summary saved to /home/ubuntu/.openclaw/workspace/workers/superbot/report.json
2026-04-06 03:10:35 | INFO | FIRST_CROSS SIGNAL (midpoint): KXBTC15M-26APR052315-15 | Direction: yes | Side: yes @ $0.3250 | contracts=0 | CONF=45 | TS=50%/40% | Coinbase=neutral | max_hold=10min
2026-04-06 03:10:35 | ERROR | [BTC] REAL ORDER FAILED: Invalid price or amount
2026-04-06 03:10:35 | INFO | FIRST_CROSS SIGNAL (midpoint): KXETH15M-26APR052315-15 | Direction: yes | Side: yes @ $0.6450 | contracts=0 | CONF=45 | TS=50%/40% | Coinbase=neutral | max_hold=10min
2026-04-06 03:10:35 | ERROR | [ETH] REAL ORDER FAILED: Invalid price or amount
2026-04-06 03:10:35 | INFO | KXSOL15M-26APR052315-15: TRAILING STOP HIT @ $0.1650 (trough=$0.0650, rise=153.8%, locked=66.0%)
2026-04-06 03:10:35 | INFO | [SOL] REAL CLOSE ORDER PLACED: {'order': {'action': 'buy', 'client_order_id': '', 'created_time': '2026-04-06T03:10:35.346382Z', 'fill_count_fp': '0.00', 'initial_count_fp': '4.00', 'last_update_time': '2026-04-06T03:10:35.346382Z', 'maker_fees_dollars': '0.000000', 'maker_fill_cost_dollars': '0.000000', 'no_price_dollars': '0.8300', 'order_id': '120b9221-4fba-45ee-8294-e4fe9f0ae82f', 'remaining_count_fp': '4.00', 'side': 'yes', 'status': 'resting', 'subaccount_number': 0, 'taker_fees_dollars': '0.000000', 'taker_fill_cost_dollars': '0.000000', 'ticker': 'KXSOL15M-26APR052315-15', 'type': 'limit', 'user_id': 'dd8ef7dd-9e7f-40f7-965e-e9276a7805a4', 'yes_price_dollars': '0.1700'}}
2026-04-06 03:10:35 | INFO | [SOL] Closed KXSOL15M-26APR052315-15: TRAILING STOP: locked in profits, PnL=$-0.98
2026-04-06 03:10:35 | INFO | Strategy momentum stats: W=0.00%, R=1.22x, Kelly=4.00%
2026-04-06 03:10:35 | INFO | Trade recorded: KXSOL15M-26APR052315-15 no momentum PnL=$-0.98
2026-04-06 03:10:35 | INFO | [SOL] Position closed. Cooldown started: must wait 2 cycles before re-entering
2026-04-06 03:10:35 | INFO | FIRST_CROSS SIGNAL (midpoint): KXDOGE15M-26APR052315-15 | Direction: yes | Side: yes @ $0.6050 | contracts=0 | CONF=45 | TS=50%/40% | Coinbase=neutral | max_hold=10min
2026-04-06 03:10:35 | ERROR | [DOGE] REAL ORDER FAILED: Invalid price or amount
2026-04-06 03:11:05 | INFO | Status: cash=$25.74, positions=0, loop=113, active_series=['KXSOL15M', 'KXBTC15M', 'KXBNB15M', 'KXXRP15M', 'KXETH15M', 'KXHYPE15M', 'KXDOGE15M']
2026-04-06 03:11:05 | INFO | Day Realized P&L: $-13.16 (-33.8%) / -$99999.00 daily stop-loss limit
2026-04-06 03:11:05 | INFO | Coins: BTC: idle | ETH: idle | BNB: idle | SOL: idle | DOGE: idle | XRP: idle | HYPE: idle | ADA: idle
2026-04-06 03:11:05 | INFO | JSON summary saved to /home/ubuntu/.openclaw/workspace/workers/superbot/report.json
2026-04-06 03:11:05 | INFO | FIRST_CROSS SIGNAL (midpoint): KXDOGE15M-26APR052315-15 | Direction: yes | Side: yes @ $0.6950 | contracts=0 | CONF=45 | TS=50%/40% | Coinbase=neutral | max_hold=10min
2026-04-06 03:11:05 | ERROR | [DOGE] REAL ORDER FAILED: Invalid price or amount
2026-04-06 03:11:05 | INFO | FIRST_CROSS SIGNAL (midpoint): KXHYPE15M-26APR052315-15 | Direction: no | Side: no @ $0.3900 | contracts=0 | CONF=50 | TS=50%/40% | Coinbase=None | max_hold=10min
2026-04-06 03:11:05 | ERROR | [HYPE] REAL ORDER FAILED: Invalid price or amount
2026-04-06 03:11:35 | INFO | Status: cash=$25.74, positions=0, loop=114, active_series=['KXSOL15M', 'KXBTC15M', 'KXBNB15M', 'KXXRP15M', 'KXETH15M', 'KXHYPE15M', 'KXDOGE15M']
2026-04-06 03:11:35 | INFO | Day Realized P&L: $-13.16 (-33.8%) / -$99999.00 daily stop-loss limit
2026-04-06 03:11:35 | INFO | Coins: BTC: idle | ETH: idle | BNB: idle | SOL: idle | DOGE: idle | XRP: idle | HYPE: idle | ADA: idle
2026-04-06 03:11:35 | INFO | JSON summary saved to /home/ubuntu/.openclaw/workspace/workers/superbot/report.json
2026-04-06 03:11:35 | INFO | [SOL] Cooldown complete - can trade again
2026-04-06 03:11:35 | INFO | FIRST_CROSS SIGNAL (midpoint): KXETH15M-26APR052315-15 | Direction: yes | Side: yes @ $0.6950 | contracts=0 | CONF=45 | TS=50%/40% | Coinbase=neutral | max_hold=10min
2026-04-06 03:11:35 | ERROR | [ETH] REAL ORDER FAILED: Invalid price or amount
2026-04-06 03:11:35 | INFO | FIRST_CROSS SIGNAL (midpoint): KXDOGE15M-26APR052315-15 | Direction: yes | Side: yes @ $0.6600 | contracts=0 | CONF=45 | TS=50%/40% | Coinbase=neutral | max_hold=10min
2026-04-06 03:11:35 | ERROR | [DOGE] REAL ORDER FAILED: Invalid price or amount
2026-04-06 03:12:05 | INFO | Status: cash=$25.74, positions=0, loop=115, active_series=['KXSOL15M', 'KXBTC15M', 'KXBNB15M', 'KXXRP15M', 'KXETH15M', 'KXHYPE15M', 'KXDOGE15M']
2026-04-06 03:12:05 | INFO | Day Realized P&L: $-13.16 (-33.8%) / -$99999.00 daily stop-loss limit
2026-04-06 03:12:05 | INFO | Coins: BTC: idle | ETH: idle | BNB: idle | SOL: idle | DOGE: idle | XRP: idle | HYPE: idle | ADA: idle
2026-04-06 03:12:05 | INFO | JSON summary saved to /home/ubuntu/.openclaw/workspace/workers/superbot/report.json
2026-04-06 03:12:35 | INFO | Status: cash=$25.74, positions=0, loop=116, active_series=['KXSOL15M', 'KXBTC15M', 'KXBNB15M', 'KXXRP15M', 'KXETH15M', 'KXHYPE15M', 'KXDOGE15M']
2026-04-06 03:12:35 | INFO | Day Realized P&L: $-13.16 (-33.8%) / -$99999.00 daily stop-loss limit
2026-04-06 03:12:35 | INFO | Coins: BTC: idle | ETH: idle | BNB: idle | SOL: idle | DOGE: idle | XRP: idle | HYPE: idle | ADA: idle
2026-04-06 03:12:35 | INFO | JSON summary saved to /home/ubuntu/.openclaw/workspace/workers/superbot/report.json
2026-04-06 03:12:35 | INFO | FIRST_CROSS SIGNAL (midpoint): KXHYPE15M-26APR052315-15 | Direction: no | Side: no @ $0.3750 | contracts=0 | CONF=41 | TS=50%/40% | Coinbase=None | max_hold=10min
2026-04-06 03:12:35 | ERROR | [HYPE] REAL ORDER FAILED: Invalid price or amount
2026-04-06 03:13:05 | INFO | Status: cash=$25.74, positions=0, loop=117, active_series=['KXSOL15M', 'KXBTC15M', 'KXBNB15M', 'KXXRP15M', 'KXETH15M', 'KXHYPE15M', 'KXDOGE15M']
2026-04-06 03:13:05 | INFO | Day Realized P&L: $-13.16 (-33.8%) / -$99999.00 daily stop-loss limit
2026-04-06 03:13:05 | INFO | Coins: BTC: idle | ETH: idle | BNB: idle | SOL: idle | DOGE: idle | XRP: idle | HYPE: idle | ADA: idle
2026-04-06 03:13:05 | INFO | JSON summary saved to /home/ubuntu/.openclaw/workspace/workers/superbot/report.json
2026-04-06 03:13:36 | INFO | Status: cash=$25.74, positions=0, loop=118, active_series=['KXSOL15M', 'KXBTC15M', 'KXBNB15M', 'KXXRP15M', 'KXETH15M', 'KXHYPE15M', 'KXDOGE15M']
2026-04-06 03:13:36 | INFO | Day Realized P&L: $-13.16 (-33.8%) / -$99999.00 daily stop-loss limit
2026-04-06 03:13:36 | INFO | Coins: BTC: idle | ETH: idle | BNB: idle | SOL: idle | DOGE: idle | XRP: idle | HYPE: idle | ADA: idle
2026-04-06 03:13:36 | INFO | JSON summary saved to /home/ubuntu/.openclaw/workspace/workers/superbot/report.json
2026-04-06 03:13:36 | INFO | FIRST_CROSS: KXDOGE15M-26APR052315-15 | Direction: down | Target: $0.09 | Coin Price: $0.09
2026-04-06 03:14:06 | INFO | Status: cash=$25.74, positions=0, loop=119, active_series=['KXSOL15M', 'KXBTC15M', 'KXBNB15M', 'KXXRP15M', 'KXETH15M', 'KXHYPE15M', 'KXDOGE15M']
2026-04-06 03:14:06 | INFO | Day Realized P&L: $-13.16 (-33.8%) / -$99999.00 daily stop-loss limit
2026-04-06 03:14:06 | INFO | Coins: BTC: idle | ETH: idle | BNB: idle | SOL: idle | DOGE: idle | XRP: idle | HYPE: idle | ADA: idle
2026-04-06 03:14:06 | INFO | JSON summary saved to /home/ubuntu/.openclaw/workspace/workers/superbot/report.json
2026-04-06 03:14:36 | INFO | Status: cash=$25.74, positions=0, loop=120, active_series=['KXSOL15M', 'KXBTC15M', 'KXBNB15M', 'KXXRP15M', 'KXETH15M', 'KXHYPE15M', 'KXDOGE15M']
2026-04-06 03:14:36 | INFO | Day Realized P&L: $-13.16 (-33.8%) / -$99999.00 daily stop-loss limit
2026-04-06 03:14:36 | INFO | Coins: BTC: idle | ETH: idle | BNB: idle | SOL: idle | DOGE: idle | XRP: idle | HYPE: idle | ADA: idle
2026-04-06 03:14:36 | INFO | JSON summary saved to /home/ubuntu/.openclaw/workspace/workers/superbot/report.json
2026-04-06 03:15:06 | INFO | Status: cash=$25.74, positions=0, loop=121, active_series=['KXSOL15M', 'KXBTC15M', 'KXBNB15M', 'KXXRP15M', 'KXETH15M', 'KXHYPE15M', 'KXDOGE15M']
2026-04-06 03:15:06 | INFO | Day Realized P&L: $-13.16 (-33.8%) / -$99999.00 daily stop-loss limit
2026-04-06 03:15:06 | INFO | Coins: BTC: idle | ETH: idle | BNB: idle | SOL: idle | DOGE: idle | XRP: idle | HYPE: idle | ADA: idle
2026-04-06 03:15:06 | INFO | JSON summary saved to /home/ubuntu/.openclaw/workspace/workers/superbot/report.json
2026-04-06 03:15:36 | INFO | Status: cash=$25.74, positions=0, loop=122, active_series=['KXETH15M', 'KXHYPE15M', 'KXDOGE15M']
2026-04-06 03:15:36 | INFO | Day Realized P&L: $-13.16 (-33.8%) / -$99999.00 daily stop-loss limit
2026-04-06 03:15:36 | INFO | Coins: BTC: idle | ETH: idle | BNB: idle | SOL: idle | DOGE: idle | XRP: idle | HYPE: idle | ADA: idle
2026-04-06 03:15:36 | INFO | JSON summary saved to /home/ubuntu/.openclaw/workspace/workers/superbot/report.json
2026-04-06 03:15:36 | INFO | FIRST_CROSS: KXETH15M-26APR052330-30 target price set to $2,131.71
2026-04-06 03:15:36 | INFO | FIRST_CROSS: KXBNB15M-26APR052330-30 target price set to $601.99
2026-04-06 03:15:36 | INFO | FIRST_CROSS: KXSOL15M-26APR052330-30 target price set to $82.18
2026-04-06 03:15:36 | INFO | FIRST_CROSS: KXDOGE15M-26APR052330-30 target price set to $0.09
2026-04-06 03:15:36 | INFO | FIRST_CROSS: KXXRP15M-26APR052330-30 target price set to $1.34
2026-04-06 03:16:06 | INFO | Status: cash=$25.74, positions=0, loop=123, active_series=['KXSOL15M', 'KXXRP15M', 'KXBNB15M', 'KXETH15M', 'KXHYPE15M', 'KXDOGE15M']
2026-04-06 03:16:06 | INFO | Day Realized P&L: $-13.16 (-33.8%) / -$99999.00 daily stop-loss limit
2026-04-06 03:16:06 | INFO | Coins: BTC: idle | ETH: idle | BNB: idle | SOL: idle | DOGE: idle | XRP: idle | HYPE: idle | ADA: idle
2026-04-06 03:16:06 | INFO | JSON summary saved to /home/ubuntu/.openclaw/workspace/workers/superbot/report.json
2026-04-06 03:16:06 | INFO | FIRST_CROSS: KXBTC15M-26APR052330-30 target price set to $69,130.09
2026-04-06 03:16:06 | INFO | FIRST_CROSS: KXBNB15M-26APR052330-30 crossed UP through $0.50 (was $0.4900, now $0.5200)
2026-04-06 03:16:06 | INFO | FIRST_CROSS SIGNAL (midpoint): KXBNB15M-26APR052330-30 | Direction: yes | Side: yes @ $0.5200 | contracts=0 | CONF=43 | TS=50%/40% | Coinbase=None | max_hold=10min
2026-04-06 03:16:06 | ERROR | [BNB] REAL ORDER FAILED: Invalid price or amount
2026-04-06 03:16:07 | INFO | FIRST_CROSS: KXSOL15M-26APR052330-30 crossed DOWN through $0.50 (was $0.5150, now $0.4950)
2026-04-06 03:16:07 | INFO | FIRST_CROSS SIGNAL (midpoint): KXSOL15M-26APR052330-30 | Direction: no | Side: no @ $0.4950 | contracts=0 | CONF=43 | TS=50%/40% | Coinbase=bearish | max_hold=10min
2026-04-06 03:16:07 | ERROR | [SOL] REAL ORDER FAILED: Invalid price or amount
2026-04-06 03:16:07 | INFO | FIRST_CROSS: KXHYPE15M-26APR052330-30 target price set to $36.87
2026-04-06 03:16:37 | INFO | Status: cash=$25.74, positions=0, loop=124, active_series=['KXSOL15M', 'KXBTC15M', 'KXXRP15M', 'KXBNB15M', 'KXETH15M', 'KXHYPE15M', 'KXDOGE15M']
2026-04-06 03:16:37 | INFO | Day Realized P&L: $-13.16 (-33.8%) / -$99999.00 daily stop-loss limit
2026-04-06 03:16:37 | INFO | Coins: BTC: idle | ETH: idle | BNB: idle | SOL: idle | DOGE: idle | XRP: idle | HYPE: idle | ADA: idle
2026-04-06 03:16:37 | INFO | JSON summary saved to /home/ubuntu/.openclaw/workspace/workers/superbot/report.json
2026-04-06 03:16:37 | INFO | FIRST_CROSS: KXETH15M-26APR052330-30 | Direction: down | Target: $2,131.71 | Coin Price: $2,131.15
2026-04-06 03:16:37 | INFO | FIRST_CROSS SIGNAL (midpoint): KXBNB15M-26APR052330-30 | Direction: yes | Side: yes @ $0.5150 | contracts=0 | CONF=43 | TS=50%/40% | Coinbase=None | max_hold=10min
2026-04-06 03:16:37 | ERROR | [BNB] REAL ORDER FAILED: Invalid price or amount
2026-04-06 03:16:37 | INFO | FIRST_CROSS SIGNAL (midpoint): KXSOL15M-26APR052330-30 | Direction: no | Side: no @ $0.5200 | contracts=0 | CONF=43 | TS=50%/40% | Coinbase=None | max_hold=10min
2026-04-06 03:16:37 | ERROR | [SOL] REAL ORDER FAILED: Invalid price or amount
2026-04-06 03:17:07 | INFO | Status: cash=$25.74, positions=0, loop=125, active_series=['KXSOL15M', 'KXBTC15M', 'KXXRP15M', 'KXBNB15M', 'KXETH15M', 'KXHYPE15M', 'KXDOGE15M']
2026-04-06 03:17:07 | INFO | Day Realized P&L: $-13.16 (-33.8%) / -$99999.00 daily stop-loss limit
2026-04-06 03:17:07 | INFO | Coins: BTC: idle | ETH: idle | BNB: idle | SOL: idle | DOGE: idle | XRP: idle | HYPE: idle | ADA: idle
2026-04-06 03:17:07 | INFO | JSON summary saved to /home/ubuntu/.openclaw/workspace/workers/superbot/report.json
2026-04-06 03:17:07 | INFO | FIRST_CROSS: KXBTC15M-26APR052330-30 crossed DOWN through $0.50 (was $0.5750, now $0.3950)
2026-04-06 03:17:07 | INFO | FIRST_CROSS SIGNAL (midpoint): KXBTC15M-26APR052330-30 | Direction: no | Side: no @ $0.3950 | contracts=0 | CONF=56 | TS=50%/40% | Coinbase=bearish | max_hold=10min
2026-04-06 03:17:07 | ERROR | [BTC] REAL ORDER FAILED: Invalid price or amount
2026-04-06 03:17:07 | INFO | FIRST_CROSS SIGNAL (midpoint): KXBNB15M-26APR052330-30 | Direction: yes | Side: yes @ $0.4450 | contracts=0 | CONF=43 | TS=50%/40% | Coinbase=bearish | max_hold=10min
2026-04-06 03:17:07 | ERROR | [BNB] REAL ORDER FAILED: Invalid price or amount
2026-04-06 03:17:07 | INFO | FIRST_CROSS SIGNAL (midpoint): KXSOL15M-26APR052330-30 | Direction: no | Side: no @ $0.4050 | contracts=0 | CONF=43 | TS=50%/40% | Coinbase=bearish | max_hold=10min
2026-04-06 03:17:07 | ERROR | [SOL] REAL ORDER FAILED: Invalid price or amount
2026-04-06 03:17:38 | INFO | Status: cash=$25.74, positions=0, loop=126, active_series=['KXSOL15M', 'KXBTC15M', 'KXXRP15M', 'KXBNB15M', 'KXETH15M', 'KXHYPE15M', 'KXDOGE15M']
2026-04-06 03:17:38 | INFO | Day Realized P&L: $-13.16 (-33.8%) / -$99999.00 daily stop-loss limit
2026-04-06 03:17:38 | INFO | Coins: BTC: idle | ETH: idle | BNB: idle | SOL: idle | DOGE: idle | XRP: idle | HYPE: idle | ADA: idle
2026-04-06 03:17:38 | INFO | JSON summary saved to /home/ubuntu/.openclaw/workspace/workers/superbot/report.json
2026-04-06 03:17:38 | INFO | FIRST_CROSS SIGNAL (midpoint): KXBTC15M-26APR052330-30 | Direction: no | Side: no @ $0.4350 | contracts=0 | CONF=43 | TS=50%/40% | Coinbase=bearish | max_hold=10min
2026-04-06 03:17:38 | ERROR | [BTC] REAL ORDER FAILED: Invalid price or amount
2026-04-06 03:17:38 | INFO | FIRST_CROSS SIGNAL (midpoint): KXBNB15M-26APR052330-30 | Direction: yes | Side: yes @ $0.5350 | contracts=0 | CONF=43 | TS=50%/40% | Coinbase=None | max_hold=10min
2026-04-06 03:17:38 | ERROR | [BNB] REAL ORDER FAILED: Invalid price or amount
2026-04-06 03:17:38 | INFO | MOMENTUM SIGNAL: KXSOL15M-26APR052330-30 | Side: no @ $0.4400 | contracts=2 | CONF=60 | TS=30%/40% | Coinbase=bearish | age=121s
2026-04-06 03:17:38 | INFO | [SOL] REAL ORDER PLACED: {'order': {'action': 'buy', 'client_order_id': '', 'created_time': '2026-04-06T03:17:38.362961Z', 'fill_count_fp': '0.00', 'initial_count_fp': '2.00', 'last_update_time': '2026-04-06T03:17:38.362961Z', 'maker_fees_dollars': '0.000000', 'maker_fill_cost_dollars': '0.000000', 'no_price_dollars': '0.5600', 'order_id': 'bec2df27-66d2-43d9-b73d-adcb94739d88', 'remaining_count_fp': '2.00', 'side': 'no', 'status': 'resting', 'subaccount_number': 0, 'taker_fees_dollars': '0.000000', 'taker_fill_cost_dollars': '0.000000', 'ticker': 'KXSOL15M-26APR052330-30', 'type': 'limit', 'user_id': 'dd8ef7dd-9e7f-40f7-965e-e9276a7805a4', 'yes_price_dollars': '0.4400'}}
2026-04-06 03:17:38 | INFO | [SOL] Opened momentum: no KXSOL15M-26APR052330-30 @ $0.4400, contracts=2, cost=$1.12
2026-04-06 03:17:38 | INFO | 🚀 [SOL] TRADE EXECUTED: momentum no KXSOL15M-26APR052330-30 @ $0.4400, contracts=2 (daily trades: 11/30)
2026-04-06 03:18:08 | INFO | Status: cash=$24.62, positions=1, loop=127, active_series=['KXSOL15M', 'KXBTC15M', 'KXXRP15M', 'KXBNB15M', 'KXETH15M', 'KXHYPE15M', 'KXDOGE15M']
2026-04-06 03:18:08 | INFO | Day Realized P&L: $-14.28 (-36.7%) / -$99999.00 daily stop-loss limit
2026-04-06 03:18:08 | INFO | Coins: BTC: idle | ETH: idle | BNB: idle | SOL: momentum no@0.44 | DOGE: idle | XRP: idle | HYPE: idle | ADA: idle
2026-04-06 03:18:08 | INFO | JSON summary saved to /home/ubuntu/.openclaw/workspace/workers/superbot/report.json
2026-04-06 03:18:08 | INFO | MOMENTUM SIGNAL: KXBTC15M-26APR052330-30 | Side: no @ $0.4550 | contracts=2 | CONF=60 | TS=30%/40% | Coinbase=bearish | age=122s
2026-04-06 03:18:08 | INFO | [BTC] REAL ORDER PLACED: {'order': {'action': 'buy', 'client_order_id': '', 'created_time': '2026-04-06T03:18:08.884767Z', 'fill_count_fp': '0.00', 'initial_count_fp': '2.00', 'last_update_time': '2026-04-06T03:18:08.884767Z', 'maker_fees_dollars': '0.000000', 'maker_fill_cost_dollars': '0.000000', 'no_price_dollars': '0.5400', 'order_id': 'b3dba0e1-2eba-44d5-901a-7bdc55d826f0', 'remaining_count_fp': '2.00', 'side': 'no', 'status': 'resting', 'subaccount_number': 0, 'taker_fees_dollars': '0.000000', 'taker_fill_cost_dollars': '0.000000', 'ticker': 'KXBTC15M-26APR052330-30', 'type': 'limit', 'user_id': 'dd8ef7dd-9e7f-40f7-965e-e9276a7805a4', 'yes_price_dollars': '0.4600'}}
2026-04-06 03:18:08 | INFO | [BTC] Opened momentum: no KXBTC15M-26APR052330-30 @ $0.4550, contracts=2, cost=$1.09
2026-04-06 03:18:08 | INFO | 🚀 [BTC] TRADE EXECUTED: momentum no KXBTC15M-26APR052330-30 @ $0.4550, contracts=2 (daily trades: 12/30)
2026-04-06 03:18:08 | INFO | MOMENTUM SIGNAL: KXBNB15M-26APR052330-30 | Side: no @ $0.4850 | contracts=4 | CONF=60 | TS=30%/40% | Coinbase=bearish | age=152s
2026-04-06 03:18:09 | INFO | [BNB] REAL ORDER PLACED: {'order': {'action': 'buy', 'client_order_id': '', 'created_time': '2026-04-06T03:18:09.118624Z', 'fill_count_fp': '0.00', 'initial_count_fp': '3.00', 'last_update_time': '2026-04-06T03:18:09.118624Z', 'maker_fees_dollars': '0.000000', 'maker_fill_cost_dollars': '0.000000', 'no_price_dollars': '0.5200', 'order_id': 'dc872343-b24d-4c1c-bcf1-82269372526f', 'remaining_count_fp': '3.00', 'side': 'no', 'status': 'resting', 'subaccount_number': 0, 'taker_fees_dollars': '0.000000', 'taker_fill_cost_dollars': '0.000000', 'ticker': 'KXBNB15M-26APR052330-30', 'type': 'limit', 'user_id': 'dd8ef7dd-9e7f-40f7-965e-e9276a7805a4', 'yes_price_dollars': '0.4800'}}
2026-04-06 03:18:09 | INFO | [BNB] Opened momentum: no KXBNB15M-26APR052330-30 @ $0.4850, contracts=3, cost=$1.54
2026-04-06 03:18:09 | INFO | 🚀 [BNB] TRADE EXECUTED: momentum no KXBNB15M-26APR052330-30 @ $0.4850, contracts=3 (daily trades: 13/30)
2026-04-06 03:18:39 | INFO | Status: cash=$21.99, positions=3, loop=128, active_series=['KXSOL15M', 'KXBTC15M', 'KXXRP15M', 'KXBNB15M', 'KXETH15M', 'KXHYPE15M', 'KXDOGE15M']
2026-04-06 03:18:39 | INFO | Day Realized P&L: $-16.91 (-43.5%) / -$99999.00 daily stop-loss limit
2026-04-06 03:18:39 | INFO | Coins: BTC: momentum no@0.46 | ETH: idle | BNB: momentum no@0.48 | SOL: momentum no@0.44 | DOGE: idle | XRP: idle | HYPE: idle | ADA: idle
2026-04-06 03:18:39 | INFO | JSON summary saved to /home/ubuntu/.openclaw/workspace/workers/superbot/report.json
2026-04-06 03:19:09 | INFO | Status: cash=$21.99, positions=3, loop=129, active_series=['KXSOL15M', 'KXBTC15M', 'KXXRP15M', 'KXBNB15M', 'KXETH15M', 'KXHYPE15M', 'KXDOGE15M']
2026-04-06 03:19:09 | INFO | Day Realized P&L: $-16.91 (-43.5%) / -$99999.00 daily stop-loss limit
2026-04-06 03:19:09 | INFO | Coins: BTC: momentum no@0.46 | ETH: idle | BNB: momentum no@0.48 | SOL: momentum no@0.44 | DOGE: idle | XRP: idle | HYPE: idle | ADA: idle
2026-04-06 03:19:09 | INFO | JSON summary saved to /home/ubuntu/.openclaw/workspace/workers/superbot/report.json
2026-04-06 03:19:39 | INFO | Status: cash=$21.99, positions=3, loop=130, active_series=['KXSOL15M', 'KXBTC15M', 'KXXRP15M', 'KXBNB15M', 'KXETH15M', 'KXHYPE15M', 'KXDOGE15M']
2026-04-06 03:19:39 | INFO | Day Realized P&L: $-16.91 (-43.5%) / -$99999.00 daily stop-loss limit
2026-04-06 03:19:39 | INFO | Coins: BTC: momentum no@0.46 | ETH: idle | BNB: momentum no@0.48 | SOL: momentum no@0.44 | DOGE: idle | XRP: idle | HYPE: idle | ADA: idle
2026-04-06 03:19:39 | INFO | JSON summary saved to /home/ubuntu/.openclaw/workspace/workers/superbot/report.json
2026-04-06 03:20:09 | INFO | Status: cash=$21.99, positions=3, loop=131, active_series=['KXSOL15M', 'KXBTC15M', 'KXXRP15M', 'KXBNB15M', 'KXETH15M', 'KXHYPE15M', 'KXDOGE15M']
2026-04-06 03:20:09 | INFO | Day Realized P&L: $-16.91 (-43.5%) / -$99999.00 daily stop-loss limit
2026-04-06 03:20:09 | INFO | Coins: BTC: momentum no@0.46 | ETH: idle | BNB: momentum no@0.48 | SOL: momentum no@0.44 | DOGE: idle | XRP: idle | HYPE: idle | ADA: idle
2026-04-06 03:20:09 | INFO | JSON summary saved to /home/ubuntu/.openclaw/workspace/workers/superbot/report.json
2026-04-06 03:20:09 | INFO | KXBTC15M-26APR052330-30: SCALED IN @ $0.2900 (+$1.00), new size=$3.00, avg_price=$0.4000, scale_ins=1
2026-04-06 03:20:09 | INFO | [BTC] SCALED IN KXBTC15M-26APR052330-30: +$1.00 @ $0.2900, new_size=$3.00
2026-04-06 03:20:09 | INFO | KXBNB15M-26APR052330-30: SCALED IN @ $0.3250 (+$2.00), new size=$5.00, avg_price=$0.4210, scale_ins=1
2026-04-06 03:20:09 | INFO | [BNB] SCALED IN KXBNB15M-26APR052330-30: +$2.00 @ $0.3250, new_size=$5.00
2026-04-06 03:20:09 | INFO | KXSOL15M-26APR052330-30: SCALED IN @ $0.3000 (+$1.00), new size=$3.00, avg_price=$0.3933, scale_ins=1
2026-04-06 03:20:09 | INFO | [SOL] SCALED IN KXSOL15M-26APR052330-30: +$1.00 @ $0.3000, new_size=$3.00
2026-04-06 03:20:40 | INFO | Status: cash=$21.99, positions=3, loop=132, active_series=['KXSOL15M', 'KXBTC15M', 'KXXRP15M', 'KXBNB15M', 'KXETH15M', 'KXHYPE15M', 'KXDOGE15M']
2026-04-06 03:20:40 | INFO | Day Realized P&L: $-16.91 (-43.5%) / -$99999.00 daily stop-loss limit
2026-04-06 03:20:40 | INFO | Coins: BTC: momentum no@0.46 | ETH: idle | BNB: momentum no@0.48 | SOL: momentum no@0.44 | DOGE: idle | XRP: idle | HYPE: idle | ADA: idle
2026-04-06 03:20:40 | INFO | JSON summary saved to /home/ubuntu/.openclaw/workspace/workers/superbot/report.json
2026-04-06 03:20:40 | INFO | KXBTC15M-26APR052330-30: SCALED IN @ $0.2450 (+$1.00), new size=$4.00, avg_price=$0.3613, scale_ins=2
2026-04-06 03:20:40 | INFO | [BTC] SCALED IN KXBTC15M-26APR052330-30: +$1.00 @ $0.2450, new_size=$4.00
2026-04-06 03:20:40 | INFO | KXBNB15M-26APR052330-30: SCALED IN @ $0.2800 (+$2.00), new size=$7.00, avg_price=$0.3807, scale_ins=2
2026-04-06 03:20:40 | INFO | [BNB] SCALED IN KXBNB15M-26APR052330-30: +$2.00 @ $0.2800, new_size=$7.00
2026-04-06 03:20:40 | INFO | KXSOL15M-26APR052330-30: SCALED IN @ $0.1400 (+$1.00), new size=$4.00, avg_price=$0.3300, scale_ins=2
2026-04-06 03:20:40 | INFO | [SOL] SCALED IN KXSOL15M-26APR052330-30: +$1.00 @ $0.1400, new_size=$4.00
2026-04-06 03:21:10 | INFO | Status: cash=$21.99, positions=3, loop=133, active_series=['KXSOL15M', 'KXBTC15M', 'KXXRP15M', 'KXBNB15M', 'KXETH15M', 'KXHYPE15M', 'KXDOGE15M']
2026-04-06 03:21:10 | INFO | Day Realized P&L: $-16.91 (-43.5%) / -$99999.00 daily stop-loss limit
2026-04-06 03:21:10 | INFO | Coins: BTC: momentum no@0.46 | ETH: idle | BNB: momentum no@0.48 | SOL: momentum no@0.44 | DOGE: idle | XRP: idle | HYPE: idle | ADA: idle
2026-04-06 03:21:10 | INFO | JSON summary saved to /home/ubuntu/.openclaw/workspace/workers/superbot/report.json
2026-04-06 03:21:10 | INFO | KXBNB15M-26APR052330-30: TRAILING STOP HIT @ $0.4400 (trough=$0.2800, rise=57.1%, locked=9.3%)
2026-04-06 03:21:10 | INFO | [BNB] REAL CLOSE ORDER PLACED: {'order': {'action': 'buy', 'client_order_id': '', 'created_time': '2026-04-06T03:21:10.654982Z', 'fill_count_fp': '0.00', 'initial_count_fp': '7.00', 'last_update_time': '2026-04-06T03:21:10.654982Z', 'maker_fees_dollars': '0.000000', 'maker_fill_cost_dollars': '0.000000', 'no_price_dollars': '0.5600', 'order_id': '332f15e7-a3aa-45c8-9ff8-9de3d67fc83b', 'remaining_count_fp': '7.00', 'side': 'yes', 'status': 'resting', 'subaccount_number': 0, 'taker_fees_dollars': '0.000000', 'taker_fill_cost_dollars': '0.000000', 'ticker': 'KXBNB15M-26APR052330-30', 'type': 'limit', 'user_id': 'dd8ef7dd-9e7f-40f7-965e-e9276a7805a4', 'yes_price_dollars': '0.4400'}}
2026-04-06 03:21:10 | INFO | [BNB] Closed KXBNB15M-26APR052330-30: TRAILING STOP: locked in profits, PnL=$0.41
2026-04-06 03:21:10 | INFO | Strategy momentum stats: W=66.67%, R=0.96x, Kelly=20.00%
2026-04-06 03:21:10 | INFO | Trade recorded: KXBNB15M-26APR052330-30 no momentum PnL=$0.41
2026-04-06 03:21:10 | INFO | [BNB] Position closed. Cooldown started: must wait 2 cycles before re-entering
2026-04-06 03:21:10 | INFO | MOMENTUM SIGNAL: KXBNB15M-26APR052330-30 | Side: no @ $0.4400 | contracts=4 | CONF=60 | TS=30%/40% | Coinbase=bearish | age=334s
2026-04-06 03:21:10 | INFO | [BNB] REAL ORDER PLACED: {'order': {'action': 'buy', 'client_order_id': '', 'created_time': '2026-04-06T03:21:10.883732Z', 'fill_count_fp': '0.00', 'initial_count_fp': '3.00', 'last_update_time': '2026-04-06T03:21:10.883732Z', 'maker_fees_dollars': '0.000000', 'maker_fill_cost_dollars': '0.000000', 'no_price_dollars': '0.5600', 'order_id': 'ec9ce206-9baa-47bd-9a14-4d9e9bd7980b', 'remaining_count_fp': '0.00', 'side': 'no', 'status': 'canceled', 'subaccount_number': 0, 'taker_fees_dollars': '0.000000', 'taker_fill_cost_dollars': '0.000000', 'ticker': 'KXBNB15M-26APR052330-30', 'type': 'limit', 'user_id': 'dd8ef7dd-9e7f-40f7-965e-e9276a7805a4', 'yes_price_dollars': '0.4400'}}
2026-04-06 03:21:10 | INFO | [BNB] Opened momentum: no KXBNB15M-26APR052330-30 @ $0.4400, contracts=3, cost=$1.68
2026-04-06 03:21:10 | INFO | 🚀 [BNB] TRADE EXECUTED: momentum no KXBNB15M-26APR052330-30 @ $0.4400, contracts=3 (daily trades: 14/30)
2026-04-06 03:21:10 | INFO | KXSOL15M-26APR052330-30: TRAILING STOP HIT @ $0.2400 (trough=$0.1400, rise=71.4%, locked=45.5%)
2026-04-06 03:21:11 | INFO | [SOL] REAL CLOSE ORDER PLACED: {'order': {'action': 'buy', 'client_order_id': '', 'created_time': '2026-04-06T03:21:11.117358Z', 'fill_count_fp': '0.00', 'initial_count_fp': '4.00', 'last_update_time': '2026-04-06T03:21:11.117358Z', 'maker_fees_dollars': '0.000000', 'maker_fill_cost_dollars': '0.000000', 'no_price_dollars': '0.7600', 'order_id': '85dae1aa-f27e-4c4f-bfdc-07fdf44801f1', 'remaining_count_fp': '4.00', 'side': 'yes', 'status': 'resting', 'subaccount_number': 0, 'taker_fees_dollars': '0.000000', 'taker_fill_cost_dollars': '0.000000', 'ticker': 'KXSOL15M-26APR052330-30', 'type': 'limit', 'user_id': 'dd8ef7dd-9e7f-40f7-965e-e9276a7805a4', 'yes_price_dollars': '0.2400'}}
2026-04-06 03:21:11 | INFO | [SOL] Closed KXSOL15M-26APR052330-30: TRAILING STOP: locked in profits, PnL=$-0.36
2026-04-06 03:21:11 | INFO | Strategy momentum stats: W=0.00%, R=1.50x, Kelly=4.00%
2026-04-06 03:21:11 | INFO | Trade recorded: KXSOL15M-26APR052330-30 no momentum PnL=$-0.36
2026-04-06 03:21:11 | INFO | [SOL] Position closed. Cooldown started: must wait 2 cycles before re-entering
2026-04-06 03:21:11 | INFO | FIRST_CROSS: KXDOGE15M-26APR052330-30 | Direction: down | Target: $0.09 | Coin Price: $0.09
2026-04-06 03:21:11 | INFO | MOMENTUM SIGNAL: KXXRP15M-26APR052330-30 | Side: no @ $0.4750 | contracts=2 | CONF=60 | TS=30%/40% | Coinbase=bearish | age=334s
2026-04-06 03:21:11 | INFO | [XRP] REAL ORDER PLACED: {'order': {'action': 'buy', 'client_order_id': '', 'created_time': '2026-04-06T03:21:11.402748Z', 'fill_count_fp': '2.00', 'initial_count_fp': '2.00', 'last_update_time': '2026-04-06T03:21:11.402748Z', 'maker_fees_dollars': '0.000000', 'maker_fill_cost_dollars': '0.000000', 'no_price_dollars': '0.5300', 'order_id': '578a3f20-95a3-435f-8d60-0d4135242ad3', 'remaining_count_fp': '0.00', 'side': 'no', 'status': 'executed', 'subaccount_number': 0, 'taker_fees_dollars': '0.040000', 'taker_fill_cost_dollars': '0.960000', 'ticker': 'KXXRP15M-26APR052330-30', 'type': 'limit', 'user_id': 'dd8ef7dd-9e7f-40f7-965e-e9276a7805a4', 'yes_price_dollars': '0.4700'}}
2026-04-06 03:21:11 | INFO | [XRP] Opened momentum: no KXXRP15M-26APR052330-30 @ $0.4750, contracts=2, cost=$1.05
2026-04-06 03:21:11 | INFO | 🚀 [XRP] TRADE EXECUTED: momentum no KXXRP15M-26APR052330-30 @ $0.4750, contracts=2 (daily trades: 15/30)
2026-04-06 03:21:41 | INFO | Status: cash=$19.26, positions=3, loop=134, active_series=['KXSOL15M', 'KXBTC15M', 'KXXRP15M', 'KXBNB15M', 'KXETH15M', 'KXHYPE15M', 'KXDOGE15M']
2026-04-06 03:21:41 | INFO | Day Realized P&L: $-19.64 (-50.5%) / -$99999.00 daily stop-loss limit
2026-04-06 03:21:41 | INFO | Coins: BTC: momentum no@0.46 | ETH: idle | BNB: momentum no@0.44 | SOL: idle | DOGE: idle | XRP: momentum no@0.47 | HYPE: idle | ADA: idle
2026-04-06 03:21:41 | INFO | JSON summary saved to /home/ubuntu/.openclaw/workspace/workers/superbot/report.json
2026-04-06 03:21:41 | INFO | KXBTC15M-26APR052330-30: TRAILING STOP HIT @ $0.4700 (trough=$0.2450, rise=91.8%, locked=-3.3%)
2026-04-06 03:21:41 | INFO | [BTC] REAL CLOSE ORDER PLACED: {'order': {'action': 'buy', 'client_order_id': '', 'created_time': '2026-04-06T03:21:41.828553Z', 'fill_count_fp': '4.00', 'initial_count_fp': '4.00', 'last_update_time': '2026-04-06T03:21:41.828553Z', 'maker_fees_dollars': '0.000000', 'maker_fill_cost_dollars': '0.000000', 'no_price_dollars': '0.5300', 'order_id': '4de3593c-6b47-459d-b396-23b4719a82cd', 'remaining_count_fp': '0.00', 'side': 'yes', 'status': 'executed', 'subaccount_number': 0, 'taker_fees_dollars': '0.070000', 'taker_fill_cost_dollars': '1.810000', 'ticker': 'KXBTC15M-26APR052330-30', 'type': 'limit', 'user_id': 'dd8ef7dd-9e7f-40f7-965e-e9276a7805a4', 'yes_price_dollars': '0.4700'}}
2026-04-06 03:21:41 | INFO | [BTC] Closed KXBTC15M-26APR052330-30: TRAILING STOP: locked in profits, PnL=$0.43
2026-04-06 03:21:41 | INFO | Strategy momentum stats: W=33.33%, R=0.36x, Kelly=4.00%
2026-04-06 03:21:41 | INFO | Trade recorded: KXBTC15M-26APR052330-30 no momentum PnL=$0.43
2026-04-06 03:21:41 | INFO | [BTC] Position closed. Cooldown started: must wait 2 cycles before re-entering
2026-04-06 03:21:41 | INFO | MOMENTUM SIGNAL: KXBTC15M-26APR052330-30 | Side: no @ $0.4700 | contracts=2 | CONF=60 | TS=30%/40% | Coinbase=bearish | age=335s
2026-04-06 03:21:42 | INFO | [BTC] REAL ORDER PLACED: {'order': {'action': 'buy', 'client_order_id': '', 'created_time': '2026-04-06T03:21:42.054592Z', 'fill_count_fp': '0.00', 'initial_count_fp': '2.00', 'last_update_time': '2026-04-06T03:21:42.054592Z', 'maker_fees_dollars': '0.000000', 'maker_fill_cost_dollars': '0.000000', 'no_price_dollars': '0.5300', 'order_id': 'f92cc83e-1114-46e1-8caf-675f413ba77f', 'remaining_count_fp': '2.00', 'side': 'no', 'status': 'resting', 'subaccount_number': 0, 'taker_fees_dollars': '0.000000', 'taker_fill_cost_dollars': '0.000000', 'ticker': 'KXBTC15M-26APR052330-30', 'type': 'limit', 'user_id': 'dd8ef7dd-9e7f-40f7-965e-e9276a7805a4', 'yes_price_dollars': '0.4700'}}
2026-04-06 03:21:42 | INFO | [BTC] Opened momentum: no KXBTC15M-26APR052330-30 @ $0.4700, contracts=2, cost=$1.06
2026-04-06 03:21:42 | INFO | 🚀 [BTC] TRADE EXECUTED: momentum no KXBTC15M-26APR052330-30 @ $0.4700, contracts=2 (daily trades: 16/30)
2026-04-06 03:22:12 | INFO | Status: cash=$18.20, positions=3, loop=135, active_series=['KXSOL15M', 'KXBTC15M', 'KXXRP15M', 'KXBNB15M', 'KXETH15M', 'KXHYPE15M', 'KXDOGE15M']
2026-04-06 03:22:12 | INFO | Day Realized P&L: $-20.70 (-53.2%) / -$99999.00 daily stop-loss limit
2026-04-06 03:22:12 | INFO | Coins: BTC: momentum no@0.47 | ETH: idle | BNB: momentum no@0.44 | SOL: idle | DOGE: idle | XRP: momentum no@0.47 | HYPE: idle | ADA: idle
2026-04-06 03:22:12 | INFO | JSON summary saved to /home/ubuntu/.openclaw/workspace/workers/superbot/report.json
2026-04-06 03:22:12 | INFO | [BNB] Cooldown complete - can trade again
2026-04-06 03:22:12 | INFO | [SOL] Cooldown complete - can trade again
2026-04-06 03:22:12 | INFO | KXBNB15M-26APR052330-30: SCALED IN @ $0.3750 (+$2.00), new size=$5.00, avg_price=$0.4140, scale_ins=1
2026-04-06 03:22:12 | INFO | [BNB] SCALED IN KXBNB15M-26APR052330-30: +$2.00 @ $0.3750, new_size=$5.00
2026-04-06 03:22:42 | INFO | Status: cash=$18.20, positions=3, loop=136, active_series=['KXSOL15M', 'KXBTC15M', 'KXXRP15M', 'KXBNB15M', 'KXETH15M', 'KXHYPE15M', 'KXDOGE15M']
2026-04-06 03:22:42 | INFO | Day Realized P&L: $-20.70 (-53.2%) / -$99999.00 daily stop-loss limit
2026-04-06 03:22:42 | INFO | Coins: BTC: momentum no@0.47 | ETH: idle | BNB: momentum no@0.44 | SOL: idle | DOGE: idle | XRP: momentum no@0.47 | HYPE: idle | ADA: idle
2026-04-06 03:22:42 | INFO | JSON summary saved to /home/ubuntu/.openclaw/workspace/workers/superbot/report.json
2026-04-06 03:22:42 | INFO | [BTC] Cooldown complete - can trade again
2026-04-06 03:22:42 | INFO | KXBNB15M-26APR052330-30: SCALED IN @ $0.3050 (+$2.00), new size=$7.00, avg_price=$0.3829, scale_ins=2
2026-04-06 03:22:42 | INFO | [BNB] SCALED IN KXBNB15M-26APR052330-30: +$2.00 @ $0.3050, new_size=$7.00
2026-04-06 03:22:42 | INFO | KXXRP15M-26APR052330-30: SCALED IN @ $0.4200 (+$1.00), new size=$3.00, avg_price=$0.4567, scale_ins=1
2026-04-06 03:22:42 | INFO | [XRP] SCALED IN KXXRP15M-26APR052330-30: +$1.00 @ $0.4200, new_size=$3.00
2026-04-06 03:23:12 | INFO | Status: cash=$18.20, positions=3, loop=137, active_series=['KXSOL15M', 'KXBTC15M', 'KXXRP15M', 'KXBNB15M', 'KXETH15M', 'KXHYPE15M', 'KXDOGE15M']
2026-04-06 03:23:12 | INFO | Day Realized P&L: $-20.70 (-53.2%) / -$99999.00 daily stop-loss limit
2026-04-06 03:23:12 | INFO | Coins: BTC: momentum no@0.47 | ETH: idle | BNB: momentum no@0.44 | SOL: idle | DOGE: idle | XRP: momentum no@0.47 | HYPE: idle | ADA: idle
2026-04-06 03:23:12 | INFO | JSON summary saved to /home/ubuntu/.openclaw/workspace/workers/superbot/report.json
2026-04-06 03:23:12 | INFO | KXBTC15M-26APR052330-30: SCALED IN @ $0.3450 (+$1.00), new size=$3.00, avg_price=$0.4283, scale_ins=1
2026-04-06 03:23:12 | INFO | [BTC] SCALED IN KXBTC15M-26APR052330-30: +$1.00 @ $0.3450, new_size=$3.00
2026-04-06 03:23:12 | INFO | KXXRP15M-26APR052330-30: SCALED IN @ $0.3300 (+$1.00), new size=$4.00, avg_price=$0.4250, scale_ins=2
2026-04-06 03:23:12 | INFO | [XRP] SCALED IN KXXRP15M-26APR052330-30: +$1.00 @ $0.3300, new_size=$4.00
2026-04-06 03:23:43 | INFO | Status: cash=$18.20, positions=3, loop=138, active_series=['KXSOL15M', 'KXBTC15M', 'KXXRP15M', 'KXBNB15M', 'KXETH15M', 'KXHYPE15M', 'KXDOGE15M']
2026-04-06 03:23:43 | INFO | Day Realized P&L: $-20.70 (-53.2%) / -$99999.00 daily stop-loss limit
2026-04-06 03:23:43 | INFO | Coins: BTC: momentum no@0.47 | ETH: idle | BNB: momentum no@0.44 | SOL: idle | DOGE: idle | XRP: momentum no@0.47 | HYPE: idle | ADA: idle
2026-04-06 03:23:43 | INFO | JSON summary saved to /home/ubuntu/.openclaw/workspace/workers/superbot/report.json
2026-04-06 03:23:43 | INFO | KXBTC15M-26APR052330-30: SCALED IN @ $0.3550 (+$1.00), new size=$4.00, avg_price=$0.4100, scale_ins=2
2026-04-06 03:23:43 | INFO | [BTC] SCALED IN KXBTC15M-26APR052330-30: +$1.00 @ $0.3550, new_size=$4.00
2026-04-06 03:24:13 | INFO | Status: cash=$18.20, positions=3, loop=139, active_series=['KXSOL15M', 'KXBTC15M', 'KXXRP15M', 'KXBNB15M', 'KXETH15M', 'KXHYPE15M', 'KXDOGE15M']
2026-04-06 03:24:13 | INFO | Day Realized P&L: $-20.70 (-53.2%) / -$99999.00 daily stop-loss limit
2026-04-06 03:24:13 | INFO | Coins: BTC: momentum no@0.47 | ETH: idle | BNB: momentum no@0.44 | SOL: idle | DOGE: idle | XRP: momentum no@0.47 | HYPE: idle | ADA: idle
2026-04-06 03:24:13 | INFO | JSON summary saved to /home/ubuntu/.openclaw/workspace/workers/superbot/report.json
2026-04-06 03:24:43 | INFO | Status: cash=$18.20, positions=3, loop=140, active_series=['KXSOL15M', 'KXBTC15M', 'KXXRP15M', 'KXBNB15M', 'KXETH15M', 'KXHYPE15M', 'KXDOGE15M']
2026-04-06 03:24:43 | INFO | Day Realized P&L: $-20.70 (-53.2%) / -$99999.00 daily stop-loss limit
2026-04-06 03:24:43 | INFO | Coins: BTC: momentum no@0.47 | ETH: idle | BNB: momentum no@0.44 | SOL: idle | DOGE: idle | XRP: momentum no@0.47 | HYPE: idle | ADA: idle
2026-04-06 03:24:43 | INFO | JSON summary saved to /home/ubuntu/.openclaw/workspace/workers/superbot/report.json
2026-04-06 03:24:43 | INFO | KXBTC15M-26APR052330-30: TRAILING STOP HIT @ $0.5150 (trough=$0.2650, rise=94.3%, locked=-9.6%)
2026-04-06 03:24:43 | INFO | [BTC] REAL CLOSE ORDER PLACED: {'order': {'action': 'buy', 'client_order_id': '', 'created_time': '2026-04-06T03:24:43.708285Z', 'fill_count_fp': '0.00', 'initial_count_fp': '4.00', 'last_update_time': '2026-04-06T03:24:43.708285Z', 'maker_fees_dollars': '0.000000', 'maker_fill_cost_dollars': '0.000000', 'no_price_dollars': '0.4800', 'order_id': 'a602f4cf-4dd7-4a79-8e92-65d7af78b08e', 'remaining_count_fp': '4.00', 'side': 'yes', 'status': 'resting', 'subaccount_number': 0, 'taker_fees_dollars': '0.000000', 'taker_fill_cost_dollars': '0.000000', 'ticker': 'KXBTC15M-26APR052330-30', 'type': 'limit', 'user_id': 'dd8ef7dd-9e7f-40f7-965e-e9276a7805a4', 'yes_price_dollars': '0.5200'}}
2026-04-06 03:24:43 | INFO | [BTC] Closed KXBTC15M-26APR052330-30: TRAILING STOP: locked in profits, PnL=$0.42
2026-04-06 03:24:43 | INFO | Strategy momentum stats: W=50.00%, R=0.35x, Kelly=4.00%
2026-04-06 03:24:43 | INFO | Trade recorded: KXBTC15M-26APR052330-30 no momentum PnL=$0.42
2026-04-06 03:24:43 | INFO | [BTC] Position closed. Cooldown started: must wait 2 cycles before re-entering
2026-04-06 03:24:43 | INFO | FIRST_CROSS: KXBTC15M-26APR052330-30 | Direction: up | Target: $69,130.09 | Coin Price: $69,149.99
2026-04-06 03:24:43 | INFO | FIRST_CROSS SIGNAL (coin): KXBTC15M-26APR052330-30 | Direction: up | Target: $69,130.09 | Side: yes @ $0.5150 | contracts=0 | CONF=40 | Coinbase=None
2026-04-06 03:24:43 | ERROR | [BTC] REAL ORDER FAILED: Invalid price or amount
2026-04-06 03:24:43 | INFO | KXBNB15M-26APR052330-30: TRAILING STOP HIT @ $0.3700 (trough=$0.1850, rise=100.0%, locked=15.9%)
2026-04-06 03:24:44 | INFO | [BNB] REAL CLOSE ORDER PLACED: {'order': {'action': 'buy', 'client_order_id': '', 'created_time': '2026-04-06T03:24:44.016959Z', 'fill_count_fp': '0.00', 'initial_count_fp': '7.00', 'last_update_time': '2026-04-06T03:24:44.016959Z', 'maker_fees_dollars': '0.000000', 'maker_fill_cost_dollars': '0.000000', 'no_price_dollars': '0.6300', 'order_id': '5ba1329f-6d80-4dd6-aa1e-7d7b3cd653e2', 'remaining_count_fp': '7.00', 'side': 'yes', 'status': 'resting', 'subaccount_number': 0, 'taker_fees_dollars': '0.000000', 'taker_fill_cost_dollars': '0.000000', 'ticker': 'KXBNB15M-26APR052330-30', 'type': 'limit', 'user_id': 'dd8ef7dd-9e7f-40f7-965e-e9276a7805a4', 'yes_price_dollars': '0.3700'}}
2026-04-06 03:24:44 | INFO | [BNB] Closed KXBNB15M-26APR052330-30: TRAILING STOP: locked in profits, PnL=$-0.09
2026-04-06 03:24:44 | INFO | Strategy momentum stats: W=50.00%, R=1.71x, Kelly=20.00%
2026-04-06 03:24:44 | INFO | Trade recorded: KXBNB15M-26APR052330-30 no momentum PnL=$-0.09
2026-04-06 03:24:44 | INFO | [BNB] Position closed. Cooldown started: must wait 2 cycles before re-entering
2026-04-06 03:24:44 | INFO | MOMENTUM SIGNAL: KXBNB15M-26APR052330-30 | Side: no @ $0.3700 | contracts=5 | CONF=60 | TS=30%/40% | Coinbase=bearish | age=547s
2026-04-06 03:24:44 | INFO | [BNB] REAL ORDER PLACED: {'order': {'action': 'buy', 'client_order_id': '', 'created_time': '2026-04-06T03:24:44.240816Z', 'fill_count_fp': '5.00', 'initial_count_fp': '5.00', 'last_update_time': '2026-04-06T03:24:44.240816Z', 'maker_fees_dollars': '0.000000', 'maker_fill_cost_dollars': '0.000000', 'no_price_dollars': '0.6300', 'order_id': 'a8798bfe-cb01-42b0-8775-6398b764be52', 'remaining_count_fp': '0.00', 'side': 'no', 'status': 'executed', 'subaccount_number': 0, 'taker_fees_dollars': '0.090000', 'taker_fill_cost_dollars': '3.000000', 'ticker': 'KXBNB15M-26APR052330-30', 'type': 'limit', 'user_id': 'dd8ef7dd-9e7f-40f7-965e-e9276a7805a4', 'yes_price_dollars': '0.3700'}}
2026-04-06 03:24:44 | INFO | [BNB] Opened momentum: no KXBNB15M-26APR052330-30 @ $0.3700, contracts=3, cost=$1.89
2026-04-06 03:24:44 | INFO | 🚀 [BNB] TRADE EXECUTED: momentum no KXBNB15M-26APR052330-30 @ $0.3700, contracts=3 (daily trades: 17/30)
2026-04-06 03:24:44 | INFO | KXXRP15M-26APR052330-30: TRAILING STOP HIT @ $0.5450 (trough=$0.3300, rise=65.2%, locked=-14.7%)
2026-04-06 03:24:44 | INFO | [XRP] REAL CLOSE ORDER PLACED: {'order': {'action': 'buy', 'client_order_id': '', 'created_time': '2026-04-06T03:24:44.502323Z', 'fill_count_fp': '0.00', 'initial_count_fp': '4.00', 'last_update_time': '2026-04-06T03:24:44.502323Z', 'maker_fees_dollars': '0.000000', 'maker_fill_cost_dollars': '0.000000', 'no_price_dollars': '0.4600', 'order_id': '1d38acec-429d-4c97-9467-573f15158db5', 'remaining_count_fp': '4.00', 'side': 'yes', 'status': 'resting', 'subaccount_number': 0, 'taker_fees_dollars': '0.000000', 'taker_fill_cost_dollars': '0.000000', 'ticker': 'KXXRP15M-26APR052330-30', 'type': 'limit', 'user_id': 'dd8ef7dd-9e7f-40f7-965e-e9276a7805a4', 'yes_price_dollars': '0.5400'}}
2026-04-06 03:24:44 | INFO | [XRP] Closed KXXRP15M-26APR052330-30: TRAILING STOP: locked in profits, PnL=$0.48
2026-04-06 03:24:44 | INFO | Strategy momentum stats: W=100.00%, R=0.48x, Kelly=20.00%
2026-04-06 03:24:44 | INFO | Trade recorded: KXXRP15M-26APR052330-30 no momentum PnL=$0.48
2026-04-06 03:24:44 | INFO | [XRP] Position closed. Cooldown started: must wait 2 cycles before re-entering
2026-04-06 03:25:14 | INFO | Status: cash=$16.31, positions=1, loop=141, active_series=['KXSOL15M', 'KXBTC15M', 'KXXRP15M', 'KXBNB15M', 'KXETH15M', 'KXHYPE15M', 'KXDOGE15M']
2026-04-06 03:25:14 | INFO | Day Realized P&L: $-22.59 (-58.1%) / -$99999.00 daily stop-loss limit
2026-04-06 03:25:14 | INFO | Coins: BTC: idle | ETH: idle | BNB: momentum no@0.37 | SOL: idle | DOGE: idle | XRP: idle | HYPE: idle | ADA: idle
2026-04-06 03:25:14 | INFO | JSON summary saved to /home/ubuntu/.openclaw/workspace/workers/superbot/report.json
2026-04-06 03:25:44 | INFO | Status: cash=$16.31, positions=1, loop=142, active_series=['KXSOL15M', 'KXBTC15M', 'KXXRP15M', 'KXBNB15M', 'KXETH15M', 'KXHYPE15M', 'KXDOGE15M']
2026-04-06 03:25:44 | INFO | Day Realized P&L: $-22.59 (-58.1%) / -$99999.00 daily stop-loss limit
2026-04-06 03:25:44 | INFO | Coins: BTC: idle | ETH: idle | BNB: momentum no@0.37 | SOL: idle | DOGE: idle | XRP: idle | HYPE: idle | ADA: idle
2026-04-06 03:25:44 | INFO | JSON summary saved to /home/ubuntu/.openclaw/workspace/workers/superbot/report.json
2026-04-06 03:25:44 | INFO | [BTC] Cooldown complete - can trade again
2026-04-06 03:25:44 | INFO | [BNB] Cooldown complete - can trade again
2026-04-06 03:25:44 | INFO | [XRP] Cooldown complete - can trade again
2026-04-06 03:25:44 | INFO | FIRST_CROSS SIGNAL (midpoint): KXBTC15M-26APR052330-30 | Direction: no | Side: no @ $0.6850 | contracts=0 | CONF=50 | TS=50%/40% | Coinbase=None | max_hold=10min
2026-04-06 03:25:44 | ERROR | [BTC] REAL ORDER FAILED: Invalid price or amount
2026-04-06 03:26:14 | INFO | Status: cash=$16.31, positions=1, loop=143, active_series=['KXSOL15M', 'KXBTC15M', 'KXXRP15M', 'KXBNB15M', 'KXETH15M', 'KXHYPE15M', 'KXDOGE15M']
2026-04-06 03:26:14 | INFO | Day Realized P&L: $-22.59 (-58.1%) / -$99999.00 daily stop-loss limit
2026-04-06 03:26:14 | INFO | Coins: BTC: idle | ETH: idle | BNB: momentum no@0.37 | SOL: idle | DOGE: idle | XRP: idle | HYPE: idle | ADA: idle
2026-04-06 03:26:14 | INFO | JSON summary saved to /home/ubuntu/.openclaw/workspace/workers/superbot/report.json
2026-04-06 03:26:45 | INFO | Status: cash=$16.31, positions=1, loop=144, active_series=['KXSOL15M', 'KXBTC15M', 'KXXRP15M', 'KXBNB15M', 'KXETH15M', 'KXHYPE15M', 'KXDOGE15M']
2026-04-06 03:26:45 | INFO | Day Realized P&L: $-22.59 (-58.1%) / -$99999.00 daily stop-loss limit
2026-04-06 03:26:45 | INFO | Coins: BTC: idle | ETH: idle | BNB: momentum no@0.37 | SOL: idle | DOGE: idle | XRP: idle | HYPE: idle | ADA: idle
2026-04-06 03:26:45 | INFO | JSON summary saved to /home/ubuntu/.openclaw/workspace/workers/superbot/report.json
2026-04-06 03:27:15 | INFO | Status: cash=$16.31, positions=1, loop=145, active_series=['KXSOL15M', 'KXBTC15M', 'KXXRP15M', 'KXBNB15M', 'KXETH15M', 'KXHYPE15M', 'KXDOGE15M']
2026-04-06 03:27:15 | INFO | Day Realized P&L: $-22.59 (-58.1%) / -$99999.00 daily stop-loss limit
2026-04-06 03:27:15 | INFO | Coins: BTC: idle | ETH: idle | BNB: momentum no@0.37 | SOL: idle | DOGE: idle | XRP: idle | HYPE: idle | ADA: idle
2026-04-06 03:27:15 | INFO | JSON summary saved to /home/ubuntu/.openclaw/workspace/workers/superbot/report.json
2026-04-06 03:27:15 | INFO | KXBNB15M-26APR052330-30: SCALED IN @ $0.2250 (+$2.00), new size=$5.00, avg_price=$0.3120, scale_ins=1
2026-04-06 03:27:15 | INFO | [BNB] SCALED IN KXBNB15M-26APR052330-30: +$2.00 @ $0.2250, new_size=$5.00
2026-04-06 03:27:45 | INFO | Status: cash=$16.31, positions=1, loop=146, active_series=['KXSOL15M', 'KXBTC15M', 'KXXRP15M', 'KXBNB15M', 'KXETH15M', 'KXHYPE15M', 'KXDOGE15M']
2026-04-06 03:27:45 | INFO | Day Realized P&L: $-22.59 (-58.1%) / -$99999.00 daily stop-loss limit
2026-04-06 03:27:45 | INFO | Coins: BTC: idle | ETH: idle | BNB: momentum no@0.37 | SOL: idle | DOGE: idle | XRP: idle | HYPE: idle | ADA: idle
2026-04-06 03:27:45 | INFO | JSON summary saved to /home/ubuntu/.openclaw/workspace/workers/superbot/report.json
2026-04-06 03:27:45 | INFO | KXBNB15M-26APR052330-30: SCALED IN @ $0.2250 (+$2.00), new size=$7.00, avg_price=$0.2871, scale_ins=2
2026-04-06 03:27:45 | INFO | [BNB] SCALED IN KXBNB15M-26APR052330-30: +$2.00 @ $0.2250, new_size=$7.00
2026-04-06 03:28:15 | INFO | Status: cash=$16.31, positions=1, loop=147, active_series=['KXSOL15M', 'KXBTC15M', 'KXXRP15M', 'KXBNB15M', 'KXETH15M', 'KXHYPE15M', 'KXDOGE15M']
2026-04-06 03:28:15 | INFO | Day Realized P&L: $-22.59 (-58.1%) / -$99999.00 daily stop-loss limit
2026-04-06 03:28:15 | INFO | Coins: BTC: idle | ETH: idle | BNB: momentum no@0.37 | SOL: idle | DOGE: idle | XRP: idle | HYPE: idle | ADA: idle
2026-04-06 03:28:15 | INFO | JSON summary saved to /home/ubuntu/.openclaw/workspace/workers/superbot/report.json
2026-04-06 03:28:45 | INFO | Status: cash=$16.31, positions=1, loop=148, active_series=['KXSOL15M', 'KXBTC15M', 'KXXRP15M', 'KXBNB15M', 'KXETH15M', 'KXHYPE15M', 'KXDOGE15M']
2026-04-06 03:28:45 | INFO | Day Realized P&L: $-22.59 (-58.1%) / -$99999.00 daily stop-loss limit
2026-04-06 03:28:45 | INFO | Coins: BTC: idle | ETH: idle | BNB: momentum no@0.37 | SOL: idle | DOGE: idle | XRP: idle | HYPE: idle | ADA: idle
2026-04-06 03:28:45 | INFO | JSON summary saved to /home/ubuntu/.openclaw/workspace/workers/superbot/report.json
2026-04-06 03:29:16 | INFO | Status: cash=$16.31, positions=1, loop=149, active_series=['KXSOL15M', 'KXBTC15M', 'KXXRP15M', 'KXBNB15M', 'KXETH15M', 'KXHYPE15M', 'KXDOGE15M']
2026-04-06 03:29:16 | INFO | Day Realized P&L: $-22.59 (-58.1%) / -$99999.00 daily stop-loss limit
2026-04-06 03:29:16 | INFO | Coins: BTC: idle | ETH: idle | BNB: momentum no@0.37 | SOL: idle | DOGE: idle | XRP: idle | HYPE: idle | ADA: idle
2026-04-06 03:29:16 | INFO | JSON summary saved to /home/ubuntu/.openclaw/workspace/workers/superbot/report.json
2026-04-06 03:29:16 | INFO | KXBNB15M-26APR052330-30: Near expiry (43s) - closing position
2026-04-06 03:29:16 | INFO | [BNB] REAL CLOSE ORDER PLACED: {'order': {'action': 'buy', 'client_order_id': '', 'created_time': '2026-04-06T03:29:16.287216Z', 'fill_count_fp': '7.00', 'initial_count_fp': '7.00', 'last_update_time': '2026-04-06T03:29:16.287216Z', 'maker_fees_dollars': '0.000000', 'maker_fill_cost_dollars': '0.000000', 'no_price_dollars': '0.8300', 'order_id': '76f4d70a-368c-4b1b-a4a8-a003275901f7', 'remaining_count_fp': '0.00', 'side': 'yes', 'status': 'executed', 'subaccount_number': 0, 'taker_fees_dollars': '0.040000', 'taker_fill_cost_dollars': '0.560000', 'ticker': 'KXBNB15M-26APR052330-30', 'type': 'limit', 'user_id': 'dd8ef7dd-9e7f-40f7-965e-e9276a7805a4', 'yes_price_dollars': '0.1700'}}
2026-04-06 03:29:16 | INFO | [BNB] Closed KXBNB15M-26APR052330-30: Expiry: closing at $0.1700, PnL=$-0.82
2026-04-06 03:29:16 | INFO | Strategy momentum stats: W=40.00%, R=1.29x, Kelly=4.00%
2026-04-06 03:29:16 | INFO | Trade recorded: KXBNB15M-26APR052330-30 no momentum PnL=$-0.82
2026-04-06 03:29:16 | INFO | [BNB] Position closed. Cooldown started: must wait 2 cycles before re-entering
2026-04-06 03:29:46 | INFO | Status: cash=$16.31, positions=0, loop=150, active_series=['KXBTC15M', 'KXXRP15M', 'KXBNB15M', 'KXETH15M', 'KXHYPE15M', 'KXDOGE15M']
2026-04-06 03:29:46 | INFO | Day Realized P&L: $-22.59 (-58.1%) / -$99999.00 daily stop-loss limit
2026-04-06 03:29:46 | INFO | Coins: BTC: idle | ETH: idle | BNB: idle | SOL: idle | DOGE: idle | XRP: idle | HYPE: idle | ADA: idle
2026-04-06 03:29:46 | INFO | JSON summary saved to /home/ubuntu/.openclaw/workspace/workers/superbot/report.json
2026-04-06 03:30:16 | INFO | Status: cash=$16.31, positions=0, loop=151, active_series=['KXBTC15M', 'KXXRP15M', 'KXBNB15M', 'KXETH15M', 'KXHYPE15M']
2026-04-06 03:30:16 | INFO | Day Realized P&L: $-22.59 (-58.1%) / -$99999.00 daily stop-loss limit
2026-04-06 03:30:16 | INFO | Coins: BTC: idle | ETH: idle | BNB: idle | SOL: idle | DOGE: idle | XRP: idle | HYPE: idle | ADA: idle
2026-04-06 03:30:16 | INFO | JSON summary saved to /home/ubuntu/.openclaw/workspace/workers/superbot/report.json
2026-04-06 03:30:16 | INFO | [BNB] Cooldown complete - can trade again
2026-04-06 03:30:16 | INFO | FIRST_CROSS: KXBTC15M-26APR052345-45 target price set to $69,167.01
2026-04-06 03:30:16 | INFO | FIRST_CROSS: KXETH15M-26APR052345-45 target price set to $2,135.27
2026-04-06 03:30:16 | INFO | FIRST_CROSS: KXBNB15M-26APR052345-45 target price set to $601.76
2026-04-06 03:30:16 | INFO | FIRST_CROSS: KXDOGE15M-26APR052345-45 target price set to $0.09
2026-04-06 03:30:16 | INFO | FIRST_CROSS: KXXRP15M-26APR052345-45 target price set to $1.34
2026-04-06 03:30:16 | INFO | FIRST_CROSS: KXHYPE15M-26APR052345-45 target price set to $36.96
2026-04-06 03:30:46 | INFO | Status: cash=$16.31, positions=0, loop=152, active_series=['KXBTC15M', 'KXXRP15M', 'KXBNB15M', 'KXETH15M', 'KXHYPE15M', 'KXDOGE15M']
2026-04-06 03:30:46 | INFO | Day Realized P&L: $-22.59 (-58.1%) / -$99999.00 daily stop-loss limit
2026-04-06 03:30:46 | INFO | Coins: BTC: idle | ETH: idle | BNB: idle | SOL: idle | DOGE: idle | XRP: idle | HYPE: idle | ADA: idle
2026-04-06 03:30:46 | INFO | JSON summary saved to /home/ubuntu/.openclaw/workspace/workers/superbot/report.json
2026-04-06 03:30:47 | INFO | FIRST_CROSS: KXSOL15M-26APR052345-45 target price set to $82.04
2026-04-06 03:30:47 | INFO | FIRST_CROSS: KXXRP15M-26APR052345-45 crossed UP through $0.50 (was $0.3400, now $0.5050)
2026-04-06 03:30:47 | INFO | FIRST_CROSS SIGNAL (midpoint): KXXRP15M-26APR052345-45 | Direction: yes | Side: yes @ $0.5050 | contracts=0 | CONF=43 | TS=50%/40% | Coinbase=bullish | max_hold=10min
2026-04-06 03:30:47 | ERROR | [XRP] REAL ORDER FAILED: Invalid price or amount
2026-04-06 03:30:47 | INFO | FIRST_CROSS: KXHYPE15M-26APR052345-45 crossed DOWN through $0.50 (was $0.5800, now $0.4700)
2026-04-06 03:30:47 | INFO | FIRST_CROSS SIGNAL (midpoint): KXHYPE15M-26APR052345-45 | Direction: no | Side: no @ $0.4700 | contracts=0 | CONF=43 | TS=50%/40% | Coinbase=None | max_hold=10min
2026-04-06 03:30:47 | ERROR | [HYPE] REAL ORDER FAILED: Invalid price or amount
2026-04-06 03:31:17 | INFO | Status: cash=$16.31, positions=0, loop=153, active_series=['KXSOL15M', 'KXBTC15M', 'KXXRP15M', 'KXBNB15M', 'KXETH15M', 'KXHYPE15M', 'KXDOGE15M']
2026-04-06 03:31:17 | INFO | Day Realized P&L: $-22.59 (-58.1%) / -$99999.00 daily stop-loss limit
2026-04-06 03:31:17 | INFO | Coins: BTC: idle | ETH: idle | BNB: idle | SOL: idle | DOGE: idle | XRP: idle | HYPE: idle | ADA: idle
2026-04-06 03:31:17 | INFO | JSON summary saved to /home/ubuntu/.openclaw/workspace/workers/superbot/report.json
2026-04-06 03:31:17 | INFO | FIRST_CROSS: KXBTC15M-26APR052345-45 | Direction: up | Target: $69,167.01 | Coin Price: $69,169.06
2026-04-06 03:31:17 | INFO | FIRST_CROSS: KXXRP15M-26APR052345-45 | Direction: down | Target: $1.34 | Coin Price: $1.34
2026-04-06 03:31:17 | INFO | FIRST_CROSS SIGNAL (coin): KXXRP15M-26APR052345-45 | Direction: down | Target: $1.34 | Side: no @ $0.5000 | contracts=0 | CONF=43 | Coinbase=bullish
2026-04-06 03:31:17 | ERROR | [XRP] REAL ORDER FAILED: Invalid price or amount
2026-04-06 03:31:17 | INFO | FIRST_CROSS SIGNAL (midpoint): KXHYPE15M-26APR052345-45 | Direction: no | Side: no @ $0.5000 | contracts=0 | CONF=43 | TS=50%/40% | Coinbase=bullish | max_hold=10min
2026-04-06 03:31:17 | ERROR | [HYPE] REAL ORDER FAILED: Invalid price or amount
2026-04-06 03:31:47 | INFO | Status: cash=$16.31, positions=0, loop=154, active_series=['KXSOL15M', 'KXBTC15M', 'KXXRP15M', 'KXBNB15M', 'KXETH15M', 'KXHYPE15M', 'KXDOGE15M']
2026-04-06 03:31:47 | INFO | Day Realized P&L: $-22.59 (-58.1%) / -$99999.00 daily stop-loss limit
2026-04-06 03:31:47 | INFO | Coins: BTC: idle | ETH: idle | BNB: idle | SOL: idle | DOGE: idle | XRP: idle | HYPE: idle | ADA: idle
2026-04-06 03:31:47 | INFO | JSON summary saved to /home/ubuntu/.openclaw/workspace/workers/superbot/report.json
2026-04-06 03:31:47 | INFO | FIRST_CROSS: KXBTC15M-26APR052345-45 crossed UP through $0.50 (was $0.4400, now $0.5450)
2026-04-06 03:31:47 | INFO | FIRST_CROSS SIGNAL (midpoint): KXBTC15M-26APR052345-45 | Direction: yes | Side: yes @ $0.5450 | contracts=0 | CONF=43 | TS=50%/40% | Coinbase=bullish | max_hold=10min
2026-04-06 03:31:47 | ERROR | [BTC] REAL ORDER FAILED: Invalid price or amount
2026-04-06 03:31:47 | INFO | FIRST_CROSS: KXETH15M-26APR052345-45 | Direction: up | Target: $2,135.27 | Coin Price: $2,135.59
2026-04-06 03:31:47 | INFO | FIRST_CROSS SIGNAL (midpoint): KXXRP15M-26APR052345-45 | Direction: yes | Side: yes @ $0.5350 | contracts=0 | CONF=43 | TS=50%/40% | Coinbase=bullish | max_hold=10min
2026-04-06 03:31:47 | ERROR | [XRP] REAL ORDER FAILED: Invalid price or amount
2026-04-06 03:31:47 | INFO | FIRST_CROSS SIGNAL (midpoint): KXHYPE15M-26APR052345-45 | Direction: no | Side: no @ $0.5100 | contracts=0 | CONF=43 | TS=50%/40% | Coinbase=bullish | max_hold=10min
2026-04-06 03:31:47 | ERROR | [HYPE] REAL ORDER FAILED: Invalid price or amount
2026-04-06 03:32:17 | INFO | Status: cash=$16.31, positions=0, loop=155, active_series=['KXSOL15M', 'KXBTC15M', 'KXXRP15M', 'KXBNB15M', 'KXETH15M', 'KXHYPE15M', 'KXDOGE15M']
2026-04-06 03:32:17 | INFO | Day Realized P&L: $-22.59 (-58.1%) / -$99999.00 daily stop-loss limit
2026-04-06 03:32:17 | INFO | Coins: BTC: idle | ETH: idle | BNB: idle | SOL: idle | DOGE: idle | XRP: idle | HYPE: idle | ADA: idle
2026-04-06 03:32:17 | INFO | JSON summary saved to /home/ubuntu/.openclaw/workspace/workers/superbot/report.json
2026-04-06 03:32:17 | INFO | MOMENTUM SIGNAL: KXBTC15M-26APR052345-45 | Side: yes @ $0.6450 | contracts=1 | CONF=60 | TS=30%/40% | Coinbase=bullish | age=121s
2026-04-06 03:32:18 | INFO | [BTC] REAL ORDER PLACED: {'order': {'action': 'buy', 'client_order_id': '', 'created_time': '2026-04-06T03:32:18.103916Z', 'fill_count_fp': '0.00', 'initial_count_fp': '1.00', 'last_update_time': '2026-04-06T03:32:18.103916Z', 'maker_fees_dollars': '0.000000', 'maker_fill_cost_dollars': '0.000000', 'no_price_dollars': '0.3500', 'order_id': '5166e23f-4711-488c-a3ed-43b19364d820', 'remaining_count_fp': '1.00', 'side': 'yes', 'status': 'resting', 'subaccount_number': 0, 'taker_fees_dollars': '0.000000', 'taker_fill_cost_dollars': '0.000000', 'ticker': 'KXBTC15M-26APR052345-45', 'type': 'limit', 'user_id': 'dd8ef7dd-9e7f-40f7-965e-e9276a7805a4', 'yes_price_dollars': '0.6500'}}
2026-04-06 03:32:18 | INFO | [BTC] Opened momentum: yes KXBTC15M-26APR052345-45 @ $0.6450, contracts=1, cost=$0.65
2026-04-06 03:32:18 | INFO | 🚀 [BTC] TRADE EXECUTED: momentum yes KXBTC15M-26APR052345-45 @ $0.6450, contracts=1 (daily trades: 18/30)
2026-04-06 03:32:18 | INFO | MOMENTUM SIGNAL: KXETH15M-26APR052345-45 | Side: yes @ $0.5900 | contracts=1 | CONF=60 | TS=30%/40% | Coinbase=bullish | age=122s
2026-04-06 03:32:18 | INFO | [ETH] REAL ORDER PLACED: {'order': {'action': 'buy', 'client_order_id': '', 'created_time': '2026-04-06T03:32:18.346503Z', 'fill_count_fp': '0.00', 'initial_count_fp': '1.00', 'last_update_time': '2026-04-06T03:32:18.346503Z', 'maker_fees_dollars': '0.000000', 'maker_fill_cost_dollars': '0.000000', 'no_price_dollars': '0.4100', 'order_id': '342c7f1d-a3a7-4a3b-b006-cc42407162cf', 'remaining_count_fp': '1.00', 'side': 'yes', 'status': 'resting', 'subaccount_number': 0, 'taker_fees_dollars': '0.000000', 'taker_fill_cost_dollars': '0.000000', 'ticker': 'KXETH15M-26APR052345-45', 'type': 'limit', 'user_id': 'dd8ef7dd-9e7f-40f7-965e-e9276a7805a4', 'yes_price_dollars': '0.5900'}}
2026-04-06 03:32:18 | INFO | [ETH] Opened momentum: yes KXETH15M-26APR052345-45 @ $0.5900, contracts=1, cost=$0.59
2026-04-06 03:32:18 | INFO | 🚀 [ETH] TRADE EXECUTED: momentum yes KXETH15M-26APR052345-45 @ $0.5900, contracts=1 (daily trades: 19/30)
2026-04-06 03:32:18 | INFO | FIRST_CROSS: KXBNB15M-26APR052345-45 crossed UP through $0.50 (was $0.4750, now $0.5350)
2026-04-06 03:32:18 | INFO | FIRST_CROSS: KXDOGE15M-26APR052345-45 | Direction: up | Target: $0.09 | Coin Price: $0.09
2026-04-06 03:32:18 | INFO | MOMENTUM SIGNAL: KXXRP15M-26APR052345-45 | Side: yes @ $0.5750 | contracts=3 | CONF=60 | TS=30%/40% | Coinbase=bullish | age=122s
2026-04-06 03:32:18 | INFO | [XRP] REAL ORDER PLACED: {'order': {'action': 'buy', 'client_order_id': '', 'created_time': '2026-04-06T03:32:18.652154Z', 'fill_count_fp': '0.00', 'initial_count_fp': '2.00', 'last_update_time': '2026-04-06T03:32:18.652154Z', 'maker_fees_dollars': '0.000000', 'maker_fill_cost_dollars': '0.000000', 'no_price_dollars': '0.4300', 'order_id': '0d757337-4e39-4443-a012-dea1236f488b', 'remaining_count_fp': '2.00', 'side': 'yes', 'status': 'resting', 'subaccount_number': 0, 'taker_fees_dollars': '0.000000', 'taker_fill_cost_dollars': '0.000000', 'ticker': 'KXXRP15M-26APR052345-45', 'type': 'limit', 'user_id': 'dd8ef7dd-9e7f-40f7-965e-e9276a7805a4', 'yes_price_dollars': '0.5700'}}
2026-04-06 03:32:18 | INFO | [XRP] Opened momentum: yes KXXRP15M-26APR052345-45 @ $0.5750, contracts=2, cost=$1.15
2026-04-06 03:32:18 | INFO | 🚀 [XRP] TRADE EXECUTED: momentum yes KXXRP15M-26APR052345-45 @ $0.5750, contracts=2 (daily trades: 20/30)
2026-04-06 03:32:48 | INFO | Status: cash=$13.92, positions=3, loop=156, active_series=['KXSOL15M', 'KXBTC15M', 'KXXRP15M', 'KXBNB15M', 'KXETH15M', 'KXHYPE15M', 'KXDOGE15M']
2026-04-06 03:32:48 | INFO | Day Realized P&L: $-24.98 (-64.2%) / -$99999.00 daily stop-loss limit
2026-04-06 03:32:48 | INFO | Coins: BTC: momentum yes@0.65 | ETH: momentum yes@0.59 | BNB: idle | SOL: idle | DOGE: idle | XRP: momentum yes@0.57 | HYPE: idle | ADA: idle
2026-04-06 03:32:48 | INFO | JSON summary saved to /home/ubuntu/.openclaw/workspace/workers/superbot/report.json
2026-04-06 03:33:18 | INFO | Status: cash=$13.92, positions=3, loop=157, active_series=['KXSOL15M', 'KXBTC15M', 'KXXRP15M', 'KXBNB15M', 'KXETH15M', 'KXHYPE15M', 'KXDOGE15M']
2026-04-06 03:33:18 | INFO | Day Realized P&L: $-24.98 (-64.2%) / -$99999.00 daily stop-loss limit
2026-04-06 03:33:18 | INFO | Coins: BTC: momentum yes@0.65 | ETH: momentum yes@0.59 | BNB: idle | SOL: idle | DOGE: idle | XRP: momentum yes@0.57 | HYPE: idle | ADA: idle
2026-04-06 03:33:18 | INFO | JSON summary saved to /home/ubuntu/.openclaw/workspace/workers/superbot/report.json
2026-04-06 03:33:49 | INFO | Status: cash=$13.92, positions=3, loop=158, active_series=['KXSOL15M', 'KXBTC15M', 'KXXRP15M', 'KXBNB15M', 'KXETH15M', 'KXHYPE15M', 'KXDOGE15M']
2026-04-06 03:33:49 | INFO | Day Realized P&L: $-24.98 (-64.2%) / -$99999.00 daily stop-loss limit
2026-04-06 03:33:49 | INFO | Coins: BTC: momentum yes@0.65 | ETH: momentum yes@0.59 | BNB: idle | SOL: idle | DOGE: idle | XRP: momentum yes@0.57 | HYPE: idle | ADA: idle
2026-04-06 03:33:49 | INFO | JSON summary saved to /home/ubuntu/.openclaw/workspace/workers/superbot/report.json
2026-04-06 03:34:19 | INFO | Status: cash=$13.92, positions=3, loop=159, active_series=['KXSOL15M', 'KXBTC15M', 'KXXRP15M', 'KXBNB15M', 'KXETH15M', 'KXHYPE15M', 'KXDOGE15M']
2026-04-06 03:34:19 | INFO | Day Realized P&L: $-24.98 (-64.2%) / -$99999.00 daily stop-loss limit
2026-04-06 03:34:19 | INFO | Coins: BTC: momentum yes@0.65 | ETH: momentum yes@0.59 | BNB: idle | SOL: idle | DOGE: idle | XRP: momentum yes@0.57 | HYPE: idle | ADA: idle
2026-04-06 03:34:19 | INFO | JSON summary saved to /home/ubuntu/.openclaw/workspace/workers/superbot/report.json
2026-04-06 03:34:49 | INFO | Status: cash=$13.92, positions=3, loop=160, active_series=['KXSOL15M', 'KXBTC15M', 'KXXRP15M', 'KXBNB15M', 'KXETH15M', 'KXHYPE15M', 'KXDOGE15M']
2026-04-06 03:34:49 | INFO | Day Realized P&L: $-24.98 (-64.2%) / -$99999.00 daily stop-loss limit
2026-04-06 03:34:49 | INFO | Coins: BTC: momentum yes@0.65 | ETH: momentum yes@0.59 | BNB: idle | SOL: idle | DOGE: idle | XRP: momentum yes@0.57 | HYPE: idle | ADA: idle
2026-04-06 03:34:49 | INFO | JSON summary saved to /home/ubuntu/.openclaw/workspace/workers/superbot/report.json
2026-04-06 03:35:19 | INFO | Status: cash=$13.92, positions=3, loop=161, active_series=['KXSOL15M', 'KXBTC15M', 'KXXRP15M', 'KXBNB15M', 'KXETH15M', 'KXHYPE15M', 'KXDOGE15M']
2026-04-06 03:35:19 | INFO | Day Realized P&L: $-24.98 (-64.2%) / -$99999.00 daily stop-loss limit
2026-04-06 03:35:19 | INFO | Coins: BTC: momentum yes@0.65 | ETH: momentum yes@0.59 | BNB: idle | SOL: idle | DOGE: idle | XRP: momentum yes@0.57 | HYPE: idle | ADA: idle
2026-04-06 03:35:19 | INFO | JSON summary saved to /home/ubuntu/.openclaw/workspace/workers/superbot/report.json
2026-04-06 03:35:19 | INFO | KXXRP15M-26APR052345-45: TIME-SCALED STOP HIT @ $0.3000 (entry=$0.5750, stop=44%, loss=47.8%, age=3.0min)
2026-04-06 03:35:19 | INFO | [XRP] REAL CLOSE ORDER PLACED: {'order': {'action': 'buy', 'client_order_id': '', 'created_time': '2026-04-06T03:35:19.977895Z', 'fill_count_fp': '0.00', 'initial_count_fp': '4.00', 'last_update_time': '2026-04-06T03:35:19.977895Z', 'maker_fees_dollars': '0.000000', 'maker_fill_cost_dollars': '0.000000', 'no_price_dollars': '0.7000', 'order_id': 'd96c1e7b-dd52-48bd-a5b5-92cfc107d41d', 'remaining_count_fp': '4.00', 'side': 'no', 'status': 'resting', 'subaccount_number': 0, 'taker_fees_dollars': '0.000000', 'taker_fill_cost_dollars': '0.000000', 'ticker': 'KXXRP15M-26APR052345-45', 'type': 'limit', 'user_id': 'dd8ef7dd-9e7f-40f7-965e-e9276a7805a4', 'yes_price_dollars': '0.3000'}}
2026-04-06 03:35:19 | INFO | [XRP] Closed KXXRP15M-26APR052345-45: TIME-SCALED STOP: -44% loss locked in, PnL=$-0.55
2026-04-06 03:35:19 | INFO | Strategy momentum stats: W=50.00%, R=0.87x, Kelly=4.00%
2026-04-06 03:35:19 | INFO | Trade recorded: KXXRP15M-26APR052345-45 yes momentum PnL=$-0.55
2026-04-06 03:35:19 | INFO | [XRP] Position closed. Cooldown started: must wait 2 cycles before re-entering
2026-04-06 03:35:19 | INFO | FIRST_CROSS SIGNAL (midpoint): KXXRP15M-26APR052345-45 | Direction: yes | Side: yes @ $0.3000 | contracts=0 | CONF=53 | TS=50%/40% | Coinbase=None | max_hold=10min
2026-04-06 03:35:19 | ERROR | [XRP] REAL ORDER FAILED: Invalid price or amount
2026-04-06 03:35:20 | INFO | FIRST_CROSS SIGNAL (midpoint): KXHYPE15M-26APR052345-45 | Direction: no | Side: no @ $0.4950 | contracts=0 | CONF=40 | TS=50%/40% | Coinbase=None | max_hold=10min
2026-04-06 03:35:20 | ERROR | [HYPE] REAL ORDER FAILED: Invalid price or amount
2026-04-06 03:35:50 | INFO | Status: cash=$13.92, positions=2, loop=162, active_series=['KXSOL15M', 'KXBTC15M', 'KXXRP15M', 'KXBNB15M', 'KXETH15M', 'KXHYPE15M', 'KXDOGE15M']
2026-04-06 03:35:50 | INFO | Day Realized P&L: $-24.98 (-64.2%) / -$99999.00 daily stop-loss limit
2026-04-06 03:35:50 | INFO | Coins: BTC: momentum yes@0.65 | ETH: momentum yes@0.59 | BNB: idle | SOL: idle | DOGE: idle | XRP: idle | HYPE: idle | ADA: idle
2026-04-06 03:35:50 | INFO | JSON summary saved to /home/ubuntu/.openclaw/workspace/workers/superbot/report.json
2026-04-06 03:35:50 | INFO | MOMENTUM SIGNAL: KXDOGE15M-26APR052345-45 | Side: no @ $0.4700 | contracts=1 | CONF=60 | TS=30%/40% | Coinbase=bearish | age=333s
2026-04-06 03:35:50 | INFO | [DOGE] REAL ORDER PLACED: {'order': {'action': 'buy', 'client_order_id': '', 'created_time': '2026-04-06T03:35:50.415165Z', 'fill_count_fp': '0.00', 'initial_count_fp': '1.00', 'last_update_time': '2026-04-06T03:35:50.415165Z', 'maker_fees_dollars': '0.000000', 'maker_fill_cost_dollars': '0.000000', 'no_price_dollars': '0.5300', 'order_id': '97d9bd78-0e57-43d1-9294-5ecab3118541', 'remaining_count_fp': '1.00', 'side': 'no', 'status': 'resting', 'subaccount_number': 0, 'taker_fees_dollars': '0.000000', 'taker_fill_cost_dollars': '0.000000', 'ticker': 'KXDOGE15M-26APR052345-45', 'type': 'limit', 'user_id': 'dd8ef7dd-9e7f-40f7-965e-e9276a7805a4', 'yes_price_dollars': '0.4700'}}
2026-04-06 03:35:50 | INFO | [DOGE] Opened momentum: no KXDOGE15M-26APR052345-45 @ $0.4700, contracts=1, cost=$0.53
2026-04-06 03:35:50 | INFO | 🚀 [DOGE] TRADE EXECUTED: momentum no KXDOGE15M-26APR052345-45 @ $0.4700, contracts=1 (daily trades: 21/30)
2026-04-06 03:36:20 | INFO | Status: cash=$13.39, positions=3, loop=163, active_series=['KXSOL15M', 'KXBTC15M', 'KXXRP15M', 'KXBNB15M', 'KXETH15M', 'KXHYPE15M', 'KXDOGE15M']
2026-04-06 03:36:20 | INFO | Day Realized P&L: $-25.51 (-65.6%) / -$99999.00 daily stop-loss limit
2026-04-06 03:36:20 | INFO | Coins: BTC: momentum yes@0.65 | ETH: momentum yes@0.59 | BNB: idle | SOL: idle | DOGE: momentum no@0.47 | XRP: idle | HYPE: idle | ADA: idle
2026-04-06 03:36:20 | INFO | JSON summary saved to /home/ubuntu/.openclaw/workspace/workers/superbot/report.json
2026-04-06 03:36:20 | INFO | [XRP] Cooldown complete - can trade again
2026-04-06 03:36:50 | INFO | Status: cash=$13.39, positions=3, loop=164, active_series=['KXSOL15M', 'KXBTC15M', 'KXXRP15M', 'KXBNB15M', 'KXETH15M', 'KXHYPE15M', 'KXDOGE15M']
2026-04-06 03:36:50 | INFO | Day Realized P&L: $-25.51 (-65.6%) / -$99999.00 daily stop-loss limit
2026-04-06 03:36:50 | INFO | Coins: BTC: momentum yes@0.65 | ETH: momentum yes@0.59 | BNB: idle | SOL: idle | DOGE: momentum no@0.47 | XRP: idle | HYPE: idle | ADA: idle
2026-04-06 03:36:50 | INFO | JSON summary saved to /home/ubuntu/.openclaw/workspace/workers/superbot/report.json
2026-04-06 03:37:20 | INFO | Status: cash=$13.39, positions=3, loop=165, active_series=['KXSOL15M', 'KXBTC15M', 'KXXRP15M', 'KXBNB15M', 'KXETH15M', 'KXHYPE15M', 'KXDOGE15M']
2026-04-06 03:37:20 | INFO | Day Realized P&L: $-25.51 (-65.6%) / -$99999.00 daily stop-loss limit
2026-04-06 03:37:20 | INFO | Coins: BTC: momentum yes@0.65 | ETH: momentum yes@0.59 | BNB: idle | SOL: idle | DOGE: momentum no@0.47 | XRP: idle | HYPE: idle | ADA: idle
2026-04-06 03:37:20 | INFO | JSON summary saved to /home/ubuntu/.openclaw/workspace/workers/superbot/report.json
2026-04-06 03:37:51 | INFO | Status: cash=$13.39, positions=3, loop=166, active_series=['KXSOL15M', 'KXBTC15M', 'KXXRP15M', 'KXBNB15M', 'KXETH15M', 'KXHYPE15M', 'KXDOGE15M']
2026-04-06 03:37:51 | INFO | Day Realized P&L: $-25.51 (-65.6%) / -$99999.00 daily stop-loss limit
2026-04-06 03:37:51 | INFO | Coins: BTC: momentum yes@0.65 | ETH: momentum yes@0.59 | BNB: idle | SOL: idle | DOGE: momentum no@0.47 | XRP: idle | HYPE: idle | ADA: idle
2026-04-06 03:37:51 | INFO | JSON summary saved to /home/ubuntu/.openclaw/workspace/workers/superbot/report.json
2026-04-06 03:38:21 | INFO | Status: cash=$13.39, positions=3, loop=167, active_series=['KXSOL15M', 'KXBTC15M', 'KXXRP15M', 'KXBNB15M', 'KXETH15M', 'KXHYPE15M', 'KXDOGE15M']
2026-04-06 03:38:21 | INFO | Day Realized P&L: $-25.51 (-65.6%) / -$99999.00 daily stop-loss limit
2026-04-06 03:38:21 | INFO | Coins: BTC: momentum yes@0.65 | ETH: momentum yes@0.59 | BNB: idle | SOL: idle | DOGE: momentum no@0.47 | XRP: idle | HYPE: idle | ADA: idle
2026-04-06 03:38:21 | INFO | JSON summary saved to /home/ubuntu/.openclaw/workspace/workers/superbot/report.json
2026-04-06 03:38:51 | INFO | Status: cash=$13.39, positions=3, loop=168, active_series=['KXSOL15M', 'KXBTC15M', 'KXXRP15M', 'KXBNB15M', 'KXETH15M', 'KXHYPE15M', 'KXDOGE15M']
2026-04-06 03:38:51 | INFO | Day Realized P&L: $-25.51 (-65.6%) / -$99999.00 daily stop-loss limit
2026-04-06 03:38:51 | INFO | Coins: BTC: momentum yes@0.65 | ETH: momentum yes@0.59 | BNB: idle | SOL: idle | DOGE: momentum no@0.47 | XRP: idle | HYPE: idle | ADA: idle
2026-04-06 03:38:51 | INFO | JSON summary saved to /home/ubuntu/.openclaw/workspace/workers/superbot/report.json
2026-04-06 03:38:51 | INFO | KXETH15M-26APR052345-45: TIME-SCALED STOP HIT @ $0.3150 (entry=$0.5900, stop=37%, loss=46.6%, age=6.6min)
2026-04-06 03:38:51 | INFO | [ETH] REAL CLOSE ORDER PLACED: {'order': {'action': 'buy', 'client_order_id': '', 'created_time': '2026-04-06T03:38:51.791513Z', 'fill_count_fp': '0.00', 'initial_count_fp': '2.00', 'last_update_time': '2026-04-06T03:38:51.791513Z', 'maker_fees_dollars': '0.000000', 'maker_fill_cost_dollars': '0.000000', 'no_price_dollars': '0.6900', 'order_id': '5f1dae98-4d7c-42f7-b99c-5c9eead53d62', 'remaining_count_fp': '2.00', 'side': 'no', 'status': 'resting', 'subaccount_number': 0, 'taker_fees_dollars': '0.000000', 'taker_fill_cost_dollars': '0.000000', 'ticker': 'KXETH15M-26APR052345-45', 'type': 'limit', 'user_id': 'dd8ef7dd-9e7f-40f7-965e-e9276a7805a4', 'yes_price_dollars': '0.3100'}}
2026-04-06 03:38:51 | INFO | [ETH] Closed KXETH15M-26APR052345-45: TIME-SCALED STOP: -37% loss locked in, PnL=$-0.27
2026-04-06 03:38:51 | INFO | Strategy momentum stats: W=0.00%, R=0.88x, Kelly=4.00%
2026-04-06 03:38:51 | INFO | Trade recorded: KXETH15M-26APR052345-45 yes momentum PnL=$-0.27
2026-04-06 03:38:51 | INFO | [ETH] Position closed. Cooldown started: must wait 2 cycles before re-entering
2026-04-06 03:38:51 | INFO | MOMENTUM SIGNAL: KXHYPE15M-26APR052345-45 | Side: yes @ $0.5050 | contracts=3 | CONF=60 | TS=30%/40% | Coinbase=bullish | age=515s
2026-04-06 03:38:52 | INFO | [HYPE] REAL ORDER PLACED: {'order': {'action': 'buy', 'client_order_id': '', 'created_time': '2026-04-06T03:38:52.059353Z', 'fill_count_fp': '2.00', 'initial_count_fp': '2.00', 'last_update_time': '2026-04-06T03:38:52.059353Z', 'maker_fees_dollars': '0.000000', 'maker_fill_cost_dollars': '0.000000', 'no_price_dollars': '0.4900', 'order_id': '9da5b1b6-cad9-407c-b6ba-a6f75847dc66', 'remaining_count_fp': '0.00', 'side': 'yes', 'status': 'executed', 'subaccount_number': 0, 'taker_fees_dollars': '0.040000', 'taker_fill_cost_dollars': '0.980000', 'ticker': 'KXHYPE15M-26APR052345-45', 'type': 'limit', 'user_id': 'dd8ef7dd-9e7f-40f7-965e-e9276a7805a4', 'yes_price_dollars': '0.5100'}}
2026-04-06 03:38:52 | INFO | [HYPE] Opened momentum: yes KXHYPE15M-26APR052345-45 @ $0.5050, contracts=2, cost=$1.01
2026-04-06 03:38:52 | INFO | 🚀 [HYPE] TRADE EXECUTED: momentum yes KXHYPE15M-26APR052345-45 @ $0.5050, contracts=2 (daily trades: 22/30)
2026-04-06 03:39:22 | INFO | Status: cash=$12.38, positions=3, loop=169, active_series=['KXSOL15M', 'KXBTC15M', 'KXXRP15M', 'KXBNB15M', 'KXETH15M', 'KXHYPE15M', 'KXDOGE15M']
2026-04-06 03:39:22 | INFO | Day Realized P&L: $-26.52 (-68.2%) / -$99999.00 daily stop-loss limit
2026-04-06 03:39:22 | INFO | Coins: BTC: momentum yes@0.65 | ETH: idle | BNB: idle | SOL: idle | DOGE: momentum no@0.47 | XRP: idle | HYPE: momentum yes@0.51 | ADA: idle
2026-04-06 03:39:22 | INFO | JSON summary saved to /home/ubuntu/.openclaw/workspace/workers/superbot/report.json
2026-04-06 03:39:52 | INFO | Status: cash=$12.38, positions=3, loop=170, active_series=['KXSOL15M', 'KXBTC15M', 'KXXRP15M', 'KXBNB15M', 'KXETH15M', 'KXHYPE15M', 'KXDOGE15M']
2026-04-06 03:39:52 | INFO | Day Realized P&L: $-26.52 (-68.2%) / -$99999.00 daily stop-loss limit
2026-04-06 03:39:52 | INFO | Coins: BTC: momentum yes@0.65 | ETH: idle | BNB: idle | SOL: idle | DOGE: momentum no@0.47 | XRP: idle | HYPE: momentum yes@0.51 | ADA: idle
2026-04-06 03:39:52 | INFO | JSON summary saved to /home/ubuntu/.openclaw/workspace/workers/superbot/report.json
2026-04-06 03:39:52 | INFO | [ETH] Cooldown complete - can trade again
2026-04-06 03:39:52 | INFO | KXBTC15M-26APR052345-45: TIME-SCALED STOP HIT @ $0.3950 (entry=$0.6450, stop=35%, loss=38.8%, age=7.6min)
2026-04-06 03:39:52 | INFO | [BTC] REAL CLOSE ORDER PLACED: {'order': {'action': 'buy', 'client_order_id': '', 'created_time': '2026-04-06T03:39:52.636177Z', 'fill_count_fp': '1.00', 'initial_count_fp': '1.00', 'last_update_time': '2026-04-06T03:39:52.636177Z', 'maker_fees_dollars': '0.000000', 'maker_fill_cost_dollars': '0.000000', 'no_price_dollars': '0.6000', 'order_id': 'dbfad4ac-8ec9-40fb-b689-50ee902f8e86', 'remaining_count_fp': '0.00', 'side': 'no', 'status': 'executed', 'subaccount_number': 0, 'taker_fees_dollars': '0.020000', 'taker_fill_cost_dollars': '0.590000', 'ticker': 'KXBTC15M-26APR052345-45', 'type': 'limit', 'user_id': 'dd8ef7dd-9e7f-40f7-965e-e9276a7805a4', 'yes_price_dollars': '0.4000'}}
2026-04-06 03:39:52 | INFO | [BTC] Closed KXBTC15M-26APR052345-45: TIME-SCALED STOP: -35% loss locked in, PnL=$-0.25
2026-04-06 03:39:52 | INFO | Strategy momentum stats: W=40.00%, R=0.47x, Kelly=4.00%
2026-04-06 03:39:52 | INFO | Trade recorded: KXBTC15M-26APR052345-45 yes momentum PnL=$-0.25
2026-04-06 03:39:52 | INFO | [BTC] Position closed. Cooldown started: must wait 2 cycles before re-entering
2026-04-06 03:39:52 | INFO | FIRST_CROSS SIGNAL (midpoint): KXBTC15M-26APR052345-45 | Direction: yes | Side: yes @ $0.3950 | contracts=0 | CONF=53 | TS=50%/40% | Coinbase=None | max_hold=10min
2026-04-06 03:39:52 | ERROR | [BTC] REAL ORDER FAILED: Invalid price or amount
2026-04-06 03:39:52 | INFO | KXHYPE15M-26APR052345-45: SCALED IN @ $0.6050 (+$1.00), new size=$3.00, avg_price=$0.5383, scale_ins=1
2026-04-06 03:39:52 | INFO | [HYPE] SCALED IN KXHYPE15M-26APR052345-45: +$1.00 @ $0.6050, new_size=$3.00
2026-04-06 03:40:22 | INFO | Status: cash=$12.38, positions=2, loop=171, active_series=['KXSOL15M', 'KXBTC15M', 'KXXRP15M', 'KXBNB15M', 'KXETH15M', 'KXHYPE15M', 'KXDOGE15M']
2026-04-06 03:40:22 | INFO | Day Realized P&L: $-26.52 (-68.2%) / -$99999.00 daily stop-loss limit
2026-04-06 03:40:22 | INFO | Coins: BTC: idle | ETH: idle | BNB: idle | SOL: idle | DOGE: momentum no@0.47 | XRP: idle | HYPE: momentum yes@0.51 | ADA: idle
2026-04-06 03:40:22 | INFO | JSON summary saved to /home/ubuntu/.openclaw/workspace/workers/superbot/report.json
2026-04-06 03:40:22 | INFO | FIRST_CROSS: KXSOL15M-26APR052345-45 | Direction: down | Target: $82.04 | Coin Price: $82.02
2026-04-06 03:40:22 | INFO | FIRST_CROSS SIGNAL (coin): KXSOL15M-26APR052345-45 | Direction: down | Target: $82.04 | Side: no @ $0.6200 | contracts=0 | CONF=42 | Coinbase=None
2026-04-06 03:40:22 | ERROR | [SOL] REAL ORDER FAILED: Invalid price or amount
2026-04-06 03:40:22 | INFO | KXDOGE15M-26APR052345-45: SCALED IN @ $0.3400 (+$0.00), new size=$1.00, avg_price=$0.4700, scale_ins=1
2026-04-06 03:40:22 | INFO | [DOGE] SCALED IN KXDOGE15M-26APR052345-45: +$0.00 @ $0.3400, new_size=$1.00
2026-04-06 03:40:22 | INFO | KXHYPE15M-26APR052345-45: TRAILING STOP ACTIVATED @ $0.7150 (entry=$0.5050, profit=41.6%)
2026-04-06 03:40:22 | INFO | KXHYPE15M-26APR052345-45: SCALED IN @ $0.7150 (+$1.00), new size=$4.00, avg_price=$0.5825, scale_ins=2
2026-04-06 03:40:22 | INFO | [HYPE] SCALED IN KXHYPE15M-26APR052345-45: +$1.00 @ $0.7150, new_size=$4.00
2026-04-06 03:40:52 | INFO | Status: cash=$12.38, positions=2, loop=172, active_series=['KXSOL15M', 'KXBTC15M', 'KXXRP15M', 'KXBNB15M', 'KXETH15M', 'KXHYPE15M', 'KXDOGE15M']
2026-04-06 03:40:52 | INFO | Day Realized P&L: $-26.52 (-68.2%) / -$99999.00 daily stop-loss limit
2026-04-06 03:40:52 | INFO | Coins: BTC: idle | ETH: idle | BNB: idle | SOL: idle | DOGE: momentum no@0.47 | XRP: idle | HYPE: momentum yes@0.51 | ADA: idle
2026-04-06 03:40:52 | INFO | JSON summary saved to /home/ubuntu/.openclaw/workspace/workers/superbot/report.json
2026-04-06 03:40:52 | INFO | [BTC] Cooldown complete - can trade again
2026-04-06 03:40:53 | INFO | KXDOGE15M-26APR052345-45: SCALED IN @ $0.2850 (+$0.00), new size=$1.00, avg_price=$0.4700, scale_ins=2
2026-04-06 03:40:53 | INFO | [DOGE] SCALED IN KXDOGE15M-26APR052345-45: +$0.00 @ $0.2850, new_size=$1.00
2026-04-06 03:41:23 | INFO | Status: cash=$12.38, positions=2, loop=173, active_series=['KXSOL15M', 'KXBTC15M', 'KXXRP15M', 'KXBNB15M', 'KXETH15M', 'KXHYPE15M', 'KXDOGE15M']
2026-04-06 03:41:23 | INFO | Day Realized P&L: $-26.52 (-68.2%) / -$99999.00 daily stop-loss limit
2026-04-06 03:41:23 | INFO | Coins: BTC: idle | ETH: idle | BNB: idle | SOL: idle | DOGE: momentum no@0.47 | XRP: idle | HYPE: momentum yes@0.51 | ADA: idle
2026-04-06 03:41:23 | INFO | JSON summary saved to /home/ubuntu/.openclaw/workspace/workers/superbot/report.json
2026-04-06 03:41:23 | INFO | MOMENTUM SIGNAL: KXSOL15M-26APR052345-45 | Side: no @ $0.4800 | contracts=1 | CONF=60 | TS=30%/40% | Coinbase=bearish | age=636s
2026-04-06 03:41:23 | INFO | [SOL] REAL ORDER PLACED: {'order': {'action': 'buy', 'client_order_id': '', 'created_time': '2026-04-06T03:41:23.382349Z', 'fill_count_fp': '0.00', 'initial_count_fp': '1.00', 'last_update_time': '2026-04-06T03:41:23.382349Z', 'maker_fees_dollars': '0.000000', 'maker_fill_cost_dollars': '0.000000', 'no_price_dollars': '0.5200', 'order_id': '33889dff-a9d1-47a1-a658-60c81acdac55', 'remaining_count_fp': '1.00', 'side': 'no', 'status': 'resting', 'subaccount_number': 0, 'taker_fees_dollars': '0.000000', 'taker_fill_cost_dollars': '0.000000', 'ticker': 'KXSOL15M-26APR052345-45', 'type': 'limit', 'user_id': 'dd8ef7dd-9e7f-40f7-965e-e9276a7805a4', 'yes_price_dollars': '0.4800'}}
2026-04-06 03:41:23 | INFO | [SOL] Opened momentum: no KXSOL15M-26APR052345-45 @ $0.4800, contracts=1, cost=$0.52
2026-04-06 03:41:23 | INFO | 🚀 [SOL] TRADE EXECUTED: momentum no KXSOL15M-26APR052345-45 @ $0.4800, contracts=1 (daily trades: 23/30)
2026-04-06 03:41:53 | INFO | Status: cash=$11.86, positions=3, loop=174, active_series=['KXSOL15M', 'KXBTC15M', 'KXXRP15M', 'KXBNB15M', 'KXETH15M', 'KXHYPE15M', 'KXDOGE15M']
2026-04-06 03:41:53 | INFO | Day Realized P&L: $-27.04 (-69.5%) / -$99999.00 daily stop-loss limit
2026-04-06 03:41:53 | INFO | Coins: BTC: idle | ETH: idle | BNB: idle | SOL: momentum no@0.48 | DOGE: momentum no@0.47 | XRP: idle | HYPE: momentum yes@0.51 | ADA: idle
2026-04-06 03:41:53 | INFO | JSON summary saved to /home/ubuntu/.openclaw/workspace/workers/superbot/report.json
2026-04-06 03:41:53 | INFO | KXSOL15M-26APR052345-45: SCALED IN @ $0.2450 (+$0.00), new size=$1.00, avg_price=$0.4800, scale_ins=1
2026-04-06 03:41:53 | INFO | [SOL] SCALED IN KXSOL15M-26APR052345-45: +$0.00 @ $0.2450, new_size=$1.00
2026-04-06 03:42:23 | INFO | Status: cash=$11.86, positions=3, loop=175, active_series=['KXSOL15M', 'KXBTC15M', 'KXXRP15M', 'KXBNB15M', 'KXETH15M', 'KXHYPE15M', 'KXDOGE15M']
2026-04-06 03:42:23 | INFO | Day Realized P&L: $-27.04 (-69.5%) / -$99999.00 daily stop-loss limit
2026-04-06 03:42:23 | INFO | Coins: BTC: idle | ETH: idle | BNB: idle | SOL: momentum no@0.48 | DOGE: momentum no@0.47 | XRP: idle | HYPE: momentum yes@0.51 | ADA: idle
2026-04-06 03:42:23 | INFO | JSON summary saved to /home/ubuntu/.openclaw/workspace/workers/superbot/report.json
2026-04-06 03:42:23 | INFO | KXSOL15M-26APR052345-45: SCALED IN @ $0.1350 (+$0.00), new size=$1.00, avg_price=$0.4800, scale_ins=2
2026-04-06 03:42:23 | INFO | [SOL] SCALED IN KXSOL15M-26APR052345-45: +$0.00 @ $0.1350, new_size=$1.00
2026-04-06 03:42:53 | INFO | Status: cash=$11.86, positions=3, loop=176, active_series=['KXSOL15M', 'KXBTC15M', 'KXXRP15M', 'KXBNB15M', 'KXETH15M', 'KXHYPE15M', 'KXDOGE15M']
2026-04-06 03:42:53 | INFO | Day Realized P&L: $-27.04 (-69.5%) / -$99999.00 daily stop-loss limit
2026-04-06 03:42:53 | INFO | Coins: BTC: idle | ETH: idle | BNB: idle | SOL: momentum no@0.48 | DOGE: momentum no@0.47 | XRP: idle | HYPE: momentum yes@0.51 | ADA: idle
2026-04-06 03:42:53 | INFO | JSON summary saved to /home/ubuntu/.openclaw/workspace/workers/superbot/report.json
2026-04-06 03:42:53 | INFO | KXSOL15M-26APR052345-45: TRAILING STOP HIT @ $0.2200 (trough=$0.1350, rise=63.0%, locked=54.2%)
2026-04-06 03:42:54 | INFO | [SOL] REAL CLOSE ORDER PLACED: {'order': {'action': 'buy', 'client_order_id': '', 'created_time': '2026-04-06T03:42:54.194847Z', 'fill_count_fp': '0.00', 'initial_count_fp': '1.00', 'last_update_time': '2026-04-06T03:42:54.194847Z', 'maker_fees_dollars': '0.000000', 'maker_fill_cost_dollars': '0.000000', 'no_price_dollars': '0.7800', 'order_id': '9be4ce0d-4619-4044-a4fb-f229bc0eac9d', 'remaining_count_fp': '1.00', 'side': 'yes', 'status': 'resting', 'subaccount_number': 0, 'taker_fees_dollars': '0.000000', 'taker_fill_cost_dollars': '0.000000', 'ticker': 'KXSOL15M-26APR052345-45', 'type': 'limit', 'user_id': 'dd8ef7dd-9e7f-40f7-965e-e9276a7805a4', 'yes_price_dollars': '0.2200'}}
2026-04-06 03:42:54 | INFO | [SOL] Closed KXSOL15M-26APR052345-45: TRAILING STOP: locked in profits, PnL=$-0.26
2026-04-06 03:42:54 | INFO | Strategy momentum stats: W=0.00%, R=1.77x, Kelly=4.00%
2026-04-06 03:42:54 | INFO | Trade recorded: KXSOL15M-26APR052345-45 no momentum PnL=$-0.26
2026-04-06 03:42:54 | INFO | [SOL] Position closed. Cooldown started: must wait 2 cycles before re-entering
2026-04-06 03:43:24 | INFO | Status: cash=$11.86, positions=2, loop=177, active_series=['KXSOL15M', 'KXBTC15M', 'KXXRP15M', 'KXBNB15M', 'KXETH15M', 'KXHYPE15M', 'KXDOGE15M']
2026-04-06 03:43:24 | INFO | Day Realized P&L: $-27.04 (-69.5%) / -$99999.00 daily stop-loss limit
2026-04-06 03:43:24 | INFO | Coins: BTC: idle | ETH: idle | BNB: idle | SOL: idle | DOGE: momentum no@0.47 | XRP: idle | HYPE: momentum yes@0.51 | ADA: idle
2026-04-06 03:43:24 | INFO | JSON summary saved to /home/ubuntu/.openclaw/workspace/workers/superbot/report.json
2026-04-06 03:43:54 | INFO | Status: cash=$11.86, positions=2, loop=178, active_series=['KXSOL15M', 'KXBTC15M', 'KXXRP15M', 'KXBNB15M', 'KXETH15M', 'KXHYPE15M', 'KXDOGE15M']
2026-04-06 03:43:54 | INFO | Day Realized P&L: $-27.04 (-69.5%) / -$99999.00 daily stop-loss limit
2026-04-06 03:43:54 | INFO | Coins: BTC: idle | ETH: idle | BNB: idle | SOL: idle | DOGE: momentum no@0.47 | XRP: idle | HYPE: momentum yes@0.51 | ADA: idle
2026-04-06 03:43:54 | INFO | JSON summary saved to /home/ubuntu/.openclaw/workspace/workers/superbot/report.json
2026-04-06 03:43:54 | INFO | [SOL] Cooldown complete - can trade again
2026-04-06 03:44:24 | INFO | Status: cash=$11.86, positions=2, loop=179, active_series=['KXSOL15M', 'KXBTC15M', 'KXXRP15M', 'KXBNB15M', 'KXETH15M', 'KXHYPE15M', 'KXDOGE15M']
2026-04-06 03:44:24 | INFO | Day Realized P&L: $-27.04 (-69.5%) / -$99999.00 daily stop-loss limit
2026-04-06 03:44:24 | INFO | Coins: BTC: idle | ETH: idle | BNB: idle | SOL: idle | DOGE: momentum no@0.47 | XRP: idle | HYPE: momentum yes@0.51 | ADA: idle
2026-04-06 03:44:24 | INFO | JSON summary saved to /home/ubuntu/.openclaw/workspace/workers/superbot/report.json
2026-04-06 03:44:24 | INFO | KXDOGE15M-26APR052345-45: Near expiry (35s) - closing position
2026-04-06 03:44:24 | WARNING | API POST failed (attempt 1/3): 400 Client Error: Bad Request for url: https://api.elections.kalshi.com/trade-api/v2/portfolio/orders, retrying...
2026-04-06 03:44:26 | WARNING | API POST failed (attempt 2/3): 400 Client Error: Bad Request for url: https://api.elections.kalshi.com/trade-api/v2/portfolio/orders, retrying...
2026-04-06 03:44:28 | ERROR | API POST failed after 3 attempts: 400 Client Error: Bad Request for url: https://api.elections.kalshi.com/trade-api/v2/portfolio/orders
2026-04-06 03:44:28 | ERROR | [DOGE] REAL CLOSE ORDER FAILED: 400 Client Error: Bad Request for url: https://api.elections.kalshi.com/trade-api/v2/portfolio/orders
2026-04-06 03:44:28 | INFO | [DOGE] Closed KXDOGE15M-26APR052345-45: Expiry: closing at $0.0020, PnL=$-0.47
2026-04-06 03:44:28 | INFO | Strategy momentum stats: W=0.00%, R=2.14x, Kelly=4.00%
2026-04-06 03:44:28 | INFO | Trade recorded: KXDOGE15M-26APR052345-45 no momentum PnL=$-0.47
2026-04-06 03:44:28 | INFO | [DOGE] Position closed. Cooldown started: must wait 2 cycles before re-entering
2026-04-06 03:44:28 | INFO | KXHYPE15M-26APR052345-45: Near expiry (31s) - closing position
2026-04-06 03:44:28 | INFO | [HYPE] REAL CLOSE ORDER PLACED: {'order': {'action': 'buy', 'client_order_id': '', 'created_time': '2026-04-06T03:44:28.646017Z', 'fill_count_fp': '0.00', 'initial_count_fp': '1.00', 'last_update_time': '2026-04-06T03:44:28.646017Z', 'maker_fees_dollars': '0.000000', 'maker_fill_cost_dollars': '0.000000', 'no_price_dollars': '0.0200', 'order_id': 'df3db0a5-25e4-4d59-a46d-f12d23148eca', 'remaining_count_fp': '1.00', 'side': 'no', 'status': 'resting', 'subaccount_number': 0, 'taker_fees_dollars': '0.000000', 'taker_fill_cost_dollars': '0.000000', 'ticker': 'KXHYPE15M-26APR052345-45', 'type': 'limit', 'user_id': 'dd8ef7dd-9e7f-40f7-965e-e9276a7805a4', 'yes_price_dollars': '0.9800'}}
2026-04-06 03:44:28 | INFO | [HYPE] Closed KXHYPE15M-26APR052345-45: Expiry: closing at $0.9805, PnL=$1.59
2026-04-06 03:44:28 | INFO | Strategy momentum stats: W=75.00%, R=0.84x, Kelly=20.00%
2026-04-06 03:44:28 | INFO | Trade recorded: KXHYPE15M-26APR052345-45 yes momentum PnL=$1.59
2026-04-06 03:44:28 | INFO | [HYPE] Position closed. Cooldown started: must wait 2 cycles before re-entering
2026-04-06 03:44:58 | INFO | Status: cash=$11.86, positions=0, loop=180, active_series=['KXSOL15M', 'KXBTC15M', 'KXXRP15M', 'KXBNB15M', 'KXETH15M', 'KXHYPE15M', 'KXDOGE15M']
2026-04-06 03:44:58 | INFO | Day Realized P&L: $-27.04 (-69.5%) / -$99999.00 daily stop-loss limit
2026-04-06 03:44:58 | INFO | Coins: BTC: idle | ETH: idle | BNB: idle | SOL: idle | DOGE: idle | XRP: idle | HYPE: idle | ADA: idle
2026-04-06 03:44:58 | INFO | JSON summary saved to /home/ubuntu/.openclaw/workspace/workers/superbot/report.json
2026-04-06 03:45:28 | INFO | Status: cash=$11.86, positions=0, loop=181, active_series=['KXSOL15M', 'KXBTC15M', 'KXXRP15M', 'KXBNB15M', 'KXHYPE15M', 'KXDOGE15M']
2026-04-06 03:45:28 | INFO | Day Realized P&L: $-27.04 (-69.5%) / -$99999.00 daily stop-loss limit
2026-04-06 03:45:28 | INFO | Coins: BTC: idle | ETH: idle | BNB: idle | SOL: idle | DOGE: idle | XRP: idle | HYPE: idle | ADA: idle
2026-04-06 03:45:28 | INFO | JSON summary saved to /home/ubuntu/.openclaw/workspace/workers/superbot/report.json
2026-04-06 03:45:28 | INFO | [DOGE] Cooldown complete - can trade again
2026-04-06 03:45:28 | INFO | [HYPE] Cooldown complete - can trade again
2026-04-06 03:45:28 | INFO | FIRST_CROSS: KXETH15M-26APR060000-00 target price set to $2,131.16
2026-04-06 03:45:28 | INFO | FIRST_CROSS: KXBNB15M-26APR060000-00 target price set to $600.79
2026-04-06 03:45:28 | INFO | FIRST_CROSS: KXDOGE15M-26APR060000-00 target price set to $0.09
2026-04-06 03:45:28 | INFO | FIRST_CROSS: KXXRP15M-26APR060000-00 target price set to $1.34
2026-04-06 03:45:29 | INFO | FIRST_CROSS: KXHYPE15M-26APR060000-00 target price set to $37.05
2026-04-06 03:45:59 | INFO | Status: cash=$11.86, positions=0, loop=182, active_series=['KXSOL15M', 'KXXRP15M', 'KXBNB15M', 'KXETH15M', 'KXHYPE15M', 'KXDOGE15M']
2026-04-06 03:45:59 | INFO | Day Realized P&L: $-27.04 (-69.5%) / -$99999.00 daily stop-loss limit
2026-04-06 03:45:59 | INFO | Coins: BTC: idle | ETH: idle | BNB: idle | SOL: idle | DOGE: idle | XRP: idle | HYPE: idle | ADA: idle
2026-04-06 03:45:59 | INFO | JSON summary saved to /home/ubuntu/.openclaw/workspace/workers/superbot/report.json
2026-04-06 03:45:59 | INFO | FIRST_CROSS: KXBTC15M-26APR060000-00 target price set to $69,111.46
2026-04-06 03:45:59 | INFO | FIRST_CROSS: KXSOL15M-26APR060000-00 target price set to $82.01
2026-04-06 03:45:59 | INFO | FIRST_CROSS: KXXRP15M-26APR060000-00 crossed DOWN through $0.50 (was $0.5650, now $0.4650)
2026-04-06 03:45:59 | INFO | FIRST_CROSS SIGNAL (midpoint): KXXRP15M-26APR060000-00 | Direction: no | Side: no @ $0.4650 | contracts=0 | CONF=43 | TS=50%/40% | Coinbase=bearish | max_hold=10min
2026-04-06 03:45:59 | ERROR | [XRP] REAL ORDER FAILED: Invalid price or amount
2026-04-06 03:45:59 | INFO | FIRST_CROSS: KXHYPE15M-26APR060000-00 crossed DOWN through $0.50 (was $0.5100, now $0.4900)
2026-04-06 03:45:59 | INFO | FIRST_CROSS SIGNAL (midpoint): KXHYPE15M-26APR060000-00 | Direction: no | Side: no @ $0.4900 | contracts=0 | CONF=43 | TS=50%/40% | Coinbase=None | max_hold=10min
2026-04-06 03:45:59 | ERROR | [HYPE] REAL ORDER FAILED: Invalid price or amount
2026-04-06 03:46:29 | INFO | Status: cash=$11.86, positions=0, loop=183, active_series=['KXSOL15M', 'KXBTC15M', 'KXXRP15M', 'KXBNB15M', 'KXETH15M', 'KXHYPE15M', 'KXDOGE15M']
2026-04-06 03:46:29 | INFO | Day Realized P&L: $-27.04 (-69.5%) / -$99999.00 daily stop-loss limit
2026-04-06 03:46:29 | INFO | Coins: BTC: idle | ETH: idle | BNB: idle | SOL: idle | DOGE: idle | XRP: idle | HYPE: idle | ADA: idle
2026-04-06 03:46:29 | INFO | JSON summary saved to /home/ubuntu/.openclaw/workspace/workers/superbot/report.json
2026-04-06 03:46:29 | INFO | FIRST_CROSS: KXETH15M-26APR060000-00 crossed DOWN through $0.50 (was $0.5200, now $0.4450)
2026-04-06 03:46:29 | INFO | FIRST_CROSS SIGNAL (midpoint): KXETH15M-26APR060000-00 | Direction: no | Side: no @ $0.4450 | contracts=0 | CONF=43 | TS=50%/40% | Coinbase=bearish | max_hold=10min
2026-04-06 03:46:29 | ERROR | [ETH] REAL ORDER FAILED: Invalid price or amount
2026-04-06 03:46:29 | INFO | FIRST_CROSS: KXXRP15M-26APR060000-00 | Direction: up | Target: $1.34 | Coin Price: $1.34
2026-04-06 03:46:29 | INFO | FIRST_CROSS SIGNAL (coin): KXXRP15M-26APR060000-00 | Direction: up | Target: $1.34 | Side: yes @ $0.4900 | contracts=0 | CONF=43 | Coinbase=bearish
2026-04-06 03:46:29 | ERROR | [XRP] REAL ORDER FAILED: Invalid price or amount
2026-04-06 03:46:29 | INFO | FIRST_CROSS: KXHYPE15M-26APR060000-00 | Direction: down | Target: $37.05 | Coin Price: $37.02
2026-04-06 03:46:29 | INFO | FIRST_CROSS SIGNAL (coin): KXHYPE15M-26APR060000-00 | Direction: down | Target: $37.05 | Side: no @ $0.3950 | contracts=0 | CONF=56 | Coinbase=None
2026-04-06 03:46:29 | ERROR | [HYPE] REAL ORDER FAILED: Invalid price or amount
2026-04-06 03:46:59 | INFO | Status: cash=$11.86, positions=0, loop=184, active_series=['KXSOL15M', 'KXBTC15M', 'KXXRP15M', 'KXBNB15M', 'KXETH15M', 'KXHYPE15M', 'KXDOGE15M']
2026-04-06 03:46:59 | INFO | Day Realized P&L: $-27.04 (-69.5%) / -$99999.00 daily stop-loss limit
2026-04-06 03:46:59 | INFO | Coins: BTC: idle | ETH: idle | BNB: idle | SOL: idle | DOGE: idle | XRP: idle | HYPE: idle | ADA: idle
2026-04-06 03:46:59 | INFO | JSON summary saved to /home/ubuntu/.openclaw/workspace/workers/superbot/report.json
2026-04-06 03:46:59 | INFO | FIRST_CROSS: KXBTC15M-26APR060000-00 | Direction: up | Target: $69,111.46 | Coin Price: $69,127.80
2026-04-06 03:46:59 | INFO | FIRST_CROSS: KXETH15M-26APR060000-00 | Direction: up | Target: $2,131.16 | Coin Price: $2,132.45
2026-04-06 03:46:59 | INFO | FIRST_CROSS SIGNAL (coin): KXETH15M-26APR060000-00 | Direction: up | Target: $2,131.16 | Side: yes @ $0.6550 | contracts=0 | CONF=56 | Coinbase=None
2026-04-06 03:46:59 | ERROR | [ETH] REAL ORDER FAILED: Invalid price or amount
2026-04-06 03:46:59 | INFO | FIRST_CROSS: KXBNB15M-26APR060000-00 | Direction: up | Target: $600.79 | Coin Price: $600.80
2026-04-06 03:46:59 | INFO | FIRST_CROSS: KXSOL15M-26APR060000-00 | Direction: up | Target: $82.01 | Coin Price: $82.04
2026-04-06 03:46:59 | INFO | FIRST_CROSS: KXDOGE15M-26APR060000-00 | Direction: up | Target: $0.09 | Coin Price: $0.09
2026-04-06 03:46:59 | INFO | FIRST_CROSS SIGNAL (coin): KXDOGE15M-26APR060000-00 | Direction: up | Target: $0.09 | Side: yes @ $0.3850 | contracts=0 | CONF=48 | Coinbase=bearish
2026-04-06 03:46:59 | ERROR | [DOGE] REAL ORDER FAILED: Invalid price or amount
2026-04-06 03:47:29 | INFO | Status: cash=$11.86, positions=0, loop=185, active_series=['KXSOL15M', 'KXBTC15M', 'KXXRP15M', 'KXBNB15M', 'KXETH15M', 'KXHYPE15M', 'KXDOGE15M']
2026-04-06 03:47:29 | INFO | Day Realized P&L: $-27.04 (-69.5%) / -$99999.00 daily stop-loss limit
2026-04-06 03:47:29 | INFO | Coins: BTC: idle | ETH: idle | BNB: idle | SOL: idle | DOGE: idle | XRP: idle | HYPE: idle | ADA: idle
2026-04-06 03:47:29 | INFO | JSON summary saved to /home/ubuntu/.openclaw/workspace/workers/superbot/report.json
2026-04-06 03:47:29 | INFO | FIRST_CROSS: KXBTC15M-26APR060000-00 crossed UP through $0.50 (was $0.3850, now $0.5050)
2026-04-06 03:47:29 | INFO | FIRST_CROSS SIGNAL (midpoint): KXBTC15M-26APR060000-00 | Direction: yes | Side: yes @ $0.5050 | contracts=0 | CONF=43 | TS=50%/40% | Coinbase=None | max_hold=10min
2026-04-06 03:47:29 | ERROR | [BTC] REAL ORDER FAILED: Invalid price or amount
2026-04-06 03:47:29 | INFO | FIRST_CROSS SIGNAL (midpoint): KXETH15M-26APR060000-00 | Direction: no | Side: no @ $0.5050 | contracts=0 | CONF=43 | TS=50%/40% | Coinbase=None | max_hold=10min
2026-04-06 03:47:29 | ERROR | [ETH] REAL ORDER FAILED: Invalid price or amount
2026-04-06 03:47:29 | INFO | FIRST_CROSS: KXBNB15M-26APR060000-00 crossed UP through $0.50 (was $0.4500, now $0.5400)
2026-04-06 03:47:29 | INFO | FIRST_CROSS SIGNAL (midpoint): KXBNB15M-26APR060000-00 | Direction: yes | Side: yes @ $0.5400 | contracts=0 | CONF=43 | TS=50%/40% | Coinbase=None | max_hold=10min
2026-04-06 03:47:29 | ERROR | [BNB] REAL ORDER FAILED: Invalid price or amount
2026-04-06 03:47:29 | INFO | FIRST_CROSS: KXSOL15M-26APR060000-00 crossed UP through $0.50 (was $0.4450, now $0.5300)
2026-04-06 03:47:29 | INFO | MOMENTUM SIGNAL: KXDOGE15M-26APR060000-00 | Side: no @ $0.4000 | contracts=1 | CONF=60 | TS=30%/40% | Coinbase=bearish | age=121s
2026-04-06 03:47:30 | INFO | [DOGE] REAL ORDER PLACED: {'order': {'action': 'buy', 'client_order_id': '', 'created_time': '2026-04-06T03:47:30.20148Z', 'fill_count_fp': '0.00', 'initial_count_fp': '1.00', 'last_update_time': '2026-04-06T03:47:30.20148Z', 'maker_fees_dollars': '0.000000', 'maker_fill_cost_dollars': '0.000000', 'no_price_dollars': '0.6000', 'order_id': '9d655eb4-378f-4c28-a6c1-74b17292d3d9', 'remaining_count_fp': '1.00', 'side': 'no', 'status': 'resting', 'subaccount_number': 0, 'taker_fees_dollars': '0.000000', 'taker_fill_cost_dollars': '0.000000', 'ticker': 'KXDOGE15M-26APR060000-00', 'type': 'limit', 'user_id': 'dd8ef7dd-9e7f-40f7-965e-e9276a7805a4', 'yes_price_dollars': '0.4000'}}
2026-04-06 03:47:30 | INFO | [DOGE] Opened momentum: no KXDOGE15M-26APR060000-00 @ $0.4000, contracts=1, cost=$0.60
2026-04-06 03:47:30 | INFO | 🚀 [DOGE] TRADE EXECUTED: momentum no KXDOGE15M-26APR060000-00 @ $0.4000, contracts=1 (daily trades: 24/30)
2026-04-06 03:47:30 | INFO | FIRST_CROSS SIGNAL (midpoint): KXXRP15M-26APR060000-00 | Direction: no | Side: no @ $0.6600 | contracts=0 | CONF=56 | TS=50%/40% | Coinbase=None | max_hold=10min
2026-04-06 03:47:30 | ERROR | [XRP] REAL ORDER FAILED: Invalid price or amount
2026-04-06 03:47:30 | INFO | FIRST_CROSS SIGNAL (midpoint): KXHYPE15M-26APR060000-00 | Direction: no | Side: no @ $0.4950 | contracts=0 | CONF=43 | TS=50%/40% | Coinbase=None | max_hold=10min
2026-04-06 03:47:30 | ERROR | [HYPE] REAL ORDER FAILED: Invalid price or amount
2026-04-06 03:48:00 | INFO | Status: cash=$11.26, positions=1, loop=186, active_series=['KXSOL15M', 'KXBTC15M', 'KXXRP15M', 'KXBNB15M', 'KXETH15M', 'KXHYPE15M', 'KXDOGE15M']
2026-04-06 03:48:00 | INFO | Day Realized P&L: $-27.64 (-71.0%) / -$99999.00 daily stop-loss limit
2026-04-06 03:48:00 | INFO | Coins: BTC: idle | ETH: idle | BNB: idle | SOL: idle | DOGE: momentum no@0.40 | XRP: idle | HYPE: idle | ADA: idle
2026-04-06 03:48:00 | INFO | JSON summary saved to /home/ubuntu/.openclaw/workspace/workers/superbot/report.json
2026-04-06 03:48:00 | INFO | MOMENTUM SIGNAL: KXBTC15M-26APR060000-00 | Side: no @ $0.4250 | contracts=1 | CONF=60 | TS=30%/40% | Coinbase=bearish | age=121s
2026-04-06 03:48:00 | INFO | [BTC] REAL ORDER PLACED: {'order': {'action': 'buy', 'client_order_id': '', 'created_time': '2026-04-06T03:48:00.54246Z', 'fill_count_fp': '1.00', 'initial_count_fp': '1.00', 'last_update_time': '2026-04-06T03:48:00.54246Z', 'maker_fees_dollars': '0.000000', 'maker_fill_cost_dollars': '0.000000', 'no_price_dollars': '0.5700', 'order_id': '68ce796e-5f21-4bb2-9b47-eef545de1d29', 'remaining_count_fp': '0.00', 'side': 'no', 'status': 'executed', 'subaccount_number': 0, 'taker_fees_dollars': '0.020000', 'taker_fill_cost_dollars': '0.560000', 'ticker': 'KXBTC15M-26APR060000-00', 'type': 'limit', 'user_id': 'dd8ef7dd-9e7f-40f7-965e-e9276a7805a4', 'yes_price_dollars': '0.4300'}}
2026-04-06 03:48:00 | INFO | [BTC] Opened momentum: no KXBTC15M-26APR060000-00 @ $0.4250, contracts=1, cost=$0.57
2026-04-06 03:48:00 | INFO | 🚀 [BTC] TRADE EXECUTED: momentum no KXBTC15M-26APR060000-00 @ $0.4250, contracts=1 (daily trades: 25/30)
2026-04-06 03:48:00 | INFO | MOMENTUM SIGNAL: KXETH15M-26APR060000-00 | Side: no @ $0.4650 | contracts=1 | CONF=60 | TS=30%/40% | Coinbase=bearish | age=152s
2026-04-06 03:48:00 | INFO | [ETH] REAL ORDER PLACED: {'order': {'action': 'buy', 'client_order_id': '', 'created_time': '2026-04-06T03:48:00.77351Z', 'fill_count_fp': '0.00', 'initial_count_fp': '1.00', 'last_update_time': '2026-04-06T03:48:00.77351Z', 'maker_fees_dollars': '0.000000', 'maker_fill_cost_dollars': '0.000000', 'no_price_dollars': '0.5400', 'order_id': '8dcd9212-95e7-45e4-b515-dc3400b568e9', 'remaining_count_fp': '1.00', 'side': 'no', 'status': 'resting', 'subaccount_number': 0, 'taker_fees_dollars': '0.000000', 'taker_fill_cost_dollars': '0.000000', 'ticker': 'KXETH15M-26APR060000-00', 'type': 'limit', 'user_id': 'dd8ef7dd-9e7f-40f7-965e-e9276a7805a4', 'yes_price_dollars': '0.4600'}}
2026-04-06 03:48:00 | INFO | [ETH] Opened momentum: no KXETH15M-26APR060000-00 @ $0.4650, contracts=1, cost=$0.54
2026-04-06 03:48:00 | INFO | 🚀 [ETH] TRADE EXECUTED: momentum no KXETH15M-26APR060000-00 @ $0.4650, contracts=1 (daily trades: 26/30)
2026-04-06 03:48:30 | INFO | Status: cash=$10.15, positions=3, loop=187, active_series=['KXSOL15M', 'KXBTC15M', 'KXXRP15M', 'KXBNB15M', 'KXETH15M', 'KXHYPE15M', 'KXDOGE15M']
2026-04-06 03:48:30 | INFO | Day Realized P&L: $-28.75 (-73.9%) / -$99999.00 daily stop-loss limit
2026-04-06 03:48:30 | INFO | Coins: BTC: momentum no@0.42 | ETH: momentum no@0.46 | BNB: idle | SOL: idle | DOGE: momentum no@0.40 | XRP: idle | HYPE: idle | ADA: idle
2026-04-06 03:48:30 | INFO | JSON summary saved to /home/ubuntu/.openclaw/workspace/workers/superbot/report.json
2026-04-06 03:48:30 | INFO | KXDOGE15M-26APR060000-00: SCALED IN @ $0.3400 (+$0.00), new size=$1.00, avg_price=$0.4000, scale_ins=1
2026-04-06 03:48:30 | INFO | [DOGE] SCALED IN KXDOGE15M-26APR060000-00: +$0.00 @ $0.3400, new_size=$1.00
2026-04-06 03:49:01 | INFO | Status: cash=$10.15, positions=3, loop=188, active_series=['KXSOL15M', 'KXBTC15M', 'KXXRP15M', 'KXBNB15M', 'KXETH15M', 'KXHYPE15M', 'KXDOGE15M']
2026-04-06 03:49:01 | INFO | Day Realized P&L: $-28.75 (-73.9%) / -$99999.00 daily stop-loss limit
2026-04-06 03:49:01 | INFO | Coins: BTC: momentum no@0.42 | ETH: momentum no@0.46 | BNB: idle | SOL: idle | DOGE: momentum no@0.40 | XRP: idle | HYPE: idle | ADA: idle
2026-04-06 03:49:01 | INFO | JSON summary saved to /home/ubuntu/.openclaw/workspace/workers/superbot/report.json
2026-04-06 03:49:01 | INFO | KXETH15M-26APR060000-00: SCALED IN @ $0.4150 (+$0.00), new size=$1.00, avg_price=$0.4650, scale_ins=1
2026-04-06 03:49:01 | INFO | [ETH] SCALED IN KXETH15M-26APR060000-00: +$0.00 @ $0.4150, new_size=$1.00
2026-04-06 03:49:01 | INFO | KXDOGE15M-26APR060000-00: SCALED IN @ $0.2750 (+$0.00), new size=$1.00, avg_price=$0.4000, scale_ins=2
2026-04-06 03:49:01 | INFO | [DOGE] SCALED IN KXDOGE15M-26APR060000-00: +$0.00 @ $0.2750, new_size=$1.00
2026-04-06 03:49:31 | INFO | Status: cash=$10.15, positions=3, loop=189, active_series=['KXSOL15M', 'KXBTC15M', 'KXXRP15M', 'KXBNB15M', 'KXETH15M', 'KXHYPE15M', 'KXDOGE15M']
2026-04-06 03:49:31 | INFO | Day Realized P&L: $-28.75 (-73.9%) / -$99999.00 daily stop-loss limit
2026-04-06 03:49:31 | INFO | Coins: BTC: momentum no@0.42 | ETH: momentum no@0.46 | BNB: idle | SOL: idle | DOGE: momentum no@0.40 | XRP: idle | HYPE: idle | ADA: idle
2026-04-06 03:49:31 | INFO | JSON summary saved to /home/ubuntu/.openclaw/workspace/workers/superbot/report.json
2026-04-06 03:50:01 | INFO | Status: cash=$10.15, positions=3, loop=190, active_series=['KXSOL15M', 'KXBTC15M', 'KXXRP15M', 'KXBNB15M', 'KXETH15M', 'KXHYPE15M', 'KXDOGE15M']
2026-04-06 03:50:01 | INFO | Day Realized P&L: $-28.75 (-73.9%) / -$99999.00 daily stop-loss limit
2026-04-06 03:50:01 | INFO | Coins: BTC: momentum no@0.42 | ETH: momentum no@0.46 | BNB: idle | SOL: idle | DOGE: momentum no@0.40 | XRP: idle | HYPE: idle | ADA: idle
2026-04-06 03:50:01 | INFO | JSON summary saved to /home/ubuntu/.openclaw/workspace/workers/superbot/report.json
2026-04-06 03:50:01 | INFO | KXETH15M-26APR060000-00: SCALED IN @ $0.3900 (+$0.00), new size=$1.00, avg_price=$0.4650, scale_ins=2
2026-04-06 03:50:01 | INFO | [ETH] SCALED IN KXETH15M-26APR060000-00: +$0.00 @ $0.3900, new_size=$1.00
2026-04-06 03:50:31 | INFO | Status: cash=$10.15, positions=3, loop=191, active_series=['KXSOL15M', 'KXBTC15M', 'KXXRP15M', 'KXBNB15M', 'KXETH15M', 'KXHYPE15M', 'KXDOGE15M']
2026-04-06 03:50:31 | INFO | Day Realized P&L: $-28.75 (-73.9%) / -$99999.00 daily stop-loss limit
2026-04-06 03:50:31 | INFO | Coins: BTC: momentum no@0.42 | ETH: momentum no@0.46 | BNB: idle | SOL: idle | DOGE: momentum no@0.40 | XRP: idle | HYPE: idle | ADA: idle
2026-04-06 03:50:31 | INFO | JSON summary saved to /home/ubuntu/.openclaw/workspace/workers/superbot/report.json
2026-04-06 03:51:01 | INFO | Status: cash=$10.15, positions=3, loop=192, active_series=['KXSOL15M', 'KXBTC15M', 'KXXRP15M', 'KXBNB15M', 'KXETH15M', 'KXHYPE15M', 'KXDOGE15M']
2026-04-06 03:51:01 | INFO | Day Realized P&L: $-28.75 (-73.9%) / -$99999.00 daily stop-loss limit
2026-04-06 03:51:01 | INFO | Coins: BTC: momentum no@0.42 | ETH: momentum no@0.46 | BNB: idle | SOL: idle | DOGE: momentum no@0.40 | XRP: idle | HYPE: idle | ADA: idle
2026-04-06 03:51:01 | INFO | JSON summary saved to /home/ubuntu/.openclaw/workspace/workers/superbot/report.json
2026-04-06 03:51:32 | INFO | Status: cash=$10.15, positions=3, loop=193, active_series=['KXSOL15M', 'KXBTC15M', 'KXXRP15M', 'KXBNB15M', 'KXETH15M', 'KXHYPE15M', 'KXDOGE15M']
2026-04-06 03:51:32 | INFO | Day Realized P&L: $-28.75 (-73.9%) / -$99999.00 daily stop-loss limit
2026-04-06 03:51:32 | INFO | Coins: BTC: momentum no@0.42 | ETH: momentum no@0.46 | BNB: idle | SOL: idle | DOGE: momentum no@0.40 | XRP: idle | HYPE: idle | ADA: idle
2026-04-06 03:51:32 | INFO | JSON summary saved to /home/ubuntu/.openclaw/workspace/workers/superbot/report.json
2026-04-06 03:52:02 | INFO | Status: cash=$10.15, positions=3, loop=194, active_series=['KXSOL15M', 'KXBTC15M', 'KXXRP15M', 'KXBNB15M', 'KXETH15M', 'KXHYPE15M', 'KXDOGE15M']
2026-04-06 03:52:02 | INFO | Day Realized P&L: $-28.75 (-73.9%) / -$99999.00 daily stop-loss limit
2026-04-06 03:52:02 | INFO | Coins: BTC: momentum no@0.42 | ETH: momentum no@0.46 | BNB: idle | SOL: idle | DOGE: momentum no@0.40 | XRP: idle | HYPE: idle | ADA: idle
2026-04-06 03:52:02 | INFO | JSON summary saved to /home/ubuntu/.openclaw/workspace/workers/superbot/report.json
2026-04-06 03:52:02 | INFO | KXBTC15M-26APR060000-00: SCALED IN @ $0.3150 (+$0.00), new size=$1.00, avg_price=$0.4250, scale_ins=1
2026-04-06 03:52:02 | INFO | [BTC] SCALED IN KXBTC15M-26APR060000-00: +$0.00 @ $0.3150, new_size=$1.00
2026-04-06 03:52:32 | INFO | Status: cash=$10.15, positions=3, loop=195, active_series=['KXSOL15M', 'KXBTC15M', 'KXXRP15M', 'KXBNB15M', 'KXETH15M', 'KXHYPE15M', 'KXDOGE15M']
2026-04-06 03:52:32 | INFO | Day Realized P&L: $-28.75 (-73.9%) / -$99999.00 daily stop-loss limit
2026-04-06 03:52:32 | INFO | Coins: BTC: momentum no@0.42 | ETH: momentum no@0.46 | BNB: idle | SOL: idle | DOGE: momentum no@0.40 | XRP: idle | HYPE: idle | ADA: idle
2026-04-06 03:52:32 | INFO | JSON summary saved to /home/ubuntu/.openclaw/workspace/workers/superbot/report.json
2026-04-06 03:52:32 | INFO | KXBTC15M-26APR060000-00: SCALED IN @ $0.2950 (+$0.00), new size=$1.00, avg_price=$0.4250, scale_ins=2
2026-04-06 03:52:32 | INFO | [BTC] SCALED IN KXBTC15M-26APR060000-00: +$0.00 @ $0.2950, new_size=$1.00
2026-04-06 03:53:02 | INFO | Status: cash=$10.15, positions=3, loop=196, active_series=['KXSOL15M', 'KXBTC15M', 'KXXRP15M', 'KXBNB15M', 'KXETH15M', 'KXHYPE15M', 'KXDOGE15M']
2026-04-06 03:53:02 | INFO | Day Realized P&L: $-28.75 (-73.9%) / -$99999.00 daily stop-loss limit
2026-04-06 03:53:02 | INFO | Coins: BTC: momentum no@0.42 | ETH: momentum no@0.46 | BNB: idle | SOL: idle | DOGE: momentum no@0.40 | XRP: idle | HYPE: idle | ADA: idle
2026-04-06 03:53:02 | INFO | JSON summary saved to /home/ubuntu/.openclaw/workspace/workers/superbot/report.json
2026-04-06 03:53:32 | INFO | Status: cash=$10.15, positions=3, loop=197, active_series=['KXSOL15M', 'KXBTC15M', 'KXXRP15M', 'KXBNB15M', 'KXETH15M', 'KXHYPE15M', 'KXDOGE15M']
2026-04-06 03:53:32 | INFO | Day Realized P&L: $-28.75 (-73.9%) / -$99999.00 daily stop-loss limit
2026-04-06 03:53:32 | INFO | Coins: BTC: momentum no@0.42 | ETH: momentum no@0.46 | BNB: idle | SOL: idle | DOGE: momentum no@0.40 | XRP: idle | HYPE: idle | ADA: idle
2026-04-06 03:53:32 | INFO | JSON summary saved to /home/ubuntu/.openclaw/workspace/workers/superbot/report.json
2026-04-06 03:53:32 | INFO | KXBTC15M-26APR060000-00: TRAILING STOP HIT @ $0.3050 (trough=$0.1800, rise=69.4%, locked=28.2%)
2026-04-06 03:53:33 | INFO | [BTC] REAL CLOSE ORDER PLACED: {'order': {'action': 'buy', 'client_order_id': '', 'created_time': '2026-04-06T03:53:33.053033Z', 'fill_count_fp': '1.00', 'initial_count_fp': '1.00', 'last_update_time': '2026-04-06T03:53:33.053033Z', 'maker_fees_dollars': '0.000000', 'maker_fill_cost_dollars': '0.000000', 'no_price_dollars': '0.7000', 'order_id': 'd9ea1b52-e14f-4bb8-8f39-b77e10fccc8e', 'remaining_count_fp': '0.00', 'side': 'yes', 'status': 'executed', 'subaccount_number': 0, 'taker_fees_dollars': '0.020000', 'taker_fill_cost_dollars': '0.280000', 'ticker': 'KXBTC15M-26APR060000-00', 'type': 'limit', 'user_id': 'dd8ef7dd-9e7f-40f7-965e-e9276a7805a4', 'yes_price_dollars': '0.3000'}}
2026-04-06 03:53:33 | INFO | [BTC] Closed KXBTC15M-26APR060000-00: TRAILING STOP: locked in profits, PnL=$-0.12
2026-04-06 03:53:33 | INFO | Strategy momentum stats: W=33.33%, R=0.61x, Kelly=4.00%
2026-04-06 03:53:33 | INFO | Trade recorded: KXBTC15M-26APR060000-00 no momentum PnL=$-0.12
2026-04-06 03:53:33 | INFO | [BTC] Position closed. Cooldown started: must wait 2 cycles before re-entering
2026-04-06 03:53:33 | INFO | MOMENTUM SIGNAL: KXBTC15M-26APR060000-00 | Side: no @ $0.3050 | contracts=1 | CONF=60 | TS=30%/40% | Coinbase=bearish | age=454s
2026-04-06 03:53:33 | INFO | [BTC] REAL ORDER PLACED: {'order': {'action': 'buy', 'client_order_id': '', 'created_time': '2026-04-06T03:53:33.274006Z', 'fill_count_fp': '0.00', 'initial_count_fp': '2.00', 'last_update_time': '2026-04-06T03:53:33.274006Z', 'maker_fees_dollars': '0.000000', 'maker_fill_cost_dollars': '0.000000', 'no_price_dollars': '0.7000', 'order_id': '2fbe95f0-738e-4949-a34c-e557f5aee224', 'remaining_count_fp': '2.00', 'side': 'no', 'status': 'resting', 'subaccount_number': 0, 'taker_fees_dollars': '0.000000', 'taker_fill_cost_dollars': '0.000000', 'ticker': 'KXBTC15M-26APR060000-00', 'type': 'limit', 'user_id': 'dd8ef7dd-9e7f-40f7-965e-e9276a7805a4', 'yes_price_dollars': '0.3000'}}
2026-04-06 03:53:33 | INFO | [BTC] Opened momentum: no KXBTC15M-26APR060000-00 @ $0.3050, contracts=1, cost=$0.70
2026-04-06 03:53:33 | INFO | 🚀 [BTC] TRADE EXECUTED: momentum no KXBTC15M-26APR060000-00 @ $0.3050, contracts=1 (daily trades: 27/30)
2026-04-06 03:54:03 | INFO | Status: cash=$9.46, positions=3, loop=198, active_series=['KXSOL15M', 'KXBTC15M', 'KXXRP15M', 'KXBNB15M', 'KXETH15M', 'KXHYPE15M', 'KXDOGE15M']
2026-04-06 03:54:03 | INFO | Day Realized P&L: $-29.44 (-75.7%) / -$99999.00 daily stop-loss limit
2026-04-06 03:54:03 | INFO | Coins: BTC: momentum no@0.30 | ETH: momentum no@0.46 | BNB: idle | SOL: idle | DOGE: momentum no@0.40 | XRP: idle | HYPE: idle | ADA: idle
2026-04-06 03:54:03 | INFO | JSON summary saved to /home/ubuntu/.openclaw/workspace/workers/superbot/report.json
2026-04-06 03:54:03 | INFO | KXDOGE15M-26APR060000-00: TRAILING STOP HIT @ $0.0420 (trough=$0.0260, rise=61.5%, locked=89.5%)
2026-04-06 03:54:03 | INFO | [DOGE] REAL CLOSE ORDER PLACED: {'order': {'action': 'buy', 'client_order_id': '', 'created_time': '2026-04-06T03:54:03.688494Z', 'fill_count_fp': '0.00', 'initial_count_fp': '1.00', 'last_update_time': '2026-04-06T03:54:03.688494Z', 'maker_fees_dollars': '0.000000', 'maker_fill_cost_dollars': '0.000000', 'no_price_dollars': '0.9600', 'order_id': 'a979a722-a764-49a8-a9bf-179b2272d4ce', 'remaining_count_fp': '1.00', 'side': 'yes', 'status': 'resting', 'subaccount_number': 0, 'taker_fees_dollars': '0.000000', 'taker_fill_cost_dollars': '0.000000', 'ticker': 'KXDOGE15M-26APR060000-00', 'type': 'limit', 'user_id': 'dd8ef7dd-9e7f-40f7-965e-e9276a7805a4', 'yes_price_dollars': '0.0400'}}
2026-04-06 03:54:03 | INFO | [DOGE] Closed KXDOGE15M-26APR060000-00: TRAILING STOP: locked in profits, PnL=$-0.36
2026-04-06 03:54:03 | INFO | Strategy momentum stats: W=0.00%, R=2.42x, Kelly=4.00%
2026-04-06 03:54:03 | INFO | Trade recorded: KXDOGE15M-26APR060000-00 no momentum PnL=$-0.36
2026-04-06 03:54:03 | INFO | [DOGE] Position closed. Cooldown started: must wait 2 cycles before re-entering
2026-04-06 03:54:33 | INFO | Status: cash=$9.46, positions=2, loop=199, active_series=['KXSOL15M', 'KXBTC15M', 'KXXRP15M', 'KXBNB15M', 'KXETH15M', 'KXHYPE15M', 'KXDOGE15M']
2026-04-06 03:54:33 | INFO | Day Realized P&L: $-29.44 (-75.7%) / -$99999.00 daily stop-loss limit
2026-04-06 03:54:33 | INFO | Coins: BTC: momentum no@0.30 | ETH: momentum no@0.46 | BNB: idle | SOL: idle | DOGE: idle | XRP: idle | HYPE: idle | ADA: idle
2026-04-06 03:54:33 | INFO | JSON summary saved to /home/ubuntu/.openclaw/workspace/workers/superbot/report.json
2026-04-06 03:54:33 | INFO | [BTC] Cooldown complete - can trade again
2026-04-06 03:54:33 | INFO | KXBTC15M-26APR060000-00: SCALED IN @ $0.1400 (+$0.00), new size=$1.00, avg_price=$0.3050, scale_ins=1
2026-04-06 03:54:33 | INFO | [BTC] SCALED IN KXBTC15M-26APR060000-00: +$0.00 @ $0.1400, new_size=$1.00
2026-04-06 03:55:04 | INFO | Status: cash=$9.46, positions=2, loop=200, active_series=['KXSOL15M', 'KXBTC15M', 'KXXRP15M', 'KXBNB15M', 'KXETH15M', 'KXHYPE15M', 'KXDOGE15M']
2026-04-06 03:55:04 | INFO | Day Realized P&L: $-29.44 (-75.7%) / -$99999.00 daily stop-loss limit
2026-04-06 03:55:04 | INFO | Coins: BTC: momentum no@0.30 | ETH: momentum no@0.46 | BNB: idle | SOL: idle | DOGE: idle | XRP: idle | HYPE: idle | ADA: idle
2026-04-06 03:55:04 | INFO | JSON summary saved to /home/ubuntu/.openclaw/workspace/workers/superbot/report.json
2026-04-06 03:55:04 | INFO | [DOGE] Cooldown complete - can trade again
2026-04-06 03:55:04 | INFO | KXBTC15M-26APR060000-00: SCALED IN @ $0.1250 (+$0.00), new size=$1.00, avg_price=$0.3050, scale_ins=2
2026-04-06 03:55:04 | INFO | [BTC] SCALED IN KXBTC15M-26APR060000-00: +$0.00 @ $0.1250, new_size=$1.00
2026-04-06 03:55:34 | INFO | Status: cash=$9.46, positions=2, loop=201, active_series=['KXSOL15M', 'KXBTC15M', 'KXXRP15M', 'KXBNB15M', 'KXETH15M', 'KXHYPE15M', 'KXDOGE15M']
2026-04-06 03:55:34 | INFO | Day Realized P&L: $-29.44 (-75.7%) / -$99999.00 daily stop-loss limit
2026-04-06 03:55:34 | INFO | Coins: BTC: momentum no@0.30 | ETH: momentum no@0.46 | BNB: idle | SOL: idle | DOGE: idle | XRP: idle | HYPE: idle | ADA: idle
2026-04-06 03:55:34 | INFO | JSON summary saved to /home/ubuntu/.openclaw/workspace/workers/superbot/report.json
2026-04-06 03:56:04 | INFO | Status: cash=$9.46, positions=2, loop=202, active_series=['KXSOL15M', 'KXBTC15M', 'KXXRP15M', 'KXBNB15M', 'KXETH15M', 'KXHYPE15M', 'KXDOGE15M']
2026-04-06 03:56:04 | INFO | Day Realized P&L: $-29.44 (-75.7%) / -$99999.00 daily stop-loss limit
2026-04-06 03:56:04 | INFO | Coins: BTC: momentum no@0.30 | ETH: momentum no@0.46 | BNB: idle | SOL: idle | DOGE: idle | XRP: idle | HYPE: idle | ADA: idle
2026-04-06 03:56:04 | INFO | JSON summary saved to /home/ubuntu/.openclaw/workspace/workers/superbot/report.json
2026-04-06 03:56:34 | INFO | Status: cash=$9.46, positions=2, loop=203, active_series=['KXSOL15M', 'KXBTC15M', 'KXXRP15M', 'KXBNB15M', 'KXETH15M', 'KXHYPE15M', 'KXDOGE15M']
2026-04-06 03:56:34 | INFO | Day Realized P&L: $-29.44 (-75.7%) / -$99999.00 daily stop-loss limit
2026-04-06 03:56:34 | INFO | Coins: BTC: momentum no@0.30 | ETH: momentum no@0.46 | BNB: idle | SOL: idle | DOGE: idle | XRP: idle | HYPE: idle | ADA: idle
2026-04-06 03:56:34 | INFO | JSON summary saved to /home/ubuntu/.openclaw/workspace/workers/superbot/report.json
2026-04-06 03:56:34 | INFO | KXBTC15M-26APR060000-00: TRAILING STOP HIT @ $0.1800 (trough=$0.1250, rise=44.0%, locked=41.0%)
2026-04-06 03:56:34 | INFO | [BTC] REAL CLOSE ORDER PLACED: {'order': {'action': 'buy', 'client_order_id': '', 'created_time': '2026-04-06T03:56:34.783472Z', 'fill_count_fp': '0.00', 'initial_count_fp': '1.00', 'last_update_time': '2026-04-06T03:56:34.783472Z', 'maker_fees_dollars': '0.000000', 'maker_fill_cost_dollars': '0.000000', 'no_price_dollars': '0.8200', 'order_id': '7180f325-4734-4387-bd37-ab2ad168f638', 'remaining_count_fp': '1.00', 'side': 'yes', 'status': 'resting', 'subaccount_number': 0, 'taker_fees_dollars': '0.000000', 'taker_fill_cost_dollars': '0.000000', 'ticker': 'KXBTC15M-26APR060000-00', 'type': 'limit', 'user_id': 'dd8ef7dd-9e7f-40f7-965e-e9276a7805a4', 'yes_price_dollars': '0.1800'}}
2026-04-06 03:56:34 | INFO | [BTC] Closed KXBTC15M-26APR060000-00: TRAILING STOP: locked in profits, PnL=$-0.12
2026-04-06 03:56:34 | INFO | Strategy momentum stats: W=28.57%, R=0.73x, Kelly=4.00%
2026-04-06 03:56:34 | INFO | Trade recorded: KXBTC15M-26APR060000-00 no momentum PnL=$-0.12
2026-04-06 03:56:34 | INFO | [BTC] Position closed. Cooldown started: must wait 2 cycles before re-entering
2026-04-06 03:57:04 | INFO | Status: cash=$9.46, positions=1, loop=204, active_series=['KXSOL15M', 'KXBTC15M', 'KXXRP15M', 'KXBNB15M', 'KXETH15M', 'KXHYPE15M', 'KXDOGE15M']
2026-04-06 03:57:04 | INFO | Day Realized P&L: $-29.44 (-75.7%) / -$99999.00 daily stop-loss limit
2026-04-06 03:57:04 | INFO | Coins: BTC: idle | ETH: momentum no@0.46 | BNB: idle | SOL: idle | DOGE: idle | XRP: idle | HYPE: idle | ADA: idle
2026-04-06 03:57:04 | INFO | JSON summary saved to /home/ubuntu/.openclaw/workspace/workers/superbot/report.json
2026-04-06 03:57:35 | INFO | Status: cash=$9.46, positions=1, loop=205, active_series=['KXSOL15M', 'KXBTC15M', 'KXXRP15M', 'KXBNB15M', 'KXETH15M', 'KXHYPE15M', 'KXDOGE15M']
2026-04-06 03:57:35 | INFO | Day Realized P&L: $-29.44 (-75.7%) / -$99999.00 daily stop-loss limit
2026-04-06 03:57:35 | INFO | Coins: BTC: idle | ETH: momentum no@0.46 | BNB: idle | SOL: idle | DOGE: idle | XRP: idle | HYPE: idle | ADA: idle
2026-04-06 03:57:35 | INFO | JSON summary saved to /home/ubuntu/.openclaw/workspace/workers/superbot/report.json
2026-04-06 03:57:35 | INFO | [BTC] Cooldown complete - can trade again
2026-04-06 03:58:05 | INFO | Status: cash=$9.46, positions=1, loop=206, active_series=['KXSOL15M', 'KXBTC15M', 'KXXRP15M', 'KXBNB15M', 'KXETH15M', 'KXHYPE15M', 'KXDOGE15M']
2026-04-06 03:58:05 | INFO | Day Realized P&L: $-29.44 (-75.7%) / -$99999.00 daily stop-loss limit
2026-04-06 03:58:05 | INFO | Coins: BTC: idle | ETH: momentum no@0.46 | BNB: idle | SOL: idle | DOGE: idle | XRP: idle | HYPE: idle | ADA: idle
2026-04-06 03:58:05 | INFO | JSON summary saved to /home/ubuntu/.openclaw/workspace/workers/superbot/report.json
2026-04-06 03:58:35 | INFO | Status: cash=$9.46, positions=1, loop=207, active_series=['KXSOL15M', 'KXBTC15M', 'KXXRP15M', 'KXBNB15M', 'KXETH15M', 'KXHYPE15M', 'KXDOGE15M']
2026-04-06 03:58:35 | INFO | Day Realized P&L: $-29.44 (-75.7%) / -$99999.00 daily stop-loss limit
2026-04-06 03:58:35 | INFO | Coins: BTC: idle | ETH: momentum no@0.46 | BNB: idle | SOL: idle | DOGE: idle | XRP: idle | HYPE: idle | ADA: idle
2026-04-06 03:58:35 | INFO | JSON summary saved to /home/ubuntu/.openclaw/workspace/workers/superbot/report.json
2026-04-06 03:59:05 | INFO | Status: cash=$9.46, positions=1, loop=208, active_series=['KXSOL15M', 'KXBTC15M', 'KXXRP15M', 'KXBNB15M', 'KXETH15M', 'KXHYPE15M', 'KXDOGE15M']
2026-04-06 03:59:05 | INFO | Day Realized P&L: $-29.44 (-75.7%) / -$99999.00 daily stop-loss limit
2026-04-06 03:59:05 | INFO | Coins: BTC: idle | ETH: momentum no@0.46 | BNB: idle | SOL: idle | DOGE: idle | XRP: idle | HYPE: idle | ADA: idle
2026-04-06 03:59:05 | INFO | JSON summary saved to /home/ubuntu/.openclaw/workspace/workers/superbot/report.json
2026-04-06 03:59:05 | INFO | KXETH15M-26APR060000-00: Near expiry (54s) - closing position
2026-04-06 03:59:05 | WARNING | API POST failed (attempt 1/3): 400 Client Error: Bad Request for url: https://api.elections.kalshi.com/trade-api/v2/portfolio/orders, retrying...
2026-04-06 03:59:06 | WARNING | API POST failed (attempt 2/3): 400 Client Error: Bad Request for url: https://api.elections.kalshi.com/trade-api/v2/portfolio/orders, retrying...
2026-04-06 03:59:09 | ERROR | API POST failed after 3 attempts: 400 Client Error: Bad Request for url: https://api.elections.kalshi.com/trade-api/v2/portfolio/orders
2026-04-06 03:59:09 | ERROR | [ETH] REAL CLOSE ORDER FAILED: 400 Client Error: Bad Request for url: https://api.elections.kalshi.com/trade-api/v2/portfolio/orders
2026-04-06 03:59:09 | INFO | [ETH] Closed KXETH15M-26APR060000-00: Expiry: closing at $0.0035, PnL=$-0.46
2026-04-06 03:59:09 | INFO | Strategy momentum stats: W=0.00%, R=1.10x, Kelly=4.00%
2026-04-06 03:59:09 | INFO | Trade recorded: KXETH15M-26APR060000-00 no momentum PnL=$-0.46
2026-04-06 03:59:09 | INFO | [ETH] Position closed. Cooldown started: must wait 2 cycles before re-entering
2026-04-06 03:59:39 | INFO | Status: cash=$9.46, positions=0, loop=209, active_series=['KXSOL15M', 'KXBTC15M', 'KXXRP15M', 'KXBNB15M', 'KXETH15M', 'KXHYPE15M', 'KXDOGE15M']
2026-04-06 03:59:39 | INFO | Day Realized P&L: $-29.44 (-75.7%) / -$99999.00 daily stop-loss limit
2026-04-06 03:59:39 | INFO | Coins: BTC: idle | ETH: idle | BNB: idle | SOL: idle | DOGE: idle | XRP: idle | HYPE: idle | ADA: idle
2026-04-06 03:59:39 | INFO | JSON summary saved to /home/ubuntu/.openclaw/workspace/workers/superbot/report.json
2026-04-06 04:00:09 | INFO | Status: cash=$9.46, positions=0, loop=210, active_series=['KXSOL15M', 'KXXRP15M', 'KXBNB15M', 'KXHYPE15M', 'KXDOGE15M']
2026-04-06 04:00:09 | INFO | Day Realized P&L: $-29.44 (-75.7%) / -$99999.00 daily stop-loss limit
2026-04-06 04:00:09 | INFO | Coins: BTC: idle | ETH: idle | BNB: idle | SOL: idle | DOGE: idle | XRP: idle | HYPE: idle | ADA: idle
2026-04-06 04:00:09 | INFO | JSON summary saved to /home/ubuntu/.openclaw/workspace/workers/superbot/report.json
2026-04-06 04:00:09 | INFO | [ETH] Cooldown complete - can trade again
2026-04-06 04:00:39 | INFO | Status: cash=$9.46, positions=0, loop=211, active_series=['KXSOL15M', 'KXXRP15M', 'KXBNB15M', 'KXETH15M', 'KXHYPE15M', 'KXDOGE15M']
2026-04-06 04:00:39 | INFO | Day Realized P&L: $-29.44 (-75.7%) / -$99999.00 daily stop-loss limit
2026-04-06 04:00:39 | INFO | Coins: BTC: idle | ETH: idle | BNB: idle | SOL: idle | DOGE: idle | XRP: idle | HYPE: idle | ADA: idle
2026-04-06 04:00:39 | INFO | JSON summary saved to /home/ubuntu/.openclaw/workspace/workers/superbot/report.json
2026-04-06 04:00:39 | INFO | FIRST_CROSS: KXBTC15M-26APR060015-15 target price set to $69,084.21
2026-04-06 04:00:39 | INFO | FIRST_CROSS: KXETH15M-26APR060015-15 target price set to $2,128.08
2026-04-06 04:00:39 | INFO | FIRST_CROSS: KXBNB15M-26APR060015-15 target price set to $600.31
2026-04-06 04:00:39 | INFO | FIRST_CROSS: KXSOL15M-26APR060015-15 target price set to $82.06
2026-04-06 04:00:39 | INFO | FIRST_CROSS: KXDOGE15M-26APR060015-15 target price set to $0.09
2026-04-06 04:00:39 | INFO | FIRST_CROSS: KXXRP15M-26APR060015-15 target price set to $1.34
2026-04-06 04:01:09 | INFO | Status: cash=$9.46, positions=0, loop=212, active_series=['KXSOL15M', 'KXBTC15M', 'KXXRP15M', 'KXBNB15M', 'KXETH15M', 'KXHYPE15M', 'KXDOGE15M']
2026-04-06 04:01:09 | INFO | Day Realized P&L: $-29.44 (-75.7%) / -$99999.00 daily stop-loss limit
2026-04-06 04:01:09 | INFO | Coins: BTC: idle | ETH: idle | BNB: idle | SOL: idle | DOGE: idle | XRP: idle | HYPE: idle | ADA: idle
2026-04-06 04:01:09 | INFO | JSON summary saved to /home/ubuntu/.openclaw/workspace/workers/superbot/report.json
2026-04-06 04:01:09 | INFO | FIRST_CROSS: KXHYPE15M-26APR060015-15 target price set to $37.06
2026-04-06 04:01:39 | INFO | Status: cash=$9.46, positions=0, loop=213, active_series=['KXSOL15M', 'KXBTC15M', 'KXXRP15M', 'KXBNB15M', 'KXETH15M', 'KXHYPE15M', 'KXDOGE15M']
2026-04-06 04:01:39 | INFO | Day Realized P&L: $-29.44 (-75.7%) / -$99999.00 daily stop-loss limit
2026-04-06 04:01:39 | INFO | Coins: BTC: idle | ETH: idle | BNB: idle | SOL: idle | DOGE: idle | XRP: idle | HYPE: idle | ADA: idle
2026-04-06 04:01:39 | INFO | JSON summary saved to /home/ubuntu/.openclaw/workspace/workers/superbot/report.json
2026-04-06 04:02:10 | INFO | Status: cash=$9.46, positions=0, loop=214, active_series=['KXSOL15M', 'KXBTC15M', 'KXXRP15M', 'KXBNB15M', 'KXETH15M', 'KXHYPE15M', 'KXDOGE15M']
2026-04-06 04:02:10 | INFO | Day Realized P&L: $-29.44 (-75.7%) / -$99999.00 daily stop-loss limit
2026-04-06 04:02:10 | INFO | Coins: BTC: idle | ETH: idle | BNB: idle | SOL: idle | DOGE: idle | XRP: idle | HYPE: idle | ADA: idle
2026-04-06 04:02:10 | INFO | JSON summary saved to /home/ubuntu/.openclaw/workspace/workers/superbot/report.json
2026-04-06 04:02:40 | INFO | Status: cash=$9.46, positions=0, loop=215, active_series=['KXSOL15M', 'KXBTC15M', 'KXXRP15M', 'KXBNB15M', 'KXETH15M', 'KXHYPE15M', 'KXDOGE15M']
2026-04-06 04:02:40 | INFO | Day Realized P&L: $-29.44 (-75.7%) / -$99999.00 daily stop-loss limit
2026-04-06 04:02:40 | INFO | Coins: BTC: idle | ETH: idle | BNB: idle | SOL: idle | DOGE: idle | XRP: idle | HYPE: idle | ADA: idle
2026-04-06 04:02:40 | INFO | JSON summary saved to /home/ubuntu/.openclaw/workspace/workers/superbot/report.json
2026-04-06 04:03:10 | INFO | Status: cash=$9.46, positions=0, loop=216, active_series=['KXSOL15M', 'KXBTC15M', 'KXXRP15M', 'KXBNB15M', 'KXETH15M', 'KXHYPE15M', 'KXDOGE15M']
2026-04-06 04:03:10 | INFO | Day Realized P&L: $-29.44 (-75.7%) / -$99999.00 daily stop-loss limit
2026-04-06 04:03:10 | INFO | Coins: BTC: idle | ETH: idle | BNB: idle | SOL: idle | DOGE: idle | XRP: idle | HYPE: idle | ADA: idle
2026-04-06 04:03:10 | INFO | JSON summary saved to /home/ubuntu/.openclaw/workspace/workers/superbot/report.json
2026-04-06 04:03:40 | INFO | Status: cash=$9.46, positions=0, loop=217, active_series=['KXSOL15M', 'KXBTC15M', 'KXXRP15M', 'KXBNB15M', 'KXETH15M', 'KXHYPE15M', 'KXDOGE15M']
2026-04-06 04:03:40 | INFO | Day Realized P&L: $-29.44 (-75.7%) / -$99999.00 daily stop-loss limit
2026-04-06 04:03:40 | INFO | Coins: BTC: idle | ETH: idle | BNB: idle | SOL: idle | DOGE: idle | XRP: idle | HYPE: idle | ADA: idle
2026-04-06 04:03:40 | INFO | JSON summary saved to /home/ubuntu/.openclaw/workspace/workers/superbot/report.json
2026-04-06 04:04:10 | INFO | Status: cash=$9.46, positions=0, loop=218, active_series=['KXSOL15M', 'KXBTC15M', 'KXXRP15M', 'KXBNB15M', 'KXETH15M', 'KXHYPE15M', 'KXDOGE15M']
2026-04-06 04:04:10 | INFO | Day Realized P&L: $-29.44 (-75.7%) / -$99999.00 daily stop-loss limit
2026-04-06 04:04:10 | INFO | Coins: BTC: idle | ETH: idle | BNB: idle | SOL: idle | DOGE: idle | XRP: idle | HYPE: idle | ADA: idle
2026-04-06 04:04:10 | INFO | JSON summary saved to /home/ubuntu/.openclaw/workspace/workers/superbot/report.json
2026-04-06 04:04:40 | INFO | Status: cash=$9.46, positions=0, loop=219, active_series=['KXSOL15M', 'KXBTC15M', 'KXXRP15M', 'KXBNB15M', 'KXETH15M', 'KXHYPE15M', 'KXDOGE15M']
2026-04-06 04:04:40 | INFO | Day Realized P&L: $-29.44 (-75.7%) / -$99999.00 daily stop-loss limit
2026-04-06 04:04:40 | INFO | Coins: BTC: idle | ETH: idle | BNB: idle | SOL: idle | DOGE: idle | XRP: idle | HYPE: idle | ADA: idle
2026-04-06 04:04:40 | INFO | JSON summary saved to /home/ubuntu/.openclaw/workspace/workers/superbot/report.json
2026-04-06 04:05:11 | INFO | Status: cash=$9.46, positions=0, loop=220, active_series=['KXSOL15M', 'KXBTC15M', 'KXXRP15M', 'KXBNB15M', 'KXETH15M', 'KXHYPE15M', 'KXDOGE15M']
2026-04-06 04:05:11 | INFO | Day Realized P&L: $-29.44 (-75.7%) / -$99999.00 daily stop-loss limit
2026-04-06 04:05:11 | INFO | Coins: BTC: idle | ETH: idle | BNB: idle | SOL: idle | DOGE: idle | XRP: idle | HYPE: idle | ADA: idle
2026-04-06 04:05:11 | INFO | JSON summary saved to /home/ubuntu/.openclaw/workspace/workers/superbot/report.json
2026-04-06 04:05:41 | INFO | Status: cash=$9.46, positions=0, loop=221, active_series=['KXSOL15M', 'KXBTC15M', 'KXXRP15M', 'KXBNB15M', 'KXETH15M', 'KXHYPE15M', 'KXDOGE15M']
2026-04-06 04:05:41 | INFO | Day Realized P&L: $-29.44 (-75.7%) / -$99999.00 daily stop-loss limit
2026-04-06 04:05:41 | INFO | Coins: BTC: idle | ETH: idle | BNB: idle | SOL: idle | DOGE: idle | XRP: idle | HYPE: idle | ADA: idle
2026-04-06 04:05:41 | INFO | JSON summary saved to /home/ubuntu/.openclaw/workspace/workers/superbot/report.json
2026-04-06 04:06:11 | INFO | Status: cash=$9.46, positions=0, loop=222, active_series=['KXSOL15M', 'KXBTC15M', 'KXXRP15M', 'KXBNB15M', 'KXETH15M', 'KXHYPE15M', 'KXDOGE15M']
2026-04-06 04:06:11 | INFO | Day Realized P&L: $-29.44 (-75.7%) / -$99999.00 daily stop-loss limit
2026-04-06 04:06:11 | INFO | Coins: BTC: idle | ETH: idle | BNB: idle | SOL: idle | DOGE: idle | XRP: idle | HYPE: idle | ADA: idle
2026-04-06 04:06:11 | INFO | JSON summary saved to /home/ubuntu/.openclaw/workspace/workers/superbot/report.json
2026-04-06 04:06:41 | INFO | Status: cash=$9.46, positions=0, loop=223, active_series=['KXSOL15M', 'KXBTC15M', 'KXXRP15M', 'KXBNB15M', 'KXETH15M', 'KXHYPE15M', 'KXDOGE15M']
2026-04-06 04:06:41 | INFO | Day Realized P&L: $-29.44 (-75.7%) / -$99999.00 daily stop-loss limit
2026-04-06 04:06:41 | INFO | Coins: BTC: idle | ETH: idle | BNB: idle | SOL: idle | DOGE: idle | XRP: idle | HYPE: idle | ADA: idle
2026-04-06 04:06:41 | INFO | JSON summary saved to /home/ubuntu/.openclaw/workspace/workers/superbot/report.json
2026-04-06 04:07:11 | INFO | Status: cash=$9.46, positions=0, loop=224, active_series=['KXSOL15M', 'KXBTC15M', 'KXXRP15M', 'KXBNB15M', 'KXETH15M', 'KXHYPE15M', 'KXDOGE15M']
2026-04-06 04:07:11 | INFO | Day Realized P&L: $-29.44 (-75.7%) / -$99999.00 daily stop-loss limit
2026-04-06 04:07:11 | INFO | Coins: BTC: idle | ETH: idle | BNB: idle | SOL: idle | DOGE: idle | XRP: idle | HYPE: idle | ADA: idle
2026-04-06 04:07:11 | INFO | JSON summary saved to /home/ubuntu/.openclaw/workspace/workers/superbot/report.json
2026-04-06 04:07:41 | INFO | Status: cash=$9.46, positions=0, loop=225, active_series=['KXSOL15M', 'KXBTC15M', 'KXXRP15M', 'KXBNB15M', 'KXETH15M', 'KXHYPE15M', 'KXDOGE15M']
2026-04-06 04:07:41 | INFO | Day Realized P&L: $-29.44 (-75.7%) / -$99999.00 daily stop-loss limit
2026-04-06 04:07:41 | INFO | Coins: BTC: idle | ETH: idle | BNB: idle | SOL: idle | DOGE: idle | XRP: idle | HYPE: idle | ADA: idle
2026-04-06 04:07:41 | INFO | JSON summary saved to /home/ubuntu/.openclaw/workspace/workers/superbot/report.json
2026-04-06 04:07:41 | INFO | MOMENTUM SIGNAL: KXBNB15M-26APR060015-15 | Side: no @ $0.4800 | contracts=1 | CONF=60 | TS=30%/40% | Coinbase=bearish | age=422s
2026-04-06 04:07:42 | INFO | [BNB] REAL ORDER PLACED: {'order': {'action': 'buy', 'client_order_id': '', 'created_time': '2026-04-06T04:07:42.117192Z', 'fill_count_fp': '0.00', 'initial_count_fp': '1.00', 'last_update_time': '2026-04-06T04:07:42.117192Z', 'maker_fees_dollars': '0.000000', 'maker_fill_cost_dollars': '0.000000', 'no_price_dollars': '0.5200', 'order_id': '1745f804-1dad-4f8f-81f1-2ca1d0559437', 'remaining_count_fp': '1.00', 'side': 'no', 'status': 'resting', 'subaccount_number': 0, 'taker_fees_dollars': '0.000000', 'taker_fill_cost_dollars': '0.000000', 'ticker': 'KXBNB15M-26APR060015-15', 'type': 'limit', 'user_id': 'dd8ef7dd-9e7f-40f7-965e-e9276a7805a4', 'yes_price_dollars': '0.4800'}}
2026-04-06 04:07:42 | INFO | [BNB] Opened momentum: no KXBNB15M-26APR060015-15 @ $0.4800, contracts=1, cost=$0.52
2026-04-06 04:07:42 | INFO | 🚀 [BNB] TRADE EXECUTED: momentum no KXBNB15M-26APR060015-15 @ $0.4800, contracts=1 (daily trades: 28/30)
2026-04-06 04:08:12 | INFO | Status: cash=$8.94, positions=1, loop=226, active_series=['KXSOL15M', 'KXBTC15M', 'KXXRP15M', 'KXBNB15M', 'KXETH15M', 'KXHYPE15M', 'KXDOGE15M']
2026-04-06 04:08:12 | INFO | Day Realized P&L: $-29.96 (-77.0%) / -$99999.00 daily stop-loss limit
2026-04-06 04:08:12 | INFO | Coins: BTC: idle | ETH: idle | BNB: momentum no@0.48 | SOL: idle | DOGE: idle | XRP: idle | HYPE: idle | ADA: idle
2026-04-06 04:08:12 | INFO | JSON summary saved to /home/ubuntu/.openclaw/workspace/workers/superbot/report.json
2026-04-06 04:08:12 | INFO | FIRST_CROSS: KXBTC15M-26APR060015-15 | Direction: down | Target: $69,084.21 | Coin Price: $69,019.64
2026-04-06 04:08:12 | INFO | FIRST_CROSS SIGNAL (coin): KXBTC15M-26APR060015-15 | Direction: down | Target: $69,084.21 | Side: no @ $0.6700 | contracts=0 | CONF=40 | Coinbase=neutral
2026-04-06 04:08:12 | ERROR | [BTC] REAL ORDER FAILED: Invalid price or amount
2026-04-06 04:08:12 | INFO | KXBNB15M-26APR060015-15: SCALED IN @ $0.3050 (+$0.00), new size=$1.00, avg_price=$0.4800, scale_ins=1
2026-04-06 04:08:12 | INFO | [BNB] SCALED IN KXBNB15M-26APR060015-15: +$0.00 @ $0.3050, new_size=$1.00
2026-04-06 04:08:12 | INFO | MOMENTUM SIGNAL: KXSOL15M-26APR060015-15 | Side: yes @ $0.6750 | contracts=1 | CONF=60 | TS=30%/40% | Coinbase=bullish | age=453s
2026-04-06 04:08:12 | INFO | [SOL] REAL ORDER PLACED: {'order': {'action': 'buy', 'client_order_id': '', 'created_time': '2026-04-06T04:08:12.600673Z', 'fill_count_fp': '1.00', 'initial_count_fp': '1.00', 'last_update_time': '2026-04-06T04:08:12.600673Z', 'maker_fees_dollars': '0.000000', 'maker_fill_cost_dollars': '0.000000', 'no_price_dollars': '0.3200', 'order_id': '0c4850e1-6c6e-41c8-bdff-20b9c76d9930', 'remaining_count_fp': '0.00', 'side': 'yes', 'status': 'executed', 'subaccount_number': 0, 'taker_fees_dollars': '0.020000', 'taker_fill_cost_dollars': '0.440000', 'ticker': 'KXSOL15M-26APR060015-15', 'type': 'limit', 'user_id': 'dd8ef7dd-9e7f-40f7-965e-e9276a7805a4', 'yes_price_dollars': '0.6800'}}
2026-04-06 04:08:12 | INFO | [SOL] Opened momentum: yes KXSOL15M-26APR060015-15 @ $0.6750, contracts=1, cost=$0.68
2026-04-06 04:08:12 | INFO | 🚀 [SOL] TRADE EXECUTED: momentum yes KXSOL15M-26APR060015-15 @ $0.6750, contracts=1 (daily trades: 29/30)
2026-04-06 04:08:12 | INFO | FIRST_CROSS: KXXRP15M-26APR060015-15 | Direction: down | Target: $1.34 | Coin Price: $1.34
2026-04-06 04:08:12 | INFO | FIRST_CROSS SIGNAL (coin): KXXRP15M-26APR060015-15 | Direction: down | Target: $1.34 | Side: no @ $0.6250 | contracts=0 | CONF=40 | Coinbase=neutral
2026-04-06 04:08:12 | ERROR | [XRP] REAL ORDER FAILED: Invalid price or amount
2026-04-06 04:08:42 | INFO | Status: cash=$8.26, positions=2, loop=227, active_series=['KXSOL15M', 'KXBTC15M', 'KXXRP15M', 'KXBNB15M', 'KXETH15M', 'KXHYPE15M', 'KXDOGE15M']
2026-04-06 04:08:42 | INFO | Day Realized P&L: $-30.64 (-78.8%) / -$99999.00 daily stop-loss limit
2026-04-06 04:08:42 | INFO | Coins: BTC: idle | ETH: idle | BNB: momentum no@0.48 | SOL: momentum yes@0.68 | DOGE: idle | XRP: idle | HYPE: idle | ADA: idle
2026-04-06 04:08:42 | INFO | JSON summary saved to /home/ubuntu/.openclaw/workspace/workers/superbot/report.json
2026-04-06 04:08:42 | INFO | FIRST_CROSS: KXETH15M-26APR060015-15 | Direction: up | Target: $2,128.08 | Coin Price: $2,128.14
2026-04-06 04:08:42 | INFO | KXBNB15M-26APR060015-15: SCALED IN @ $0.1900 (+$0.00), new size=$1.00, avg_price=$0.4800, scale_ins=2
2026-04-06 04:08:42 | INFO | [BNB] SCALED IN KXBNB15M-26APR060015-15: +$0.00 @ $0.1900, new_size=$1.00
2026-04-06 04:08:42 | INFO | FIRST_CROSS: KXDOGE15M-26APR060015-15 crossed UP through $0.50 (was $0.4800, now $0.7000)
2026-04-06 04:08:42 | INFO | FIRST_CROSS SIGNAL (midpoint): KXDOGE15M-26APR060015-15 | Direction: yes | Side: yes @ $0.7000 | contracts=0 | CONF=53 | TS=50%/40% | Coinbase=None | max_hold=10min
2026-04-06 04:08:42 | ERROR | [DOGE] REAL ORDER FAILED: Invalid price or amount
2026-04-06 04:08:42 | INFO | FIRST_CROSS: KXXRP15M-26APR060015-15 crossed DOWN through $0.50 (was $0.6750, now $0.4150)
2026-04-06 04:09:12 | INFO | Status: cash=$8.26, positions=2, loop=228, active_series=['KXSOL15M', 'KXBTC15M', 'KXXRP15M', 'KXBNB15M', 'KXETH15M', 'KXHYPE15M', 'KXDOGE15M']
2026-04-06 04:09:12 | INFO | Day Realized P&L: $-30.64 (-78.8%) / -$99999.00 daily stop-loss limit
2026-04-06 04:09:12 | INFO | Coins: BTC: idle | ETH: idle | BNB: momentum no@0.48 | SOL: momentum yes@0.68 | DOGE: idle | XRP: idle | HYPE: idle | ADA: idle
2026-04-06 04:09:12 | INFO | JSON summary saved to /home/ubuntu/.openclaw/workspace/workers/superbot/report.json
2026-04-06 04:09:13 | INFO | MOMENTUM SIGNAL: KXETH15M-26APR060015-15 | Side: no @ $0.4150 | contracts=1 | CONF=60 | TS=30%/40% | Coinbase=bearish | age=513s
2026-04-06 04:09:13 | INFO | [ETH] REAL ORDER PLACED: {'order': {'action': 'buy', 'client_order_id': '', 'created_time': '2026-04-06T04:09:13.229004Z', 'fill_count_fp': '0.00', 'initial_count_fp': '1.00', 'last_update_time': '2026-04-06T04:09:13.229004Z', 'maker_fees_dollars': '0.000000', 'maker_fill_cost_dollars': '0.000000', 'no_price_dollars': '0.5800', 'order_id': '8ec20b2f-5223-4f4f-b5a1-2b4c980afc10', 'remaining_count_fp': '1.00', 'side': 'no', 'status': 'resting', 'subaccount_number': 0, 'taker_fees_dollars': '0.000000', 'taker_fill_cost_dollars': '0.000000', 'ticker': 'KXETH15M-26APR060015-15', 'type': 'limit', 'user_id': 'dd8ef7dd-9e7f-40f7-965e-e9276a7805a4', 'yes_price_dollars': '0.4200'}}
2026-04-06 04:09:13 | INFO | [ETH] Opened momentum: no KXETH15M-26APR060015-15 @ $0.4150, contracts=1, cost=$0.58
2026-04-06 04:09:13 | INFO | 🚀 [ETH] TRADE EXECUTED: momentum no KXETH15M-26APR060015-15 @ $0.4150, contracts=1 (daily trades: 30/30)
2026-04-06 04:09:13 | INFO | KXBNB15M-26APR060015-15: TRAILING STOP HIT @ $0.3400 (trough=$0.1900, rise=78.9%, locked=29.2%)
2026-04-06 04:09:13 | INFO | [BNB] REAL CLOSE ORDER PLACED: {'order': {'action': 'buy', 'client_order_id': '', 'created_time': '2026-04-06T04:09:13.475898Z', 'fill_count_fp': '1.00', 'initial_count_fp': '1.00', 'last_update_time': '2026-04-06T04:09:13.475898Z', 'maker_fees_dollars': '0.000000', 'maker_fill_cost_dollars': '0.000000', 'no_price_dollars': '0.6600', 'order_id': '0dcb34a2-a0b6-48b7-b1f1-b54dc7795126', 'remaining_count_fp': '0.00', 'side': 'yes', 'status': 'executed', 'subaccount_number': 0, 'taker_fees_dollars': '0.020000', 'taker_fill_cost_dollars': '0.300000', 'ticker': 'KXBNB15M-26APR060015-15', 'type': 'limit', 'user_id': 'dd8ef7dd-9e7f-40f7-965e-e9276a7805a4', 'yes_price_dollars': '0.3400'}}
2026-04-06 04:09:13 | INFO | [BNB] Closed KXBNB15M-26APR060015-15: TRAILING STOP: locked in profits, PnL=$-0.14
2026-04-06 04:09:13 | INFO | Strategy momentum stats: W=33.33%, R=1.59x, Kelly=4.00%
2026-04-06 04:09:13 | INFO | Trade recorded: KXBNB15M-26APR060015-15 no momentum PnL=$-0.14
2026-04-06 04:09:13 | INFO | [BNB] Position closed. Cooldown started: must wait 2 cycles before re-entering
2026-04-06 04:09:13 | INFO | MOMENTUM SIGNAL: KXBNB15M-26APR060015-15 | Side: no @ $0.3400 | contracts=1 | CONF=60 | TS=30%/40% | Coinbase=bearish | age=514s
2026-04-06 04:09:13 | INFO | [BNB] REAL ORDER PLACED: {'order': {'action': 'buy', 'client_order_id': '', 'created_time': '2026-04-06T04:09:13.699372Z', 'fill_count_fp': '0.00', 'initial_count_fp': '1.00', 'last_update_time': '2026-04-06T04:09:13.699372Z', 'maker_fees_dollars': '0.000000', 'maker_fill_cost_dollars': '0.000000', 'no_price_dollars': '0.6600', 'order_id': '6d828693-1992-4ecd-91c9-16d3b483a0e5', 'remaining_count_fp': '1.00', 'side': 'no', 'status': 'resting', 'subaccount_number': 0, 'taker_fees_dollars': '0.000000', 'taker_fill_cost_dollars': '0.000000', 'ticker': 'KXBNB15M-26APR060015-15', 'type': 'limit', 'user_id': 'dd8ef7dd-9e7f-40f7-965e-e9276a7805a4', 'yes_price_dollars': '0.3400'}}
2026-04-06 04:09:13 | INFO | [BNB] Opened momentum: no KXBNB15M-26APR060015-15 @ $0.3400, contracts=1, cost=$0.66
2026-04-06 04:09:13 | INFO | 🚀 [BNB] TRADE EXECUTED: momentum no KXBNB15M-26APR060015-15 @ $0.3400, contracts=1 (daily trades: 31/30)
2026-04-06 04:09:43 | INFO | Status: cash=$7.02, positions=3, loop=229, active_series=['KXSOL15M', 'KXBTC15M', 'KXXRP15M', 'KXBNB15M', 'KXETH15M', 'KXHYPE15M', 'KXDOGE15M']
2026-04-06 04:09:43 | INFO | Day Realized P&L: $-31.88 (-82.0%) / -$99999.00 daily stop-loss limit
2026-04-06 04:09:43 | INFO | Coins: BTC: idle | ETH: momentum no@0.42 | BNB: momentum no@0.34 | SOL: momentum yes@0.68 | DOGE: idle | XRP: idle | HYPE: idle | ADA: idle
2026-04-06 04:09:43 | INFO | JSON summary saved to /home/ubuntu/.openclaw/workspace/workers/superbot/report.json
2026-04-06 04:09:43 | WARNING | !!! DAILY TRADE LIMIT REACHED !!! 31 trades - stopping trading
2026-04-06 08:44:27 | INFO | CoinTrader initialized for BTC (KXBTC15M)
2026-04-06 08:44:27 | INFO | CoinTrader initialized for ETH (KXETH15M)
2026-04-06 08:44:27 | INFO | CoinTrader initialized for BNB (KXBNB15M)
2026-04-06 08:44:27 | INFO | CoinTrader initialized for SOL (KXSOL15M)
2026-04-06 08:44:27 | INFO | CoinTrader initialized for DOGE (KXDOGE15M)
2026-04-06 08:44:27 | INFO | CoinTrader initialized for XRP (KXXRP15M)
2026-04-06 08:44:27 | INFO | CoinTrader initialized for HYPE (KXHYPE15M)
2026-04-06 08:44:27 | INFO | CoinTrader initialized for ADA (KXADA15M)
2026-04-06 08:44:27 | INFO | ============================================================
2026-04-06 08:44:27 | INFO | SUPERBOT INITIALIZED - NERD v2 STRATEGY
2026-04-06 08:44:27 | INFO | Coins: ['BTC', 'ETH', 'BNB', 'SOL', 'DOGE', 'XRP', 'HYPE', 'ADA']
2026-04-06 08:44:27 | INFO | Tickers: ['KXBTC15M', 'KXETH15M', 'KXBNB15M', 'KXSOL15M', 'KXDOGE15M', 'KXXRP15M', 'KXHYPE15M', 'KXADA15M']
2026-04-06 08:44:27 | INFO | Starting balance: $34.67
2026-04-06 08:44:27 | INFO | Max positions: 3 (was 5)
2026-04-06 08:44:27 | INFO | Max bet per trade: $2.00
2026-04-06 08:44:27 | INFO | Max daily loss: $99999.00
2026-04-06 08:44:27 | INFO | Max daily trades: 30
2026-04-06 08:44:27 | INFO | Coinbase pre-filter: poll every 10s (FREE)
2026-04-06 08:44:27 | INFO | Kalshi polling: every 30s (was 2s)
2026-04-06 08:44:27 | INFO | STRATEGY: First Cross + Momentum BOTH (let them compete)
2026-04-06 08:44:27 | INFO | ============================================================
2026-04-06 08:44:27 | INFO | Starting SMART POLLING trading loop (Recorder's approach)...
2026-04-06 08:44:27 | INFO | Report session started: 2026-04-06 08:44:27 UTC
2026-04-06 08:44:27 | WARNING | !!! SIZING REDUCED !!! Cash $34.67 < $80 - reducing position sizes by 50%
2026-04-06 08:44:27 | INFO | 😴 IDLE: checked KXBTC15M (poll #1) | Day Realized P&L: $0.00 (0e+00%)
2026-04-06 08:44:57 | INFO | Status: cash=$34.67, positions=0, loop=2, active_series=['KXXRP15M', 'KXDOGE15M', 'KXSOL15M', 'KXBNB15M', 'KXETH15M', 'KXHYPE15M', 'KXBTC15M']
2026-04-06 08:44:57 | INFO | Day Realized P&L: $0.00 (0.0%) / -$99999.00 daily stop-loss limit
2026-04-06 08:44:57 | INFO | Coins: BTC: idle | ETH: idle | BNB: idle | SOL: idle | DOGE: idle | XRP: idle | HYPE: idle | ADA: idle
2026-04-06 08:44:57 | INFO | JSON summary saved to /home/ubuntu/.openclaw/workspace/workers/superbot/report.json
2026-04-06 08:45:27 | INFO | Status: cash=$34.67, positions=0, loop=3, active_series=['KXXRP15M', 'KXDOGE15M', 'KXSOL15M', 'KXBNB15M', 'KXETH15M', 'KXHYPE15M', 'KXBTC15M']
2026-04-06 08:45:27 | INFO | Day Realized P&L: $0.00 (0.0%) / -$99999.00 daily stop-loss limit
2026-04-06 08:45:27 | INFO | Coins: BTC: idle | ETH: idle | BNB: idle | SOL: idle | DOGE: idle | XRP: idle | HYPE: idle | ADA: idle
2026-04-06 08:45:27 | INFO | JSON summary saved to /home/ubuntu/.openclaw/workspace/workers/superbot/report.json
2026-04-06 08:45:27 | INFO | FIRST_CROSS: KXBTC15M-26APR060500-00 target price set to $69,282.32
2026-04-06 08:45:27 | INFO | FIRST_CROSS: KXETH15M-26APR060500-00 target price set to $2,140.67
2026-04-06 08:45:27 | INFO | FIRST_CROSS: KXBNB15M-26APR060500-00 target price set to $604.39
2026-04-06 08:45:27 | INFO | FIRST_CROSS: KXSOL15M-26APR060500-00 target price set to $82.13
2026-04-06 08:45:27 | INFO | FIRST_CROSS: KXDOGE15M-26APR060500-00 target price set to $0.09
2026-04-06 08:45:27 | INFO | FIRST_CROSS: KXXRP15M-26APR060500-00 target price set to $1.34
2026-04-06 08:45:27 | INFO | FIRST_CROSS: KXHYPE15M-26APR060500-00 target price set to $37.32
2026-04-06 08:45:57 | INFO | Status: cash=$34.67, positions=0, loop=4, active_series=['KXXRP15M', 'KXDOGE15M', 'KXSOL15M', 'KXBNB15M', 'KXETH15M', 'KXHYPE15M', 'KXBTC15M']
2026-04-06 08:45:57 | INFO | Day Realized P&L: $0.00 (0.0%) / -$99999.00 daily stop-loss limit
2026-04-06 08:45:57 | INFO | Coins: BTC: idle | ETH: idle | BNB: idle | SOL: idle | DOGE: idle | XRP: idle | HYPE: idle | ADA: idle
2026-04-06 08:45:57 | INFO | JSON summary saved to /home/ubuntu/.openclaw/workspace/workers/superbot/report.json
2026-04-06 08:45:57 | INFO | FIRST_CROSS: KXETH15M-26APR060500-00 crossed UP through $0.50 (was $0.4750, now $0.5200)
2026-04-06 08:45:57 | INFO | FIRST_CROSS SIGNAL (midpoint): KXETH15M-26APR060500-00 | Direction: yes | Side: yes @ $0.5200 | contracts=0 | CONF=43 | TS=50%/40% | Coinbase=bullish | max_hold=10min
2026-04-06 08:45:57 | ERROR | [ETH] REAL ORDER FAILED: Invalid price or amount
2026-04-06 08:45:58 | INFO | FIRST_CROSS: KXSOL15M-26APR060500-00 crossed UP through $0.50 (was $0.4650, now $0.5050)
2026-04-06 08:45:58 | INFO | FIRST_CROSS SIGNAL (midpoint): KXSOL15M-26APR060500-00 | Direction: yes | Side: yes @ $0.5050 | contracts=0 | CONF=43 | TS=50%/40% | Coinbase=bullish | max_hold=10min
2026-04-06 08:45:58 | ERROR | [SOL] REAL ORDER FAILED: Invalid price or amount
2026-04-06 08:45:58 | INFO | FIRST_CROSS: KXDOGE15M-26APR060500-00 crossed DOWN through $0.50 (was $0.5100, now $0.4550)
2026-04-06 08:45:58 | INFO | FIRST_CROSS SIGNAL (midpoint): KXDOGE15M-26APR060500-00 | Direction: no | Side: no @ $0.4550 | contracts=0 | CONF=43 | TS=50%/40% | Coinbase=None | max_hold=10min
2026-04-06 08:45:58 | ERROR | [DOGE] REAL ORDER FAILED: Invalid price or amount
2026-04-06 08:45:58 | INFO | FIRST_CROSS: KXXRP15M-26APR060500-00 crossed DOWN through $0.50 (was $0.5600, now $0.3850)
2026-04-06 08:45:58 | INFO | FIRST_CROSS SIGNAL (midpoint): KXXRP15M-26APR060500-00 | Direction: no | Side: no @ $0.3850 | contracts=0 | CONF=56 | TS=50%/40% | Coinbase=bearish | max_hold=10min
2026-04-06 08:45:58 | ERROR | [XRP] REAL ORDER FAILED: Invalid price or amount
2026-04-06 08:46:28 | INFO | Status: cash=$34.67, positions=0, loop=5, active_series=['KXXRP15M', 'KXDOGE15M', 'KXSOL15M', 'KXBNB15M', 'KXETH15M', 'KXHYPE15M', 'KXBTC15M']
2026-04-06 08:46:28 | INFO | Day Realized P&L: $0.00 (0.0%) / -$99999.00 daily stop-loss limit
2026-04-06 08:46:28 | INFO | Coins: BTC: idle | ETH: idle | BNB: idle | SOL: idle | DOGE: idle | XRP: idle | HYPE: idle | ADA: idle
2026-04-06 08:46:28 | INFO | JSON summary saved to /home/ubuntu/.openclaw/workspace/workers/superbot/report.json
2026-04-06 08:46:28 | INFO | FIRST_CROSS SIGNAL (midpoint): KXETH15M-26APR060500-00 | Direction: yes | Side: yes @ $0.4050 | contracts=0 | CONF=43 | TS=50%/40% | Coinbase=None | max_hold=10min
2026-04-06 08:46:28 | ERROR | [ETH] REAL ORDER FAILED: Invalid price or amount
2026-04-06 08:46:28 | INFO | FIRST_CROSS SIGNAL (midpoint): KXSOL15M-26APR060500-00 | Direction: yes | Side: yes @ $0.4850 | contracts=0 | CONF=43 | TS=50%/40% | Coinbase=None | max_hold=10min
2026-04-06 08:46:28 | ERROR | [SOL] REAL ORDER FAILED: Invalid price or amount
2026-04-06 08:46:28 | INFO | FIRST_CROSS SIGNAL (midpoint): KXDOGE15M-26APR060500-00 | Direction: no | Side: no @ $0.3850 | contracts=0 | CONF=56 | TS=50%/40% | Coinbase=None | max_hold=10min
2026-04-06 08:46:28 | ERROR | [DOGE] REAL ORDER FAILED: Invalid price or amount
2026-04-06 08:46:28 | INFO | FIRST_CROSS SIGNAL (midpoint): KXXRP15M-26APR060500-00 | Direction: no | Side: no @ $0.3250 | contracts=0 | CONF=56 | TS=50%/40% | Coinbase=bearish | max_hold=10min
2026-04-06 08:46:28 | ERROR | [XRP] REAL ORDER FAILED: Invalid price or amount
2026-04-06 08:46:58 | INFO | Status: cash=$34.67, positions=0, loop=6, active_series=['KXXRP15M', 'KXDOGE15M', 'KXSOL15M', 'KXBNB15M', 'KXETH15M', 'KXHYPE15M', 'KXBTC15M']
2026-04-06 08:46:58 | INFO | Day Realized P&L: $0.00 (0.0%) / -$99999.00 daily stop-loss limit
2026-04-06 08:46:58 | INFO | Coins: BTC: idle | ETH: idle | BNB: idle | SOL: idle | DOGE: idle | XRP: idle | HYPE: idle | ADA: idle
2026-04-06 08:46:58 | INFO | JSON summary saved to /home/ubuntu/.openclaw/workspace/workers/superbot/report.json
2026-04-06 08:46:58 | INFO | FIRST_CROSS SIGNAL (midpoint): KXETH15M-26APR060500-00 | Direction: yes | Side: yes @ $0.4400 | contracts=0 | CONF=43 | TS=50%/40% | Coinbase=None | max_hold=10min
2026-04-06 08:46:58 | ERROR | [ETH] REAL ORDER FAILED: Invalid price or amount
2026-04-06 08:46:58 | INFO | FIRST_CROSS SIGNAL (midpoint): KXSOL15M-26APR060500-00 | Direction: yes | Side: yes @ $0.4900 | contracts=0 | CONF=43 | TS=50%/40% | Coinbase=None | max_hold=10min
2026-04-06 08:46:58 | ERROR | [SOL] REAL ORDER FAILED: Invalid price or amount
2026-04-06 08:46:58 | INFO | FIRST_CROSS SIGNAL (midpoint): KXDOGE15M-26APR060500-00 | Direction: no | Side: no @ $0.4500 | contracts=0 | CONF=43 | TS=50%/40% | Coinbase=None | max_hold=10min
2026-04-06 08:46:58 | ERROR | [DOGE] REAL ORDER FAILED: Invalid price or amount
2026-04-06 08:46:58 | INFO | FIRST_CROSS SIGNAL (midpoint): KXXRP15M-26APR060500-00 | Direction: no | Side: no @ $0.3150 | contracts=0 | CONF=56 | TS=50%/40% | Coinbase=bearish | max_hold=10min
2026-04-06 08:46:58 | ERROR | [XRP] REAL ORDER FAILED: Invalid price or amount
2026-04-06 08:47:28 | INFO | Status: cash=$34.67, positions=0, loop=7, active_series=['KXXRP15M', 'KXDOGE15M', 'KXSOL15M', 'KXBNB15M', 'KXETH15M', 'KXHYPE15M', 'KXBTC15M']
2026-04-06 08:47:28 | INFO | Day Realized P&L: $0.00 (0.0%) / -$99999.00 daily stop-loss limit
2026-04-06 08:47:28 | INFO | Coins: BTC: idle | ETH: idle | BNB: idle | SOL: idle | DOGE: idle | XRP: idle | HYPE: idle | ADA: idle
2026-04-06 08:47:28 | INFO | JSON summary saved to /home/ubuntu/.openclaw/workspace/workers/superbot/report.json
2026-04-06 08:47:28 | INFO | MOMENTUM SIGNAL: KXBTC15M-26APR060500-00 | Side: yes @ $0.5950 | contracts=2 | CONF=60 | TS=30%/40% | Coinbase=bullish | age=121s
2026-04-06 08:47:29 | INFO | [BTC] REAL ORDER PLACED: {'order': {'action': 'buy', 'client_order_id': '', 'created_time': '2026-04-06T08:47:29.051143Z', 'fill_count_fp': '2.00', 'initial_count_fp': '2.00', 'last_update_time': '2026-04-06T08:47:29.051143Z', 'maker_fees_dollars': '0.000000', 'maker_fill_cost_dollars': '0.000000', 'no_price_dollars': '0.4100', 'order_id': '0669142f-305e-4268-bdff-5c9c7540aa14', 'remaining_count_fp': '0.00', 'side': 'yes', 'status': 'executed', 'subaccount_number': 0, 'taker_fees_dollars': '0.040000', 'taker_fill_cost_dollars': '0.960000', 'ticker': 'KXBTC15M-26APR060500-00', 'type': 'limit', 'user_id': 'dd8ef7dd-9e7f-40f7-965e-e9276a7805a4', 'yes_price_dollars': '0.5900'}}
2026-04-06 08:47:29 | INFO | [BTC] Opened momentum: yes KXBTC15M-26APR060500-00 @ $0.5950, contracts=2, cost=$1.19
2026-04-06 08:47:29 | INFO | 🚀 [BTC] TRADE EXECUTED: momentum yes KXBTC15M-26APR060500-00 @ $0.5950, contracts=2 (daily trades: 1/30)
2026-04-06 08:47:29 | INFO | MOMENTUM SIGNAL: KXETH15M-26APR060500-00 | Side: yes @ $0.5450 | contracts=2 | CONF=60 | TS=30%/40% | Coinbase=bullish | age=121s
2026-04-06 08:47:29 | INFO | [ETH] REAL ORDER PLACED: {'order': {'action': 'buy', 'client_order_id': '', 'created_time': '2026-04-06T08:47:29.278612Z', 'fill_count_fp': '2.00', 'initial_count_fp': '2.00', 'last_update_time': '2026-04-06T08:47:29.278612Z', 'maker_fees_dollars': '0.000000', 'maker_fill_cost_dollars': '0.000000', 'no_price_dollars': '0.4600', 'order_id': '6da0b0e8-2a4a-4944-93dd-84c3e8d0445a', 'remaining_count_fp': '0.00', 'side': 'yes', 'status': 'executed', 'subaccount_number': 0, 'taker_fees_dollars': '0.040000', 'taker_fill_cost_dollars': '0.860000', 'ticker': 'KXETH15M-26APR060500-00', 'type': 'limit', 'user_id': 'dd8ef7dd-9e7f-40f7-965e-e9276a7805a4', 'yes_price_dollars': '0.5400'}}
2026-04-06 08:47:29 | INFO | [ETH] Opened momentum: yes KXETH15M-26APR060500-00 @ $0.5450, contracts=2, cost=$1.09
2026-04-06 08:47:29 | INFO | 🚀 [ETH] TRADE EXECUTED: momentum yes KXETH15M-26APR060500-00 @ $0.5450, contracts=2 (daily trades: 2/30)
2026-04-06 08:47:29 | INFO | MOMENTUM SIGNAL: KXBNB15M-26APR060500-00 | Side: yes @ $0.5050 | contracts=3 | CONF=60 | TS=30%/40% | Coinbase=bullish | age=122s
2026-04-06 08:47:29 | INFO | [BNB] REAL ORDER PLACED: {'order': {'action': 'buy', 'client_order_id': '', 'created_time': '2026-04-06T08:47:29.503342Z', 'fill_count_fp': '2.00', 'initial_count_fp': '2.00', 'last_update_time': '2026-04-06T08:47:29.503342Z', 'maker_fees_dollars': '0.000000', 'maker_fill_cost_dollars': '0.000000', 'no_price_dollars': '0.4900', 'order_id': 'b7f2e818-a150-4830-93f0-61766c86d5ff', 'remaining_count_fp': '0.00', 'side': 'yes', 'status': 'executed', 'subaccount_number': 0, 'taker_fees_dollars': '0.040000', 'taker_fill_cost_dollars': '0.940000', 'ticker': 'KXBNB15M-26APR060500-00', 'type': 'limit', 'user_id': 'dd8ef7dd-9e7f-40f7-965e-e9276a7805a4', 'yes_price_dollars': '0.5100'}}
2026-04-06 08:47:29 | INFO | [BNB] Opened momentum: yes KXBNB15M-26APR060500-00 @ $0.5050, contracts=2, cost=$1.01
2026-04-06 08:47:29 | INFO | 🚀 [BNB] TRADE EXECUTED: momentum yes KXBNB15M-26APR060500-00 @ $0.5050, contracts=2 (daily trades: 3/30)
2026-04-06 08:47:59 | INFO | Status: cash=$31.38, positions=3, loop=8, active_series=['KXXRP15M', 'KXDOGE15M', 'KXSOL15M', 'KXBNB15M', 'KXETH15M', 'KXHYPE15M', 'KXBTC15M']
2026-04-06 08:47:59 | INFO | Day Realized P&L: $-3.29 (-9.5%) / -$99999.00 daily stop-loss limit
2026-04-06 08:47:59 | INFO | Coins: BTC: momentum yes@0.59 | ETH: momentum yes@0.54 | BNB: momentum yes@0.51 | SOL: idle | DOGE: idle | XRP: idle | HYPE: idle | ADA: idle
2026-04-06 08:47:59 | INFO | JSON summary saved to /home/ubuntu/.openclaw/workspace/workers/superbot/report.json
2026-04-06 08:48:29 | INFO | Status: cash=$31.38, positions=3, loop=9, active_series=['KXXRP15M', 'KXDOGE15M', 'KXSOL15M', 'KXBNB15M', 'KXETH15M', 'KXHYPE15M', 'KXBTC15M']
2026-04-06 08:48:29 | INFO | Day Realized P&L: $-3.29 (-9.5%) / -$99999.00 daily stop-loss limit
2026-04-06 08:48:29 | INFO | Coins: BTC: momentum yes@0.59 | ETH: momentum yes@0.54 | BNB: momentum yes@0.51 | SOL: idle | DOGE: idle | XRP: idle | HYPE: idle | ADA: idle
2026-04-06 08:48:29 | INFO | JSON summary saved to /home/ubuntu/.openclaw/workspace/workers/superbot/report.json
2026-04-06 08:48:29 | INFO | KXBTC15M-26APR060500-00: TIME-SCALED STOP HIT @ $0.2650 (entry=$0.5950, stop=48%, loss=55.5%, age=1.0min)
2026-04-06 08:48:30 | INFO | [BTC] REAL CLOSE ORDER PLACED: {'order': {'action': 'buy', 'client_order_id': '', 'created_time': '2026-04-06T08:48:30.077441Z', 'fill_count_fp': '0.00', 'initial_count_fp': '5.00', 'last_update_time': '2026-04-06T08:48:30.077441Z', 'maker_fees_dollars': '0.000000', 'maker_fill_cost_dollars': '0.000000', 'no_price_dollars': '0.7300', 'order_id': '62aefee4-fb46-45f8-a2cc-926bf35d6af0', 'remaining_count_fp': '5.00', 'side': 'no', 'status': 'resting', 'subaccount_number': 0, 'taker_fees_dollars': '0.000000', 'taker_fill_cost_dollars': '0.000000', 'ticker': 'KXBTC15M-26APR060500-00', 'type': 'limit', 'user_id': 'dd8ef7dd-9e7f-40f7-965e-e9276a7805a4', 'yes_price_dollars': '0.2700'}}
2026-04-06 08:48:30 | INFO | [BTC] Closed KXBTC15M-26APR060500-00: TIME-SCALED STOP: -48% loss locked in, PnL=$-0.66
2026-04-06 08:48:30 | INFO | Strategy momentum stats: W=0.00%, R=1.52x, Kelly=4.00%
2026-04-06 08:48:30 | INFO | Trade recorded: KXBTC15M-26APR060500-00 yes momentum PnL=$-0.66
2026-04-06 08:48:30 | INFO | [BTC] Position closed. Cooldown started: must wait 2 cycles before re-entering
2026-04-06 08:48:30 | INFO | FIRST_CROSS SIGNAL (midpoint): KXDOGE15M-26APR060500-00 | Direction: no | Side: no @ $0.3300 | contracts=0 | CONF=56 | TS=50%/40% | Coinbase=None | max_hold=10min
2026-04-06 08:48:30 | ERROR | [DOGE] REAL ORDER FAILED: Invalid price or amount
2026-04-06 08:48:30 | INFO | FIRST_CROSS: KXHYPE15M-26APR060500-00 crossed DOWN through $0.50 (was $0.5150, now $0.3250)
2026-04-06 08:48:30 | INFO | FIRST_CROSS SIGNAL (midpoint): KXHYPE15M-26APR060500-00 | Direction: no | Side: no @ $0.3250 | contracts=0 | CONF=56 | TS=50%/40% | Coinbase=None | max_hold=10min
2026-04-06 08:48:30 | ERROR | [HYPE] REAL ORDER FAILED: Invalid price or amount
2026-04-06 08:49:00 | INFO | Status: cash=$31.38, positions=2, loop=10, active_series=['KXXRP15M', 'KXDOGE15M', 'KXSOL15M', 'KXBNB15M', 'KXETH15M', 'KXHYPE15M', 'KXBTC15M']
2026-04-06 08:49:00 | INFO | Day Realized P&L: $-3.29 (-9.5%) / -$99999.00 daily stop-loss limit
2026-04-06 08:49:00 | INFO | Coins: BTC: idle | ETH: momentum yes@0.54 | BNB: momentum yes@0.51 | SOL: idle | DOGE: idle | XRP: idle | HYPE: idle | ADA: idle
2026-04-06 08:49:00 | INFO | JSON summary saved to /home/ubuntu/.openclaw/workspace/workers/superbot/report.json
2026-04-06 08:49:00 | INFO | FIRST_CROSS SIGNAL (midpoint): KXDOGE15M-26APR060500-00 | Direction: no | Side: no @ $0.3650 | contracts=0 | CONF=56 | TS=50%/40% | Coinbase=None | max_hold=10min
2026-04-06 08:49:00 | ERROR | [DOGE] REAL ORDER FAILED: Invalid price or amount
2026-04-06 08:49:00 | INFO | FIRST_CROSS SIGNAL (midpoint): KXHYPE15M-26APR060500-00 | Direction: no | Side: no @ $0.4150 | contracts=0 | CONF=43 | TS=50%/40% | Coinbase=None | max_hold=10min
2026-04-06 08:49:00 | ERROR | [HYPE] REAL ORDER FAILED: Invalid price or amount
2026-04-06 08:49:30 | INFO | Status: cash=$31.38, positions=2, loop=11, active_series=['KXXRP15M', 'KXDOGE15M', 'KXSOL15M', 'KXBNB15M', 'KXETH15M', 'KXHYPE15M', 'KXBTC15M']
2026-04-06 08:49:30 | INFO | Day Realized P&L: $-3.29 (-9.5%) / -$99999.00 daily stop-loss limit
2026-04-06 08:49:30 | INFO | Coins: BTC: idle | ETH: momentum yes@0.54 | BNB: momentum yes@0.51 | SOL: idle | DOGE: idle | XRP: idle | HYPE: idle | ADA: idle
2026-04-06 08:49:30 | INFO | JSON summary saved to /home/ubuntu/.openclaw/workspace/workers/superbot/report.json
2026-04-06 08:49:30 | INFO | [BTC] Cooldown complete - can trade again
2026-04-06 08:49:30 | INFO | FIRST_CROSS SIGNAL (midpoint): KXDOGE15M-26APR060500-00 | Direction: no | Side: no @ $0.3600 | contracts=0 | CONF=56 | TS=50%/40% | Coinbase=None | max_hold=10min
2026-04-06 08:49:30 | ERROR | [DOGE] REAL ORDER FAILED: Invalid price or amount
2026-04-06 08:49:30 | INFO | FIRST_CROSS SIGNAL (midpoint): KXHYPE15M-26APR060500-00 | Direction: no | Side: no @ $0.4550 | contracts=0 | CONF=43 | TS=50%/40% | Coinbase=None | max_hold=10min
2026-04-06 08:49:30 | ERROR | [HYPE] REAL ORDER FAILED: Invalid price or amount
2026-04-06 08:50:00 | INFO | Status: cash=$31.38, positions=2, loop=12, active_series=['KXXRP15M', 'KXDOGE15M', 'KXSOL15M', 'KXBNB15M', 'KXETH15M', 'KXHYPE15M', 'KXBTC15M']
2026-04-06 08:50:00 | INFO | Day Realized P&L: $-3.29 (-9.5%) / -$99999.00 daily stop-loss limit
2026-04-06 08:50:00 | INFO | Coins: BTC: idle | ETH: momentum yes@0.54 | BNB: momentum yes@0.51 | SOL: idle | DOGE: idle | XRP: idle | HYPE: idle | ADA: idle
2026-04-06 08:50:00 | INFO | JSON summary saved to /home/ubuntu/.openclaw/workspace/workers/superbot/report.json
2026-04-06 08:50:00 | INFO | FIRST_CROSS SIGNAL (midpoint): KXDOGE15M-26APR060500-00 | Direction: no | Side: no @ $0.3500 | contracts=0 | CONF=53 | TS=50%/40% | Coinbase=None | max_hold=10min
2026-04-06 08:50:00 | ERROR | [DOGE] REAL ORDER FAILED: Invalid price or amount
2026-04-06 08:50:00 | INFO | MOMENTUM SIGNAL: KXHYPE15M-26APR060500-00 | Side: yes @ $0.5100 | contracts=2 | CONF=60 | TS=30%/40% | Coinbase=bullish | age=273s
2026-04-06 08:50:01 | INFO | [HYPE] REAL ORDER PLACED: {'order': {'action': 'buy', 'client_order_id': '', 'created_time': '2026-04-06T08:50:01.150573Z', 'fill_count_fp': '0.00', 'initial_count_fp': '2.00', 'last_update_time': '2026-04-06T08:50:01.150573Z', 'maker_fees_dollars': '0.000000', 'maker_fill_cost_dollars': '0.000000', 'no_price_dollars': '0.4900', 'order_id': '78c7762f-9c49-463b-8e80-f128e7c9a175', 'remaining_count_fp': '2.00', 'side': 'yes', 'status': 'resting', 'subaccount_number': 0, 'taker_fees_dollars': '0.000000', 'taker_fill_cost_dollars': '0.000000', 'ticker': 'KXHYPE15M-26APR060500-00', 'type': 'limit', 'user_id': 'dd8ef7dd-9e7f-40f7-965e-e9276a7805a4', 'yes_price_dollars': '0.5100'}}
2026-04-06 08:50:01 | INFO | [HYPE] Opened momentum: yes KXHYPE15M-26APR060500-00 @ $0.5100, contracts=2, cost=$1.02
2026-04-06 08:50:01 | INFO | 🚀 [HYPE] TRADE EXECUTED: momentum yes KXHYPE15M-26APR060500-00 @ $0.5100, contracts=2 (daily trades: 4/30)
2026-04-06 08:50:31 | INFO | Status: cash=$30.36, positions=3, loop=13, active_series=['KXXRP15M', 'KXDOGE15M', 'KXSOL15M', 'KXBNB15M', 'KXETH15M', 'KXHYPE15M', 'KXBTC15M']
2026-04-06 08:50:31 | INFO | Day Realized P&L: $-4.31 (-12.4%) / -$99999.00 daily stop-loss limit
2026-04-06 08:50:31 | INFO | Coins: BTC: idle | ETH: momentum yes@0.54 | BNB: momentum yes@0.51 | SOL: idle | DOGE: idle | XRP: idle | HYPE: momentum yes@0.51 | ADA: idle
2026-04-06 08:50:31 | INFO | JSON summary saved to /home/ubuntu/.openclaw/workspace/workers/superbot/report.json
2026-04-06 08:51:01 | INFO | Status: cash=$30.36, positions=3, loop=14, active_series=['KXXRP15M', 'KXDOGE15M', 'KXSOL15M', 'KXBNB15M', 'KXETH15M', 'KXHYPE15M', 'KXBTC15M']
2026-04-06 08:51:01 | INFO | Day Realized P&L: $-4.31 (-12.4%) / -$99999.00 daily stop-loss limit
2026-04-06 08:51:01 | INFO | Coins: BTC: idle | ETH: momentum yes@0.54 | BNB: momentum yes@0.51 | SOL: idle | DOGE: idle | XRP: idle | HYPE: momentum yes@0.51 | ADA: idle
2026-04-06 08:51:01 | INFO | JSON summary saved to /home/ubuntu/.openclaw/workspace/workers/superbot/report.json
2026-04-06 08:51:01 | INFO | KXETH15M-26APR060500-00: TIME-SCALED STOP HIT @ $0.2900 (entry=$0.5450, stop=43%, loss=46.8%, age=3.5min)
2026-04-06 08:51:01 | INFO | [ETH] REAL CLOSE ORDER PLACED: {'order': {'action': 'buy', 'client_order_id': '', 'created_time': '2026-04-06T08:51:01.69776Z', 'fill_count_fp': '0.00', 'initial_count_fp': '4.00', 'last_update_time': '2026-04-06T08:51:01.69776Z', 'maker_fees_dollars': '0.000000', 'maker_fill_cost_dollars': '0.000000', 'no_price_dollars': '0.7100', 'order_id': '4b77ec5e-036b-4593-882a-e91789585934', 'remaining_count_fp': '4.00', 'side': 'no', 'status': 'resting', 'subaccount_number': 0, 'taker_fees_dollars': '0.000000', 'taker_fill_cost_dollars': '0.000000', 'ticker': 'KXETH15M-26APR060500-00', 'type': 'limit', 'user_id': 'dd8ef7dd-9e7f-40f7-965e-e9276a7805a4', 'yes_price_dollars': '0.2900'}}
2026-04-06 08:51:01 | INFO | [ETH] Closed KXETH15M-26APR060500-00: TIME-SCALED STOP: -43% loss locked in, PnL=$-0.51
2026-04-06 08:51:01 | INFO | Strategy momentum stats: W=0.00%, R=1.96x, Kelly=4.00%
2026-04-06 08:51:01 | INFO | Trade recorded: KXETH15M-26APR060500-00 yes momentum PnL=$-0.51
2026-04-06 08:51:01 | INFO | [ETH] Position closed. Cooldown started: must wait 2 cycles before re-entering
2026-04-06 08:51:31 | INFO | Status: cash=$30.36, positions=2, loop=15, active_series=['KXXRP15M', 'KXDOGE15M', 'KXSOL15M', 'KXBNB15M', 'KXETH15M', 'KXHYPE15M', 'KXBTC15M']
2026-04-06 08:51:31 | INFO | Day Realized P&L: $-4.31 (-12.4%) / -$99999.00 daily stop-loss limit
2026-04-06 08:51:31 | INFO | Coins: BTC: idle | ETH: idle | BNB: momentum yes@0.51 | SOL: idle | DOGE: idle | XRP: idle | HYPE: momentum yes@0.51 | ADA: idle
2026-04-06 08:51:31 | INFO | JSON summary saved to /home/ubuntu/.openclaw/workspace/workers/superbot/report.json
2026-04-06 08:52:01 | INFO | Status: cash=$30.36, positions=2, loop=16, active_series=['KXXRP15M', 'KXDOGE15M', 'KXSOL15M', 'KXBNB15M', 'KXETH15M', 'KXHYPE15M', 'KXBTC15M']
2026-04-06 08:52:01 | INFO | Day Realized P&L: $-4.31 (-12.4%) / -$99999.00 daily stop-loss limit
2026-04-06 08:52:01 | INFO | Coins: BTC: idle | ETH: idle | BNB: momentum yes@0.51 | SOL: idle | DOGE: idle | XRP: idle | HYPE: momentum yes@0.51 | ADA: idle
2026-04-06 08:52:01 | INFO | JSON summary saved to /home/ubuntu/.openclaw/workspace/workers/superbot/report.json
2026-04-06 08:52:01 | INFO | [ETH] Cooldown complete - can trade again
2026-04-06 08:52:32 | INFO | Status: cash=$30.36, positions=2, loop=17, active_series=['KXXRP15M', 'KXDOGE15M', 'KXSOL15M', 'KXBNB15M', 'KXETH15M', 'KXHYPE15M', 'KXBTC15M']
2026-04-06 08:52:32 | INFO | Day Realized P&L: $-4.31 (-12.4%) / -$99999.00 daily stop-loss limit
2026-04-06 08:52:32 | INFO | Coins: BTC: idle | ETH: idle | BNB: momentum yes@0.51 | SOL: idle | DOGE: idle | XRP: idle | HYPE: momentum yes@0.51 | ADA: idle
2026-04-06 08:52:32 | INFO | JSON summary saved to /home/ubuntu/.openclaw/workspace/workers/superbot/report.json
2026-04-06 08:52:32 | INFO | KXBNB15M-26APR060500-00: TIME-SCALED STOP HIT @ $0.2700 (entry=$0.5050, stop=40%, loss=46.5%, age=5.0min)
2026-04-06 08:52:32 | INFO | [BNB] REAL CLOSE ORDER PLACED: {'order': {'action': 'buy', 'client_order_id': '', 'created_time': '2026-04-06T08:52:32.451721Z', 'fill_count_fp': '0.00', 'initial_count_fp': '5.00', 'last_update_time': '2026-04-06T08:52:32.451721Z', 'maker_fees_dollars': '0.000000', 'maker_fill_cost_dollars': '0.000000', 'no_price_dollars': '0.7300', 'order_id': '94ed66ec-b035-4840-abee-7d356cd5e0a0', 'remaining_count_fp': '5.00', 'side': 'no', 'status': 'resting', 'subaccount_number': 0, 'taker_fees_dollars': '0.000000', 'taker_fill_cost_dollars': '0.000000', 'ticker': 'KXBNB15M-26APR060500-00', 'type': 'limit', 'user_id': 'dd8ef7dd-9e7f-40f7-965e-e9276a7805a4', 'yes_price_dollars': '0.2700'}}
2026-04-06 08:52:32 | INFO | [BNB] Closed KXBNB15M-26APR060500-00: TIME-SCALED STOP: -40% loss locked in, PnL=$-0.47
2026-04-06 08:52:32 | INFO | Strategy momentum stats: W=0.00%, R=2.13x, Kelly=4.00%
2026-04-06 08:52:32 | INFO | Trade recorded: KXBNB15M-26APR060500-00 yes momentum PnL=$-0.47
2026-04-06 08:52:32 | INFO | [BNB] Position closed. Cooldown started: must wait 2 cycles before re-entering
2026-04-06 08:53:02 | INFO | Status: cash=$30.36, positions=1, loop=18, active_series=['KXXRP15M', 'KXDOGE15M', 'KXSOL15M', 'KXBNB15M', 'KXETH15M', 'KXHYPE15M', 'KXBTC15M']
2026-04-06 08:53:02 | INFO | Day Realized P&L: $-4.31 (-12.4%) / -$99999.00 daily stop-loss limit
2026-04-06 08:53:02 | INFO | Coins: BTC: idle | ETH: idle | BNB: idle | SOL: idle | DOGE: idle | XRP: idle | HYPE: momentum yes@0.51 | ADA: idle
2026-04-06 08:53:02 | INFO | JSON summary saved to /home/ubuntu/.openclaw/workspace/workers/superbot/report.json
2026-04-06 08:53:32 | INFO | Status: cash=$30.36, positions=1, loop=19, active_series=['KXXRP15M', 'KXDOGE15M', 'KXSOL15M', 'KXBNB15M', 'KXETH15M', 'KXHYPE15M', 'KXBTC15M']
2026-04-06 08:53:32 | INFO | Day Realized P&L: $-4.31 (-12.4%) / -$99999.00 daily stop-loss limit
2026-04-06 08:53:32 | INFO | Coins: BTC: idle | ETH: idle | BNB: idle | SOL: idle | DOGE: idle | XRP: idle | HYPE: momentum yes@0.51 | ADA: idle
2026-04-06 08:53:32 | INFO | JSON summary saved to /home/ubuntu/.openclaw/workspace/workers/superbot/report.json
2026-04-06 08:53:32 | INFO | [BNB] Cooldown complete - can trade again
2026-04-06 08:54:03 | INFO | Status: cash=$30.36, positions=1, loop=20, active_series=['KXXRP15M', 'KXDOGE15M', 'KXSOL15M', 'KXBNB15M', 'KXETH15M', 'KXHYPE15M', 'KXBTC15M']
2026-04-06 08:54:03 | INFO | Day Realized P&L: $-4.31 (-12.4%) / -$99999.00 daily stop-loss limit
2026-04-06 08:54:03 | INFO | Coins: BTC: idle | ETH: idle | BNB: idle | SOL: idle | DOGE: idle | XRP: idle | HYPE: momentum yes@0.51 | ADA: idle
2026-04-06 08:54:03 | INFO | JSON summary saved to /home/ubuntu/.openclaw/workspace/workers/superbot/report.json
2026-04-06 08:54:33 | INFO | Status: cash=$30.36, positions=1, loop=21, active_series=['KXXRP15M', 'KXDOGE15M', 'KXSOL15M', 'KXBNB15M', 'KXETH15M', 'KXHYPE15M', 'KXBTC15M']
2026-04-06 08:54:33 | INFO | Day Realized P&L: $-4.31 (-12.4%) / -$99999.00 daily stop-loss limit
2026-04-06 08:54:33 | INFO | Coins: BTC: idle | ETH: idle | BNB: idle | SOL: idle | DOGE: idle | XRP: idle | HYPE: momentum yes@0.51 | ADA: idle
2026-04-06 08:54:33 | INFO | JSON summary saved to /home/ubuntu/.openclaw/workspace/workers/superbot/report.json
2026-04-06 08:55:03 | INFO | Status: cash=$30.36, positions=1, loop=22, active_series=['KXXRP15M', 'KXDOGE15M', 'KXSOL15M', 'KXBNB15M', 'KXETH15M', 'KXHYPE15M', 'KXBTC15M']
2026-04-06 08:55:03 | INFO | Day Realized P&L: $-4.31 (-12.4%) / -$99999.00 daily stop-loss limit
2026-04-06 08:55:03 | INFO | Coins: BTC: idle | ETH: idle | BNB: idle | SOL: idle | DOGE: idle | XRP: idle | HYPE: momentum yes@0.51 | ADA: idle
2026-04-06 08:55:03 | INFO | JSON summary saved to /home/ubuntu/.openclaw/workspace/workers/superbot/report.json
2026-04-06 08:55:33 | INFO | Status: cash=$30.36, positions=1, loop=23, active_series=['KXXRP15M', 'KXDOGE15M', 'KXSOL15M', 'KXBNB15M', 'KXETH15M', 'KXHYPE15M', 'KXBTC15M']
2026-04-06 08:55:33 | INFO | Day Realized P&L: $-4.31 (-12.4%) / -$99999.00 daily stop-loss limit
2026-04-06 08:55:33 | INFO | Coins: BTC: idle | ETH: idle | BNB: idle | SOL: idle | DOGE: idle | XRP: idle | HYPE: momentum yes@0.51 | ADA: idle
2026-04-06 08:55:33 | INFO | JSON summary saved to /home/ubuntu/.openclaw/workspace/workers/superbot/report.json
2026-04-06 08:56:03 | INFO | Status: cash=$30.36, positions=1, loop=24, active_series=['KXXRP15M', 'KXDOGE15M', 'KXSOL15M', 'KXBNB15M', 'KXETH15M', 'KXHYPE15M', 'KXBTC15M']
2026-04-06 08:56:03 | INFO | Day Realized P&L: $-4.31 (-12.4%) / -$99999.00 daily stop-loss limit
2026-04-06 08:56:03 | INFO | Coins: BTC: idle | ETH: idle | BNB: idle | SOL: idle | DOGE: idle | XRP: idle | HYPE: momentum yes@0.51 | ADA: idle
2026-04-06 08:56:03 | INFO | JSON summary saved to /home/ubuntu/.openclaw/workspace/workers/superbot/report.json
2026-04-06 08:56:34 | INFO | Status: cash=$30.36, positions=1, loop=25, active_series=['KXXRP15M', 'KXDOGE15M', 'KXSOL15M', 'KXBNB15M', 'KXETH15M', 'KXHYPE15M', 'KXBTC15M']
2026-04-06 08:56:34 | INFO | Day Realized P&L: $-4.31 (-12.4%) / -$99999.00 daily stop-loss limit
2026-04-06 08:56:34 | INFO | Coins: BTC: idle | ETH: idle | BNB: idle | SOL: idle | DOGE: idle | XRP: idle | HYPE: momentum yes@0.51 | ADA: idle
2026-04-06 08:56:34 | INFO | JSON summary saved to /home/ubuntu/.openclaw/workspace/workers/superbot/report.json
2026-04-06 08:56:34 | INFO | MOMENTUM SIGNAL: KXBNB15M-26APR060500-00 | Side: yes @ $0.5200 | contracts=2 | CONF=60 | TS=30%/40% | Coinbase=bullish | age=666s
2026-04-06 08:56:34 | INFO | [BNB] REAL ORDER PLACED: {'order': {'action': 'buy', 'client_order_id': '', 'created_time': '2026-04-06T08:56:34.357663Z', 'fill_count_fp': '2.00', 'initial_count_fp': '2.00', 'last_update_time': '2026-04-06T08:56:34.357663Z', 'maker_fees_dollars': '0.000000', 'maker_fill_cost_dollars': '0.000000', 'no_price_dollars': '0.4800', 'order_id': '688e0db8-0323-493b-baeb-fc5249acb7f0', 'remaining_count_fp': '0.00', 'side': 'yes', 'status': 'executed', 'subaccount_number': 0, 'taker_fees_dollars': '0.040000', 'taker_fill_cost_dollars': '0.800000', 'ticker': 'KXBNB15M-26APR060500-00', 'type': 'limit', 'user_id': 'dd8ef7dd-9e7f-40f7-965e-e9276a7805a4', 'yes_price_dollars': '0.5200'}}
2026-04-06 08:56:34 | INFO | [BNB] Opened momentum: yes KXBNB15M-26APR060500-00 @ $0.5200, contracts=2, cost=$1.04
2026-04-06 08:56:34 | INFO | 🚀 [BNB] TRADE EXECUTED: momentum yes KXBNB15M-26APR060500-00 @ $0.5200, contracts=2 (daily trades: 5/30)
2026-04-06 08:57:04 | INFO | Status: cash=$29.32, positions=2, loop=26, active_series=['KXXRP15M', 'KXDOGE15M', 'KXSOL15M', 'KXBNB15M', 'KXETH15M', 'KXHYPE15M', 'KXBTC15M']
2026-04-06 08:57:04 | INFO | Day Realized P&L: $-5.35 (-15.4%) / -$99999.00 daily stop-loss limit
2026-04-06 08:57:04 | INFO | Coins: BTC: idle | ETH: idle | BNB: momentum yes@0.52 | SOL: idle | DOGE: idle | XRP: idle | HYPE: momentum yes@0.51 | ADA: idle
2026-04-06 08:57:04 | INFO | JSON summary saved to /home/ubuntu/.openclaw/workspace/workers/superbot/report.json
2026-04-06 08:57:04 | INFO | KXHYPE15M-26APR060500-00: TIME-SCALED STOP HIT @ $0.3150 (entry=$0.5100, stop=36%, loss=38.2%, age=7.1min)
2026-04-06 08:57:04 | INFO | [HYPE] REAL CLOSE ORDER PLACED: {'order': {'action': 'buy', 'client_order_id': '', 'created_time': '2026-04-06T08:57:04.758234Z', 'fill_count_fp': '0.00', 'initial_count_fp': '4.00', 'last_update_time': '2026-04-06T08:57:04.758234Z', 'maker_fees_dollars': '0.000000', 'maker_fill_cost_dollars': '0.000000', 'no_price_dollars': '0.6900', 'order_id': 'b8edd71f-d5c8-4155-b080-c0010fcbad62', 'remaining_count_fp': '4.00', 'side': 'no', 'status': 'resting', 'subaccount_number': 0, 'taker_fees_dollars': '0.000000', 'taker_fill_cost_dollars': '0.000000', 'ticker': 'KXHYPE15M-26APR060500-00', 'type': 'limit', 'user_id': 'dd8ef7dd-9e7f-40f7-965e-e9276a7805a4', 'yes_price_dollars': '0.3100'}}
2026-04-06 08:57:04 | INFO | [HYPE] Closed KXHYPE15M-26APR060500-00: TIME-SCALED STOP: -36% loss locked in, PnL=$-0.39
2026-04-06 08:57:04 | INFO | Strategy momentum stats: W=0.00%, R=2.56x, Kelly=4.00%
2026-04-06 08:57:04 | INFO | Trade recorded: KXHYPE15M-26APR060500-00 yes momentum PnL=$-0.39
2026-04-06 08:57:04 | INFO | [HYPE] Position closed. Cooldown started: must wait 2 cycles before re-entering
2026-04-06 08:57:04 | INFO | FIRST_CROSS SIGNAL (midpoint): KXHYPE15M-26APR060500-00 | Direction: no | Side: no @ $0.3150 | contracts=0 | CONF=41 | TS=50%/40% | Coinbase=None | max_hold=10min
2026-04-06 08:57:04 | ERROR | [HYPE] REAL ORDER FAILED: Invalid price or amount
2026-04-06 08:57:34 | INFO | Status: cash=$29.32, positions=1, loop=27, active_series=['KXXRP15M', 'KXDOGE15M', 'KXSOL15M', 'KXBNB15M', 'KXETH15M', 'KXHYPE15M', 'KXBTC15M']
2026-04-06 08:57:34 | INFO | Day Realized P&L: $-5.35 (-15.4%) / -$99999.00 daily stop-loss limit
2026-04-06 08:57:34 | INFO | Coins: BTC: idle | ETH: idle | BNB: momentum yes@0.52 | SOL: idle | DOGE: idle | XRP: idle | HYPE: idle | ADA: idle
2026-04-06 08:57:34 | INFO | JSON summary saved to /home/ubuntu/.openclaw/workspace/workers/superbot/report.json
2026-04-06 08:57:35 | INFO | FIRST_CROSS: KXHYPE15M-26APR060500-00 | Direction: down | Target: $37.32 | Coin Price: $37.31
2026-04-06 08:57:35 | INFO | FIRST_CROSS SIGNAL (coin): KXHYPE15M-26APR060500-00 | Direction: down | Target: $37.32 | Side: no @ $0.3350 | contracts=0 | CONF=41 | Coinbase=None
2026-04-06 08:57:35 | ERROR | [HYPE] REAL ORDER FAILED: Invalid price or amount
2026-04-06 08:58:05 | INFO | Status: cash=$29.32, positions=1, loop=28, active_series=['KXXRP15M', 'KXDOGE15M', 'KXSOL15M', 'KXBNB15M', 'KXETH15M', 'KXHYPE15M', 'KXBTC15M']
2026-04-06 08:58:05 | INFO | Day Realized P&L: $-5.35 (-15.4%) / -$99999.00 daily stop-loss limit
2026-04-06 08:58:05 | INFO | Coins: BTC: idle | ETH: idle | BNB: momentum yes@0.52 | SOL: idle | DOGE: idle | XRP: idle | HYPE: idle | ADA: idle
2026-04-06 08:58:05 | INFO | JSON summary saved to /home/ubuntu/.openclaw/workspace/workers/superbot/report.json
2026-04-06 08:58:05 | INFO | [HYPE] Cooldown complete - can trade again
2026-04-06 08:58:05 | INFO | FIRST_CROSS SIGNAL (midpoint): KXHYPE15M-26APR060500-00 | Direction: no | Side: no @ $0.3150 | contracts=0 | CONF=41 | TS=50%/40% | Coinbase=None | max_hold=10min
2026-04-06 08:58:05 | ERROR | [HYPE] REAL ORDER FAILED: Invalid price or amount
2026-04-06 08:58:35 | INFO | Status: cash=$29.32, positions=1, loop=29, active_series=['KXXRP15M', 'KXDOGE15M', 'KXSOL15M', 'KXBNB15M', 'KXETH15M', 'KXHYPE15M', 'KXBTC15M']
2026-04-06 08:58:35 | INFO | Day Realized P&L: $-5.35 (-15.4%) / -$99999.00 daily stop-loss limit
2026-04-06 08:58:35 | INFO | Coins: BTC: idle | ETH: idle | BNB: momentum yes@0.52 | SOL: idle | DOGE: idle | XRP: idle | HYPE: idle | ADA: idle
2026-04-06 08:58:35 | INFO | JSON summary saved to /home/ubuntu/.openclaw/workspace/workers/superbot/report.json
2026-04-06 08:59:05 | INFO | Status: cash=$29.32, positions=1, loop=30, active_series=['KXXRP15M', 'KXDOGE15M', 'KXSOL15M', 'KXBNB15M', 'KXETH15M', 'KXHYPE15M', 'KXBTC15M']
2026-04-06 08:59:05 | INFO | Day Realized P&L: $-5.35 (-15.4%) / -$99999.00 daily stop-loss limit
2026-04-06 08:59:05 | INFO | Coins: BTC: idle | ETH: idle | BNB: momentum yes@0.52 | SOL: idle | DOGE: idle | XRP: idle | HYPE: idle | ADA: idle
2026-04-06 08:59:05 | INFO | JSON summary saved to /home/ubuntu/.openclaw/workspace/workers/superbot/report.json
2026-04-06 08:59:05 | INFO | KXBNB15M-26APR060500-00: Near expiry (54s) - closing position
2026-04-06 08:59:05 | INFO | [BNB] REAL CLOSE ORDER PLACED: {'order': {'action': 'buy', 'client_order_id': '', 'created_time': '2026-04-06T08:59:05.618476Z', 'fill_count_fp': '0.00', 'initial_count_fp': '14.00', 'last_update_time': '2026-04-06T08:59:05.618476Z', 'maker_fees_dollars': '0.000000', 'maker_fill_cost_dollars': '0.000000', 'no_price_dollars': '0.8800', 'order_id': '9ea0d911-2cbf-406d-8d0b-0c9d0872e706', 'remaining_count_fp': '14.00', 'side': 'no', 'status': 'resting', 'subaccount_number': 0, 'taker_fees_dollars': '0.000000', 'taker_fill_cost_dollars': '0.000000', 'ticker': 'KXBNB15M-26APR060500-00', 'type': 'limit', 'user_id': 'dd8ef7dd-9e7f-40f7-965e-e9276a7805a4', 'yes_price_dollars': '0.1200'}}
2026-04-06 08:59:05 | INFO | [BNB] Closed KXBNB15M-26APR060500-00: Expiry: closing at $0.1250, PnL=$-0.79
2026-04-06 08:59:05 | INFO | Strategy momentum stats: W=0.00%, R=1.59x, Kelly=4.00%
2026-04-06 08:59:05 | INFO | Trade recorded: KXBNB15M-26APR060500-00 yes momentum PnL=$-0.79
2026-04-06 08:59:05 | INFO | [BNB] Position closed. Cooldown started: must wait 2 cycles before re-entering
2026-04-06 08:59:35 | INFO | Status: cash=$29.32, positions=0, loop=31, active_series=['KXXRP15M', 'KXDOGE15M', 'KXSOL15M', 'KXBNB15M', 'KXETH15M', 'KXHYPE15M', 'KXBTC15M']
2026-04-06 08:59:35 | INFO | Day Realized P&L: $-5.35 (-15.4%) / -$99999.00 daily stop-loss limit
2026-04-06 08:59:35 | INFO | Coins: BTC: idle | ETH: idle | BNB: idle | SOL: idle | DOGE: idle | XRP: idle | HYPE: idle | ADA: idle
2026-04-06 08:59:35 | INFO | JSON summary saved to /home/ubuntu/.openclaw/workspace/workers/superbot/report.json
2026-04-06 09:00:05 | INFO | Status: cash=$29.32, positions=0, loop=32, active_series=['KXXRP15M', 'KXDOGE15M', 'KXSOL15M', 'KXBNB15M', 'KXHYPE15M', 'KXBTC15M']
2026-04-06 09:00:05 | INFO | Day Realized P&L: $-5.35 (-15.4%) / -$99999.00 daily stop-loss limit
2026-04-06 09:00:05 | INFO | Coins: BTC: idle | ETH: idle | BNB: idle | SOL: idle | DOGE: idle | XRP: idle | HYPE: idle | ADA: idle
2026-04-06 09:00:05 | INFO | JSON summary saved to /home/ubuntu/.openclaw/workspace/workers/superbot/report.json
2026-04-06 09:00:05 | INFO | [BNB] Cooldown complete - can trade again
2026-04-06 09:00:35 | INFO | Status: cash=$29.32, positions=0, loop=33, active_series=['KXXRP15M', 'KXDOGE15M', 'KXSOL15M', 'KXBNB15M', 'KXHYPE15M']
2026-04-06 09:00:35 | INFO | Day Realized P&L: $-5.35 (-15.4%) / -$99999.00 daily stop-loss limit
2026-04-06 09:00:35 | INFO | Coins: BTC: idle | ETH: idle | BNB: idle | SOL: idle | DOGE: idle | XRP: idle | HYPE: idle | ADA: idle
2026-04-06 09:00:35 | INFO | JSON summary saved to /home/ubuntu/.openclaw/workspace/workers/superbot/report.json
2026-04-06 09:00:36 | INFO | FIRST_CROSS: KXBTC15M-26APR060515-15 target price set to $69,230.08
2026-04-06 09:00:36 | INFO | FIRST_CROSS: KXETH15M-26APR060515-15 target price set to $2,138.88
2026-04-06 09:00:36 | INFO | FIRST_CROSS: KXBNB15M-26APR060515-15 target price set to $604.23
2026-04-06 09:00:36 | INFO | FIRST_CROSS: KXSOL15M-26APR060515-15 target price set to $81.99
2026-04-06 09:00:36 | INFO | FIRST_CROSS: KXDOGE15M-26APR060515-15 target price set to $0.09
2026-04-06 09:00:36 | INFO | FIRST_CROSS: KXXRP15M-26APR060515-15 target price set to $1.34
2026-04-06 09:00:36 | INFO | FIRST_CROSS: KXHYPE15M-26APR060515-15 target price set to $37.23
2026-04-06 09:01:06 | INFO | Status: cash=$29.32, positions=0, loop=34, active_series=['KXXRP15M', 'KXDOGE15M', 'KXSOL15M', 'KXBNB15M', 'KXETH15M', 'KXHYPE15M', 'KXBTC15M']
2026-04-06 09:01:06 | INFO | Day Realized P&L: $-5.35 (-15.4%) / -$99999.00 daily stop-loss limit
2026-04-06 09:01:06 | INFO | Coins: BTC: idle | ETH: idle | BNB: idle | SOL: idle | DOGE: idle | XRP: idle | HYPE: idle | ADA: idle
2026-04-06 09:01:06 | INFO | JSON summary saved to /home/ubuntu/.openclaw/workspace/workers/superbot/report.json
2026-04-06 09:01:06 | INFO | FIRST_CROSS: KXSOL15M-26APR060515-15 crossed DOWN through $0.50 (was $0.5350, now $0.4950)
2026-04-06 09:01:06 | INFO | FIRST_CROSS SIGNAL (midpoint): KXSOL15M-26APR060515-15 | Direction: no | Side: no @ $0.4950 | contracts=0 | CONF=43 | TS=50%/40% | Coinbase=bearish | max_hold=10min
2026-04-06 09:01:06 | ERROR | [SOL] REAL ORDER FAILED: Invalid price or amount
2026-04-06 09:01:06 | INFO | FIRST_CROSS: KXDOGE15M-26APR060515-15 crossed DOWN through $0.50 (was $0.5350, now $0.4700)
2026-04-06 09:01:06 | INFO | FIRST_CROSS SIGNAL (midpoint): KXDOGE15M-26APR060515-15 | Direction: no | Side: no @ $0.4700 | contracts=0 | CONF=43 | TS=50%/40% | Coinbase=bearish | max_hold=10min
2026-04-06 09:01:06 | ERROR | [DOGE] REAL ORDER FAILED: Invalid price or amount
2026-04-06 09:01:06 | INFO | FIRST_CROSS: KXXRP15M-26APR060515-15 crossed DOWN through $0.50 (was $0.5800, now $0.3850)
2026-04-06 09:01:06 | INFO | FIRST_CROSS SIGNAL (midpoint): KXXRP15M-26APR060515-15 | Direction: no | Side: no @ $0.3850 | contracts=0 | CONF=56 | TS=50%/40% | Coinbase=bearish | max_hold=10min
2026-04-06 09:01:06 | ERROR | [XRP] REAL ORDER FAILED: Invalid price or amount
2026-04-06 09:01:36 | INFO | Status: cash=$29.32, positions=0, loop=35, active_series=['KXXRP15M', 'KXDOGE15M', 'KXSOL15M', 'KXBNB15M', 'KXETH15M', 'KXHYPE15M', 'KXBTC15M']
2026-04-06 09:01:36 | INFO | Day Realized P&L: $-5.35 (-15.4%) / -$99999.00 daily stop-loss limit
2026-04-06 09:01:36 | INFO | Coins: BTC: idle | ETH: idle | BNB: idle | SOL: idle | DOGE: idle | XRP: idle | HYPE: idle | ADA: idle
2026-04-06 09:01:36 | INFO | JSON summary saved to /home/ubuntu/.openclaw/workspace/workers/superbot/report.json
2026-04-06 09:01:36 | INFO | FIRST_CROSS: KXETH15M-26APR060515-15 | Direction: up | Target: $2,138.88 | Coin Price: $2,139.57
2026-04-06 09:01:36 | INFO | FIRST_CROSS SIGNAL (midpoint): KXSOL15M-26APR060515-15 | Direction: no | Side: no @ $0.4300 | contracts=0 | CONF=43 | TS=50%/40% | Coinbase=bearish | max_hold=10min
2026-04-06 09:01:36 | ERROR | [SOL] REAL ORDER FAILED: Invalid price or amount
2026-04-06 09:01:36 | INFO | FIRST_CROSS SIGNAL (midpoint): KXDOGE15M-26APR060515-15 | Direction: no | Side: no @ $0.4900 | contracts=0 | CONF=43 | TS=50%/40% | Coinbase=bearish | max_hold=10min
2026-04-06 09:01:36 | ERROR | [DOGE] REAL ORDER FAILED: Invalid price or amount
2026-04-06 09:02:06 | INFO | Status: cash=$29.32, positions=0, loop=36, active_series=['KXXRP15M', 'KXDOGE15M', 'KXSOL15M', 'KXBNB15M', 'KXETH15M', 'KXHYPE15M', 'KXBTC15M']
2026-04-06 09:02:06 | INFO | Day Realized P&L: $-5.35 (-15.4%) / -$99999.00 daily stop-loss limit
2026-04-06 09:02:06 | INFO | Coins: BTC: idle | ETH: idle | BNB: idle | SOL: idle | DOGE: idle | XRP: idle | HYPE: idle | ADA: idle
2026-04-06 09:02:06 | INFO | JSON summary saved to /home/ubuntu/.openclaw/workspace/workers/superbot/report.json
2026-04-06 09:02:06 | INFO | FIRST_CROSS: KXETH15M-26APR060515-15 crossed DOWN through $0.50 (was $0.5400, now $0.4950)
2026-04-06 09:02:06 | INFO | FIRST_CROSS SIGNAL (midpoint): KXETH15M-26APR060515-15 | Direction: no | Side: no @ $0.4950 | contracts=0 | CONF=43 | TS=50%/40% | Coinbase=bearish | max_hold=10min
2026-04-06 09:02:06 | ERROR | [ETH] REAL ORDER FAILED: Invalid price or amount
2026-04-06 09:02:06 | INFO | FIRST_CROSS SIGNAL (midpoint): KXSOL15M-26APR060515-15 | Direction: no | Side: no @ $0.4750 | contracts=0 | CONF=43 | TS=50%/40% | Coinbase=bearish | max_hold=10min
2026-04-06 09:02:06 | ERROR | [SOL] REAL ORDER FAILED: Invalid price or amount
2026-04-06 09:02:06 | INFO | FIRST_CROSS SIGNAL (midpoint): KXDOGE15M-26APR060515-15 | Direction: no | Side: no @ $0.5350 | contracts=0 | CONF=43 | TS=50%/40% | Coinbase=None | max_hold=10min
2026-04-06 09:02:06 | ERROR | [DOGE] REAL ORDER FAILED: Invalid price or amount
2026-04-06 09:02:06 | INFO | MOMENTUM SIGNAL: KXHYPE15M-26APR060515-15 | Side: no @ $0.4250 | contracts=3 | CONF=60 | TS=30%/40% | Coinbase=bearish | age=121s
2026-04-06 09:02:07 | INFO | [HYPE] REAL ORDER PLACED: {'order': {'action': 'buy', 'client_order_id': '', 'created_time': '2026-04-06T09:02:07.193589Z', 'fill_count_fp': '0.00', 'initial_count_fp': '4.00', 'last_update_time': '2026-04-06T09:02:07.193589Z', 'maker_fees_dollars': '0.000000', 'maker_fill_cost_dollars': '0.000000', 'no_price_dollars': '0.5700', 'order_id': '85bb7342-e866-4218-8839-c259b8b44099', 'remaining_count_fp': '4.00', 'side': 'no', 'status': 'resting', 'subaccount_number': 0, 'taker_fees_dollars': '0.000000', 'taker_fill_cost_dollars': '0.000000', 'ticker': 'KXHYPE15M-26APR060515-15', 'type': 'limit', 'user_id': 'dd8ef7dd-9e7f-40f7-965e-e9276a7805a4', 'yes_price_dollars': '0.4300'}}
2026-04-06 09:02:07 | INFO | [HYPE] Opened momentum: no KXHYPE15M-26APR060515-15 @ $0.4250, contracts=3, cost=$1.72
2026-04-06 09:02:07 | INFO | 🚀 [HYPE] TRADE EXECUTED: momentum no KXHYPE15M-26APR060515-15 @ $0.4250, contracts=3 (daily trades: 6/30)
2026-04-06 09:02:37 | INFO | Status: cash=$27.59, positions=1, loop=37, active_series=['KXXRP15M', 'KXDOGE15M', 'KXSOL15M', 'KXBNB15M', 'KXETH15M', 'KXHYPE15M', 'KXBTC15M']
2026-04-06 09:02:37 | INFO | Day Realized P&L: $-7.08 (-20.4%) / -$99999.00 daily stop-loss limit
2026-04-06 09:02:37 | INFO | Coins: BTC: idle | ETH: idle | BNB: idle | SOL: idle | DOGE: idle | XRP: idle | HYPE: momentum no@0.43 | ADA: idle
2026-04-06 09:02:37 | INFO | JSON summary saved to /home/ubuntu/.openclaw/workspace/workers/superbot/report.json
2026-04-06 09:02:37 | INFO | MOMENTUM SIGNAL: KXBTC15M-26APR060515-15 | Side: no @ $0.3800 | contracts=3 | CONF=60 | TS=30%/40% | Coinbase=bearish | age=121s
2026-04-06 09:02:37 | INFO | [BTC] REAL ORDER PLACED: {'order': {'action': 'buy', 'client_order_id': '', 'created_time': '2026-04-06T09:02:37.522629Z', 'fill_count_fp': '4.00', 'initial_count_fp': '4.00', 'last_update_time': '2026-04-06T09:02:37.522629Z', 'maker_fees_dollars': '0.000000', 'maker_fill_cost_dollars': '0.000000', 'no_price_dollars': '0.6200', 'order_id': '45a299f1-9911-4a89-aab1-538ff54952c7', 'remaining_count_fp': '0.00', 'side': 'no', 'status': 'executed', 'subaccount_number': 0, 'taker_fees_dollars': '0.070000', 'taker_fill_cost_dollars': '2.080000', 'ticker': 'KXBTC15M-26APR060515-15', 'type': 'limit', 'user_id': 'dd8ef7dd-9e7f-40f7-965e-e9276a7805a4', 'yes_price_dollars': '0.3800'}}
2026-04-06 09:02:37 | INFO | [BTC] Opened momentum: no KXBTC15M-26APR060515-15 @ $0.3800, contracts=3, cost=$1.86
2026-04-06 09:02:37 | INFO | 🚀 [BTC] TRADE EXECUTED: momentum no KXBTC15M-26APR060515-15 @ $0.3800, contracts=3 (daily trades: 7/30)
2026-04-06 09:02:37 | INFO | FIRST_CROSS SIGNAL (midpoint): KXETH15M-26APR060515-15 | Direction: no | Side: no @ $0.5950 | contracts=0 | CONF=43 | TS=50%/40% | Coinbase=None | max_hold=10min
2026-04-06 09:02:37 | ERROR | [ETH] REAL ORDER FAILED: Invalid price or amount
2026-04-06 09:02:37 | INFO | MOMENTUM SIGNAL: KXBNB15M-26APR060515-15 | Side: no @ $0.4450 | contracts=2 | CONF=60 | TS=30%/40% | Coinbase=bearish | age=122s
2026-04-06 09:02:37 | INFO | [BNB] REAL ORDER PLACED: {'order': {'action': 'buy', 'client_order_id': '', 'created_time': '2026-04-06T09:02:37.756587Z', 'fill_count_fp': '0.00', 'initial_count_fp': '2.00', 'last_update_time': '2026-04-06T09:02:37.756587Z', 'maker_fees_dollars': '0.000000', 'maker_fill_cost_dollars': '0.000000', 'no_price_dollars': '0.5500', 'order_id': 'bbdac9d0-d36b-4982-a314-5d2a8eb56d41', 'remaining_count_fp': '2.00', 'side': 'no', 'status': 'resting', 'subaccount_number': 0, 'taker_fees_dollars': '0.000000', 'taker_fill_cost_dollars': '0.000000', 'ticker': 'KXBNB15M-26APR060515-15', 'type': 'limit', 'user_id': 'dd8ef7dd-9e7f-40f7-965e-e9276a7805a4', 'yes_price_dollars': '0.4500'}}
2026-04-06 09:02:37 | INFO | [BNB] Opened momentum: no KXBNB15M-26APR060515-15 @ $0.4450, contracts=2, cost=$1.11
2026-04-06 09:02:37 | INFO | 🚀 [BNB] TRADE EXECUTED: momentum no KXBNB15M-26APR060515-15 @ $0.4450, contracts=2 (daily trades: 8/30)
2026-04-06 09:03:07 | INFO | Status: cash=$24.62, positions=3, loop=38, active_series=['KXXRP15M', 'KXDOGE15M', 'KXSOL15M', 'KXBNB15M', 'KXETH15M', 'KXHYPE15M', 'KXBTC15M']
2026-04-06 09:03:07 | INFO | Day Realized P&L: $-10.05 (-29.0%) / -$99999.00 daily stop-loss limit
2026-04-06 09:03:07 | INFO | Coins: BTC: momentum no@0.38 | ETH: idle | BNB: momentum no@0.45 | SOL: idle | DOGE: idle | XRP: idle | HYPE: momentum no@0.43 | ADA: idle
2026-04-06 09:03:07 | INFO | JSON summary saved to /home/ubuntu/.openclaw/workspace/workers/superbot/report.json
2026-04-06 09:03:38 | INFO | Status: cash=$24.62, positions=3, loop=39, active_series=['KXXRP15M', 'KXDOGE15M', 'KXSOL15M', 'KXBNB15M', 'KXETH15M', 'KXHYPE15M', 'KXBTC15M']
2026-04-06 09:03:38 | INFO | Day Realized P&L: $-10.05 (-29.0%) / -$99999.00 daily stop-loss limit
2026-04-06 09:03:38 | INFO | Coins: BTC: momentum no@0.38 | ETH: idle | BNB: momentum no@0.45 | SOL: idle | DOGE: idle | XRP: idle | HYPE: momentum no@0.43 | ADA: idle
2026-04-06 09:03:38 | INFO | JSON summary saved to /home/ubuntu/.openclaw/workspace/workers/superbot/report.json
2026-04-06 09:03:38 | INFO | KXBTC15M-26APR060515-15: TIME-SCALED STOP HIT @ $0.6250 (entry=$0.3800, stop=48%, loss=64.5%, age=1.0min)
2026-04-06 09:03:38 | INFO | [BTC] REAL CLOSE ORDER PLACED: {'order': {'action': 'buy', 'client_order_id': '', 'created_time': '2026-04-06T09:03:38.321266Z', 'fill_count_fp': '3.00', 'initial_count_fp': '3.00', 'last_update_time': '2026-04-06T09:03:38.321266Z', 'maker_fees_dollars': '0.000000', 'maker_fill_cost_dollars': '0.000000', 'no_price_dollars': '0.3800', 'order_id': 'be53fb8f-be64-4aa1-9f61-f3fc55818367', 'remaining_count_fp': '0.00', 'side': 'yes', 'status': 'executed', 'subaccount_number': 0, 'taker_fees_dollars': '0.050000', 'taker_fill_cost_dollars': '1.860000', 'ticker': 'KXBTC15M-26APR060515-15', 'type': 'limit', 'user_id': 'dd8ef7dd-9e7f-40f7-965e-e9276a7805a4', 'yes_price_dollars': '0.6200'}}
2026-04-06 09:03:38 | INFO | [BTC] Closed KXBTC15M-26APR060515-15: TIME-SCALED STOP: -48% loss locked in, PnL=$0.73
2026-04-06 09:03:38 | INFO | Strategy momentum stats: W=50.00%, R=1.11x, Kelly=5.10%
2026-04-06 09:03:38 | INFO | Trade recorded: KXBTC15M-26APR060515-15 no momentum PnL=$0.73
2026-04-06 09:03:38 | INFO | [BTC] Position closed. Cooldown started: must wait 2 cycles before re-entering
2026-04-06 09:03:38 | INFO | FIRST_CROSS: KXBTC15M-26APR060515-15 | Direction: up | Target: $69,230.08 | Coin Price: $69,246.94
2026-04-06 09:03:38 | INFO | FIRST_CROSS SIGNAL (coin): KXBTC15M-26APR060515-15 | Direction: up | Target: $69,230.08 | Side: yes @ $0.6250 | contracts=0 | CONF=48 | Coinbase=None
2026-04-06 09:03:38 | ERROR | [BTC] REAL ORDER FAILED: Invalid price or amount
2026-04-06 09:03:38 | INFO | FIRST_CROSS SIGNAL (midpoint): KXETH15M-26APR060515-15 | Direction: no | Side: no @ $0.6500 | contracts=0 | CONF=56 | TS=50%/40% | Coinbase=None | max_hold=10min
2026-04-06 09:03:38 | ERROR | [ETH] REAL ORDER FAILED: Invalid price or amount
2026-04-06 09:03:38 | INFO | MOMENTUM SIGNAL: KXSOL15M-26APR060515-15 | Side: no @ $0.4450 | contracts=2 | CONF=60 | TS=30%/40% | Coinbase=bearish | age=182s
2026-04-06 09:03:38 | INFO | [SOL] REAL ORDER PLACED: {'order': {'action': 'buy', 'client_order_id': '', 'created_time': '2026-04-06T09:03:38.575782Z', 'fill_count_fp': '2.00', 'initial_count_fp': '2.00', 'last_update_time': '2026-04-06T09:03:38.575782Z', 'maker_fees_dollars': '0.000000', 'maker_fill_cost_dollars': '0.000000', 'no_price_dollars': '0.5500', 'order_id': 'e123c36b-57fe-4a58-bff0-98dcb2078ba7', 'remaining_count_fp': '0.00', 'side': 'no', 'status': 'executed', 'subaccount_number': 0, 'taker_fees_dollars': '0.040000', 'taker_fill_cost_dollars': '0.760000', 'ticker': 'KXSOL15M-26APR060515-15', 'type': 'limit', 'user_id': 'dd8ef7dd-9e7f-40f7-965e-e9276a7805a4', 'yes_price_dollars': '0.4500'}}
2026-04-06 09:03:38 | INFO | [SOL] Opened momentum: no KXSOL15M-26APR060515-15 @ $0.4450, contracts=2, cost=$1.11
2026-04-06 09:03:38 | INFO | 🚀 [SOL] TRADE EXECUTED: momentum no KXSOL15M-26APR060515-15 @ $0.4450, contracts=2 (daily trades: 9/30)
2026-04-06 09:04:08 | INFO | Status: cash=$23.52, positions=3, loop=40, active_series=['KXXRP15M', 'KXDOGE15M', 'KXSOL15M', 'KXBNB15M', 'KXETH15M', 'KXHYPE15M', 'KXBTC15M']
2026-04-06 09:04:08 | INFO | Day Realized P&L: $-11.16 (-32.2%) / -$99999.00 daily stop-loss limit
2026-04-06 09:04:08 | INFO | Coins: BTC: idle | ETH: idle | BNB: momentum no@0.45 | SOL: momentum no@0.45 | DOGE: idle | XRP: idle | HYPE: momentum no@0.43 | ADA: idle
2026-04-06 09:04:08 | INFO | JSON summary saved to /home/ubuntu/.openclaw/workspace/workers/superbot/report.json
2026-04-06 09:04:38 | INFO | Status: cash=$23.52, positions=3, loop=41, active_series=['KXXRP15M', 'KXDOGE15M', 'KXSOL15M', 'KXBNB15M', 'KXETH15M', 'KXHYPE15M', 'KXBTC15M']
2026-04-06 09:04:38 | INFO | Day Realized P&L: $-11.16 (-32.2%) / -$99999.00 daily stop-loss limit
2026-04-06 09:04:38 | INFO | Coins: BTC: idle | ETH: idle | BNB: momentum no@0.45 | SOL: momentum no@0.45 | DOGE: idle | XRP: idle | HYPE: momentum no@0.43 | ADA: idle
2026-04-06 09:04:38 | INFO | JSON summary saved to /home/ubuntu/.openclaw/workspace/workers/superbot/report.json
2026-04-06 09:04:38 | INFO | [BTC] Cooldown complete - can trade again
2026-04-06 09:04:38 | INFO | KXHYPE15M-26APR060515-15: TIME-SCALED STOP HIT @ $0.7850 (entry=$0.4250, stop=45%, loss=84.7%, age=2.5min)
2026-04-06 09:04:39 | INFO | [HYPE] REAL CLOSE ORDER PLACED: {'order': {'action': 'buy', 'client_order_id': '', 'created_time': '2026-04-06T09:04:39.213251Z', 'fill_count_fp': '0.00', 'initial_count_fp': '3.00', 'last_update_time': '2026-04-06T09:04:39.213251Z', 'maker_fees_dollars': '0.000000', 'maker_fill_cost_dollars': '0.000000', 'no_price_dollars': '0.2100', 'order_id': 'd595e810-a291-4ad9-a2b3-f38b458cddff', 'remaining_count_fp': '3.00', 'side': 'yes', 'status': 'resting', 'subaccount_number': 0, 'taker_fees_dollars': '0.000000', 'taker_fill_cost_dollars': '0.000000', 'ticker': 'KXHYPE15M-26APR060515-15', 'type': 'limit', 'user_id': 'dd8ef7dd-9e7f-40f7-965e-e9276a7805a4', 'yes_price_dollars': '0.7900'}}
2026-04-06 09:04:39 | INFO | [HYPE] Closed KXHYPE15M-26APR060515-15: TIME-SCALED STOP: -45% loss locked in, PnL=$1.08
2026-04-06 09:04:39 | INFO | Strategy momentum stats: W=50.00%, R=2.77x, Kelly=20.00%
2026-04-06 09:04:39 | INFO | Trade recorded: KXHYPE15M-26APR060515-15 no momentum PnL=$1.08
2026-04-06 09:04:39 | INFO | [HYPE] Position closed. Cooldown started: must wait 2 cycles before re-entering
2026-04-06 09:05:09 | INFO | Status: cash=$23.52, positions=2, loop=42, active_series=['KXXRP15M', 'KXDOGE15M', 'KXSOL15M', 'KXBNB15M', 'KXETH15M', 'KXHYPE15M', 'KXBTC15M']
2026-04-06 09:05:09 | INFO | Day Realized P&L: $-11.16 (-32.2%) / -$99999.00 daily stop-loss limit
2026-04-06 09:05:09 | INFO | Coins: BTC: idle | ETH: idle | BNB: momentum no@0.45 | SOL: momentum no@0.45 | DOGE: idle | XRP: idle | HYPE: idle | ADA: idle
2026-04-06 09:05:09 | INFO | JSON summary saved to /home/ubuntu/.openclaw/workspace/workers/superbot/report.json
2026-04-06 09:05:09 | INFO | FIRST_CROSS: KXBTC15M-26APR060515-15 crossed UP through $0.50 (was $0.4700, now $0.5150)
2026-04-06 09:05:09 | INFO | FIRST_CROSS SIGNAL (midpoint): KXBTC15M-26APR060515-15 | Direction: yes | Side: yes @ $0.5150 | contracts=0 | CONF=40 | TS=50%/40% | Coinbase=None | max_hold=10min
2026-04-06 09:05:09 | ERROR | [BTC] REAL ORDER FAILED: Invalid price or amount
2026-04-06 09:05:09 | INFO | FIRST_CROSS SIGNAL (midpoint): KXETH15M-26APR060515-15 | Direction: no | Side: no @ $0.6400 | contracts=0 | CONF=53 | TS=50%/40% | Coinbase=None | max_hold=10min
2026-04-06 09:05:09 | ERROR | [ETH] REAL ORDER FAILED: Invalid price or amount
2026-04-06 09:05:09 | INFO | KXSOL15M-26APR060515-15: TIME-SCALED STOP HIT @ $0.6900 (entry=$0.4450, stop=47%, loss=55.1%, age=1.5min)
2026-04-06 09:05:09 | INFO | [SOL] REAL CLOSE ORDER PLACED: {'order': {'action': 'buy', 'client_order_id': '', 'created_time': '2026-04-06T09:05:09.58234Z', 'fill_count_fp': '0.00', 'initial_count_fp': '2.00', 'last_update_time': '2026-04-06T09:05:09.58234Z', 'maker_fees_dollars': '0.000000', 'maker_fill_cost_dollars': '0.000000', 'no_price_dollars': '0.3100', 'order_id': 'f0bdf593-c980-406c-836e-4046f69fd341', 'remaining_count_fp': '2.00', 'side': 'yes', 'status': 'resting', 'subaccount_number': 0, 'taker_fees_dollars': '0.000000', 'taker_fill_cost_dollars': '0.000000', 'ticker': 'KXSOL15M-26APR060515-15', 'type': 'limit', 'user_id': 'dd8ef7dd-9e7f-40f7-965e-e9276a7805a4', 'yes_price_dollars': '0.6900'}}
2026-04-06 09:05:09 | INFO | [SOL] Closed KXSOL15M-26APR060515-15: TIME-SCALED STOP: -47% loss locked in, PnL=$0.49
2026-04-06 09:05:09 | INFO | Strategy momentum stats: W=100.00%, R=0.49x, Kelly=20.00%
2026-04-06 09:05:09 | INFO | Trade recorded: KXSOL15M-26APR060515-15 no momentum PnL=$0.49
2026-04-06 09:05:09 | INFO | [SOL] Position closed. Cooldown started: must wait 2 cycles before re-entering
2026-04-06 09:05:09 | INFO | FIRST_CROSS: KXSOL15M-26APR060515-15 | Direction: up | Target: $81.99 | Coin Price: $82.11
2026-04-06 09:05:09 | INFO | FIRST_CROSS SIGNAL (coin): KXSOL15M-26APR060515-15 | Direction: up | Target: $81.99 | Side: yes @ $0.6900 | contracts=0 | CONF=53 | Coinbase=None
2026-04-06 09:05:09 | ERROR | [SOL] REAL ORDER FAILED: Invalid price or amount
2026-04-06 09:05:39 | INFO | Status: cash=$23.52, positions=1, loop=43, active_series=['KXXRP15M', 'KXDOGE15M', 'KXSOL15M', 'KXBNB15M', 'KXETH15M', 'KXHYPE15M', 'KXBTC15M']
2026-04-06 09:05:39 | INFO | Day Realized P&L: $-11.16 (-32.2%) / -$99999.00 daily stop-loss limit
2026-04-06 09:05:39 | INFO | Coins: BTC: idle | ETH: idle | BNB: momentum no@0.45 | SOL: idle | DOGE: idle | XRP: idle | HYPE: idle | ADA: idle
2026-04-06 09:05:39 | INFO | JSON summary saved to /home/ubuntu/.openclaw/workspace/workers/superbot/report.json
2026-04-06 09:05:39 | INFO | [HYPE] Cooldown complete - can trade again
2026-04-06 09:05:39 | INFO | MOMENTUM SIGNAL: KXBTC15M-26APR060515-15 | Side: no @ $0.4650 | contracts=2 | CONF=60 | TS=30%/40% | Coinbase=bearish | age=304s
2026-04-06 09:05:39 | INFO | [BTC] REAL ORDER PLACED: {'order': {'action': 'buy', 'client_order_id': '', 'created_time': '2026-04-06T09:05:39.93387Z', 'fill_count_fp': '2.00', 'initial_count_fp': '2.00', 'last_update_time': '2026-04-06T09:05:39.93387Z', 'maker_fees_dollars': '0.000000', 'maker_fill_cost_dollars': '0.000000', 'no_price_dollars': '0.5400', 'order_id': '5c100f50-0280-4e6b-8f80-c4797c953f34', 'remaining_count_fp': '0.00', 'side': 'no', 'status': 'executed', 'subaccount_number': 0, 'taker_fees_dollars': '0.040000', 'taker_fill_cost_dollars': '0.800000', 'ticker': 'KXBTC15M-26APR060515-15', 'type': 'limit', 'user_id': 'dd8ef7dd-9e7f-40f7-965e-e9276a7805a4', 'yes_price_dollars': '0.4600'}}
2026-04-06 09:05:39 | INFO | [BTC] Opened momentum: no KXBTC15M-26APR060515-15 @ $0.4650, contracts=2, cost=$1.07
2026-04-06 09:05:39 | INFO | 🚀 [BTC] TRADE EXECUTED: momentum no KXBTC15M-26APR060515-15 @ $0.4650, contracts=2 (daily trades: 10/30)
2026-04-06 09:05:39 | INFO | FIRST_CROSS SIGNAL (midpoint): KXETH15M-26APR060515-15 | Direction: no | Side: no @ $0.7000 | contracts=0 | CONF=53 | TS=50%/40% | Coinbase=None | max_hold=10min
2026-04-06 09:05:39 | ERROR | [ETH] REAL ORDER FAILED: Invalid price or amount
2026-04-06 09:05:39 | INFO | FIRST_CROSS SIGNAL (midpoint): KXSOL15M-26APR060515-15 | Direction: no | Side: no @ $0.7000 | contracts=0 | CONF=53 | TS=50%/40% | Coinbase=None | max_hold=10min
2026-04-06 09:05:39 | ERROR | [SOL] REAL ORDER FAILED: Invalid price or amount
2026-04-06 09:06:10 | INFO | Status: cash=$22.45, positions=2, loop=44, active_series=['KXXRP15M', 'KXDOGE15M', 'KXSOL15M', 'KXBNB15M', 'KXETH15M', 'KXHYPE15M', 'KXBTC15M']
2026-04-06 09:06:10 | INFO | Day Realized P&L: $-12.23 (-35.3%) / -$99999.00 daily stop-loss limit
2026-04-06 09:06:10 | INFO | Coins: BTC: momentum no@0.46 | ETH: idle | BNB: momentum no@0.45 | SOL: idle | DOGE: idle | XRP: idle | HYPE: idle | ADA: idle
2026-04-06 09:06:10 | INFO | JSON summary saved to /home/ubuntu/.openclaw/workspace/workers/superbot/report.json
2026-04-06 09:06:10 | INFO | [SOL] Cooldown complete - can trade again
2026-04-06 09:06:40 | INFO | Status: cash=$22.45, positions=2, loop=45, active_series=['KXXRP15M', 'KXDOGE15M', 'KXSOL15M', 'KXBNB15M', 'KXETH15M', 'KXHYPE15M', 'KXBTC15M']
2026-04-06 09:06:40 | INFO | Day Realized P&L: $-12.23 (-35.3%) / -$99999.00 daily stop-loss limit
2026-04-06 09:06:40 | INFO | Coins: BTC: momentum no@0.46 | ETH: idle | BNB: momentum no@0.45 | SOL: idle | DOGE: idle | XRP: idle | HYPE: idle | ADA: idle
2026-04-06 09:06:40 | INFO | JSON summary saved to /home/ubuntu/.openclaw/workspace/workers/superbot/report.json
2026-04-06 09:06:40 | INFO | KXBNB15M-26APR060515-15: TIME-SCALED STOP HIT @ $0.6350 (entry=$0.4450, stop=42%, loss=42.7%, age=4.0min)
2026-04-06 09:06:40 | INFO | [BNB] REAL CLOSE ORDER PLACED: {'order': {'action': 'buy', 'client_order_id': '', 'created_time': '2026-04-06T09:06:40.567886Z', 'fill_count_fp': '0.00', 'initial_count_fp': '2.00', 'last_update_time': '2026-04-06T09:06:40.567886Z', 'maker_fees_dollars': '0.000000', 'maker_fill_cost_dollars': '0.000000', 'no_price_dollars': '0.3600', 'order_id': '03497c32-d913-40b9-aa3a-4bc721754a36', 'remaining_count_fp': '2.00', 'side': 'yes', 'status': 'resting', 'subaccount_number': 0, 'taker_fees_dollars': '0.000000', 'taker_fill_cost_dollars': '0.000000', 'ticker': 'KXBNB15M-26APR060515-15', 'type': 'limit', 'user_id': 'dd8ef7dd-9e7f-40f7-965e-e9276a7805a4', 'yes_price_dollars': '0.6400'}}
2026-04-06 09:06:40 | INFO | [BNB] Closed KXBNB15M-26APR060515-15: TIME-SCALED STOP: -42% loss locked in, PnL=$0.38
2026-04-06 09:06:40 | INFO | Strategy momentum stats: W=33.33%, R=0.60x, Kelly=4.00%
2026-04-06 09:06:40 | INFO | Trade recorded: KXBNB15M-26APR060515-15 no momentum PnL=$0.38
2026-04-06 09:06:40 | INFO | [BNB] Position closed. Cooldown started: must wait 2 cycles before re-entering
2026-04-06 09:06:40 | INFO | FIRST_CROSS: KXBNB15M-26APR060515-15 | Direction: up | Target: $604.23 | Coin Price: $604.51
2026-04-06 09:06:40 | INFO | FIRST_CROSS SIGNAL (coin): KXBNB15M-26APR060515-15 | Direction: up | Target: $604.23 | Side: yes @ $0.6350 | contracts=0 | CONF=45 | Coinbase=None
2026-04-06 09:06:40 | ERROR | [BNB] REAL ORDER FAILED: Invalid price or amount
2026-04-06 09:07:10 | INFO | Status: cash=$22.45, positions=1, loop=46, active_series=['KXXRP15M', 'KXDOGE15M', 'KXSOL15M', 'KXBNB15M', 'KXETH15M', 'KXHYPE15M', 'KXBTC15M']
2026-04-06 09:07:10 | INFO | Day Realized P&L: $-12.23 (-35.3%) / -$99999.00 daily stop-loss limit
2026-04-06 09:07:10 | INFO | Coins: BTC: momentum no@0.46 | ETH: idle | BNB: idle | SOL: idle | DOGE: idle | XRP: idle | HYPE: idle | ADA: idle
2026-04-06 09:07:10 | INFO | JSON summary saved to /home/ubuntu/.openclaw/workspace/workers/superbot/report.json
2026-04-06 09:07:10 | INFO | KXBTC15M-26APR060515-15: TIME-SCALED STOP HIT @ $0.7150 (entry=$0.4650, stop=47%, loss=53.8%, age=1.5min)
2026-04-06 09:07:10 | INFO | [BTC] REAL CLOSE ORDER PLACED: {'order': {'action': 'buy', 'client_order_id': '', 'created_time': '2026-04-06T09:07:10.951703Z', 'fill_count_fp': '0.00', 'initial_count_fp': '2.00', 'last_update_time': '2026-04-06T09:07:10.951703Z', 'maker_fees_dollars': '0.000000', 'maker_fill_cost_dollars': '0.000000', 'no_price_dollars': '0.2900', 'order_id': '6bb2738e-4a6a-486a-8d68-3e39004677b2', 'remaining_count_fp': '2.00', 'side': 'yes', 'status': 'resting', 'subaccount_number': 0, 'taker_fees_dollars': '0.000000', 'taker_fill_cost_dollars': '0.000000', 'ticker': 'KXBTC15M-26APR060515-15', 'type': 'limit', 'user_id': 'dd8ef7dd-9e7f-40f7-965e-e9276a7805a4', 'yes_price_dollars': '0.7100'}}
2026-04-06 09:07:10 | INFO | [BTC] Closed KXBTC15M-26APR060515-15: TIME-SCALED STOP: -47% loss locked in, PnL=$0.50
2026-04-06 09:07:10 | INFO | Strategy momentum stats: W=66.67%, R=0.94x, Kelly=20.00%
2026-04-06 09:07:10 | INFO | Trade recorded: KXBTC15M-26APR060515-15 no momentum PnL=$0.50
2026-04-06 09:07:10 | INFO | [BTC] Position closed. Cooldown started: must wait 2 cycles before re-entering
2026-04-06 09:07:10 | INFO | FIRST_CROSS: KXBNB15M-26APR060515-15 crossed UP through $0.50 (was $0.4900, now $0.6550)
2026-04-06 09:07:10 | INFO | FIRST_CROSS SIGNAL (midpoint): KXBNB15M-26APR060515-15 | Direction: yes | Side: yes @ $0.6550 | contracts=0 | CONF=53 | TS=50%/40% | Coinbase=None | max_hold=10min
2026-04-06 09:07:10 | ERROR | [BNB] REAL ORDER FAILED: Invalid price or amount
2026-04-06 09:07:41 | INFO | Status: cash=$22.45, positions=0, loop=47, active_series=['KXXRP15M', 'KXDOGE15M', 'KXSOL15M', 'KXBNB15M', 'KXETH15M', 'KXHYPE15M', 'KXBTC15M']
2026-04-06 09:07:41 | INFO | Day Realized P&L: $-12.23 (-35.3%) / -$99999.00 daily stop-loss limit
2026-04-06 09:07:41 | INFO | Coins: BTC: idle | ETH: idle | BNB: idle | SOL: idle | DOGE: idle | XRP: idle | HYPE: idle | ADA: idle
2026-04-06 09:07:41 | INFO | JSON summary saved to /home/ubuntu/.openclaw/workspace/workers/superbot/report.json
2026-04-06 09:07:41 | INFO | [BNB] Cooldown complete - can trade again
2026-04-06 09:07:41 | INFO | FIRST_CROSS SIGNAL (midpoint): KXBTC15M-26APR060515-15 | Direction: yes | Side: yes @ $0.6200 | contracts=0 | CONF=53 | TS=50%/40% | Coinbase=None | max_hold=10min
2026-04-06 09:07:41 | ERROR | [BTC] REAL ORDER FAILED: Invalid price or amount
2026-04-06 09:07:41 | INFO | FIRST_CROSS SIGNAL (midpoint): KXSOL15M-26APR060515-15 | Direction: no | Side: no @ $0.7000 | contracts=0 | CONF=53 | TS=50%/40% | Coinbase=None | max_hold=10min
2026-04-06 09:07:41 | ERROR | [SOL] REAL ORDER FAILED: Invalid price or amount
2026-04-06 09:08:11 | INFO | Status: cash=$22.45, positions=0, loop=48, active_series=['KXXRP15M', 'KXDOGE15M', 'KXSOL15M', 'KXBNB15M', 'KXETH15M', 'KXHYPE15M', 'KXBTC15M']
2026-04-06 09:08:11 | INFO | Day Realized P&L: $-12.23 (-35.3%) / -$99999.00 daily stop-loss limit
2026-04-06 09:08:11 | INFO | Coins: BTC: idle | ETH: idle | BNB: idle | SOL: idle | DOGE: idle | XRP: idle | HYPE: idle | ADA: idle
2026-04-06 09:08:11 | INFO | JSON summary saved to /home/ubuntu/.openclaw/workspace/workers/superbot/report.json
2026-04-06 09:08:11 | INFO | [BTC] Cooldown complete - can trade again
2026-04-06 09:08:11 | INFO | FIRST_CROSS SIGNAL (midpoint): KXBTC15M-26APR060515-15 | Direction: yes | Side: yes @ $0.6750 | contracts=0 | CONF=53 | TS=50%/40% | Coinbase=None | max_hold=10min
2026-04-06 09:08:11 | ERROR | [BTC] REAL ORDER FAILED: Invalid price or amount
2026-04-06 09:08:11 | INFO | FIRST_CROSS SIGNAL (midpoint): KXBNB15M-26APR060515-15 | Direction: yes | Side: yes @ $0.6700 | contracts=0 | CONF=53 | TS=50%/40% | Coinbase=None | max_hold=10min
2026-04-06 09:08:11 | ERROR | [BNB] REAL ORDER FAILED: Invalid price or amount
2026-04-06 09:08:41 | INFO | Status: cash=$22.45, positions=0, loop=49, active_series=['KXXRP15M', 'KXDOGE15M', 'KXSOL15M', 'KXBNB15M', 'KXETH15M', 'KXHYPE15M', 'KXBTC15M']
2026-04-06 09:08:41 | INFO | Day Realized P&L: $-12.23 (-35.3%) / -$99999.00 daily stop-loss limit
2026-04-06 09:08:41 | INFO | Coins: BTC: idle | ETH: idle | BNB: idle | SOL: idle | DOGE: idle | XRP: idle | HYPE: idle | ADA: idle
2026-04-06 09:08:41 | INFO | JSON summary saved to /home/ubuntu/.openclaw/workspace/workers/superbot/report.json
2026-04-06 09:09:11 | INFO | Status: cash=$22.45, positions=0, loop=50, active_series=['KXXRP15M', 'KXDOGE15M', 'KXSOL15M', 'KXBNB15M', 'KXETH15M', 'KXHYPE15M', 'KXBTC15M']
2026-04-06 09:09:11 | INFO | Day Realized P&L: $-12.23 (-35.3%) / -$99999.00 daily stop-loss limit
2026-04-06 09:09:11 | INFO | Coins: BTC: idle | ETH: idle | BNB: idle | SOL: idle | DOGE: idle | XRP: idle | HYPE: idle | ADA: idle
2026-04-06 09:09:11 | INFO | JSON summary saved to /home/ubuntu/.openclaw/workspace/workers/superbot/report.json
2026-04-06 09:09:41 | INFO | Status: cash=$22.45, positions=0, loop=51, active_series=['KXXRP15M', 'KXDOGE15M', 'KXSOL15M', 'KXBNB15M', 'KXETH15M', 'KXHYPE15M', 'KXBTC15M']
2026-04-06 09:09:41 | INFO | Day Realized P&L: $-12.23 (-35.3%) / -$99999.00 daily stop-loss limit
2026-04-06 09:09:41 | INFO | Coins: BTC: idle | ETH: idle | BNB: idle | SOL: idle | DOGE: idle | XRP: idle | HYPE: idle | ADA: idle
2026-04-06 09:09:41 | INFO | JSON summary saved to /home/ubuntu/.openclaw/workspace/workers/superbot/report.json
2026-04-06 09:10:11 | INFO | Status: cash=$22.45, positions=0, loop=52, active_series=['KXXRP15M', 'KXDOGE15M', 'KXSOL15M', 'KXBNB15M', 'KXETH15M', 'KXHYPE15M', 'KXBTC15M']
2026-04-06 09:10:11 | INFO | Day Realized P&L: $-12.23 (-35.3%) / -$99999.00 daily stop-loss limit
2026-04-06 09:10:11 | INFO | Coins: BTC: idle | ETH: idle | BNB: idle | SOL: idle | DOGE: idle | XRP: idle | HYPE: idle | ADA: idle
2026-04-06 09:10:11 | INFO | JSON summary saved to /home/ubuntu/.openclaw/workspace/workers/superbot/report.json
2026-04-06 09:10:41 | INFO | Status: cash=$22.45, positions=0, loop=53, active_series=['KXXRP15M', 'KXDOGE15M', 'KXSOL15M', 'KXBNB15M', 'KXETH15M', 'KXHYPE15M', 'KXBTC15M']
2026-04-06 09:10:41 | INFO | Day Realized P&L: $-12.23 (-35.3%) / -$99999.00 daily stop-loss limit
2026-04-06 09:10:41 | INFO | Coins: BTC: idle | ETH: idle | BNB: idle | SOL: idle | DOGE: idle | XRP: idle | HYPE: idle | ADA: idle
2026-04-06 09:10:41 | INFO | JSON summary saved to /home/ubuntu/.openclaw/workspace/workers/superbot/report.json
2026-04-06 09:11:11 | INFO | Status: cash=$22.45, positions=0, loop=54, active_series=['KXXRP15M', 'KXDOGE15M', 'KXSOL15M', 'KXBNB15M', 'KXETH15M', 'KXHYPE15M', 'KXBTC15M']
2026-04-06 09:11:11 | INFO | Day Realized P&L: $-12.23 (-35.3%) / -$99999.00 daily stop-loss limit
2026-04-06 09:11:11 | INFO | Coins: BTC: idle | ETH: idle | BNB: idle | SOL: idle | DOGE: idle | XRP: idle | HYPE: idle | ADA: idle
2026-04-06 09:11:11 | INFO | JSON summary saved to /home/ubuntu/.openclaw/workspace/workers/superbot/report.json
2026-04-06 09:11:42 | INFO | Status: cash=$22.45, positions=0, loop=55, active_series=['KXXRP15M', 'KXDOGE15M', 'KXSOL15M', 'KXBNB15M', 'KXETH15M', 'KXHYPE15M', 'KXBTC15M']
2026-04-06 09:11:42 | INFO | Day Realized P&L: $-12.23 (-35.3%) / -$99999.00 daily stop-loss limit
2026-04-06 09:11:42 | INFO | Coins: BTC: idle | ETH: idle | BNB: idle | SOL: idle | DOGE: idle | XRP: idle | HYPE: idle | ADA: idle
2026-04-06 09:11:42 | INFO | JSON summary saved to /home/ubuntu/.openclaw/workspace/workers/superbot/report.json
2026-04-06 09:12:12 | INFO | Status: cash=$22.45, positions=0, loop=56, active_series=['KXXRP15M', 'KXDOGE15M', 'KXSOL15M', 'KXBNB15M', 'KXETH15M', 'KXHYPE15M', 'KXBTC15M']
2026-04-06 09:12:12 | INFO | Day Realized P&L: $-12.23 (-35.3%) / -$99999.00 daily stop-loss limit
2026-04-06 09:12:12 | INFO | Coins: BTC: idle | ETH: idle | BNB: idle | SOL: idle | DOGE: idle | XRP: idle | HYPE: idle | ADA: idle
2026-04-06 09:12:12 | INFO | JSON summary saved to /home/ubuntu/.openclaw/workspace/workers/superbot/report.json
2026-04-06 09:12:42 | INFO | Status: cash=$22.45, positions=0, loop=57, active_series=['KXXRP15M', 'KXDOGE15M', 'KXSOL15M', 'KXBNB15M', 'KXETH15M', 'KXHYPE15M', 'KXBTC15M']
2026-04-06 09:12:42 | INFO | Day Realized P&L: $-12.23 (-35.3%) / -$99999.00 daily stop-loss limit
2026-04-06 09:12:42 | INFO | Coins: BTC: idle | ETH: idle | BNB: idle | SOL: idle | DOGE: idle | XRP: idle | HYPE: idle | ADA: idle
2026-04-06 09:12:42 | INFO | JSON summary saved to /home/ubuntu/.openclaw/workspace/workers/superbot/report.json
2026-04-06 09:13:12 | INFO | Status: cash=$22.45, positions=0, loop=58, active_series=['KXXRP15M', 'KXDOGE15M', 'KXSOL15M', 'KXBNB15M', 'KXETH15M', 'KXHYPE15M', 'KXBTC15M']
2026-04-06 09:13:12 | INFO | Day Realized P&L: $-12.23 (-35.3%) / -$99999.00 daily stop-loss limit
2026-04-06 09:13:12 | INFO | Coins: BTC: idle | ETH: idle | BNB: idle | SOL: idle | DOGE: idle | XRP: idle | HYPE: idle | ADA: idle
2026-04-06 09:13:12 | INFO | JSON summary saved to /home/ubuntu/.openclaw/workspace/workers/superbot/report.json
2026-04-06 09:13:42 | INFO | Status: cash=$22.45, positions=0, loop=59, active_series=['KXXRP15M', 'KXDOGE15M', 'KXSOL15M', 'KXBNB15M', 'KXETH15M', 'KXHYPE15M', 'KXBTC15M']
2026-04-06 09:13:42 | INFO | Day Realized P&L: $-12.23 (-35.3%) / -$99999.00 daily stop-loss limit
2026-04-06 09:13:42 | INFO | Coins: BTC: idle | ETH: idle | BNB: idle | SOL: idle | DOGE: idle | XRP: idle | HYPE: idle | ADA: idle
2026-04-06 09:13:42 | INFO | JSON summary saved to /home/ubuntu/.openclaw/workspace/workers/superbot/report.json
2026-04-06 09:14:12 | INFO | Status: cash=$22.45, positions=0, loop=60, active_series=['KXXRP15M', 'KXDOGE15M', 'KXSOL15M', 'KXBNB15M', 'KXETH15M', 'KXHYPE15M', 'KXBTC15M']
2026-04-06 09:14:12 | INFO | Day Realized P&L: $-12.23 (-35.3%) / -$99999.00 daily stop-loss limit
2026-04-06 09:14:12 | INFO | Coins: BTC: idle | ETH: idle | BNB: idle | SOL: idle | DOGE: idle | XRP: idle | HYPE: idle | ADA: idle
2026-04-06 09:14:12 | INFO | JSON summary saved to /home/ubuntu/.openclaw/workspace/workers/superbot/report.json
2026-04-06 09:14:42 | INFO | Status: cash=$22.45, positions=0, loop=61, active_series=['KXXRP15M', 'KXDOGE15M', 'KXSOL15M', 'KXBNB15M', 'KXETH15M', 'KXHYPE15M', 'KXBTC15M']
2026-04-06 09:14:42 | INFO | Day Realized P&L: $-12.23 (-35.3%) / -$99999.00 daily stop-loss limit
2026-04-06 09:14:42 | INFO | Coins: BTC: idle | ETH: idle | BNB: idle | SOL: idle | DOGE: idle | XRP: idle | HYPE: idle | ADA: idle
2026-04-06 09:14:42 | INFO | JSON summary saved to /home/ubuntu/.openclaw/workspace/workers/superbot/report.json
2026-04-06 09:15:12 | INFO | Status: cash=$22.45, positions=0, loop=62, active_series=['KXXRP15M', 'KXDOGE15M', 'KXSOL15M', 'KXBNB15M', 'KXETH15M', 'KXHYPE15M', 'KXBTC15M']
2026-04-06 09:15:12 | INFO | Day Realized P&L: $-12.23 (-35.3%) / -$99999.00 daily stop-loss limit
2026-04-06 09:15:12 | INFO | Coins: BTC: idle | ETH: idle | BNB: idle | SOL: idle | DOGE: idle | XRP: idle | HYPE: idle | ADA: idle
2026-04-06 09:15:12 | INFO | JSON summary saved to /home/ubuntu/.openclaw/workspace/workers/superbot/report.json
2026-04-06 09:15:12 | INFO | FIRST_CROSS: KXETH15M-26APR060530-30 target price set to $2,150.09
2026-04-06 09:15:12 | INFO | FIRST_CROSS: KXSOL15M-26APR060530-30 target price set to $82.49
2026-04-06 09:15:12 | INFO | FIRST_CROSS: KXHYPE15M-26APR060530-30 target price set to $37.42
2026-04-06 09:15:42 | INFO | Status: cash=$22.45, positions=0, loop=63, active_series=['KXXRP15M', 'KXDOGE15M', 'KXSOL15M', 'KXBNB15M', 'KXETH15M', 'KXHYPE15M', 'KXBTC15M']
2026-04-06 09:15:42 | INFO | Day Realized P&L: $-12.23 (-35.3%) / -$99999.00 daily stop-loss limit
2026-04-06 09:15:42 | INFO | Coins: BTC: idle | ETH: idle | BNB: idle | SOL: idle | DOGE: idle | XRP: idle | HYPE: idle | ADA: idle
2026-04-06 09:15:42 | INFO | JSON summary saved to /home/ubuntu/.openclaw/workspace/workers/superbot/report.json
2026-04-06 09:15:43 | INFO | FIRST_CROSS: KXBTC15M-26APR060530-30 target price set to $69,620.73
2026-04-06 09:15:43 | INFO | FIRST_CROSS: KXETH15M-26APR060530-30 crossed UP through $0.50 (was $0.4550, now $0.5950)
2026-04-06 09:15:43 | INFO | FIRST_CROSS SIGNAL (midpoint): KXETH15M-26APR060530-30 | Direction: yes | Side: yes @ $0.5950 | contracts=0 | CONF=43 | TS=50%/40% | Coinbase=bullish | max_hold=10min
2026-04-06 09:15:43 | ERROR | [ETH] REAL ORDER FAILED: Invalid price or amount
2026-04-06 09:15:43 | INFO | FIRST_CROSS: KXBNB15M-26APR060530-30 target price set to $606.33
2026-04-06 09:15:43 | INFO | FIRST_CROSS: KXDOGE15M-26APR060530-30 target price set to $0.09
2026-04-06 09:15:43 | INFO | FIRST_CROSS: KXXRP15M-26APR060530-30 target price set to $1.35
2026-04-06 09:16:13 | INFO | Status: cash=$22.45, positions=0, loop=64, active_series=['KXXRP15M', 'KXDOGE15M', 'KXSOL15M', 'KXBNB15M', 'KXETH15M', 'KXHYPE15M', 'KXBTC15M']
2026-04-06 09:16:13 | INFO | Day Realized P&L: $-12.23 (-35.3%) / -$99999.00 daily stop-loss limit
2026-04-06 09:16:13 | INFO | Coins: BTC: idle | ETH: idle | BNB: idle | SOL: idle | DOGE: idle | XRP: idle | HYPE: idle | ADA: idle
2026-04-06 09:16:13 | INFO | JSON summary saved to /home/ubuntu/.openclaw/workspace/workers/superbot/report.json
2026-04-06 09:16:13 | INFO | FIRST_CROSS: KXSOL15M-26APR060530-30 | Direction: up | Target: $82.49 | Coin Price: $82.72
2026-04-06 09:16:13 | INFO | FIRST_CROSS: KXDOGE15M-26APR060530-30 crossed UP through $0.50 (was $0.4850, now $0.5200)
2026-04-06 09:16:13 | INFO | FIRST_CROSS SIGNAL (midpoint): KXDOGE15M-26APR060530-30 | Direction: yes | Side: yes @ $0.5200 | contracts=0 | CONF=43 | TS=50%/40% | Coinbase=bullish | max_hold=10min
2026-04-06 09:16:13 | ERROR | [DOGE] REAL ORDER FAILED: Invalid price or amount
2026-04-06 09:16:13 | INFO | FIRST_CROSS: KXXRP15M-26APR060530-30 crossed UP through $0.50 (was $0.4200, now $0.5950)
2026-04-06 09:16:13 | INFO | FIRST_CROSS SIGNAL (midpoint): KXXRP15M-26APR060530-30 | Direction: yes | Side: yes @ $0.5950 | contracts=0 | CONF=43 | TS=50%/40% | Coinbase=bullish | max_hold=10min
2026-04-06 09:16:13 | ERROR | [XRP] REAL ORDER FAILED: Invalid price or amount
2026-04-06 09:16:43 | INFO | Status: cash=$22.45, positions=0, loop=65, active_series=['KXXRP15M', 'KXDOGE15M', 'KXSOL15M', 'KXBNB15M', 'KXETH15M', 'KXHYPE15M', 'KXBTC15M']
2026-04-06 09:16:43 | INFO | Day Realized P&L: $-12.23 (-35.3%) / -$99999.00 daily stop-loss limit
2026-04-06 09:16:43 | INFO | Coins: BTC: idle | ETH: idle | BNB: idle | SOL: idle | DOGE: idle | XRP: idle | HYPE: idle | ADA: idle
2026-04-06 09:16:43 | INFO | JSON summary saved to /home/ubuntu/.openclaw/workspace/workers/superbot/report.json
2026-04-06 09:16:43 | INFO | FIRST_CROSS: KXSOL15M-26APR060530-30 crossed UP through $0.50 (was $0.4750, now $0.5500)
2026-04-06 09:16:43 | INFO | FIRST_CROSS SIGNAL (midpoint): KXSOL15M-26APR060530-30 | Direction: yes | Side: yes @ $0.5500 | contracts=0 | CONF=43 | TS=50%/40% | Coinbase=bullish | max_hold=10min
2026-04-06 09:16:43 | ERROR | [SOL] REAL ORDER FAILED: Invalid price or amount
2026-04-06 09:17:13 | INFO | Status: cash=$22.45, positions=0, loop=66, active_series=['KXXRP15M', 'KXDOGE15M', 'KXSOL15M', 'KXBNB15M', 'KXETH15M', 'KXHYPE15M', 'KXBTC15M']
2026-04-06 09:17:13 | INFO | Day Realized P&L: $-12.23 (-35.3%) / -$99999.00 daily stop-loss limit
2026-04-06 09:17:13 | INFO | Coins: BTC: idle | ETH: idle | BNB: idle | SOL: idle | DOGE: idle | XRP: idle | HYPE: idle | ADA: idle
2026-04-06 09:17:13 | INFO | JSON summary saved to /home/ubuntu/.openclaw/workspace/workers/superbot/report.json
2026-04-06 09:17:13 | INFO | MOMENTUM SIGNAL: KXHYPE15M-26APR060530-30 | Side: yes @ $0.6550 | contracts=3 | CONF=60 | TS=30%/40% | Coinbase=bullish | age=121s
2026-04-06 09:17:13 | INFO | [HYPE] REAL ORDER PLACED: {'order': {'action': 'buy', 'client_order_id': '', 'created_time': '2026-04-06T09:17:13.986414Z', 'fill_count_fp': '2.00', 'initial_count_fp': '2.00', 'last_update_time': '2026-04-06T09:17:13.986414Z', 'maker_fees_dollars': '0.000000', 'maker_fill_cost_dollars': '0.000000', 'no_price_dollars': '0.3400', 'order_id': '534bb21b-c58c-42ff-aa9e-7b1843070b35', 'remaining_count_fp': '0.00', 'side': 'yes', 'status': 'executed', 'subaccount_number': 0, 'taker_fees_dollars': '0.040000', 'taker_fill_cost_dollars': '1.300000', 'ticker': 'KXHYPE15M-26APR060530-30', 'type': 'limit', 'user_id': 'dd8ef7dd-9e7f-40f7-965e-e9276a7805a4', 'yes_price_dollars': '0.6600'}}
2026-04-06 09:17:13 | INFO | [HYPE] Opened momentum: yes KXHYPE15M-26APR060530-30 @ $0.6550, contracts=2, cost=$1.31
2026-04-06 09:17:13 | INFO | 🚀 [HYPE] TRADE EXECUTED: momentum yes KXHYPE15M-26APR060530-30 @ $0.6550, contracts=2 (daily trades: 11/30)
2026-04-06 09:17:44 | INFO | Status: cash=$21.14, positions=1, loop=67, active_series=['KXXRP15M', 'KXDOGE15M', 'KXSOL15M', 'KXBNB15M', 'KXETH15M', 'KXHYPE15M', 'KXBTC15M']
2026-04-06 09:17:44 | INFO | Day Realized P&L: $-13.54 (-39.0%) / -$99999.00 daily stop-loss limit
2026-04-06 09:17:44 | INFO | Coins: BTC: idle | ETH: idle | BNB: idle | SOL: idle | DOGE: idle | XRP: idle | HYPE: momentum yes@0.66 | ADA: idle
2026-04-06 09:17:44 | INFO | JSON summary saved to /home/ubuntu/.openclaw/workspace/workers/superbot/report.json
2026-04-06 09:18:09 | INFO | CoinTrader initialized for BTC (KXBTC15M)
2026-04-06 09:18:09 | INFO | CoinTrader initialized for ETH (KXETH15M)
2026-04-06 09:18:09 | INFO | CoinTrader initialized for BNB (KXBNB15M)
2026-04-06 09:18:09 | INFO | CoinTrader initialized for SOL (KXSOL15M)
2026-04-06 09:18:09 | INFO | CoinTrader initialized for DOGE (KXDOGE15M)
2026-04-06 09:18:09 | INFO | CoinTrader initialized for XRP (KXXRP15M)
2026-04-06 09:18:09 | INFO | CoinTrader initialized for HYPE (KXHYPE15M)
2026-04-06 09:18:09 | INFO | CoinTrader initialized for ADA (KXADA15M)
2026-04-06 09:18:09 | INFO | ============================================================
2026-04-06 09:18:09 | INFO | SUPERBOT INITIALIZED - NERD v2 STRATEGY
2026-04-06 09:18:09 | INFO | Coins: ['BTC', 'ETH', 'BNB', 'SOL', 'DOGE', 'XRP', 'HYPE', 'ADA']
2026-04-06 09:18:09 | INFO | Tickers: ['KXBTC15M', 'KXETH15M', 'KXBNB15M', 'KXSOL15M', 'KXDOGE15M', 'KXXRP15M', 'KXHYPE15M', 'KXADA15M']
2026-04-06 09:18:09 | INFO | Starting balance: $34.67
2026-04-06 09:18:09 | INFO | Max positions: 3 (was 5)
2026-04-06 09:18:09 | INFO | Max bet per trade: $2.00
2026-04-06 09:18:09 | INFO | Max daily loss: $99999.00
2026-04-06 09:18:09 | INFO | Max daily trades: 9999
2026-04-06 09:18:09 | INFO | Coinbase pre-filter: poll every 10s (FREE)
2026-04-06 09:18:09 | INFO | Kalshi polling: every 30s (was 2s)
2026-04-06 09:18:09 | INFO | STRATEGY: First Cross + Momentum BOTH (let them compete)
2026-04-06 09:18:09 | INFO | ============================================================
2026-04-06 09:18:09 | INFO | Starting SMART POLLING trading loop (Recorder's approach)...
2026-04-06 09:18:09 | INFO | Report session started: 2026-04-06 09:18:09 UTC
2026-04-06 09:18:09 | WARNING | !!! SIZING REDUCED !!! Cash $34.67 < $80 - reducing position sizes by 50%
2026-04-06 09:18:09 | INFO | 😴 IDLE: checked KXBTC15M (poll #1) | Day Realized P&L: $0.00 (0e+00%)
2026-04-06 09:18:09 | INFO | FIRST_CROSS: KXHYPE15M-26APR060530-30 target price set to $37.42
2026-04-06 09:18:39 | INFO | Status: cash=$34.67, positions=0, loop=2, active_series=['KXDOGE15M', 'KXXRP15M', 'KXHYPE15M', 'KXBNB15M', 'KXETH15M', 'KXBTC15M', 'KXSOL15M']
2026-04-06 09:18:39 | INFO | Day Realized P&L: $0.00 (0.0%) / -$99999.00 daily stop-loss limit
2026-04-06 09:18:39 | INFO | Coins: BTC: idle | ETH: idle | BNB: idle | SOL: idle | DOGE: idle | XRP: idle | HYPE: idle | ADA: idle
2026-04-06 09:18:39 | INFO | JSON summary saved to /home/ubuntu/.openclaw/workspace/workers/superbot/report.json
2026-04-06 09:19:09 | INFO | Status: cash=$34.67, positions=0, loop=3, active_series=['KXDOGE15M', 'KXXRP15M', 'KXHYPE15M', 'KXBNB15M', 'KXETH15M', 'KXBTC15M', 'KXSOL15M']
2026-04-06 09:19:09 | INFO | Day Realized P&L: $0.00 (0.0%) / -$99999.00 daily stop-loss limit
2026-04-06 09:19:09 | INFO | Coins: BTC: idle | ETH: idle | BNB: idle | SOL: idle | DOGE: idle | XRP: idle | HYPE: idle | ADA: idle
2026-04-06 09:19:09 | INFO | JSON summary saved to /home/ubuntu/.openclaw/workspace/workers/superbot/report.json
2026-04-06 09:19:39 | INFO | Status: cash=$34.67, positions=0, loop=4, active_series=['KXDOGE15M', 'KXXRP15M', 'KXHYPE15M', 'KXBNB15M', 'KXETH15M', 'KXBTC15M', 'KXSOL15M']
2026-04-06 09:19:39 | INFO | Day Realized P&L: $0.00 (0.0%) / -$99999.00 daily stop-loss limit
2026-04-06 09:19:39 | INFO | Coins: BTC: idle | ETH: idle | BNB: idle | SOL: idle | DOGE: idle | XRP: idle | HYPE: idle | ADA: idle
2026-04-06 09:19:39 | INFO | JSON summary saved to /home/ubuntu/.openclaw/workspace/workers/superbot/report.json
2026-04-06 09:20:09 | INFO | Status: cash=$34.67, positions=0, loop=5, active_series=['KXDOGE15M', 'KXXRP15M', 'KXHYPE15M', 'KXBNB15M', 'KXETH15M', 'KXBTC15M', 'KXSOL15M']
2026-04-06 09:20:09 | INFO | Day Realized P&L: $0.00 (0.0%) / -$99999.00 daily stop-loss limit
2026-04-06 09:20:09 | INFO | Coins: BTC: idle | ETH: idle | BNB: idle | SOL: idle | DOGE: idle | XRP: idle | HYPE: idle | ADA: idle
2026-04-06 09:20:09 | INFO | JSON summary saved to /home/ubuntu/.openclaw/workspace/workers/superbot/report.json
2026-04-06 09:20:39 | INFO | Status: cash=$34.67, positions=0, loop=6, active_series=['KXDOGE15M', 'KXXRP15M', 'KXHYPE15M', 'KXBNB15M', 'KXETH15M', 'KXBTC15M', 'KXSOL15M']
2026-04-06 09:20:39 | INFO | Day Realized P&L: $0.00 (0.0%) / -$99999.00 daily stop-loss limit
2026-04-06 09:20:39 | INFO | Coins: BTC: idle | ETH: idle | BNB: idle | SOL: idle | DOGE: idle | XRP: idle | HYPE: idle | ADA: idle
2026-04-06 09:20:39 | INFO | JSON summary saved to /home/ubuntu/.openclaw/workspace/workers/superbot/report.json
2026-04-06 09:21:10 | INFO | Status: cash=$34.67, positions=0, loop=7, active_series=['KXDOGE15M', 'KXXRP15M', 'KXHYPE15M', 'KXBNB15M', 'KXETH15M', 'KXBTC15M', 'KXSOL15M']
2026-04-06 09:21:10 | INFO | Day Realized P&L: $0.00 (0.0%) / -$99999.00 daily stop-loss limit
2026-04-06 09:21:10 | INFO | Coins: BTC: idle | ETH: idle | BNB: idle | SOL: idle | DOGE: idle | XRP: idle | HYPE: idle | ADA: idle
2026-04-06 09:21:10 | INFO | JSON summary saved to /home/ubuntu/.openclaw/workspace/workers/superbot/report.json
2026-04-06 09:21:40 | INFO | Status: cash=$34.67, positions=0, loop=8, active_series=['KXDOGE15M', 'KXXRP15M', 'KXHYPE15M', 'KXBNB15M', 'KXETH15M', 'KXBTC15M', 'KXSOL15M']
2026-04-06 09:21:40 | INFO | Day Realized P&L: $0.00 (0.0%) / -$99999.00 daily stop-loss limit
2026-04-06 09:21:40 | INFO | Coins: BTC: idle | ETH: idle | BNB: idle | SOL: idle | DOGE: idle | XRP: idle | HYPE: idle | ADA: idle
2026-04-06 09:21:40 | INFO | JSON summary saved to /home/ubuntu/.openclaw/workspace/workers/superbot/report.json
2026-04-06 09:22:10 | INFO | Status: cash=$34.67, positions=0, loop=9, active_series=['KXDOGE15M', 'KXXRP15M', 'KXHYPE15M', 'KXBNB15M', 'KXETH15M', 'KXBTC15M', 'KXSOL15M']
2026-04-06 09:22:10 | INFO | Day Realized P&L: $0.00 (0.0%) / -$99999.00 daily stop-loss limit
2026-04-06 09:22:10 | INFO | Coins: BTC: idle | ETH: idle | BNB: idle | SOL: idle | DOGE: idle | XRP: idle | HYPE: idle | ADA: idle
2026-04-06 09:22:10 | INFO | JSON summary saved to /home/ubuntu/.openclaw/workspace/workers/superbot/report.json
2026-04-06 09:22:40 | INFO | Status: cash=$34.67, positions=0, loop=10, active_series=['KXDOGE15M', 'KXXRP15M', 'KXHYPE15M', 'KXBNB15M', 'KXETH15M', 'KXBTC15M', 'KXSOL15M']
2026-04-06 09:22:40 | INFO | Day Realized P&L: $0.00 (0.0%) / -$99999.00 daily stop-loss limit
2026-04-06 09:22:40 | INFO | Coins: BTC: idle | ETH: idle | BNB: idle | SOL: idle | DOGE: idle | XRP: idle | HYPE: idle | ADA: idle
2026-04-06 09:22:40 | INFO | JSON summary saved to /home/ubuntu/.openclaw/workspace/workers/superbot/report.json
2026-04-06 09:23:10 | INFO | Status: cash=$34.67, positions=0, loop=11, active_series=['KXDOGE15M', 'KXXRP15M', 'KXHYPE15M', 'KXBNB15M', 'KXETH15M', 'KXBTC15M', 'KXSOL15M']
2026-04-06 09:23:10 | INFO | Day Realized P&L: $0.00 (0.0%) / -$99999.00 daily stop-loss limit
2026-04-06 09:23:10 | INFO | Coins: BTC: idle | ETH: idle | BNB: idle | SOL: idle | DOGE: idle | XRP: idle | HYPE: idle | ADA: idle
2026-04-06 09:23:10 | INFO | JSON summary saved to /home/ubuntu/.openclaw/workspace/workers/superbot/report.json
2026-04-06 09:23:40 | INFO | Status: cash=$34.67, positions=0, loop=12, active_series=['KXDOGE15M', 'KXXRP15M', 'KXHYPE15M', 'KXBNB15M', 'KXETH15M', 'KXBTC15M', 'KXSOL15M']
2026-04-06 09:23:40 | INFO | Day Realized P&L: $0.00 (0.0%) / -$99999.00 daily stop-loss limit
2026-04-06 09:23:40 | INFO | Coins: BTC: idle | ETH: idle | BNB: idle | SOL: idle | DOGE: idle | XRP: idle | HYPE: idle | ADA: idle
2026-04-06 09:23:40 | INFO | JSON summary saved to /home/ubuntu/.openclaw/workspace/workers/superbot/report.json
2026-04-06 09:24:10 | INFO | Status: cash=$34.67, positions=0, loop=13, active_series=['KXDOGE15M', 'KXXRP15M', 'KXHYPE15M', 'KXBNB15M', 'KXETH15M', 'KXBTC15M', 'KXSOL15M']
2026-04-06 09:24:10 | INFO | Day Realized P&L: $0.00 (0.0%) / -$99999.00 daily stop-loss limit
2026-04-06 09:24:10 | INFO | Coins: BTC: idle | ETH: idle | BNB: idle | SOL: idle | DOGE: idle | XRP: idle | HYPE: idle | ADA: idle
2026-04-06 09:24:10 | INFO | JSON summary saved to /home/ubuntu/.openclaw/workspace/workers/superbot/report.json
2026-04-06 09:24:40 | INFO | Status: cash=$34.67, positions=0, loop=14, active_series=['KXDOGE15M', 'KXXRP15M', 'KXHYPE15M', 'KXBNB15M', 'KXETH15M', 'KXBTC15M', 'KXSOL15M']
2026-04-06 09:24:40 | INFO | Day Realized P&L: $0.00 (0.0%) / -$99999.00 daily stop-loss limit
2026-04-06 09:24:40 | INFO | Coins: BTC: idle | ETH: idle | BNB: idle | SOL: idle | DOGE: idle | XRP: idle | HYPE: idle | ADA: idle
2026-04-06 09:24:40 | INFO | JSON summary saved to /home/ubuntu/.openclaw/workspace/workers/superbot/report.json
2026-04-06 09:25:11 | INFO | Status: cash=$34.67, positions=0, loop=15, active_series=['KXDOGE15M', 'KXXRP15M', 'KXHYPE15M', 'KXBNB15M', 'KXETH15M', 'KXBTC15M', 'KXSOL15M']
2026-04-06 09:25:11 | INFO | Day Realized P&L: $0.00 (0.0%) / -$99999.00 daily stop-loss limit
2026-04-06 09:25:11 | INFO | Coins: BTC: idle | ETH: idle | BNB: idle | SOL: idle | DOGE: idle | XRP: idle | HYPE: idle | ADA: idle
2026-04-06 09:25:11 | INFO | JSON summary saved to /home/ubuntu/.openclaw/workspace/workers/superbot/report.json
2026-04-06 09:25:41 | INFO | Status: cash=$34.67, positions=0, loop=16, active_series=['KXDOGE15M', 'KXXRP15M', 'KXHYPE15M', 'KXBNB15M', 'KXETH15M', 'KXBTC15M', 'KXSOL15M']
2026-04-06 09:25:41 | INFO | Day Realized P&L: $0.00 (0.0%) / -$99999.00 daily stop-loss limit
2026-04-06 09:25:41 | INFO | Coins: BTC: idle | ETH: idle | BNB: idle | SOL: idle | DOGE: idle | XRP: idle | HYPE: idle | ADA: idle
2026-04-06 09:25:41 | INFO | JSON summary saved to /home/ubuntu/.openclaw/workspace/workers/superbot/report.json
2026-04-06 09:26:11 | INFO | Status: cash=$34.67, positions=0, loop=17, active_series=['KXDOGE15M', 'KXXRP15M', 'KXHYPE15M', 'KXBNB15M', 'KXETH15M', 'KXBTC15M', 'KXSOL15M']
2026-04-06 09:26:11 | INFO | Day Realized P&L: $0.00 (0.0%) / -$99999.00 daily stop-loss limit
2026-04-06 09:26:11 | INFO | Coins: BTC: idle | ETH: idle | BNB: idle | SOL: idle | DOGE: idle | XRP: idle | HYPE: idle | ADA: idle
2026-04-06 09:26:11 | INFO | JSON summary saved to /home/ubuntu/.openclaw/workspace/workers/superbot/report.json
2026-04-06 09:26:41 | INFO | Status: cash=$34.67, positions=0, loop=18, active_series=['KXDOGE15M', 'KXXRP15M', 'KXHYPE15M', 'KXBNB15M', 'KXETH15M', 'KXBTC15M', 'KXSOL15M']
2026-04-06 09:26:41 | INFO | Day Realized P&L: $0.00 (0.0%) / -$99999.00 daily stop-loss limit
2026-04-06 09:26:41 | INFO | Coins: BTC: idle | ETH: idle | BNB: idle | SOL: idle | DOGE: idle | XRP: idle | HYPE: idle | ADA: idle
2026-04-06 09:26:41 | INFO | JSON summary saved to /home/ubuntu/.openclaw/workspace/workers/superbot/report.json
2026-04-06 09:26:41 | INFO | MOMENTUM SIGNAL: KXHYPE15M-26APR060530-30 | Side: yes @ $0.6700 | contracts=2 | CONF=60 | TS=30%/40% | Coinbase=bullish | age=512s
2026-04-06 09:26:41 | INFO | [HYPE] REAL ORDER PLACED: {'order': {'action': 'buy', 'client_order_id': '', 'created_time': '2026-04-06T09:26:41.591984Z', 'fill_count_fp': '2.00', 'initial_count_fp': '2.00', 'last_update_time': '2026-04-06T09:26:41.591984Z', 'maker_fees_dollars': '0.000000', 'maker_fill_cost_dollars': '0.000000', 'no_price_dollars': '0.3300', 'order_id': '721e063e-1988-4600-94ee-ff96bb8a0ba9', 'remaining_count_fp': '0.00', 'side': 'yes', 'status': 'executed', 'subaccount_number': 0, 'taker_fees_dollars': '0.040000', 'taker_fill_cost_dollars': '0.880000', 'ticker': 'KXHYPE15M-26APR060530-30', 'type': 'limit', 'user_id': 'dd8ef7dd-9e7f-40f7-965e-e9276a7805a4', 'yes_price_dollars': '0.6700'}}
2026-04-06 09:26:41 | INFO | [HYPE] Opened momentum: yes KXHYPE15M-26APR060530-30 @ $0.6700, contracts=2, cost=$1.34
2026-04-06 09:26:41 | INFO | 🚀 [HYPE] TRADE EXECUTED: momentum yes KXHYPE15M-26APR060530-30 @ $0.6700, contracts=2 (daily trades: 1/9999)
2026-04-06 09:27:11 | INFO | Status: cash=$33.33, positions=1, loop=19, active_series=['KXDOGE15M', 'KXXRP15M', 'KXHYPE15M', 'KXBNB15M', 'KXETH15M', 'KXBTC15M', 'KXSOL15M']
2026-04-06 09:27:11 | INFO | Day Realized P&L: $-1.34 (-3.9%) / -$99999.00 daily stop-loss limit
2026-04-06 09:27:11 | INFO | Coins: BTC: idle | ETH: idle | BNB: idle | SOL: idle | DOGE: idle | XRP: idle | HYPE: momentum yes@0.67 | ADA: idle
2026-04-06 09:27:11 | INFO | JSON summary saved to /home/ubuntu/.openclaw/workspace/workers/superbot/report.json
2026-04-06 09:27:41 | INFO | Status: cash=$33.33, positions=1, loop=20, active_series=['KXDOGE15M', 'KXXRP15M', 'KXHYPE15M', 'KXBNB15M', 'KXETH15M', 'KXBTC15M', 'KXSOL15M']
2026-04-06 09:27:41 | INFO | Day Realized P&L: $-1.34 (-3.9%) / -$99999.00 daily stop-loss limit
2026-04-06 09:27:41 | INFO | Coins: BTC: idle | ETH: idle | BNB: idle | SOL: idle | DOGE: idle | XRP: idle | HYPE: momentum yes@0.67 | ADA: idle
2026-04-06 09:27:41 | INFO | JSON summary saved to /home/ubuntu/.openclaw/workspace/workers/superbot/report.json
2026-04-06 09:28:11 | INFO | Status: cash=$33.33, positions=1, loop=21, active_series=['KXDOGE15M', 'KXXRP15M', 'KXHYPE15M', 'KXBNB15M', 'KXETH15M', 'KXBTC15M', 'KXSOL15M']
2026-04-06 09:28:11 | INFO | Day Realized P&L: $-1.34 (-3.9%) / -$99999.00 daily stop-loss limit
2026-04-06 09:28:11 | INFO | Coins: BTC: idle | ETH: idle | BNB: idle | SOL: idle | DOGE: idle | XRP: idle | HYPE: momentum yes@0.67 | ADA: idle
2026-04-06 09:28:11 | INFO | JSON summary saved to /home/ubuntu/.openclaw/workspace/workers/superbot/report.json
2026-04-06 09:28:11 | INFO | KXHYPE15M-26APR060530-30: TIME-SCALED STOP HIT @ $0.2900 (entry=$0.6700, stop=47%, loss=56.7%, age=1.5min)
2026-04-06 09:28:12 | INFO | [HYPE] REAL CLOSE ORDER PLACED: {'order': {'action': 'buy', 'client_order_id': '', 'created_time': '2026-04-06T09:28:12.209032Z', 'fill_count_fp': '0.00', 'initial_count_fp': '4.00', 'last_update_time': '2026-04-06T09:28:12.209032Z', 'maker_fees_dollars': '0.000000', 'maker_fill_cost_dollars': '0.000000', 'no_price_dollars': '0.7100', 'order_id': '72ea385a-b683-48bc-8c1a-6c25a3943a47', 'remaining_count_fp': '4.00', 'side': 'no', 'status': 'resting', 'subaccount_number': 0, 'taker_fees_dollars': '0.000000', 'taker_fill_cost_dollars': '0.000000', 'ticker': 'KXHYPE15M-26APR060530-30', 'type': 'limit', 'user_id': 'dd8ef7dd-9e7f-40f7-965e-e9276a7805a4', 'yes_price_dollars': '0.2900'}}
2026-04-06 09:28:12 | INFO | [HYPE] Closed KXHYPE15M-26APR060530-30: TIME-SCALED STOP: -47% loss locked in, PnL=$-0.76
2026-04-06 09:28:12 | INFO | Strategy momentum stats: W=0.00%, R=1.32x, Kelly=4.00%
2026-04-06 09:28:12 | INFO | Trade recorded: KXHYPE15M-26APR060530-30 yes momentum PnL=$-0.76
2026-04-06 09:28:12 | INFO | [HYPE] Position closed. Cooldown started: must wait 2 cycles before re-entering
2026-04-06 09:28:42 | INFO | Status: cash=$33.33, positions=0, loop=22, active_series=['KXDOGE15M', 'KXXRP15M', 'KXHYPE15M', 'KXBNB15M', 'KXETH15M', 'KXBTC15M', 'KXSOL15M']
2026-04-06 09:28:42 | INFO | Day Realized P&L: $-1.34 (-3.9%) / -$99999.00 daily stop-loss limit
2026-04-06 09:28:42 | INFO | Coins: BTC: idle | ETH: idle | BNB: idle | SOL: idle | DOGE: idle | XRP: idle | HYPE: idle | ADA: idle
2026-04-06 09:28:42 | INFO | JSON summary saved to /home/ubuntu/.openclaw/workspace/workers/superbot/report.json
2026-04-06 09:29:12 | INFO | Status: cash=$33.33, positions=0, loop=23, active_series=['KXDOGE15M', 'KXXRP15M', 'KXHYPE15M', 'KXBNB15M', 'KXETH15M', 'KXBTC15M', 'KXSOL15M']
2026-04-06 09:29:12 | INFO | Day Realized P&L: $-1.34 (-3.9%) / -$99999.00 daily stop-loss limit
2026-04-06 09:29:12 | INFO | Coins: BTC: idle | ETH: idle | BNB: idle | SOL: idle | DOGE: idle | XRP: idle | HYPE: idle | ADA: idle
2026-04-06 09:29:12 | INFO | JSON summary saved to /home/ubuntu/.openclaw/workspace/workers/superbot/report.json
2026-04-06 09:29:12 | INFO | [HYPE] Cooldown complete - can trade again
2026-04-06 09:29:42 | INFO | Status: cash=$33.33, positions=0, loop=24, active_series=['KXDOGE15M', 'KXXRP15M', 'KXHYPE15M', 'KXBNB15M', 'KXETH15M', 'KXBTC15M', 'KXSOL15M']
2026-04-06 09:29:42 | INFO | Day Realized P&L: $-1.34 (-3.9%) / -$99999.00 daily stop-loss limit
2026-04-06 09:29:42 | INFO | Coins: BTC: idle | ETH: idle | BNB: idle | SOL: idle | DOGE: idle | XRP: idle | HYPE: idle | ADA: idle
2026-04-06 09:29:42 | INFO | JSON summary saved to /home/ubuntu/.openclaw/workspace/workers/superbot/report.json
2026-04-06 09:30:12 | INFO | Status: cash=$33.33, positions=0, loop=25, active_series=['KXDOGE15M', 'KXXRP15M', 'KXHYPE15M', 'KXBNB15M', 'KXETH15M', 'KXBTC15M', 'KXSOL15M']
2026-04-06 09:30:12 | INFO | Day Realized P&L: $-1.34 (-3.9%) / -$99999.00 daily stop-loss limit
2026-04-06 09:30:12 | INFO | Coins: BTC: idle | ETH: idle | BNB: idle | SOL: idle | DOGE: idle | XRP: idle | HYPE: idle | ADA: idle
2026-04-06 09:30:12 | INFO | JSON summary saved to /home/ubuntu/.openclaw/workspace/workers/superbot/report.json
2026-04-06 09:30:42 | INFO | Status: cash=$33.33, positions=0, loop=26, active_series=['KXDOGE15M', 'KXXRP15M', 'KXHYPE15M', 'KXBNB15M', 'KXETH15M', 'KXBTC15M', 'KXSOL15M']
2026-04-06 09:30:42 | INFO | Day Realized P&L: $-1.34 (-3.9%) / -$99999.00 daily stop-loss limit
2026-04-06 09:30:42 | INFO | Coins: BTC: idle | ETH: idle | BNB: idle | SOL: idle | DOGE: idle | XRP: idle | HYPE: idle | ADA: idle
2026-04-06 09:30:42 | INFO | JSON summary saved to /home/ubuntu/.openclaw/workspace/workers/superbot/report.json
2026-04-06 09:30:42 | INFO | FIRST_CROSS: KXBTC15M-26APR060545-45 target price set to $69,942.66
2026-04-06 09:30:42 | INFO | FIRST_CROSS: KXETH15M-26APR060545-45 target price set to $2,160.05
2026-04-06 09:30:42 | INFO | FIRST_CROSS: KXBNB15M-26APR060545-45 target price set to $607.46
2026-04-06 09:30:42 | INFO | FIRST_CROSS: KXSOL15M-26APR060545-45 target price set to $82.65
2026-04-06 09:30:42 | INFO | FIRST_CROSS: KXDOGE15M-26APR060545-45 target price set to $0.09
2026-04-06 09:30:42 | INFO | FIRST_CROSS: KXXRP15M-26APR060545-45 target price set to $1.35
2026-04-06 09:30:42 | INFO | FIRST_CROSS: KXHYPE15M-26APR060545-45 target price set to $37.36
2026-04-06 09:31:12 | INFO | Status: cash=$33.33, positions=0, loop=27, active_series=['KXDOGE15M', 'KXXRP15M', 'KXHYPE15M', 'KXBNB15M', 'KXETH15M', 'KXBTC15M', 'KXSOL15M']
2026-04-06 09:31:12 | INFO | Day Realized P&L: $-1.34 (-3.9%) / -$99999.00 daily stop-loss limit
2026-04-06 09:31:12 | INFO | Coins: BTC: idle | ETH: idle | BNB: idle | SOL: idle | DOGE: idle | XRP: idle | HYPE: idle | ADA: idle
2026-04-06 09:31:12 | INFO | JSON summary saved to /home/ubuntu/.openclaw/workspace/workers/superbot/report.json
2026-04-06 09:31:13 | INFO | FIRST_CROSS: KXBTC15M-26APR060545-45 crossed UP through $0.50 (was $0.4850, now $0.5150)
2026-04-06 09:31:13 | INFO | FIRST_CROSS SIGNAL (midpoint): KXBTC15M-26APR060545-45 | Direction: yes | Side: yes @ $0.5150 | contracts=0 | CONF=43 | TS=50%/40% | Coinbase=bullish | max_hold=10min
2026-04-06 09:31:13 | ERROR | [BTC] REAL ORDER FAILED: Invalid price or amount
2026-04-06 09:31:13 | INFO | FIRST_CROSS: KXBNB15M-26APR060545-45 crossed UP through $0.50 (was $0.3250, now $0.6250)
2026-04-06 09:31:13 | INFO | FIRST_CROSS SIGNAL (midpoint): KXBNB15M-26APR060545-45 | Direction: yes | Side: yes @ $0.6250 | contracts=0 | CONF=56 | TS=50%/40% | Coinbase=bullish | max_hold=10min
2026-04-06 09:31:13 | ERROR | [BNB] REAL ORDER FAILED: Invalid price or amount
2026-04-06 09:31:13 | INFO | FIRST_CROSS: KXSOL15M-26APR060545-45 crossed UP through $0.50 (was $0.4100, now $0.6050)
2026-04-06 09:31:13 | INFO | FIRST_CROSS SIGNAL (midpoint): KXSOL15M-26APR060545-45 | Direction: yes | Side: yes @ $0.6050 | contracts=0 | CONF=56 | TS=50%/40% | Coinbase=bullish | max_hold=10min
2026-04-06 09:31:13 | ERROR | [SOL] REAL ORDER FAILED: Invalid price or amount
2026-04-06 09:31:13 | INFO | FIRST_CROSS: KXXRP15M-26APR060545-45 crossed UP through $0.50 (was $0.4200, now $0.5100)
2026-04-06 09:31:13 | INFO | FIRST_CROSS SIGNAL (midpoint): KXXRP15M-26APR060545-45 | Direction: yes | Side: yes @ $0.5100 | contracts=0 | CONF=43 | TS=50%/40% | Coinbase=bullish | max_hold=10min
2026-04-06 09:31:13 | ERROR | [XRP] REAL ORDER FAILED: Invalid price or amount
2026-04-06 09:31:43 | INFO | Status: cash=$33.33, positions=0, loop=28, active_series=['KXDOGE15M', 'KXXRP15M', 'KXHYPE15M', 'KXBNB15M', 'KXETH15M', 'KXBTC15M', 'KXSOL15M']
2026-04-06 09:31:43 | INFO | Day Realized P&L: $-1.34 (-3.9%) / -$99999.00 daily stop-loss limit
2026-04-06 09:31:43 | INFO | Coins: BTC: idle | ETH: idle | BNB: idle | SOL: idle | DOGE: idle | XRP: idle | HYPE: idle | ADA: idle
2026-04-06 09:31:43 | INFO | JSON summary saved to /home/ubuntu/.openclaw/workspace/workers/superbot/report.json
2026-04-06 09:31:43 | INFO | FIRST_CROSS SIGNAL (midpoint): KXBTC15M-26APR060545-45 | Direction: yes | Side: yes @ $0.5450 | contracts=0 | CONF=43 | TS=50%/40% | Coinbase=bullish | max_hold=10min
2026-04-06 09:31:43 | ERROR | [BTC] REAL ORDER FAILED: Invalid price or amount
2026-04-06 09:31:43 | INFO | FIRST_CROSS: KXETH15M-26APR060545-45 crossed UP through $0.50 (was $0.4950, now $0.6350)
2026-04-06 09:31:43 | INFO | FIRST_CROSS SIGNAL (midpoint): KXETH15M-26APR060545-45 | Direction: yes | Side: yes @ $0.6350 | contracts=0 | CONF=56 | TS=50%/40% | Coinbase=bullish | max_hold=10min
2026-04-06 09:31:43 | ERROR | [ETH] REAL ORDER FAILED: Invalid price or amount
2026-04-06 09:31:43 | INFO | FIRST_CROSS SIGNAL (midpoint): KXBNB15M-26APR060545-45 | Direction: yes | Side: yes @ $0.6950 | contracts=0 | CONF=56 | TS=50%/40% | Coinbase=bullish | max_hold=10min
2026-04-06 09:31:43 | ERROR | [BNB] REAL ORDER FAILED: Invalid price or amount
2026-04-06 09:31:43 | INFO | FIRST_CROSS SIGNAL (midpoint): KXSOL15M-26APR060545-45 | Direction: yes | Side: yes @ $0.6250 | contracts=0 | CONF=56 | TS=50%/40% | Coinbase=bullish | max_hold=10min
2026-04-06 09:31:43 | ERROR | [SOL] REAL ORDER FAILED: Invalid price or amount
2026-04-06 09:31:43 | INFO | FIRST_CROSS SIGNAL (midpoint): KXXRP15M-26APR060545-45 | Direction: yes | Side: yes @ $0.6200 | contracts=0 | CONF=56 | TS=50%/40% | Coinbase=bullish | max_hold=10min
2026-04-06 09:31:43 | ERROR | [XRP] REAL ORDER FAILED: Invalid price or amount
2026-04-06 09:32:13 | INFO | Status: cash=$33.33, positions=0, loop=29, active_series=['KXDOGE15M', 'KXXRP15M', 'KXHYPE15M', 'KXBNB15M', 'KXETH15M', 'KXBTC15M', 'KXSOL15M']
2026-04-06 09:32:13 | INFO | Day Realized P&L: $-1.34 (-3.9%) / -$99999.00 daily stop-loss limit
2026-04-06 09:32:13 | INFO | Coins: BTC: idle | ETH: idle | BNB: idle | SOL: idle | DOGE: idle | XRP: idle | HYPE: idle | ADA: idle
2026-04-06 09:32:13 | INFO | JSON summary saved to /home/ubuntu/.openclaw/workspace/workers/superbot/report.json
2026-04-06 09:32:13 | INFO | FIRST_CROSS SIGNAL (midpoint): KXBTC15M-26APR060545-45 | Direction: yes | Side: yes @ $0.5550 | contracts=0 | CONF=43 | TS=50%/40% | Coinbase=bullish | max_hold=10min
2026-04-06 09:32:13 | ERROR | [BTC] REAL ORDER FAILED: Invalid price or amount
2026-04-06 09:32:13 | INFO | FIRST_CROSS SIGNAL (midpoint): KXETH15M-26APR060545-45 | Direction: yes | Side: yes @ $0.6250 | contracts=0 | CONF=56 | TS=50%/40% | Coinbase=bullish | max_hold=10min
2026-04-06 09:32:13 | ERROR | [ETH] REAL ORDER FAILED: Invalid price or amount
2026-04-06 09:32:13 | INFO | FIRST_CROSS: KXSOL15M-26APR060545-45 | Direction: down | Target: $82.65 | Coin Price: $82.65
2026-04-06 09:32:13 | INFO | FIRST_CROSS SIGNAL (coin): KXSOL15M-26APR060545-45 | Direction: down | Target: $82.65 | Side: no @ $0.6200 | contracts=0 | CONF=56 | Coinbase=bullish
2026-04-06 09:32:13 | ERROR | [SOL] REAL ORDER FAILED: Invalid price or amount
2026-04-06 09:32:13 | INFO | FIRST_CROSS SIGNAL (midpoint): KXXRP15M-26APR060545-45 | Direction: yes | Side: yes @ $0.6650 | contracts=0 | CONF=56 | TS=50%/40% | Coinbase=bullish | max_hold=10min
2026-04-06 09:32:13 | ERROR | [XRP] REAL ORDER FAILED: Invalid price or amount
2026-04-06 09:32:43 | INFO | Status: cash=$33.33, positions=0, loop=30, active_series=['KXDOGE15M', 'KXXRP15M', 'KXHYPE15M', 'KXBNB15M', 'KXETH15M', 'KXBTC15M', 'KXSOL15M']
2026-04-06 09:32:43 | INFO | Day Realized P&L: $-1.34 (-3.9%) / -$99999.00 daily stop-loss limit
2026-04-06 09:32:43 | INFO | Coins: BTC: idle | ETH: idle | BNB: idle | SOL: idle | DOGE: idle | XRP: idle | HYPE: idle | ADA: idle
2026-04-06 09:32:43 | INFO | JSON summary saved to /home/ubuntu/.openclaw/workspace/workers/superbot/report.json
2026-04-06 09:32:43 | INFO | FIRST_CROSS: KXBTC15M-26APR060545-45 | Direction: down | Target: $69,942.66 | Coin Price: $69,898.93
2026-04-06 09:32:43 | INFO | FIRST_CROSS SIGNAL (coin): KXBTC15M-26APR060545-45 | Direction: down | Target: $69,942.66 | Side: no @ $0.3900 | contracts=0 | CONF=56 | Coinbase=None
2026-04-06 09:32:43 | ERROR | [BTC] REAL ORDER FAILED: Invalid price or amount
2026-04-06 09:32:43 | INFO | MOMENTUM SIGNAL: KXETH15M-26APR060545-45 | Side: yes @ $0.5450 | contracts=2 | CONF=60 | TS=30%/40% | Coinbase=bullish | age=121s
2026-04-06 09:32:44 | INFO | [ETH] REAL ORDER PLACED: {'order': {'action': 'buy', 'client_order_id': '', 'created_time': '2026-04-06T09:32:44.146528Z', 'fill_count_fp': '2.00', 'initial_count_fp': '2.00', 'last_update_time': '2026-04-06T09:32:44.146528Z', 'maker_fees_dollars': '0.000000', 'maker_fill_cost_dollars': '0.000000', 'no_price_dollars': '0.4600', 'order_id': '5bd21d0c-8ee8-494a-8f1d-11720f00a8fb', 'remaining_count_fp': '0.00', 'side': 'yes', 'status': 'executed', 'subaccount_number': 0, 'taker_fees_dollars': '0.040000', 'taker_fill_cost_dollars': '1.020000', 'ticker': 'KXETH15M-26APR060545-45', 'type': 'limit', 'user_id': 'dd8ef7dd-9e7f-40f7-965e-e9276a7805a4', 'yes_price_dollars': '0.5400'}}
2026-04-06 09:32:44 | INFO | [ETH] Opened momentum: yes KXETH15M-26APR060545-45 @ $0.5450, contracts=2, cost=$1.09
2026-04-06 09:32:44 | INFO | 🚀 [ETH] TRADE EXECUTED: momentum yes KXETH15M-26APR060545-45 @ $0.5450, contracts=2 (daily trades: 2/9999)
2026-04-06 09:32:44 | INFO | MOMENTUM SIGNAL: KXBNB15M-26APR060545-45 | Side: yes @ $0.6200 | contracts=2 | CONF=60 | TS=30%/40% | Coinbase=bullish | age=121s
2026-04-06 09:32:44 | INFO | [BNB] REAL ORDER PLACED: {'order': {'action': 'buy', 'client_order_id': '', 'created_time': '2026-04-06T09:32:44.376203Z', 'fill_count_fp': '2.00', 'initial_count_fp': '2.00', 'last_update_time': '2026-04-06T09:32:44.376203Z', 'maker_fees_dollars': '0.000000', 'maker_fill_cost_dollars': '0.000000', 'no_price_dollars': '0.3800', 'order_id': 'b9e61a8f-afc9-4a1c-8fc3-e89469967b13', 'remaining_count_fp': '0.00', 'side': 'yes', 'status': 'executed', 'subaccount_number': 0, 'taker_fees_dollars': '0.040000', 'taker_fill_cost_dollars': '1.100000', 'ticker': 'KXBNB15M-26APR060545-45', 'type': 'limit', 'user_id': 'dd8ef7dd-9e7f-40f7-965e-e9276a7805a4', 'yes_price_dollars': '0.6200'}}
2026-04-06 09:32:44 | INFO | [BNB] Opened momentum: yes KXBNB15M-26APR060545-45 @ $0.6200, contracts=2, cost=$1.24
2026-04-06 09:32:44 | INFO | 🚀 [BNB] TRADE EXECUTED: momentum yes KXBNB15M-26APR060545-45 @ $0.6200, contracts=2 (daily trades: 3/9999)
2026-04-06 09:32:44 | INFO | MOMENTUM SIGNAL: KXSOL15M-26APR060545-45 | Side: yes @ $0.5150 | contracts=2 | CONF=60 | TS=30%/40% | Coinbase=bullish | age=122s
2026-04-06 09:32:44 | INFO | [SOL] REAL ORDER PLACED: {'order': {'action': 'buy', 'client_order_id': '', 'created_time': '2026-04-06T09:32:44.603804Z', 'fill_count_fp': '0.00', 'initial_count_fp': '2.00', 'last_update_time': '2026-04-06T09:32:44.603804Z', 'maker_fees_dollars': '0.000000', 'maker_fill_cost_dollars': '0.000000', 'no_price_dollars': '0.4800', 'order_id': '03a922ba-687c-4082-94cc-9d62e13ac9f6', 'remaining_count_fp': '2.00', 'side': 'yes', 'status': 'resting', 'subaccount_number': 0, 'taker_fees_dollars': '0.000000', 'taker_fill_cost_dollars': '0.000000', 'ticker': 'KXSOL15M-26APR060545-45', 'type': 'limit', 'user_id': 'dd8ef7dd-9e7f-40f7-965e-e9276a7805a4', 'yes_price_dollars': '0.5200'}}
2026-04-06 09:32:44 | INFO | [SOL] Opened momentum: yes KXSOL15M-26APR060545-45 @ $0.5150, contracts=2, cost=$1.03
2026-04-06 09:32:44 | INFO | 🚀 [SOL] TRADE EXECUTED: momentum yes KXSOL15M-26APR060545-45 @ $0.5150, contracts=2 (daily trades: 4/9999)
2026-04-06 09:33:14 | INFO | Status: cash=$29.97, positions=3, loop=31, active_series=['KXDOGE15M', 'KXXRP15M', 'KXHYPE15M', 'KXBNB15M', 'KXETH15M', 'KXBTC15M', 'KXSOL15M']
2026-04-06 09:33:14 | INFO | Day Realized P&L: $-4.70 (-13.6%) / -$99999.00 daily stop-loss limit
2026-04-06 09:33:14 | INFO | Coins: BTC: idle | ETH: momentum yes@0.54 | BNB: momentum yes@0.62 | SOL: momentum yes@0.52 | DOGE: idle | XRP: idle | HYPE: idle | ADA: idle
2026-04-06 09:33:14 | INFO | JSON summary saved to /home/ubuntu/.openclaw/workspace/workers/superbot/report.json
2026-04-06 09:33:45 | INFO | Status: cash=$29.97, positions=3, loop=32, active_series=['KXDOGE15M', 'KXXRP15M', 'KXHYPE15M', 'KXBNB15M', 'KXETH15M', 'KXBTC15M', 'KXSOL15M']
2026-04-06 09:33:45 | INFO | Day Realized P&L: $-4.70 (-13.6%) / -$99999.00 daily stop-loss limit
2026-04-06 09:33:45 | INFO | Coins: BTC: idle | ETH: momentum yes@0.54 | BNB: momentum yes@0.62 | SOL: momentum yes@0.52 | DOGE: idle | XRP: idle | HYPE: idle | ADA: idle
2026-04-06 09:33:45 | INFO | JSON summary saved to /home/ubuntu/.openclaw/workspace/workers/superbot/report.json
2026-04-06 09:34:15 | INFO | Status: cash=$29.97, positions=3, loop=33, active_series=['KXDOGE15M', 'KXXRP15M', 'KXHYPE15M', 'KXBNB15M', 'KXETH15M', 'KXBTC15M', 'KXSOL15M']
2026-04-06 09:34:15 | INFO | Day Realized P&L: $-4.70 (-13.6%) / -$99999.00 daily stop-loss limit
2026-04-06 09:34:15 | INFO | Coins: BTC: idle | ETH: momentum yes@0.54 | BNB: momentum yes@0.62 | SOL: momentum yes@0.52 | DOGE: idle | XRP: idle | HYPE: idle | ADA: idle
2026-04-06 09:34:15 | INFO | JSON summary saved to /home/ubuntu/.openclaw/workspace/workers/superbot/report.json
2026-04-06 09:34:45 | INFO | Status: cash=$29.97, positions=3, loop=34, active_series=['KXDOGE15M', 'KXXRP15M', 'KXHYPE15M', 'KXBNB15M', 'KXETH15M', 'KXBTC15M', 'KXSOL15M']
2026-04-06 09:34:45 | INFO | Day Realized P&L: $-4.70 (-13.6%) / -$99999.00 daily stop-loss limit
2026-04-06 09:34:45 | INFO | Coins: BTC: idle | ETH: momentum yes@0.54 | BNB: momentum yes@0.62 | SOL: momentum yes@0.52 | DOGE: idle | XRP: idle | HYPE: idle | ADA: idle
2026-04-06 09:34:45 | INFO | JSON summary saved to /home/ubuntu/.openclaw/workspace/workers/superbot/report.json
2026-04-06 09:35:15 | INFO | Status: cash=$29.97, positions=3, loop=35, active_series=['KXDOGE15M', 'KXXRP15M', 'KXHYPE15M', 'KXBNB15M', 'KXETH15M', 'KXBTC15M', 'KXSOL15M']
2026-04-06 09:35:15 | INFO | Day Realized P&L: $-4.70 (-13.6%) / -$99999.00 daily stop-loss limit
2026-04-06 09:35:15 | INFO | Coins: BTC: idle | ETH: momentum yes@0.54 | BNB: momentum yes@0.62 | SOL: momentum yes@0.52 | DOGE: idle | XRP: idle | HYPE: idle | ADA: idle
2026-04-06 09:35:15 | INFO | JSON summary saved to /home/ubuntu/.openclaw/workspace/workers/superbot/report.json
2026-04-06 09:35:45 | INFO | Status: cash=$29.97, positions=3, loop=36, active_series=['KXDOGE15M', 'KXXRP15M', 'KXHYPE15M', 'KXBNB15M', 'KXETH15M', 'KXBTC15M', 'KXSOL15M']
2026-04-06 09:35:45 | INFO | Day Realized P&L: $-4.70 (-13.6%) / -$99999.00 daily stop-loss limit
2026-04-06 09:35:45 | INFO | Coins: BTC: idle | ETH: momentum yes@0.54 | BNB: momentum yes@0.62 | SOL: momentum yes@0.52 | DOGE: idle | XRP: idle | HYPE: idle | ADA: idle
2026-04-06 09:35:45 | INFO | JSON summary saved to /home/ubuntu/.openclaw/workspace/workers/superbot/report.json
2026-04-06 09:36:16 | INFO | Status: cash=$29.97, positions=3, loop=37, active_series=['KXDOGE15M', 'KXXRP15M', 'KXHYPE15M', 'KXBNB15M', 'KXETH15M', 'KXBTC15M', 'KXSOL15M']
2026-04-06 09:36:16 | INFO | Day Realized P&L: $-4.70 (-13.6%) / -$99999.00 daily stop-loss limit
2026-04-06 09:36:16 | INFO | Coins: BTC: idle | ETH: momentum yes@0.54 | BNB: momentum yes@0.62 | SOL: momentum yes@0.52 | DOGE: idle | XRP: idle | HYPE: idle | ADA: idle
2026-04-06 09:36:16 | INFO | JSON summary saved to /home/ubuntu/.openclaw/workspace/workers/superbot/report.json
2026-04-06 09:36:46 | INFO | Status: cash=$29.97, positions=3, loop=38, active_series=['KXDOGE15M', 'KXXRP15M', 'KXHYPE15M', 'KXBNB15M', 'KXETH15M', 'KXBTC15M', 'KXSOL15M']
2026-04-06 09:36:46 | INFO | Day Realized P&L: $-4.70 (-13.6%) / -$99999.00 daily stop-loss limit
2026-04-06 09:36:46 | INFO | Coins: BTC: idle | ETH: momentum yes@0.54 | BNB: momentum yes@0.62 | SOL: momentum yes@0.52 | DOGE: idle | XRP: idle | HYPE: idle | ADA: idle
2026-04-06 09:36:46 | INFO | JSON summary saved to /home/ubuntu/.openclaw/workspace/workers/superbot/report.json
2026-04-06 09:36:46 | INFO | KXETH15M-26APR060545-45: SCALED IN @ $0.6350 (+$1.00), new size=$3.00, avg_price=$0.5750, scale_ins=1
2026-04-06 09:36:46 | INFO | [ETH] SCALED IN KXETH15M-26APR060545-45: +$1.00 @ $0.6350, new_size=$3.00
2026-04-06 09:37:16 | INFO | Status: cash=$29.97, positions=3, loop=39, active_series=['KXDOGE15M', 'KXXRP15M', 'KXHYPE15M', 'KXBNB15M', 'KXETH15M', 'KXBTC15M', 'KXSOL15M']
2026-04-06 09:37:16 | INFO | Day Realized P&L: $-4.70 (-13.6%) / -$99999.00 daily stop-loss limit
2026-04-06 09:37:16 | INFO | Coins: BTC: idle | ETH: momentum yes@0.54 | BNB: momentum yes@0.62 | SOL: momentum yes@0.52 | DOGE: idle | XRP: idle | HYPE: idle | ADA: idle
2026-04-06 09:37:16 | INFO | JSON summary saved to /home/ubuntu/.openclaw/workspace/workers/superbot/report.json
2026-04-06 09:37:46 | INFO | Status: cash=$29.97, positions=3, loop=40, active_series=['KXDOGE15M', 'KXXRP15M', 'KXHYPE15M', 'KXBNB15M', 'KXETH15M', 'KXBTC15M', 'KXSOL15M']
2026-04-06 09:37:46 | INFO | Day Realized P&L: $-4.70 (-13.6%) / -$99999.00 daily stop-loss limit
2026-04-06 09:37:46 | INFO | Coins: BTC: idle | ETH: momentum yes@0.54 | BNB: momentum yes@0.62 | SOL: momentum yes@0.52 | DOGE: idle | XRP: idle | HYPE: idle | ADA: idle
2026-04-06 09:37:46 | INFO | JSON summary saved to /home/ubuntu/.openclaw/workspace/workers/superbot/report.json
2026-04-06 09:37:46 | INFO | KXBNB15M-26APR060545-45: TIME-SCALED STOP HIT @ $0.2700 (entry=$0.6200, stop=40%, loss=56.5%, age=5.0min)
2026-04-06 09:37:46 | INFO | [BNB] REAL CLOSE ORDER PLACED: {'order': {'action': 'buy', 'client_order_id': '', 'created_time': '2026-04-06T09:37:46.792918Z', 'fill_count_fp': '0.00', 'initial_count_fp': '5.00', 'last_update_time': '2026-04-06T09:37:46.792918Z', 'maker_fees_dollars': '0.000000', 'maker_fill_cost_dollars': '0.000000', 'no_price_dollars': '0.7300', 'order_id': '0250e172-8e01-466e-a8c7-906522857f7c', 'remaining_count_fp': '5.00', 'side': 'no', 'status': 'resting', 'subaccount_number': 0, 'taker_fees_dollars': '0.000000', 'taker_fill_cost_dollars': '0.000000', 'ticker': 'KXBNB15M-26APR060545-45', 'type': 'limit', 'user_id': 'dd8ef7dd-9e7f-40f7-965e-e9276a7805a4', 'yes_price_dollars': '0.2700'}}
2026-04-06 09:37:46 | INFO | [BNB] Closed KXBNB15M-26APR060545-45: TIME-SCALED STOP: -40% loss locked in, PnL=$-0.70
2026-04-06 09:37:46 | INFO | Strategy momentum stats: W=0.00%, R=1.43x, Kelly=4.00%
2026-04-06 09:37:46 | INFO | Trade recorded: KXBNB15M-26APR060545-45 yes momentum PnL=$-0.70
2026-04-06 09:37:46 | INFO | [BNB] Position closed. Cooldown started: must wait 2 cycles before re-entering
2026-04-06 09:37:46 | INFO | MOMENTUM SIGNAL: KXDOGE15M-26APR060545-45 | Side: yes @ $0.5250 | contracts=2 | CONF=60 | TS=30%/40% | Coinbase=bullish | age=424s
2026-04-06 09:37:47 | INFO | [DOGE] REAL ORDER PLACED: {'order': {'action': 'buy', 'client_order_id': '', 'created_time': '2026-04-06T09:37:47.028364Z', 'fill_count_fp': '2.00', 'initial_count_fp': '2.00', 'last_update_time': '2026-04-06T09:37:47.028364Z', 'maker_fees_dollars': '0.000000', 'maker_fill_cost_dollars': '0.000000', 'no_price_dollars': '0.4700', 'order_id': 'd5c2a882-6533-42ec-8038-68b1a7596840', 'remaining_count_fp': '0.00', 'side': 'yes', 'status': 'executed', 'subaccount_number': 0, 'taker_fees_dollars': '0.040000', 'taker_fill_cost_dollars': '0.880000', 'ticker': 'KXDOGE15M-26APR060545-45', 'type': 'limit', 'user_id': 'dd8ef7dd-9e7f-40f7-965e-e9276a7805a4', 'yes_price_dollars': '0.5300'}}
2026-04-06 09:37:47 | INFO | [DOGE] Opened momentum: yes KXDOGE15M-26APR060545-45 @ $0.5250, contracts=2, cost=$1.05
2026-04-06 09:37:47 | INFO | 🚀 [DOGE] TRADE EXECUTED: momentum yes KXDOGE15M-26APR060545-45 @ $0.5250, contracts=2 (daily trades: 5/9999)
2026-04-06 09:38:17 | INFO | Status: cash=$28.92, positions=3, loop=41, active_series=['KXDOGE15M', 'KXXRP15M', 'KXHYPE15M', 'KXBNB15M', 'KXETH15M', 'KXBTC15M', 'KXSOL15M']
2026-04-06 09:38:17 | INFO | Day Realized P&L: $-5.75 (-16.6%) / -$99999.00 daily stop-loss limit
2026-04-06 09:38:17 | INFO | Coins: BTC: idle | ETH: momentum yes@0.54 | BNB: idle | SOL: momentum yes@0.52 | DOGE: momentum yes@0.53 | XRP: idle | HYPE: idle | ADA: idle
2026-04-06 09:38:17 | INFO | JSON summary saved to /home/ubuntu/.openclaw/workspace/workers/superbot/report.json
2026-04-06 09:38:17 | INFO | KXETH15M-26APR060545-45: TIME-SCALED STOP HIT @ $0.1750 (entry=$0.5450, stop=39%, loss=67.9%, age=5.6min)
2026-04-06 09:38:17 | INFO | [ETH] REAL CLOSE ORDER PLACED: {'order': {'action': 'buy', 'client_order_id': '', 'created_time': '2026-04-06T09:38:17.421955Z', 'fill_count_fp': '14.00', 'initial_count_fp': '14.00', 'last_update_time': '2026-04-06T09:38:17.421955Z', 'maker_fees_dollars': '0.000000', 'maker_fill_cost_dollars': '0.000000', 'no_price_dollars': '0.8200', 'order_id': '1355485e-e5dc-4202-a913-a501fe2cf829', 'remaining_count_fp': '0.00', 'side': 'no', 'status': 'executed', 'subaccount_number': 0, 'taker_fees_dollars': '0.160000', 'taker_fill_cost_dollars': '11.340000', 'ticker': 'KXETH15M-26APR060545-45', 'type': 'limit', 'user_id': 'dd8ef7dd-9e7f-40f7-965e-e9276a7805a4', 'yes_price_dollars': '0.1800'}}
2026-04-06 09:38:17 | INFO | [ETH] Closed KXETH15M-26APR060545-45: TIME-SCALED STOP: -39% loss locked in, PnL=$-1.20
2026-04-06 09:38:17 | INFO | Strategy momentum stats: W=0.00%, R=0.83x, Kelly=4.00%
2026-04-06 09:38:17 | INFO | Trade recorded: KXETH15M-26APR060545-45 yes momentum PnL=$-1.20
2026-04-06 09:38:17 | INFO | [ETH] Position closed. Cooldown started: must wait 2 cycles before re-entering
2026-04-06 09:38:17 | INFO | FIRST_CROSS: KXXRP15M-26APR060545-45 | Direction: down | Target: $1.35 | Coin Price: $1.35
2026-04-06 09:38:17 | INFO | FIRST_CROSS SIGNAL (coin): KXXRP15M-26APR060545-45 | Direction: down | Target: $1.35 | Side: no @ $0.4450 | contracts=0 | CONF=40 | Coinbase=None
2026-04-06 09:38:17 | ERROR | [XRP] REAL ORDER FAILED: Invalid price or amount
2026-04-06 09:38:17 | INFO | MOMENTUM SIGNAL: KXHYPE15M-26APR060545-45 | Side: no @ $0.4200 | contracts=3 | CONF=60 | TS=30%/40% | Coinbase=bearish | age=455s
2026-04-06 09:38:17 | INFO | [HYPE] REAL ORDER PLACED: {'order': {'action': 'buy', 'client_order_id': '', 'created_time': '2026-04-06T09:38:17.68724Z', 'fill_count_fp': '0.00', 'initial_count_fp': '4.00', 'last_update_time': '2026-04-06T09:38:17.68724Z', 'maker_fees_dollars': '0.000000', 'maker_fill_cost_dollars': '0.000000', 'no_price_dollars': '0.5800', 'order_id': 'fccc2233-13ec-4d29-8021-a62994ffcc41', 'remaining_count_fp': '4.00', 'side': 'no', 'status': 'resting', 'subaccount_number': 0, 'taker_fees_dollars': '0.000000', 'taker_fill_cost_dollars': '0.000000', 'ticker': 'KXHYPE15M-26APR060545-45', 'type': 'limit', 'user_id': 'dd8ef7dd-9e7f-40f7-965e-e9276a7805a4', 'yes_price_dollars': '0.4200'}}
2026-04-06 09:38:17 | INFO | [HYPE] Opened momentum: no KXHYPE15M-26APR060545-45 @ $0.4200, contracts=3, cost=$1.74
2026-04-06 09:38:17 | INFO | 🚀 [HYPE] TRADE EXECUTED: momentum no KXHYPE15M-26APR060545-45 @ $0.4200, contracts=3 (daily trades: 6/9999)
2026-04-06 09:38:47 | INFO | Status: cash=$27.18, positions=3, loop=42, active_series=['KXDOGE15M', 'KXXRP15M', 'KXHYPE15M', 'KXBNB15M', 'KXETH15M', 'KXBTC15M', 'KXSOL15M']
2026-04-06 09:38:47 | INFO | Day Realized P&L: $-7.49 (-21.6%) / -$99999.00 daily stop-loss limit
2026-04-06 09:38:47 | INFO | Coins: BTC: idle | ETH: idle | BNB: idle | SOL: momentum yes@0.52 | DOGE: momentum yes@0.53 | XRP: idle | HYPE: momentum no@0.42 | ADA: idle
2026-04-06 09:38:47 | INFO | JSON summary saved to /home/ubuntu/.openclaw/workspace/workers/superbot/report.json
2026-04-06 09:38:47 | INFO | [BNB] Cooldown complete - can trade again
2026-04-06 09:38:47 | INFO | KXSOL15M-26APR060545-45: TIME-SCALED STOP HIT @ $0.3100 (entry=$0.5150, stop=38%, loss=39.8%, age=6.1min)
2026-04-06 09:38:48 | INFO | [SOL] REAL CLOSE ORDER PLACED: {'order': {'action': 'buy', 'client_order_id': '', 'created_time': '2026-04-06T09:38:48.075213Z', 'fill_count_fp': '0.00', 'initial_count_fp': '4.00', 'last_update_time': '2026-04-06T09:38:48.075213Z', 'maker_fees_dollars': '0.000000', 'maker_fill_cost_dollars': '0.000000', 'no_price_dollars': '0.6900', 'order_id': '99304dbe-411c-41f0-8908-e127a58f67cd', 'remaining_count_fp': '4.00', 'side': 'no', 'status': 'resting', 'subaccount_number': 0, 'taker_fees_dollars': '0.000000', 'taker_fill_cost_dollars': '0.000000', 'ticker': 'KXSOL15M-26APR060545-45', 'type': 'limit', 'user_id': 'dd8ef7dd-9e7f-40f7-965e-e9276a7805a4', 'yes_price_dollars': '0.3100'}}
2026-04-06 09:38:48 | INFO | [SOL] Closed KXSOL15M-26APR060545-45: TIME-SCALED STOP: -38% loss locked in, PnL=$-0.41
2026-04-06 09:38:48 | INFO | Strategy momentum stats: W=0.00%, R=2.44x, Kelly=4.00%
2026-04-06 09:38:48 | INFO | Trade recorded: KXSOL15M-26APR060545-45 yes momentum PnL=$-0.41
2026-04-06 09:38:48 | INFO | [SOL] Position closed. Cooldown started: must wait 2 cycles before re-entering
2026-04-06 09:38:48 | INFO | FIRST_CROSS SIGNAL (midpoint): KXSOL15M-26APR060545-45 | Direction: yes | Side: yes @ $0.3100 | contracts=0 | CONF=53 | TS=50%/40% | Coinbase=None | max_hold=10min
2026-04-06 09:38:48 | ERROR | [SOL] REAL ORDER FAILED: Invalid price or amount
2026-04-06 09:38:48 | INFO | MOMENTUM SIGNAL: KXXRP15M-26APR060545-45 | Side: yes @ $0.5350 | contracts=2 | CONF=60 | TS=30%/40% | Coinbase=bullish | age=485s
2026-04-06 09:38:48 | INFO | [XRP] REAL ORDER PLACED: {'order': {'action': 'buy', 'client_order_id': '', 'created_time': '2026-04-06T09:38:48.309355Z', 'fill_count_fp': '0.00', 'initial_count_fp': '2.00', 'last_update_time': '2026-04-06T09:38:48.309355Z', 'maker_fees_dollars': '0.000000', 'maker_fill_cost_dollars': '0.000000', 'no_price_dollars': '0.4600', 'order_id': 'e7ebed6c-fdbd-467e-95eb-b22b90c2fdcd', 'remaining_count_fp': '2.00', 'side': 'yes', 'status': 'resting', 'subaccount_number': 0, 'taker_fees_dollars': '0.000000', 'taker_fill_cost_dollars': '0.000000', 'ticker': 'KXXRP15M-26APR060545-45', 'type': 'limit', 'user_id': 'dd8ef7dd-9e7f-40f7-965e-e9276a7805a4', 'yes_price_dollars': '0.5400'}}
2026-04-06 09:38:48 | INFO | [XRP] Opened momentum: yes KXXRP15M-26APR060545-45 @ $0.5350, contracts=2, cost=$1.07
2026-04-06 09:38:48 | INFO | 🚀 [XRP] TRADE EXECUTED: momentum yes KXXRP15M-26APR060545-45 @ $0.5350, contracts=2 (daily trades: 7/9999)
2026-04-06 09:38:48 | INFO | KXHYPE15M-26APR060545-45: SCALED IN @ $0.3750 (+$1.00), new size=$4.00, avg_price=$0.4088, scale_ins=1
2026-04-06 09:38:48 | INFO | [HYPE] SCALED IN KXHYPE15M-26APR060545-45: +$1.00 @ $0.3750, new_size=$4.00
2026-04-06 09:39:18 | INFO | Status: cash=$26.11, positions=3, loop=43, active_series=['KXDOGE15M', 'KXXRP15M', 'KXHYPE15M', 'KXBNB15M', 'KXETH15M', 'KXBTC15M', 'KXSOL15M']
2026-04-06 09:39:18 | INFO | Day Realized P&L: $-8.56 (-24.7%) / -$99999.00 daily stop-loss limit
2026-04-06 09:39:18 | INFO | Coins: BTC: idle | ETH: idle | BNB: idle | SOL: idle | DOGE: momentum yes@0.53 | XRP: momentum yes@0.54 | HYPE: momentum no@0.42 | ADA: idle
2026-04-06 09:39:18 | INFO | JSON summary saved to /home/ubuntu/.openclaw/workspace/workers/superbot/report.json
2026-04-06 09:39:18 | INFO | [ETH] Cooldown complete - can trade again
2026-04-06 09:39:18 | INFO | KXXRP15M-26APR060545-45: SCALED IN @ $0.5900 (+$1.00), new size=$3.00, avg_price=$0.5533, scale_ins=1
2026-04-06 09:39:18 | INFO | [XRP] SCALED IN KXXRP15M-26APR060545-45: +$1.00 @ $0.5900, new_size=$3.00
2026-04-06 09:39:18 | INFO | KXHYPE15M-26APR060545-45: SCALED IN @ $0.3550 (+$1.00), new size=$5.00, avg_price=$0.3980, scale_ins=2
2026-04-06 09:39:18 | INFO | [HYPE] SCALED IN KXHYPE15M-26APR060545-45: +$1.00 @ $0.3550, new_size=$5.00
2026-04-06 09:39:48 | INFO | Status: cash=$26.11, positions=3, loop=44, active_series=['KXDOGE15M', 'KXXRP15M', 'KXHYPE15M', 'KXBNB15M', 'KXETH15M', 'KXBTC15M', 'KXSOL15M']
2026-04-06 09:39:48 | INFO | Day Realized P&L: $-8.56 (-24.7%) / -$99999.00 daily stop-loss limit
2026-04-06 09:39:48 | INFO | Coins: BTC: idle | ETH: idle | BNB: idle | SOL: idle | DOGE: momentum yes@0.53 | XRP: momentum yes@0.54 | HYPE: momentum no@0.42 | ADA: idle
2026-04-06 09:39:48 | INFO | JSON summary saved to /home/ubuntu/.openclaw/workspace/workers/superbot/report.json
2026-04-06 09:39:48 | INFO | [SOL] Cooldown complete - can trade again
2026-04-06 09:39:48 | INFO | KXXRP15M-26APR060545-45: SCALED IN @ $0.6250 (+$1.00), new size=$4.00, avg_price=$0.5713, scale_ins=2
2026-04-06 09:39:48 | INFO | [XRP] SCALED IN KXXRP15M-26APR060545-45: +$1.00 @ $0.6250, new_size=$4.00
2026-04-06 09:40:18 | INFO | Status: cash=$26.11, positions=3, loop=45, active_series=['KXDOGE15M', 'KXXRP15M', 'KXHYPE15M', 'KXBNB15M', 'KXETH15M', 'KXBTC15M', 'KXSOL15M']
2026-04-06 09:40:18 | INFO | Day Realized P&L: $-8.56 (-24.7%) / -$99999.00 daily stop-loss limit
2026-04-06 09:40:18 | INFO | Coins: BTC: idle | ETH: idle | BNB: idle | SOL: idle | DOGE: momentum yes@0.53 | XRP: momentum yes@0.54 | HYPE: momentum no@0.42 | ADA: idle
2026-04-06 09:40:18 | INFO | JSON summary saved to /home/ubuntu/.openclaw/workspace/workers/superbot/report.json
2026-04-06 09:40:49 | INFO | Status: cash=$26.11, positions=3, loop=46, active_series=['KXDOGE15M', 'KXXRP15M', 'KXHYPE15M', 'KXBNB15M', 'KXETH15M', 'KXBTC15M', 'KXSOL15M']
2026-04-06 09:40:49 | INFO | Day Realized P&L: $-8.56 (-24.7%) / -$99999.00 daily stop-loss limit
2026-04-06 09:40:49 | INFO | Coins: BTC: idle | ETH: idle | BNB: idle | SOL: idle | DOGE: momentum yes@0.53 | XRP: momentum yes@0.54 | HYPE: momentum no@0.42 | ADA: idle
2026-04-06 09:40:49 | INFO | JSON summary saved to /home/ubuntu/.openclaw/workspace/workers/superbot/report.json
2026-04-06 09:40:49 | INFO | KXDOGE15M-26APR060545-45: TIME-SCALED STOP HIT @ $0.2450 (entry=$0.5250, stop=44%, loss=53.3%, age=3.0min)
2026-04-06 09:40:49 | INFO | [DOGE] REAL CLOSE ORDER PLACED: {'order': {'action': 'buy', 'client_order_id': '', 'created_time': '2026-04-06T09:40:49.284296Z', 'fill_count_fp': '6.00', 'initial_count_fp': '6.00', 'last_update_time': '2026-04-06T09:40:49.284296Z', 'maker_fees_dollars': '0.000000', 'maker_fill_cost_dollars': '0.000000', 'no_price_dollars': '0.7600', 'order_id': '1533d876-7329-43ab-be1e-713d9cde684a', 'remaining_count_fp': '0.00', 'side': 'no', 'status': 'executed', 'subaccount_number': 0, 'taker_fees_dollars': '0.090000', 'taker_fill_cost_dollars': '4.380000', 'ticker': 'KXDOGE15M-26APR060545-45', 'type': 'limit', 'user_id': 'dd8ef7dd-9e7f-40f7-965e-e9276a7805a4', 'yes_price_dollars': '0.2400'}}
2026-04-06 09:40:49 | INFO | [DOGE] Closed KXDOGE15M-26APR060545-45: TIME-SCALED STOP: -44% loss locked in, PnL=$-0.56
2026-04-06 09:40:49 | INFO | Strategy momentum stats: W=0.00%, R=1.79x, Kelly=4.00%
2026-04-06 09:40:49 | INFO | Trade recorded: KXDOGE15M-26APR060545-45 yes momentum PnL=$-0.56
2026-04-06 09:40:49 | INFO | [DOGE] Position closed. Cooldown started: must wait 2 cycles before re-entering
2026-04-06 09:41:19 | INFO | Status: cash=$26.11, positions=2, loop=47, active_series=['KXDOGE15M', 'KXXRP15M', 'KXHYPE15M', 'KXBNB15M', 'KXETH15M', 'KXBTC15M', 'KXSOL15M']
2026-04-06 09:41:19 | INFO | Day Realized P&L: $-8.56 (-24.7%) / -$99999.00 daily stop-loss limit
2026-04-06 09:41:19 | INFO | Coins: BTC: idle | ETH: idle | BNB: idle | SOL: idle | DOGE: idle | XRP: momentum yes@0.54 | HYPE: momentum no@0.42 | ADA: idle
2026-04-06 09:41:19 | INFO | JSON summary saved to /home/ubuntu/.openclaw/workspace/workers/superbot/report.json
2026-04-06 09:41:19 | INFO | FIRST_CROSS: KXDOGE15M-26APR060545-45 | Direction: down | Target: $0.09 | Coin Price: $0.09
2026-04-06 09:41:19 | INFO | FIRST_CROSS SIGNAL (coin): KXDOGE15M-26APR060545-45 | Direction: down | Target: $0.09 | Side: no @ $0.3600 | contracts=0 | CONF=42 | Coinbase=None
2026-04-06 09:41:19 | ERROR | [DOGE] REAL ORDER FAILED: Invalid price or amount
2026-04-06 09:41:19 | INFO | KXHYPE15M-26APR060545-45: TRAILING STOP HIT @ $0.5650 (trough=$0.2850, rise=98.2%, locked=-34.5%)
2026-04-06 09:41:19 | INFO | [HYPE] REAL CLOSE ORDER PLACED: {'order': {'action': 'buy', 'client_order_id': '', 'created_time': '2026-04-06T09:41:19.721103Z', 'fill_count_fp': '5.00', 'initial_count_fp': '5.00', 'last_update_time': '2026-04-06T09:41:19.721103Z', 'maker_fees_dollars': '0.000000', 'maker_fill_cost_dollars': '0.000000', 'no_price_dollars': '0.4400', 'order_id': '793ae137-7a3f-46dc-8928-a5bcd2afd042', 'remaining_count_fp': '0.00', 'side': 'yes', 'status': 'executed', 'subaccount_number': 0, 'taker_fees_dollars': '0.090000', 'taker_fill_cost_dollars': '2.800000', 'ticker': 'KXHYPE15M-26APR060545-45', 'type': 'limit', 'user_id': 'dd8ef7dd-9e7f-40f7-965e-e9276a7805a4', 'yes_price_dollars': '0.5600'}}
2026-04-06 09:41:19 | INFO | [HYPE] Closed KXHYPE15M-26APR060545-45: TRAILING STOP: locked in profits, PnL=$0.83
2026-04-06 09:41:19 | INFO | Strategy momentum stats: W=50.00%, R=1.10x, Kelly=4.49%
2026-04-06 09:41:19 | INFO | Trade recorded: KXHYPE15M-26APR060545-45 no momentum PnL=$0.83
2026-04-06 09:41:19 | INFO | [HYPE] Position closed. Cooldown started: must wait 2 cycles before re-entering
2026-04-06 09:41:49 | INFO | Status: cash=$26.11, positions=1, loop=48, active_series=['KXDOGE15M', 'KXXRP15M', 'KXHYPE15M', 'KXBNB15M', 'KXETH15M', 'KXBTC15M', 'KXSOL15M']
2026-04-06 09:41:49 | INFO | Day Realized P&L: $-8.56 (-24.7%) / -$99999.00 daily stop-loss limit
2026-04-06 09:41:49 | INFO | Coins: BTC: idle | ETH: idle | BNB: idle | SOL: idle | DOGE: idle | XRP: momentum yes@0.54 | HYPE: idle | ADA: idle
2026-04-06 09:41:49 | INFO | JSON summary saved to /home/ubuntu/.openclaw/workspace/workers/superbot/report.json
2026-04-06 09:41:49 | INFO | [DOGE] Cooldown complete - can trade again
2026-04-06 09:41:49 | INFO | FIRST_CROSS: KXDOGE15M-26APR060545-45 crossed DOWN through $0.50 (was $0.5850, now $0.3450)
2026-04-06 09:41:49 | INFO | FIRST_CROSS SIGNAL (midpoint): KXDOGE15M-26APR060545-45 | Direction: no | Side: no @ $0.3450 | contracts=0 | CONF=50 | TS=50%/40% | Coinbase=None | max_hold=10min
2026-04-06 09:41:49 | ERROR | [DOGE] REAL ORDER FAILED: Invalid price or amount
2026-04-06 09:41:49 | INFO | KXXRP15M-26APR060545-45: TRAILING STOP ACTIVATED @ $0.7000 (entry=$0.5350, profit=30.8%)
2026-04-06 09:42:20 | INFO | Status: cash=$26.11, positions=1, loop=49, active_series=['KXDOGE15M', 'KXXRP15M', 'KXHYPE15M', 'KXBNB15M', 'KXETH15M', 'KXBTC15M', 'KXSOL15M']
2026-04-06 09:42:20 | INFO | Day Realized P&L: $-8.56 (-24.7%) / -$99999.00 daily stop-loss limit
2026-04-06 09:42:20 | INFO | Coins: BTC: idle | ETH: idle | BNB: idle | SOL: idle | DOGE: idle | XRP: momentum yes@0.54 | HYPE: idle | ADA: idle
2026-04-06 09:42:20 | INFO | JSON summary saved to /home/ubuntu/.openclaw/workspace/workers/superbot/report.json
2026-04-06 09:42:20 | INFO | [HYPE] Cooldown complete - can trade again
2026-04-06 09:42:50 | INFO | Status: cash=$26.11, positions=1, loop=50, active_series=['KXDOGE15M', 'KXXRP15M', 'KXHYPE15M', 'KXBNB15M', 'KXETH15M', 'KXBTC15M', 'KXSOL15M']
2026-04-06 09:42:50 | INFO | Day Realized P&L: $-8.56 (-24.7%) / -$99999.00 daily stop-loss limit
2026-04-06 09:42:50 | INFO | Coins: BTC: idle | ETH: idle | BNB: idle | SOL: idle | DOGE: idle | XRP: momentum yes@0.54 | HYPE: idle | ADA: idle
2026-04-06 09:42:50 | INFO | JSON summary saved to /home/ubuntu/.openclaw/workspace/workers/superbot/report.json
2026-04-06 09:42:50 | INFO | FIRST_CROSS SIGNAL (midpoint): KXSOL15M-26APR060545-45 | Direction: yes | Side: yes @ $0.3250 | contracts=0 | CONF=41 | TS=50%/40% | Coinbase=None | max_hold=10min
2026-04-06 09:42:50 | ERROR | [SOL] REAL ORDER FAILED: Invalid price or amount
2026-04-06 09:42:50 | INFO | MOMENTUM SIGNAL: KXDOGE15M-26APR060545-45 | Side: yes @ $0.5250 | contracts=2 | CONF=60 | TS=30%/40% | Coinbase=bullish | age=727s
2026-04-06 09:42:50 | INFO | [DOGE] REAL ORDER PLACED: {'order': {'action': 'buy', 'client_order_id': '', 'created_time': '2026-04-06T09:42:50.491294Z', 'fill_count_fp': '2.00', 'initial_count_fp': '2.00', 'last_update_time': '2026-04-06T09:42:50.491294Z', 'maker_fees_dollars': '0.000000', 'maker_fill_cost_dollars': '0.000000', 'no_price_dollars': '0.4700', 'order_id': 'e4824f58-5b1d-479f-a23f-f516de4c4fad', 'remaining_count_fp': '0.00', 'side': 'yes', 'status': 'executed', 'subaccount_number': 0, 'taker_fees_dollars': '0.040000', 'taker_fill_cost_dollars': '1.020000', 'ticker': 'KXDOGE15M-26APR060545-45', 'type': 'limit', 'user_id': 'dd8ef7dd-9e7f-40f7-965e-e9276a7805a4', 'yes_price_dollars': '0.5300'}}
2026-04-06 09:42:50 | INFO | [DOGE] Opened momentum: yes KXDOGE15M-26APR060545-45 @ $0.5250, contracts=2, cost=$1.05
2026-04-06 09:42:50 | INFO | 🚀 [DOGE] TRADE EXECUTED: momentum yes KXDOGE15M-26APR060545-45 @ $0.5250, contracts=2 (daily trades: 8/9999)
2026-04-06 09:43:20 | INFO | Status: cash=$25.06, positions=2, loop=51, active_series=['KXDOGE15M', 'KXXRP15M', 'KXHYPE15M', 'KXBNB15M', 'KXETH15M', 'KXBTC15M', 'KXSOL15M']
2026-04-06 09:43:20 | INFO | Day Realized P&L: $-9.61 (-27.7%) / -$99999.00 daily stop-loss limit
2026-04-06 09:43:20 | INFO | Coins: BTC: idle | ETH: idle | BNB: idle | SOL: idle | DOGE: momentum yes@0.53 | XRP: momentum yes@0.54 | HYPE: idle | ADA: idle
2026-04-06 09:43:20 | INFO | JSON summary saved to /home/ubuntu/.openclaw/workspace/workers/superbot/report.json
2026-04-06 09:43:20 | INFO | MOMENTUM SIGNAL: KXBNB15M-26APR060545-45 | Side: yes @ $0.5850 | contracts=2 | CONF=60 | TS=30%/40% | Coinbase=bullish | age=758s
2026-04-06 09:43:20 | INFO | [BNB] REAL ORDER PLACED: {'order': {'action': 'buy', 'client_order_id': '', 'created_time': '2026-04-06T09:43:20.862609Z', 'fill_count_fp': '2.00', 'initial_count_fp': '2.00', 'last_update_time': '2026-04-06T09:43:20.862609Z', 'maker_fees_dollars': '0.000000', 'maker_fill_cost_dollars': '0.000000', 'no_price_dollars': '0.4200', 'order_id': 'f202ae17-5302-4f90-b96b-813223220584', 'remaining_count_fp': '0.00', 'side': 'yes', 'status': 'executed', 'subaccount_number': 0, 'taker_fees_dollars': '0.030000', 'taker_fill_cost_dollars': '0.580000', 'ticker': 'KXBNB15M-26APR060545-45', 'type': 'limit', 'user_id': 'dd8ef7dd-9e7f-40f7-965e-e9276a7805a4', 'yes_price_dollars': '0.5800'}}
2026-04-06 09:43:20 | INFO | [BNB] Opened momentum: yes KXBNB15M-26APR060545-45 @ $0.5850, contracts=2, cost=$1.17
2026-04-06 09:43:20 | INFO | 🚀 [BNB] TRADE EXECUTED: momentum yes KXBNB15M-26APR060545-45 @ $0.5850, contracts=2 (daily trades: 9/9999)
2026-04-06 09:43:51 | INFO | Status: cash=$23.89, positions=3, loop=52, active_series=['KXDOGE15M', 'KXXRP15M', 'KXHYPE15M', 'KXBNB15M', 'KXETH15M', 'KXBTC15M', 'KXSOL15M']
2026-04-06 09:43:51 | INFO | Day Realized P&L: $-10.78 (-31.1%) / -$99999.00 daily stop-loss limit
2026-04-06 09:43:51 | INFO | Coins: BTC: idle | ETH: idle | BNB: momentum yes@0.58 | SOL: idle | DOGE: momentum yes@0.53 | XRP: momentum yes@0.54 | HYPE: idle | ADA: idle
2026-04-06 09:43:51 | INFO | JSON summary saved to /home/ubuntu/.openclaw/workspace/workers/superbot/report.json
2026-04-06 09:43:51 | INFO | KXBNB15M-26APR060545-45: TIME-SCALED STOP HIT @ $0.2650 (entry=$0.5850, stop=49%, loss=54.7%, age=0.5min)
2026-04-06 09:43:51 | INFO | [BNB] REAL CLOSE ORDER PLACED: {'order': {'action': 'buy', 'client_order_id': '', 'created_time': '2026-04-06T09:43:51.285132Z', 'fill_count_fp': '0.00', 'initial_count_fp': '5.00', 'last_update_time': '2026-04-06T09:43:51.285132Z', 'maker_fees_dollars': '0.000000', 'maker_fill_cost_dollars': '0.000000', 'no_price_dollars': '0.7300', 'order_id': 'c0971a7f-f257-45b2-9395-3029468e6fad', 'remaining_count_fp': '5.00', 'side': 'no', 'status': 'resting', 'subaccount_number': 0, 'taker_fees_dollars': '0.000000', 'taker_fill_cost_dollars': '0.000000', 'ticker': 'KXBNB15M-26APR060545-45', 'type': 'limit', 'user_id': 'dd8ef7dd-9e7f-40f7-965e-e9276a7805a4', 'yes_price_dollars': '0.2700'}}
2026-04-06 09:43:51 | INFO | [BNB] Closed KXBNB15M-26APR060545-45: TIME-SCALED STOP: -49% loss locked in, PnL=$-0.64
2026-04-06 09:43:51 | INFO | Strategy momentum stats: W=0.00%, R=1.49x, Kelly=4.00%
2026-04-06 09:43:51 | INFO | Trade recorded: KXBNB15M-26APR060545-45 yes momentum PnL=$-0.64
2026-04-06 09:43:51 | INFO | [BNB] Position closed. Cooldown started: must wait 2 cycles before re-entering
2026-04-06 09:44:21 | INFO | Status: cash=$23.89, positions=2, loop=53, active_series=['KXDOGE15M', 'KXXRP15M', 'KXHYPE15M', 'KXBNB15M', 'KXBTC15M', 'KXSOL15M']
2026-04-06 09:44:21 | INFO | Day Realized P&L: $-10.78 (-31.1%) / -$99999.00 daily stop-loss limit
2026-04-06 09:44:21 | INFO | Coins: BTC: idle | ETH: idle | BNB: idle | SOL: idle | DOGE: momentum yes@0.53 | XRP: momentum yes@0.54 | HYPE: idle | ADA: idle
2026-04-06 09:44:21 | INFO | JSON summary saved to /home/ubuntu/.openclaw/workspace/workers/superbot/report.json
2026-04-06 09:44:21 | INFO | KXDOGE15M-26APR060545-45: Near expiry (38s) - closing position
2026-04-06 09:44:21 | INFO | [DOGE] REAL CLOSE ORDER PLACED: {'order': {'action': 'buy', 'client_order_id': '', 'created_time': '2026-04-06T09:44:21.835684Z', 'fill_count_fp': '0.00', 'initial_count_fp': '1.00', 'last_update_time': '2026-04-06T09:44:21.835684Z', 'maker_fees_dollars': '0.000000', 'maker_fill_cost_dollars': '0.000000', 'no_price_dollars': '0.4700', 'order_id': '9cd723c2-e2e5-40a7-be63-e65bc0f4cace', 'remaining_count_fp': '1.00', 'side': 'no', 'status': 'resting', 'subaccount_number': 0, 'taker_fees_dollars': '0.000000', 'taker_fill_cost_dollars': '0.000000', 'ticker': 'KXDOGE15M-26APR060545-45', 'type': 'limit', 'user_id': 'dd8ef7dd-9e7f-40f7-965e-e9276a7805a4', 'yes_price_dollars': '0.5300'}}
2026-04-06 09:44:21 | INFO | [DOGE] Closed KXDOGE15M-26APR060545-45: Expiry: closing at $0.5300, PnL=$0.01
2026-04-06 09:44:21 | INFO | Strategy momentum stats: W=50.00%, R=0.02x, Kelly=4.00%
2026-04-06 09:44:21 | INFO | Trade recorded: KXDOGE15M-26APR060545-45 yes momentum PnL=$0.01
2026-04-06 09:44:21 | INFO | [DOGE] Position closed. Cooldown started: must wait 2 cycles before re-entering
2026-04-06 09:44:21 | INFO | KXXRP15M-26APR060545-45: Near expiry (38s) - closing position
2026-04-06 09:44:22 | INFO | [XRP] REAL CLOSE ORDER PLACED: {'order': {'action': 'buy', 'client_order_id': '', 'created_time': '2026-04-06T09:44:22.064704Z', 'fill_count_fp': '1.00', 'initial_count_fp': '1.00', 'last_update_time': '2026-04-06T09:44:22.064704Z', 'maker_fees_dollars': '0.000000', 'maker_fill_cost_dollars': '0.000000', 'no_price_dollars': '0.0100', 'order_id': 'fffa0138-81f1-4b6b-a536-60679a8bf158', 'remaining_count_fp': '0.00', 'side': 'no', 'status': 'executed', 'subaccount_number': 0, 'taker_fees_dollars': '0.002000', 'taker_fill_cost_dollars': '0.008000', 'ticker': 'KXXRP15M-26APR060545-45', 'type': 'limit', 'user_id': 'dd8ef7dd-9e7f-40f7-965e-e9276a7805a4', 'yes_price_dollars': '0.9900'}}
2026-04-06 09:44:22 | INFO | [XRP] Closed KXXRP15M-26APR060545-45: Expiry: closing at $0.9945, PnL=$1.69
2026-04-06 09:44:22 | INFO | Strategy momentum stats: W=100.00%, R=1.69x, Kelly=20.00%
2026-04-06 09:44:22 | INFO | Trade recorded: KXXRP15M-26APR060545-45 yes momentum PnL=$1.69
2026-04-06 09:44:22 | INFO | [XRP] Position closed. Cooldown started: must wait 2 cycles before re-entering
2026-04-06 09:44:52 | INFO | Status: cash=$23.89, positions=0, loop=54, active_series=['KXDOGE15M', 'KXXRP15M', 'KXHYPE15M', 'KXBNB15M', 'KXBTC15M', 'KXSOL15M']
2026-04-06 09:44:52 | INFO | Day Realized P&L: $-10.78 (-31.1%) / -$99999.00 daily stop-loss limit
2026-04-06 09:44:52 | INFO | Coins: BTC: idle | ETH: idle | BNB: idle | SOL: idle | DOGE: idle | XRP: idle | HYPE: idle | ADA: idle
2026-04-06 09:44:52 | INFO | JSON summary saved to /home/ubuntu/.openclaw/workspace/workers/superbot/report.json
2026-04-06 09:44:52 | INFO | [BNB] Cooldown complete - can trade again
2026-04-06 09:45:22 | INFO | Status: cash=$23.89, positions=0, loop=55, active_series=['KXDOGE15M', 'KXXRP15M', 'KXHYPE15M', 'KXBNB15M', 'KXBTC15M', 'KXSOL15M']
2026-04-06 09:45:22 | INFO | Day Realized P&L: $-10.78 (-31.1%) / -$99999.00 daily stop-loss limit
2026-04-06 09:45:22 | INFO | Coins: BTC: idle | ETH: idle | BNB: idle | SOL: idle | DOGE: idle | XRP: idle | HYPE: idle | ADA: idle
2026-04-06 09:45:22 | INFO | JSON summary saved to /home/ubuntu/.openclaw/workspace/workers/superbot/report.json
2026-04-06 09:45:22 | INFO | [DOGE] Cooldown complete - can trade again
2026-04-06 09:45:22 | INFO | [XRP] Cooldown complete - can trade again
2026-04-06 09:45:22 | INFO | FIRST_CROSS: KXBTC15M-26APR060600-00 target price set to $69,872.09
2026-04-06 09:45:22 | INFO | FIRST_CROSS: KXETH15M-26APR060600-00 target price set to $2,152.39
2026-04-06 09:45:22 | INFO | FIRST_CROSS: KXHYPE15M-26APR060600-00 target price set to $37.37
2026-04-06 09:45:52 | INFO | Status: cash=$23.89, positions=0, loop=56, active_series=['KXDOGE15M', 'KXXRP15M', 'KXHYPE15M', 'KXBNB15M', 'KXETH15M', 'KXBTC15M', 'KXSOL15M']
2026-04-06 09:45:52 | INFO | Day Realized P&L: $-10.78 (-31.1%) / -$99999.00 daily stop-loss limit
2026-04-06 09:45:52 | INFO | Coins: BTC: idle | ETH: idle | BNB: idle | SOL: idle | DOGE: idle | XRP: idle | HYPE: idle | ADA: idle
2026-04-06 09:45:52 | INFO | JSON summary saved to /home/ubuntu/.openclaw/workspace/workers/superbot/report.json
2026-04-06 09:45:52 | INFO | FIRST_CROSS: KXBTC15M-26APR060600-00 crossed DOWN through $0.50 (was $0.5050, now $0.4750)
2026-04-06 09:45:52 | INFO | FIRST_CROSS SIGNAL (midpoint): KXBTC15M-26APR060600-00 | Direction: no | Side: no @ $0.4750 | contracts=0 | CONF=43 | TS=50%/40% | Coinbase=bearish | max_hold=10min
2026-04-06 09:45:52 | ERROR | [BTC] REAL ORDER FAILED: Invalid price or amount
2026-04-06 09:45:52 | INFO | FIRST_CROSS: KXBNB15M-26APR060600-00 target price set to $607.40
2026-04-06 09:45:52 | INFO | FIRST_CROSS: KXSOL15M-26APR060600-00 target price set to $82.56
2026-04-06 09:45:52 | INFO | FIRST_CROSS: KXDOGE15M-26APR060600-00 target price set to $0.09
2026-04-06 09:45:52 | INFO | FIRST_CROSS: KXXRP15M-26APR060600-00 target price set to $1.35
2026-04-06 09:46:22 | INFO | Status: cash=$23.89, positions=0, loop=57, active_series=['KXDOGE15M', 'KXXRP15M', 'KXHYPE15M', 'KXBNB15M', 'KXETH15M', 'KXBTC15M', 'KXSOL15M']
2026-04-06 09:46:22 | INFO | Day Realized P&L: $-10.78 (-31.1%) / -$99999.00 daily stop-loss limit
2026-04-06 09:46:22 | INFO | Coins: BTC: idle | ETH: idle | BNB: idle | SOL: idle | DOGE: idle | XRP: idle | HYPE: idle | ADA: idle
2026-04-06 09:46:22 | INFO | JSON summary saved to /home/ubuntu/.openclaw/workspace/workers/superbot/report.json
2026-04-06 09:46:22 | INFO | FIRST_CROSS SIGNAL (midpoint): KXBTC15M-26APR060600-00 | Direction: no | Side: no @ $0.4750 | contracts=0 | CONF=43 | TS=50%/40% | Coinbase=bearish | max_hold=10min
2026-04-06 09:46:22 | ERROR | [BTC] REAL ORDER FAILED: Invalid price or amount
2026-04-06 09:46:23 | INFO | FIRST_CROSS: KXSOL15M-26APR060600-00 crossed DOWN through $0.50 (was $0.5150, now $0.4300)
2026-04-06 09:46:23 | INFO | FIRST_CROSS SIGNAL (midpoint): KXSOL15M-26APR060600-00 | Direction: no | Side: no @ $0.4300 | contracts=0 | CONF=43 | TS=50%/40% | Coinbase=bearish | max_hold=10min
2026-04-06 09:46:23 | ERROR | [SOL] REAL ORDER FAILED: Invalid price or amount
2026-04-06 09:46:53 | INFO | Status: cash=$23.89, positions=0, loop=58, active_series=['KXDOGE15M', 'KXXRP15M', 'KXHYPE15M', 'KXBNB15M', 'KXETH15M', 'KXBTC15M', 'KXSOL15M']
2026-04-06 09:46:53 | INFO | Day Realized P&L: $-10.78 (-31.1%) / -$99999.00 daily stop-loss limit
2026-04-06 09:46:53 | INFO | Coins: BTC: idle | ETH: idle | BNB: idle | SOL: idle | DOGE: idle | XRP: idle | HYPE: idle | ADA: idle
2026-04-06 09:46:53 | INFO | JSON summary saved to /home/ubuntu/.openclaw/workspace/workers/superbot/report.json
2026-04-06 09:46:53 | INFO | FIRST_CROSS: KXBTC15M-26APR060600-00 | Direction: up | Target: $69,872.09 | Coin Price: $69,885.96
2026-04-06 09:46:53 | INFO | FIRST_CROSS SIGNAL (coin): KXBTC15M-26APR060600-00 | Direction: up | Target: $69,872.09 | Side: yes @ $0.5450 | contracts=0 | CONF=43 | Coinbase=None
2026-04-06 09:46:53 | ERROR | [BTC] REAL ORDER FAILED: Invalid price or amount
2026-04-06 09:46:53 | INFO | FIRST_CROSS SIGNAL (midpoint): KXSOL15M-26APR060600-00 | Direction: no | Side: no @ $0.4450 | contracts=0 | CONF=43 | TS=50%/40% | Coinbase=bearish | max_hold=10min
2026-04-06 09:46:53 | ERROR | [SOL] REAL ORDER FAILED: Invalid price or amount
2026-04-06 09:47:23 | INFO | Status: cash=$23.89, positions=0, loop=59, active_series=['KXDOGE15M', 'KXXRP15M', 'KXHYPE15M', 'KXBNB15M', 'KXETH15M', 'KXBTC15M', 'KXSOL15M']
2026-04-06 09:47:23 | INFO | Day Realized P&L: $-10.78 (-31.1%) / -$99999.00 daily stop-loss limit
2026-04-06 09:47:23 | INFO | Coins: BTC: idle | ETH: idle | BNB: idle | SOL: idle | DOGE: idle | XRP: idle | HYPE: idle | ADA: idle
2026-04-06 09:47:23 | INFO | JSON summary saved to /home/ubuntu/.openclaw/workspace/workers/superbot/report.json
2026-04-06 09:47:23 | INFO | FIRST_CROSS SIGNAL (midpoint): KXBTC15M-26APR060600-00 | Direction: no | Side: no @ $0.5950 | contracts=0 | CONF=43 | TS=50%/40% | Coinbase=None | max_hold=10min
2026-04-06 09:47:23 | ERROR | [BTC] REAL ORDER FAILED: Invalid price or amount
2026-04-06 09:47:23 | INFO | FIRST_CROSS: KXBNB15M-26APR060600-00 | Direction: up | Target: $607.40 | Coin Price: $607.47
2026-04-06 09:47:23 | INFO | FIRST_CROSS SIGNAL (midpoint): KXSOL15M-26APR060600-00 | Direction: no | Side: no @ $0.4900 | contracts=0 | CONF=43 | TS=50%/40% | Coinbase=bearish | max_hold=10min
2026-04-06 09:47:23 | ERROR | [SOL] REAL ORDER FAILED: Invalid price or amount
2026-04-06 09:47:23 | INFO | FIRST_CROSS: KXXRP15M-26APR060600-00 crossed UP through $0.50 (was $0.4900, now $0.5300)
2026-04-06 09:47:23 | INFO | FIRST_CROSS SIGNAL (midpoint): KXXRP15M-26APR060600-00 | Direction: yes | Side: yes @ $0.5300 | contracts=0 | CONF=43 | TS=50%/40% | Coinbase=bullish | max_hold=10min
2026-04-06 09:47:23 | ERROR | [XRP] REAL ORDER FAILED: Invalid price or amount
2026-04-06 09:47:23 | INFO | FIRST_CROSS: KXHYPE15M-26APR060600-00 crossed DOWN through $0.50 (was $0.5300, now $0.4900)
2026-04-06 09:47:23 | INFO | FIRST_CROSS SIGNAL (midpoint): KXHYPE15M-26APR060600-00 | Direction: no | Side: no @ $0.4900 | contracts=0 | CONF=43 | TS=50%/40% | Coinbase=None | max_hold=10min
2026-04-06 09:47:23 | ERROR | [HYPE] REAL ORDER FAILED: Invalid price or amount
2026-04-06 09:47:53 | INFO | Status: cash=$23.89, positions=0, loop=60, active_series=['KXDOGE15M', 'KXXRP15M', 'KXHYPE15M', 'KXBNB15M', 'KXETH15M', 'KXBTC15M', 'KXSOL15M']
2026-04-06 09:47:53 | INFO | Day Realized P&L: $-10.78 (-31.1%) / -$99999.00 daily stop-loss limit
2026-04-06 09:47:53 | INFO | Coins: BTC: idle | ETH: idle | BNB: idle | SOL: idle | DOGE: idle | XRP: idle | HYPE: idle | ADA: idle
2026-04-06 09:47:53 | INFO | JSON summary saved to /home/ubuntu/.openclaw/workspace/workers/superbot/report.json
2026-04-06 09:47:53 | INFO | FIRST_CROSS SIGNAL (midpoint): KXBTC15M-26APR060600-00 | Direction: no | Side: no @ $0.5950 | contracts=0 | CONF=43 | TS=50%/40% | Coinbase=None | max_hold=10min
2026-04-06 09:47:53 | ERROR | [BTC] REAL ORDER FAILED: Invalid price or amount
2026-04-06 09:47:53 | INFO | FIRST_CROSS: KXBNB15M-26APR060600-00 crossed UP through $0.50 (was $0.4900, now $0.5200)
2026-04-06 09:47:53 | INFO | FIRST_CROSS SIGNAL (midpoint): KXBNB15M-26APR060600-00 | Direction: yes | Side: yes @ $0.5200 | contracts=0 | CONF=43 | TS=50%/40% | Coinbase=None | max_hold=10min
2026-04-06 09:47:53 | ERROR | [BNB] REAL ORDER FAILED: Invalid price or amount
2026-04-06 09:47:53 | INFO | MOMENTUM SIGNAL: KXSOL15M-26APR060600-00 | Side: no @ $0.4950 | contracts=2 | CONF=60 | TS=30%/40% | Coinbase=bearish | age=121s
2026-04-06 09:47:53 | INFO | [SOL] REAL ORDER PLACED: {'order': {'action': 'buy', 'client_order_id': '', 'created_time': '2026-04-06T09:47:53.949728Z', 'fill_count_fp': '0.00', 'initial_count_fp': '2.00', 'last_update_time': '2026-04-06T09:47:53.949728Z', 'maker_fees_dollars': '0.000000', 'maker_fill_cost_dollars': '0.000000', 'no_price_dollars': '0.5100', 'order_id': '110d7ead-65e2-4a6e-8e34-cf6b84efd497', 'remaining_count_fp': '2.00', 'side': 'no', 'status': 'resting', 'subaccount_number': 0, 'taker_fees_dollars': '0.000000', 'taker_fill_cost_dollars': '0.000000', 'ticker': 'KXSOL15M-26APR060600-00', 'type': 'limit', 'user_id': 'dd8ef7dd-9e7f-40f7-965e-e9276a7805a4', 'yes_price_dollars': '0.4900'}}
2026-04-06 09:47:53 | INFO | [SOL] Opened momentum: no KXSOL15M-26APR060600-00 @ $0.4950, contracts=2, cost=$1.01
2026-04-06 09:47:53 | INFO | 🚀 [SOL] TRADE EXECUTED: momentum no KXSOL15M-26APR060600-00 @ $0.4950, contracts=2 (daily trades: 10/9999)
2026-04-06 09:47:54 | INFO | FIRST_CROSS SIGNAL (midpoint): KXXRP15M-26APR060600-00 | Direction: yes | Side: yes @ $0.4700 | contracts=0 | CONF=43 | TS=50%/40% | Coinbase=None | max_hold=10min
2026-04-06 09:47:54 | ERROR | [XRP] REAL ORDER FAILED: Invalid price or amount
2026-04-06 09:47:54 | INFO | FIRST_CROSS SIGNAL (midpoint): KXHYPE15M-26APR060600-00 | Direction: no | Side: no @ $0.4700 | contracts=0 | CONF=43 | TS=50%/40% | Coinbase=None | max_hold=10min
2026-04-06 09:47:54 | ERROR | [HYPE] REAL ORDER FAILED: Invalid price or amount
2026-04-06 09:48:24 | INFO | Status: cash=$22.88, positions=1, loop=61, active_series=['KXDOGE15M', 'KXXRP15M', 'KXHYPE15M', 'KXBNB15M', 'KXETH15M', 'KXBTC15M', 'KXSOL15M']
2026-04-06 09:48:24 | INFO | Day Realized P&L: $-11.79 (-34.0%) / -$99999.00 daily stop-loss limit
2026-04-06 09:48:24 | INFO | Coins: BTC: idle | ETH: idle | BNB: idle | SOL: momentum no@0.49 | DOGE: idle | XRP: idle | HYPE: idle | ADA: idle
2026-04-06 09:48:24 | INFO | JSON summary saved to /home/ubuntu/.openclaw/workspace/workers/superbot/report.json
2026-04-06 09:48:24 | INFO | FIRST_CROSS SIGNAL (midpoint): KXBTC15M-26APR060600-00 | Direction: no | Side: no @ $0.5050 | contracts=0 | CONF=43 | TS=50%/40% | Coinbase=None | max_hold=10min
2026-04-06 09:48:24 | ERROR | [BTC] REAL ORDER FAILED: Invalid price or amount
2026-04-06 09:48:24 | INFO | MOMENTUM SIGNAL: KXBNB15M-26APR060600-00 | Side: no @ $0.5000 | contracts=2 | CONF=60 | TS=30%/40% | Coinbase=bearish | age=152s
2026-04-06 09:48:24 | INFO | [BNB] REAL ORDER PLACED: {'order': {'action': 'buy', 'client_order_id': '', 'created_time': '2026-04-06T09:48:24.37663Z', 'fill_count_fp': '0.00', 'initial_count_fp': '2.00', 'last_update_time': '2026-04-06T09:48:24.37663Z', 'maker_fees_dollars': '0.000000', 'maker_fill_cost_dollars': '0.000000', 'no_price_dollars': '0.5000', 'order_id': '7fc65162-f23d-4d0d-9fb8-19b0e8192038', 'remaining_count_fp': '2.00', 'side': 'no', 'status': 'resting', 'subaccount_number': 0, 'taker_fees_dollars': '0.000000', 'taker_fill_cost_dollars': '0.000000', 'ticker': 'KXBNB15M-26APR060600-00', 'type': 'limit', 'user_id': 'dd8ef7dd-9e7f-40f7-965e-e9276a7805a4', 'yes_price_dollars': '0.5000'}}
2026-04-06 09:48:24 | INFO | [BNB] Opened momentum: no KXBNB15M-26APR060600-00 @ $0.5000, contracts=2, cost=$1.00
2026-04-06 09:48:24 | INFO | 🚀 [BNB] TRADE EXECUTED: momentum no KXBNB15M-26APR060600-00 @ $0.5000, contracts=2 (daily trades: 11/9999)
2026-04-06 09:48:24 | INFO | KXSOL15M-26APR060600-00: SCALED IN @ $0.3450 (+$1.00), new size=$3.00, avg_price=$0.4450, scale_ins=1
2026-04-06 09:48:24 | INFO | [SOL] SCALED IN KXSOL15M-26APR060600-00: +$1.00 @ $0.3450, new_size=$3.00
2026-04-06 09:48:24 | INFO | FIRST_CROSS: KXXRP15M-26APR060600-00 | Direction: down | Target: $1.35 | Coin Price: $1.35
2026-04-06 09:48:24 | INFO | FIRST_CROSS SIGNAL (coin): KXXRP15M-26APR060600-00 | Direction: down | Target: $1.35 | Side: no @ $0.4250 | contracts=0 | CONF=43 | Coinbase=None
2026-04-06 09:48:24 | ERROR | [XRP] REAL ORDER FAILED: Invalid price or amount
2026-04-06 09:48:24 | INFO | FIRST_CROSS: KXHYPE15M-26APR060600-00 | Direction: down | Target: $37.37 | Coin Price: $37.36
2026-04-06 09:48:24 | INFO | FIRST_CROSS SIGNAL (coin): KXHYPE15M-26APR060600-00 | Direction: down | Target: $37.37 | Side: no @ $0.3800 | contracts=0 | CONF=56 | Coinbase=None
2026-04-06 09:48:24 | ERROR | [HYPE] REAL ORDER FAILED: Invalid price or amount
2026-04-06 09:48:54 | INFO | Status: cash=$21.88, positions=2, loop=62, active_series=['KXDOGE15M', 'KXXRP15M', 'KXHYPE15M', 'KXBNB15M', 'KXETH15M', 'KXBTC15M', 'KXSOL15M']
2026-04-06 09:48:54 | INFO | Day Realized P&L: $-12.79 (-36.9%) / -$99999.00 daily stop-loss limit
2026-04-06 09:48:54 | INFO | Coins: BTC: idle | ETH: idle | BNB: momentum no@0.50 | SOL: momentum no@0.49 | DOGE: idle | XRP: idle | HYPE: idle | ADA: idle
2026-04-06 09:48:54 | INFO | JSON summary saved to /home/ubuntu/.openclaw/workspace/workers/superbot/report.json
2026-04-06 09:48:54 | INFO | MOMENTUM SIGNAL: KXBTC15M-26APR060600-00 | Side: no @ $0.4250 | contracts=2 | CONF=60 | TS=30%/40% | Coinbase=bearish | age=212s
2026-04-06 09:48:54 | INFO | [BTC] REAL ORDER PLACED: {'order': {'action': 'buy', 'client_order_id': '', 'created_time': '2026-04-06T09:48:54.845368Z', 'fill_count_fp': '0.00', 'initial_count_fp': '2.00', 'last_update_time': '2026-04-06T09:48:54.845368Z', 'maker_fees_dollars': '0.000000', 'maker_fill_cost_dollars': '0.000000', 'no_price_dollars': '0.5700', 'order_id': 'e1b510f8-0d2a-447e-9785-ff02e0a3140d', 'remaining_count_fp': '2.00', 'side': 'no', 'status': 'resting', 'subaccount_number': 0, 'taker_fees_dollars': '0.000000', 'taker_fill_cost_dollars': '0.000000', 'ticker': 'KXBTC15M-26APR060600-00', 'type': 'limit', 'user_id': 'dd8ef7dd-9e7f-40f7-965e-e9276a7805a4', 'yes_price_dollars': '0.4300'}}
2026-04-06 09:48:54 | INFO | [BTC] Opened momentum: no KXBTC15M-26APR060600-00 @ $0.4250, contracts=2, cost=$1.15
2026-04-06 09:48:54 | INFO | 🚀 [BTC] TRADE EXECUTED: momentum no KXBTC15M-26APR060600-00 @ $0.4250, contracts=2 (daily trades: 12/9999)
2026-04-06 09:48:54 | INFO | KXSOL15M-26APR060600-00: SCALED IN @ $0.3450 (+$1.00), new size=$4.00, avg_price=$0.4200, scale_ins=2
2026-04-06 09:48:54 | INFO | [SOL] SCALED IN KXSOL15M-26APR060600-00: +$1.00 @ $0.3450, new_size=$4.00
2026-04-06 09:49:25 | INFO | Status: cash=$20.73, positions=3, loop=63, active_series=['KXDOGE15M', 'KXXRP15M', 'KXHYPE15M', 'KXBNB15M', 'KXETH15M', 'KXBTC15M', 'KXSOL15M']
2026-04-06 09:49:25 | INFO | Day Realized P&L: $-13.94 (-40.2%) / -$99999.00 daily stop-loss limit
2026-04-06 09:49:25 | INFO | Coins: BTC: momentum no@0.42 | ETH: idle | BNB: momentum no@0.50 | SOL: momentum no@0.49 | DOGE: idle | XRP: idle | HYPE: idle | ADA: idle
2026-04-06 09:49:25 | INFO | JSON summary saved to /home/ubuntu/.openclaw/workspace/workers/superbot/report.json
2026-04-06 09:49:25 | INFO | KXBTC15M-26APR060600-00: SCALED IN @ $0.3050 (+$1.00), new size=$3.00, avg_price=$0.3850, scale_ins=1
2026-04-06 09:49:25 | INFO | [BTC] SCALED IN KXBTC15M-26APR060600-00: +$1.00 @ $0.3050, new_size=$3.00
2026-04-06 09:49:55 | INFO | Status: cash=$20.73, positions=3, loop=64, active_series=['KXDOGE15M', 'KXXRP15M', 'KXHYPE15M', 'KXBNB15M', 'KXETH15M', 'KXBTC15M', 'KXSOL15M']
2026-04-06 09:49:55 | INFO | Day Realized P&L: $-13.94 (-40.2%) / -$99999.00 daily stop-loss limit
2026-04-06 09:49:55 | INFO | Coins: BTC: momentum no@0.42 | ETH: idle | BNB: momentum no@0.50 | SOL: momentum no@0.49 | DOGE: idle | XRP: idle | HYPE: idle | ADA: idle
2026-04-06 09:49:55 | INFO | JSON summary saved to /home/ubuntu/.openclaw/workspace/workers/superbot/report.json
2026-04-06 09:49:55 | INFO | KXBTC15M-26APR060600-00: SCALED IN @ $0.3450 (+$1.00), new size=$4.00, avg_price=$0.3750, scale_ins=2
2026-04-06 09:49:55 | INFO | [BTC] SCALED IN KXBTC15M-26APR060600-00: +$1.00 @ $0.3450, new_size=$4.00
2026-04-06 09:49:55 | INFO | KXBNB15M-26APR060600-00: SCALED IN @ $0.4300 (+$1.00), new size=$3.00, avg_price=$0.4767, scale_ins=1
2026-04-06 09:49:55 | INFO | [BNB] SCALED IN KXBNB15M-26APR060600-00: +$1.00 @ $0.4300, new_size=$3.00
2026-04-06 09:50:25 | INFO | Status: cash=$20.73, positions=3, loop=65, active_series=['KXDOGE15M', 'KXXRP15M', 'KXHYPE15M', 'KXBNB15M', 'KXETH15M', 'KXBTC15M', 'KXSOL15M']
2026-04-06 09:50:25 | INFO | Day Realized P&L: $-13.94 (-40.2%) / -$99999.00 daily stop-loss limit
2026-04-06 09:50:25 | INFO | Coins: BTC: momentum no@0.42 | ETH: idle | BNB: momentum no@0.50 | SOL: momentum no@0.49 | DOGE: idle | XRP: idle | HYPE: idle | ADA: idle
2026-04-06 09:50:25 | INFO | JSON summary saved to /home/ubuntu/.openclaw/workspace/workers/superbot/report.json
2026-04-06 09:50:25 | INFO | KXBNB15M-26APR060600-00: SCALED IN @ $0.4350 (+$1.00), new size=$4.00, avg_price=$0.4662, scale_ins=2
2026-04-06 09:50:25 | INFO | [BNB] SCALED IN KXBNB15M-26APR060600-00: +$1.00 @ $0.4350, new_size=$4.00
2026-04-06 09:50:55 | INFO | Status: cash=$20.73, positions=3, loop=66, active_series=['KXDOGE15M', 'KXXRP15M', 'KXHYPE15M', 'KXBNB15M', 'KXETH15M', 'KXBTC15M', 'KXSOL15M']
2026-04-06 09:50:55 | INFO | Day Realized P&L: $-13.94 (-40.2%) / -$99999.00 daily stop-loss limit
2026-04-06 09:50:55 | INFO | Coins: BTC: momentum no@0.42 | ETH: idle | BNB: momentum no@0.50 | SOL: momentum no@0.49 | DOGE: idle | XRP: idle | HYPE: idle | ADA: idle
2026-04-06 09:50:55 | INFO | JSON summary saved to /home/ubuntu/.openclaw/workspace/workers/superbot/report.json
2026-04-06 09:51:25 | INFO | Status: cash=$20.73, positions=3, loop=67, active_series=['KXDOGE15M', 'KXXRP15M', 'KXHYPE15M', 'KXBNB15M', 'KXETH15M', 'KXBTC15M', 'KXSOL15M']
2026-04-06 09:51:25 | INFO | Day Realized P&L: $-13.94 (-40.2%) / -$99999.00 daily stop-loss limit
2026-04-06 09:51:25 | INFO | Coins: BTC: momentum no@0.42 | ETH: idle | BNB: momentum no@0.50 | SOL: momentum no@0.49 | DOGE: idle | XRP: idle | HYPE: idle | ADA: idle
2026-04-06 09:51:25 | INFO | JSON summary saved to /home/ubuntu/.openclaw/workspace/workers/superbot/report.json
2026-04-06 09:51:55 | INFO | Status: cash=$20.73, positions=3, loop=68, active_series=['KXDOGE15M', 'KXXRP15M', 'KXHYPE15M', 'KXBNB15M', 'KXETH15M', 'KXBTC15M', 'KXSOL15M']
2026-04-06 09:51:55 | INFO | Day Realized P&L: $-13.94 (-40.2%) / -$99999.00 daily stop-loss limit
2026-04-06 09:51:55 | INFO | Coins: BTC: momentum no@0.42 | ETH: idle | BNB: momentum no@0.50 | SOL: momentum no@0.49 | DOGE: idle | XRP: idle | HYPE: idle | ADA: idle
2026-04-06 09:51:55 | INFO | JSON summary saved to /home/ubuntu/.openclaw/workspace/workers/superbot/report.json
2026-04-06 09:52:26 | INFO | Status: cash=$20.73, positions=3, loop=69, active_series=['KXDOGE15M', 'KXXRP15M', 'KXHYPE15M', 'KXBNB15M', 'KXETH15M', 'KXBTC15M', 'KXSOL15M']
2026-04-06 09:52:26 | INFO | Day Realized P&L: $-13.94 (-40.2%) / -$99999.00 daily stop-loss limit
2026-04-06 09:52:26 | INFO | Coins: BTC: momentum no@0.42 | ETH: idle | BNB: momentum no@0.50 | SOL: momentum no@0.49 | DOGE: idle | XRP: idle | HYPE: idle | ADA: idle
2026-04-06 09:52:26 | INFO | JSON summary saved to /home/ubuntu/.openclaw/workspace/workers/superbot/report.json
2026-04-06 09:52:56 | INFO | Status: cash=$20.73, positions=3, loop=70, active_series=['KXDOGE15M', 'KXXRP15M', 'KXHYPE15M', 'KXBNB15M', 'KXETH15M', 'KXBTC15M', 'KXSOL15M']
2026-04-06 09:52:56 | INFO | Day Realized P&L: $-13.94 (-40.2%) / -$99999.00 daily stop-loss limit
2026-04-06 09:52:56 | INFO | Coins: BTC: momentum no@0.42 | ETH: idle | BNB: momentum no@0.50 | SOL: momentum no@0.49 | DOGE: idle | XRP: idle | HYPE: idle | ADA: idle
2026-04-06 09:52:56 | INFO | JSON summary saved to /home/ubuntu/.openclaw/workspace/workers/superbot/report.json
2026-04-06 09:53:26 | INFO | Status: cash=$20.73, positions=3, loop=71, active_series=['KXDOGE15M', 'KXXRP15M', 'KXHYPE15M', 'KXBNB15M', 'KXETH15M', 'KXBTC15M', 'KXSOL15M']
2026-04-06 09:53:26 | INFO | Day Realized P&L: $-13.94 (-40.2%) / -$99999.00 daily stop-loss limit
2026-04-06 09:53:26 | INFO | Coins: BTC: momentum no@0.42 | ETH: idle | BNB: momentum no@0.50 | SOL: momentum no@0.49 | DOGE: idle | XRP: idle | HYPE: idle | ADA: idle
2026-04-06 09:53:26 | INFO | JSON summary saved to /home/ubuntu/.openclaw/workspace/workers/superbot/report.json
2026-04-06 09:53:56 | INFO | Status: cash=$20.73, positions=3, loop=72, active_series=['KXDOGE15M', 'KXXRP15M', 'KXHYPE15M', 'KXBNB15M', 'KXETH15M', 'KXBTC15M', 'KXSOL15M']
2026-04-06 09:53:56 | INFO | Day Realized P&L: $-13.94 (-40.2%) / -$99999.00 daily stop-loss limit
2026-04-06 09:53:56 | INFO | Coins: BTC: momentum no@0.42 | ETH: idle | BNB: momentum no@0.50 | SOL: momentum no@0.49 | DOGE: idle | XRP: idle | HYPE: idle | ADA: idle
2026-04-06 09:53:56 | INFO | JSON summary saved to /home/ubuntu/.openclaw/workspace/workers/superbot/report.json
2026-04-06 09:54:26 | INFO | Status: cash=$20.73, positions=3, loop=73, active_series=['KXDOGE15M', 'KXXRP15M', 'KXHYPE15M', 'KXBNB15M', 'KXETH15M', 'KXBTC15M', 'KXSOL15M']
2026-04-06 09:54:26 | INFO | Day Realized P&L: $-13.94 (-40.2%) / -$99999.00 daily stop-loss limit
2026-04-06 09:54:26 | INFO | Coins: BTC: momentum no@0.42 | ETH: idle | BNB: momentum no@0.50 | SOL: momentum no@0.49 | DOGE: idle | XRP: idle | HYPE: idle | ADA: idle
2026-04-06 09:54:26 | INFO | JSON summary saved to /home/ubuntu/.openclaw/workspace/workers/superbot/report.json
2026-04-06 09:54:57 | INFO | Status: cash=$20.73, positions=3, loop=74, active_series=['KXDOGE15M', 'KXXRP15M', 'KXHYPE15M', 'KXBNB15M', 'KXETH15M', 'KXBTC15M', 'KXSOL15M']
2026-04-06 09:54:57 | INFO | Day Realized P&L: $-13.94 (-40.2%) / -$99999.00 daily stop-loss limit
2026-04-06 09:54:57 | INFO | Coins: BTC: momentum no@0.42 | ETH: idle | BNB: momentum no@0.50 | SOL: momentum no@0.49 | DOGE: idle | XRP: idle | HYPE: idle | ADA: idle
2026-04-06 09:54:57 | INFO | JSON summary saved to /home/ubuntu/.openclaw/workspace/workers/superbot/report.json
2026-04-06 09:54:57 | INFO | KXSOL15M-26APR060600-00: TRAILING STOP HIT @ $0.2300 (trough=$0.1100, rise=109.1%, locked=53.5%)
2026-04-06 09:54:57 | INFO | [SOL] REAL CLOSE ORDER PLACED: {'order': {'action': 'buy', 'client_order_id': '', 'created_time': '2026-04-06T09:54:57.286789Z', 'fill_count_fp': '0.00', 'initial_count_fp': '4.00', 'last_update_time': '2026-04-06T09:54:57.286789Z', 'maker_fees_dollars': '0.000000', 'maker_fill_cost_dollars': '0.000000', 'no_price_dollars': '0.7700', 'order_id': 'deaa3bcc-d507-41eb-bb6d-acbae8070166', 'remaining_count_fp': '4.00', 'side': 'yes', 'status': 'resting', 'subaccount_number': 0, 'taker_fees_dollars': '0.000000', 'taker_fill_cost_dollars': '0.000000', 'ticker': 'KXSOL15M-26APR060600-00', 'type': 'limit', 'user_id': 'dd8ef7dd-9e7f-40f7-965e-e9276a7805a4', 'yes_price_dollars': '0.2300'}}
2026-04-06 09:54:57 | INFO | [SOL] Closed KXSOL15M-26APR060600-00: TRAILING STOP: locked in profits, PnL=$-0.76
2026-04-06 09:54:57 | INFO | Strategy momentum stats: W=0.00%, R=1.71x, Kelly=4.00%
2026-04-06 09:54:57 | INFO | Trade recorded: KXSOL15M-26APR060600-00 no momentum PnL=$-0.76
2026-04-06 09:54:57 | INFO | [SOL] Position closed. Cooldown started: must wait 2 cycles before re-entering
2026-04-06 09:54:57 | INFO | FIRST_CROSS: KXDOGE15M-26APR060600-00 | Direction: down | Target: $0.09 | Coin Price: $0.09
2026-04-06 09:55:27 | INFO | Status: cash=$20.73, positions=2, loop=75, active_series=['KXDOGE15M', 'KXXRP15M', 'KXHYPE15M', 'KXBNB15M', 'KXETH15M', 'KXBTC15M', 'KXSOL15M']
2026-04-06 09:55:27 | INFO | Day Realized P&L: $-13.94 (-40.2%) / -$99999.00 daily stop-loss limit
2026-04-06 09:55:27 | INFO | Coins: BTC: momentum no@0.42 | ETH: idle | BNB: momentum no@0.50 | SOL: idle | DOGE: idle | XRP: idle | HYPE: idle | ADA: idle
2026-04-06 09:55:27 | INFO | JSON summary saved to /home/ubuntu/.openclaw/workspace/workers/superbot/report.json
2026-04-06 09:55:27 | INFO | MOMENTUM SIGNAL: KXETH15M-26APR060600-00 | Side: no @ $0.3250 | contracts=2 | CONF=60 | TS=30%/40% | Coinbase=bearish | age=605s
2026-04-06 09:55:27 | INFO | [ETH] REAL ORDER PLACED: {'order': {'action': 'buy', 'client_order_id': '', 'created_time': '2026-04-06T09:55:27.677365Z', 'fill_count_fp': '0.00', 'initial_count_fp': '4.00', 'last_update_time': '2026-04-06T09:55:27.677365Z', 'maker_fees_dollars': '0.000000', 'maker_fill_cost_dollars': '0.000000', 'no_price_dollars': '0.6800', 'order_id': '9c34d2bb-7058-472f-b378-7d832267c4d5', 'remaining_count_fp': '4.00', 'side': 'no', 'status': 'resting', 'subaccount_number': 0, 'taker_fees_dollars': '0.000000', 'taker_fill_cost_dollars': '0.000000', 'ticker': 'KXETH15M-26APR060600-00', 'type': 'limit', 'user_id': 'dd8ef7dd-9e7f-40f7-965e-e9276a7805a4', 'yes_price_dollars': '0.3200'}}
2026-04-06 09:55:27 | INFO | [ETH] Opened momentum: no KXETH15M-26APR060600-00 @ $0.3250, contracts=2, cost=$1.35
2026-04-06 09:55:27 | INFO | 🚀 [ETH] TRADE EXECUTED: momentum no KXETH15M-26APR060600-00 @ $0.3250, contracts=2 (daily trades: 13/9999)
2026-04-06 09:55:57 | INFO | Status: cash=$19.38, positions=3, loop=76, active_series=['KXDOGE15M', 'KXXRP15M', 'KXHYPE15M', 'KXBNB15M', 'KXETH15M', 'KXBTC15M', 'KXSOL15M']
2026-04-06 09:55:57 | INFO | Day Realized P&L: $-15.29 (-44.1%) / -$99999.00 daily stop-loss limit
2026-04-06 09:55:57 | INFO | Coins: BTC: momentum no@0.42 | ETH: momentum no@0.32 | BNB: momentum no@0.50 | SOL: idle | DOGE: idle | XRP: idle | HYPE: idle | ADA: idle
2026-04-06 09:55:57 | INFO | JSON summary saved to /home/ubuntu/.openclaw/workspace/workers/superbot/report.json
2026-04-06 09:55:57 | INFO | [SOL] Cooldown complete - can trade again
2026-04-06 09:56:28 | INFO | Status: cash=$19.38, positions=3, loop=77, active_series=['KXDOGE15M', 'KXXRP15M', 'KXHYPE15M', 'KXBNB15M', 'KXETH15M', 'KXBTC15M', 'KXSOL15M']
2026-04-06 09:56:28 | INFO | Day Realized P&L: $-15.29 (-44.1%) / -$99999.00 daily stop-loss limit
2026-04-06 09:56:28 | INFO | Coins: BTC: momentum no@0.42 | ETH: momentum no@0.32 | BNB: momentum no@0.50 | SOL: idle | DOGE: idle | XRP: idle | HYPE: idle | ADA: idle
2026-04-06 09:56:28 | INFO | JSON summary saved to /home/ubuntu/.openclaw/workspace/workers/superbot/report.json
2026-04-06 09:56:28 | INFO | KXBTC15M-26APR060600-00: TRAILING STOP HIT @ $0.0410 (trough=$0.0215, rise=90.7%, locked=90.4%)
2026-04-06 09:56:28 | INFO | [BTC] REAL CLOSE ORDER PLACED: {'order': {'action': 'buy', 'client_order_id': '', 'created_time': '2026-04-06T09:56:28.303269Z', 'fill_count_fp': '4.00', 'initial_count_fp': '4.00', 'last_update_time': '2026-04-06T09:56:28.303269Z', 'maker_fees_dollars': '0.000000', 'maker_fill_cost_dollars': '0.000000', 'no_price_dollars': '0.9600', 'order_id': '30e9561b-be08-4e0c-b547-5b1023d5f236', 'remaining_count_fp': '0.00', 'side': 'yes', 'status': 'executed', 'subaccount_number': 0, 'taker_fees_dollars': '0.016000', 'taker_fill_cost_dollars': '0.144000', 'ticker': 'KXBTC15M-26APR060600-00', 'type': 'limit', 'user_id': 'dd8ef7dd-9e7f-40f7-965e-e9276a7805a4', 'yes_price_dollars': '0.0400'}}
2026-04-06 09:56:28 | INFO | [BTC] Closed KXBTC15M-26APR060600-00: TRAILING STOP: locked in profits, PnL=$-1.34
2026-04-06 09:56:28 | INFO | Strategy momentum stats: W=0.00%, R=0.75x, Kelly=4.00%
2026-04-06 09:56:28 | INFO | Trade recorded: KXBTC15M-26APR060600-00 no momentum PnL=$-1.34
2026-04-06 09:56:28 | INFO | [BTC] Position closed. Cooldown started: must wait 2 cycles before re-entering
2026-04-06 09:56:28 | INFO | KXETH15M-26APR060600-00: SCALED IN @ $0.2850 (+$1.00), new size=$3.00, avg_price=$0.3117, scale_ins=1
2026-04-06 09:56:28 | INFO | [ETH] SCALED IN KXETH15M-26APR060600-00: +$1.00 @ $0.2850, new_size=$3.00
2026-04-06 09:56:28 | INFO | FIRST_CROSS SIGNAL (midpoint): KXHYPE15M-26APR060600-00 | Direction: no | Side: no @ $0.3700 | contracts=0 | CONF=50 | TS=50%/40% | Coinbase=None | max_hold=10min
2026-04-06 09:56:28 | ERROR | [HYPE] REAL ORDER FAILED: Invalid price or amount
2026-04-06 09:56:58 | INFO | Status: cash=$19.38, positions=2, loop=78, active_series=['KXDOGE15M', 'KXXRP15M', 'KXHYPE15M', 'KXBNB15M', 'KXETH15M', 'KXBTC15M', 'KXSOL15M']
2026-04-06 09:56:58 | INFO | Day Realized P&L: $-15.29 (-44.1%) / -$99999.00 daily stop-loss limit
2026-04-06 09:56:58 | INFO | Coins: BTC: idle | ETH: momentum no@0.32 | BNB: momentum no@0.50 | SOL: idle | DOGE: idle | XRP: idle | HYPE: idle | ADA: idle
2026-04-06 09:56:58 | INFO | JSON summary saved to /home/ubuntu/.openclaw/workspace/workers/superbot/report.json
2026-04-06 09:56:58 | INFO | KXETH15M-26APR060600-00: TIME-SCALED STOP HIT @ $0.5900 (entry=$0.3250, stop=47%, loss=81.5%, age=1.5min)
2026-04-06 09:56:58 | INFO | [ETH] REAL CLOSE ORDER PLACED: {'order': {'action': 'buy', 'client_order_id': '', 'created_time': '2026-04-06T09:56:58.743453Z', 'fill_count_fp': '0.00', 'initial_count_fp': '3.00', 'last_update_time': '2026-04-06T09:56:58.743453Z', 'maker_fees_dollars': '0.000000', 'maker_fill_cost_dollars': '0.000000', 'no_price_dollars': '0.4100', 'order_id': '9b0ea17a-bd60-4bcf-8ba5-2b134a68ce5f', 'remaining_count_fp': '3.00', 'side': 'yes', 'status': 'resting', 'subaccount_number': 0, 'taker_fees_dollars': '0.000000', 'taker_fill_cost_dollars': '0.000000', 'ticker': 'KXETH15M-26APR060600-00', 'type': 'limit', 'user_id': 'dd8ef7dd-9e7f-40f7-965e-e9276a7805a4', 'yes_price_dollars': '0.5900'}}
2026-04-06 09:56:58 | INFO | [ETH] Closed KXETH15M-26APR060600-00: TIME-SCALED STOP: -47% loss locked in, PnL=$0.84
2026-04-06 09:56:58 | INFO | Strategy momentum stats: W=50.00%, R=0.70x, Kelly=4.00%
2026-04-06 09:56:58 | INFO | Trade recorded: KXETH15M-26APR060600-00 no momentum PnL=$0.84
2026-04-06 09:56:58 | INFO | [ETH] Position closed. Cooldown started: must wait 2 cycles before re-entering
2026-04-06 09:56:58 | INFO | FIRST_CROSS SIGNAL (midpoint): KXHYPE15M-26APR060600-00 | Direction: no | Side: no @ $0.3350 | contracts=0 | CONF=50 | TS=50%/40% | Coinbase=None | max_hold=10min
2026-04-06 09:56:58 | ERROR | [HYPE] REAL ORDER FAILED: Invalid price or amount
2026-04-06 09:57:28 | INFO | Status: cash=$19.38, positions=1, loop=79, active_series=['KXDOGE15M', 'KXXRP15M', 'KXHYPE15M', 'KXBNB15M', 'KXETH15M', 'KXBTC15M', 'KXSOL15M']
2026-04-06 09:57:28 | INFO | Day Realized P&L: $-15.29 (-44.1%) / -$99999.00 daily stop-loss limit
2026-04-06 09:57:28 | INFO | Coins: BTC: idle | ETH: idle | BNB: momentum no@0.50 | SOL: idle | DOGE: idle | XRP: idle | HYPE: idle | ADA: idle
2026-04-06 09:57:28 | INFO | JSON summary saved to /home/ubuntu/.openclaw/workspace/workers/superbot/report.json
2026-04-06 09:57:28 | INFO | [BTC] Cooldown complete - can trade again
2026-04-06 09:57:28 | INFO | MOMENTUM SIGNAL: KXETH15M-26APR060600-00 | Side: no @ $0.3450 | contracts=2 | CONF=60 | TS=30%/40% | Coinbase=bearish | age=727s
2026-04-06 09:57:29 | INFO | [ETH] REAL ORDER PLACED: {'order': {'action': 'buy', 'client_order_id': '', 'created_time': '2026-04-06T09:57:29.117743Z', 'fill_count_fp': '0.00', 'initial_count_fp': '3.00', 'last_update_time': '2026-04-06T09:57:29.117743Z', 'maker_fees_dollars': '0.000000', 'maker_fill_cost_dollars': '0.000000', 'no_price_dollars': '0.6600', 'order_id': '2507693b-73ee-43d7-a67a-a2cf0a49dd5b', 'remaining_count_fp': '3.00', 'side': 'no', 'status': 'resting', 'subaccount_number': 0, 'taker_fees_dollars': '0.000000', 'taker_fill_cost_dollars': '0.000000', 'ticker': 'KXETH15M-26APR060600-00', 'type': 'limit', 'user_id': 'dd8ef7dd-9e7f-40f7-965e-e9276a7805a4', 'yes_price_dollars': '0.3400'}}
2026-04-06 09:57:29 | INFO | [ETH] Opened momentum: no KXETH15M-26APR060600-00 @ $0.3450, contracts=2, cost=$1.31
2026-04-06 09:57:29 | INFO | 🚀 [ETH] TRADE EXECUTED: momentum no KXETH15M-26APR060600-00 @ $0.3450, contracts=2 (daily trades: 14/9999)
2026-04-06 09:57:29 | INFO | KXBNB15M-26APR060600-00: TRAILING STOP HIT @ $0.1300 (trough=$0.0755, rise=72.2%, locked=74.0%)
2026-04-06 09:57:29 | INFO | [BNB] REAL CLOSE ORDER PLACED: {'order': {'action': 'buy', 'client_order_id': '', 'created_time': '2026-04-06T09:57:29.344725Z', 'fill_count_fp': '4.00', 'initial_count_fp': '4.00', 'last_update_time': '2026-04-06T09:57:29.344725Z', 'maker_fees_dollars': '0.000000', 'maker_fill_cost_dollars': '0.000000', 'no_price_dollars': '0.8700', 'order_id': '35dfa8dc-aade-48bd-ac51-a0f8614250e5', 'remaining_count_fp': '0.00', 'side': 'yes', 'status': 'executed', 'subaccount_number': 0, 'taker_fees_dollars': '0.020000', 'taker_fill_cost_dollars': '0.200000', 'ticker': 'KXBNB15M-26APR060600-00', 'type': 'limit', 'user_id': 'dd8ef7dd-9e7f-40f7-965e-e9276a7805a4', 'yes_price_dollars': '0.1300'}}
2026-04-06 09:57:29 | INFO | [BNB] Closed KXBNB15M-26APR060600-00: TRAILING STOP: locked in profits, PnL=$-1.34
2026-04-06 09:57:29 | INFO | Strategy momentum stats: W=0.00%, R=1.12x, Kelly=4.00%
2026-04-06 09:57:29 | INFO | Trade recorded: KXBNB15M-26APR060600-00 no momentum PnL=$-1.34
2026-04-06 09:57:29 | INFO | [BNB] Position closed. Cooldown started: must wait 2 cycles before re-entering
2026-04-06 09:57:59 | INFO | Status: cash=$18.07, positions=1, loop=80, active_series=['KXDOGE15M', 'KXXRP15M', 'KXHYPE15M', 'KXBNB15M', 'KXETH15M', 'KXBTC15M', 'KXSOL15M']
2026-04-06 09:57:59 | INFO | Day Realized P&L: $-16.60 (-47.9%) / -$99999.00 daily stop-loss limit
2026-04-06 09:57:59 | INFO | Coins: BTC: idle | ETH: momentum no@0.34 | BNB: idle | SOL: idle | DOGE: idle | XRP: idle | HYPE: idle | ADA: idle
2026-04-06 09:57:59 | INFO | JSON summary saved to /home/ubuntu/.openclaw/workspace/workers/superbot/report.json
2026-04-06 09:57:59 | INFO | [ETH] Cooldown complete - can trade again
2026-04-06 09:57:59 | INFO | KXETH15M-26APR060600-00: SCALED IN @ $0.2000 (+$1.00), new size=$3.00, avg_price=$0.2967, scale_ins=1
2026-04-06 09:57:59 | INFO | [ETH] SCALED IN KXETH15M-26APR060600-00: +$1.00 @ $0.2000, new_size=$3.00
2026-04-06 09:57:59 | INFO | FIRST_CROSS: KXDOGE15M-26APR060600-00 crossed DOWN through $0.50 (was $0.5700, now $0.3300)
2026-04-06 09:58:29 | INFO | Status: cash=$18.07, positions=1, loop=81, active_series=['KXDOGE15M', 'KXXRP15M', 'KXHYPE15M', 'KXBNB15M', 'KXETH15M', 'KXBTC15M', 'KXSOL15M']
2026-04-06 09:58:29 | INFO | Day Realized P&L: $-16.60 (-47.9%) / -$99999.00 daily stop-loss limit
2026-04-06 09:58:29 | INFO | Coins: BTC: idle | ETH: momentum no@0.34 | BNB: idle | SOL: idle | DOGE: idle | XRP: idle | HYPE: idle | ADA: idle
2026-04-06 09:58:29 | INFO | JSON summary saved to /home/ubuntu/.openclaw/workspace/workers/superbot/report.json
2026-04-06 09:58:29 | INFO | [BNB] Cooldown complete - can trade again
2026-04-06 09:58:29 | INFO | KXETH15M-26APR060600-00: SCALED IN @ $0.1350 (+$1.00), new size=$4.00, avg_price=$0.2562, scale_ins=2
2026-04-06 09:58:29 | INFO | [ETH] SCALED IN KXETH15M-26APR060600-00: +$1.00 @ $0.1350, new_size=$4.00
2026-04-06 09:58:59 | INFO | Status: cash=$18.07, positions=1, loop=82, active_series=['KXDOGE15M', 'KXXRP15M', 'KXHYPE15M', 'KXBNB15M', 'KXETH15M', 'KXBTC15M', 'KXSOL15M']
2026-04-06 09:58:59 | INFO | Day Realized P&L: $-16.60 (-47.9%) / -$99999.00 daily stop-loss limit
2026-04-06 09:58:59 | INFO | Coins: BTC: idle | ETH: momentum no@0.34 | BNB: idle | SOL: idle | DOGE: idle | XRP: idle | HYPE: idle | ADA: idle
2026-04-06 09:58:59 | INFO | JSON summary saved to /home/ubuntu/.openclaw/workspace/workers/superbot/report.json
2026-04-06 09:58:59 | INFO | KXETH15M-26APR060600-00: Near expiry (60s) - closing position
2026-04-06 09:58:59 | INFO | [ETH] REAL CLOSE ORDER PLACED: {'order': {'action': 'buy', 'client_order_id': '', 'created_time': '2026-04-06T09:58:59.943906Z', 'fill_count_fp': '0.00', 'initial_count_fp': '4.00', 'last_update_time': '2026-04-06T09:58:59.943906Z', 'maker_fees_dollars': '0.000000', 'maker_fill_cost_dollars': '0.000000', 'no_price_dollars': '0.8200', 'order_id': '06db01e6-9bf7-4ec6-b046-bd5b302a2efb', 'remaining_count_fp': '4.00', 'side': 'yes', 'status': 'resting', 'subaccount_number': 0, 'taker_fees_dollars': '0.000000', 'taker_fill_cost_dollars': '0.000000', 'ticker': 'KXETH15M-26APR060600-00', 'type': 'limit', 'user_id': 'dd8ef7dd-9e7f-40f7-965e-e9276a7805a4', 'yes_price_dollars': '0.1800'}}
2026-04-06 09:58:59 | INFO | [ETH] Closed KXETH15M-26APR060600-00: Expiry: closing at $0.1800, PnL=$-0.30
2026-04-06 09:58:59 | INFO | Strategy momentum stats: W=33.33%, R=1.11x, Kelly=4.00%
2026-04-06 09:58:59 | INFO | Trade recorded: KXETH15M-26APR060600-00 no momentum PnL=$-0.30
2026-04-06 09:58:59 | INFO | [ETH] Position closed. Cooldown started: must wait 2 cycles before re-entering
2026-04-06 09:59:30 | INFO | Status: cash=$18.07, positions=0, loop=83, active_series=['KXDOGE15M', 'KXXRP15M', 'KXHYPE15M', 'KXBNB15M', 'KXETH15M', 'KXSOL15M']
2026-04-06 09:59:30 | INFO | Day Realized P&L: $-16.60 (-47.9%) / -$99999.00 daily stop-loss limit
2026-04-06 09:59:30 | INFO | Coins: BTC: idle | ETH: idle | BNB: idle | SOL: idle | DOGE: idle | XRP: idle | HYPE: idle | ADA: idle
2026-04-06 09:59:30 | INFO | JSON summary saved to /home/ubuntu/.openclaw/workspace/workers/superbot/report.json
2026-04-06 10:00:00 | INFO | Status: cash=$18.07, positions=0, loop=84, active_series=['KXDOGE15M', 'KXXRP15M', 'KXHYPE15M', 'KXBNB15M', 'KXETH15M', 'KXSOL15M']
2026-04-06 10:00:00 | INFO | Day Realized P&L: $-16.60 (-47.9%) / -$99999.00 daily stop-loss limit
2026-04-06 10:00:00 | INFO | Coins: BTC: idle | ETH: idle | BNB: idle | SOL: idle | DOGE: idle | XRP: idle | HYPE: idle | ADA: idle
2026-04-06 10:00:00 | INFO | JSON summary saved to /home/ubuntu/.openclaw/workspace/workers/superbot/report.json
2026-04-06 10:00:00 | INFO | [ETH] Cooldown complete - can trade again
